fecha,spread_curva,spread_curva_3m10y,yield_10y,yield_2y,yield_30y,tipo_real_10y,breakeven_10y,breakeven_5y,spread_high_yield,reverse_repo,balance_fed,reservas_bancarias,condiciones_financieras,stress_financiero,cpi,desempleo,produccion_industrial,confianza_consumidor,m2,fedfunds,petroleo_wti,petroleo_brent,cobre,gas_natural,prob_recesion,tightening_credito,tipo_bce,prestamos_totales,deuda_publica_pib,deuda_hogares_pib
2004-01-02,,,,,,,,,,,,,,,,,,,,0.94,,,,,,,1.0,,,
2004-01-03,2.44,3.45,4.38,1.94,5.3,2.06,2.32,2.08,,,,,,,,,,,,1.01,,29.55,,,,,1.0,,,
2004-01-04,,,,,,,,,,,,,,,,,,,,1.01,,,,,,,1.0,,,
2004-01-05,,,,,,,,,,,,,,,,,,,,1.01,,,,,,,1.0,,,
2004-01-06,2.46,3.5,4.41,1.95,5.28,2.06,2.35,2.09,,,,,-0.704,-0.2697,,,,,,0.97,33.71,32.3,,,,,1.0,,,
2004-01-07,2.45,3.38,4.29,1.84,5.26,1.97,2.32,2.05,,2.5,,,,,,,,,,0.92,33.54,31.2,,,,,1.0,,,
2004-01-08,2.43,3.36,4.27,1.84,5.22,1.94,2.33,2.05,,,,,,,,5.7,,,,0.94,33.57,30.99,,,,,1.0,,,
2004-01-09,2.42,3.39,4.27,1.85,5.2,1.99,2.28,1.99,,,,,,,,,,,,0.99,34.27,31.11,,,,,1.0,,,
2004-01-10,2.43,3.24,4.11,1.68,5.14,1.89,2.22,1.93,,2.25,,,,,,,,,,0.99,34.38,31.91,,,,,1.0,,,
2004-01-11,,,,,,,,,,,755829.0,9839.0,,,,,,,,0.99,,,,,,,1.0,4195.0012,,
2004-01-12,,,,,,,,,,,,,,,,,,,,0.99,,,,,,,1.0,,,
2004-01-13,2.43,3.22,4.11,1.68,5.12,1.89,2.22,1.93,,,,,-0.718,-0.3565,,,,,,1.0,34.92,31.41,,,,,1.0,,,
2004-01-14,2.42,3.16,4.05,1.63,5.11,1.83,2.22,1.95,,,,,,,,,,,,0.99,34.26,32.55,,,,,1.0,,,
2004-01-15,2.36,3.13,4.01,1.65,5.06,1.85,2.16,1.91,,,,,,,,,,103.8,,1.01,34.62,31.84,,,,,1.0,,,
2004-01-16,2.32,3.11,3.99,1.67,5.03,1.82,2.17,1.96,,,,,,,186.3,,,,,1.04,33.61,31.43,,,,,1.0,,,
2004-01-17,2.34,3.15,4.04,1.7,5.04,1.83,2.21,2.01,,,,,,,,,92.4006,,,0.98,35.16,31.26,,,,,1.0,,,
2004-01-18,,,,,,,,,,,752812.0,7855.0,,,,,,,,0.98,,,,,,,1.0,4194.009,,
2004-01-19,,,,,,,,,,,,,,,,,,,,0.98,,,,,,,1.0,,,
2004-01-20,,,,,,,,,,,,,-0.732,-0.3394,,,,,,0.98,,31.67,,,,,1.0,,,
2004-01-21,2.39,3.19,4.08,1.69,5.09,1.84,2.24,2.04,,,,,,,,,,,,1.02,36.21,32.26,,,,,1.0,,,
2004-01-22,2.36,3.16,4.05,1.69,5.06,1.79,2.26,2.06,,,,,,,,,,,,1.0,35.53,31.95,,,,,1.0,,,
2004-01-23,2.33,3.11,3.99,1.66,5.02,1.76,2.23,2.02,,,,,,,,,,,,1.02,35.12,31.42,,,,,1.0,,,
2004-01-24,2.38,3.19,4.09,1.71,5.08,1.82,2.27,2.05,,,,,,,,,,,,1.0,34.94,32.08,,,,,1.0,,,
2004-01-25,,,,,,,,,,,775833.0,16761.0,,,,,,,,1.0,,,,,,,1.0,4206.4254,,
2004-01-26,,,,,,,,,,,,,,,,,,,,1.0,,,,,,,1.0,,,
2004-01-27,2.41,3.26,4.16,1.75,5.14,1.89,2.27,2.06,,,,,-0.747,-0.448,,,,,,1.08,34.41,31.15,,,,,1.0,,,
2004-01-28,2.41,3.2,4.11,1.7,5.09,1.84,2.27,2.09,,,,,,,,,,,,1.02,33.99,31.05,,,,,1.0,,,
2004-01-29,2.35,3.28,4.22,1.87,5.14,1.92,2.3,2.13,,,,,,,,,,,,0.99,33.63,30.77,,,,,1.0,,,
2004-01-30,2.34,3.28,4.22,1.88,5.13,1.91,2.31,2.15,,,,,,,,,,,,1.0,32.86,29.47,,,,,1.0,,,
2004-01-31,2.32,3.24,4.16,1.84,5.11,1.85,2.31,2.16,,,,,,,,,,,6081.3,1.03,33.16,29.53,2421.47619047619,6.150526315789474,0.4,,1.0,,,
2004-02-01,,,,,,,,,,,755279.0,9687.0,,,,,,,,1.03,,,,,,,1.0,4210.6947,,
2004-02-02,,,,,,,,,,,,,,,,,,,,1.03,,,,,,,1.0,,,
2004-02-03,2.35,3.24,4.18,1.83,5.13,1.84,2.34,2.22,,,,,-0.76,-0.3775,,,,,,1.01,34.02,30.3,,,,,1.0,,,
2004-02-04,2.35,3.19,4.13,1.78,5.11,1.81,2.32,2.19,,,,,,,,,,,,0.97,34.2,30.07,,,,,1.0,,,
2004-02-05,2.35,3.21,4.15,1.8,5.11,1.82,2.33,2.2,,,,,,,,,,,,1.0,33.06,29.63,,,,,1.0,,,
2004-02-06,2.35,3.26,4.2,1.85,5.13,1.85,2.35,2.22,,,,,,,,,,,,1.01,33.26,29.02,,,,,1.0,,,
2004-02-07,2.35,3.19,4.12,1.77,5.08,1.79,2.33,2.17,,,,,,,,,,,,0.99,32.49,29.26,,,,,1.0,,,
2004-02-08,,,,,,,,,,,754153.0,13274.0,,,,5.6,,,,0.99,,,,,,,1.0,4211.5672,,
2004-02-09,,,,,,,,,,,,,,,,,,,,0.99,,,,,,,1.0,,,
2004-02-10,2.33,3.15,4.09,1.76,5.06,1.76,2.33,2.16,,,,,-0.771,-0.3603,,,,,,1.01,32.91,29.1,,,,,1.0,,,
2004-02-11,2.31,3.18,4.13,1.82,5.08,1.79,2.34,2.17,,,,,,,,,,,,1.0,34.03,30.06,,,,,1.0,,,
2004-02-12,2.32,3.12,4.05,1.73,5.06,1.75,2.3,2.15,,,,,,,,,,,,1.0,33.93,30.33,,,,,1.0,,,
2004-02-13,2.35,3.17,4.1,1.75,5.1,1.77,2.33,2.17,,,,,,,,,,,,1.02,34.03,30.17,,,,,1.0,,,
2004-02-14,2.35,3.13,4.05,1.7,5.08,1.74,2.31,2.16,,,,,,,,,,,,1.01,34.51,30.96,,,,,1.0,,,
2004-02-15,,,,,,,,,,,750999.0,7469.0,,,,,,94.4,,1.01,,,,,,,1.0,4221.7673,,
2004-02-16,,,,,,,,,,,,,,,186.7,,,,,1.01,,,,,,,1.0,,,
2004-02-17,,,,,,,,,,,,,-0.78,-0.4389,,,92.958,,,1.01,,31.08,,,,,1.0,,,
2004-02-18,2.35,3.1,4.05,1.7,5.07,1.75,2.3,2.18,,,,,,,,,,,,1.02,35.13,31.43,,,,,1.0,,,
2004-02-19,2.33,3.11,4.05,1.72,5.07,1.75,2.3,2.19,,,,,,,,,,,,1.0,35.42,31.57,,,,,1.0,,,
2004-02-20,2.35,3.11,4.05,1.7,5.04,1.76,2.29,2.2,,,,,,,,,,,,1.0,35.81,31.63,,,,,1.0,,,
2004-02-21,2.35,3.16,4.1,1.75,5.09,1.79,2.31,2.24,,,,,,,,,,,,0.99,35.8,31.22,,,,,1.0,,,
2004-02-22,,,,,,,,,,,758759.0,11844.0,,,,,,,,0.99,,,,,,,1.0,4244.6246,,
2004-02-23,,,,,,,,,,,,,,,,,,,,0.99,,,,,,,1.0,,,
2004-02-24,2.36,3.08,4.05,1.69,5.11,1.76,2.29,2.23,,,,,-0.787,-0.4723,,,,,,1.0,35.75,31.89,,,,,1.0,,,
2004-02-25,2.35,3.07,4.04,1.69,5.06,1.74,2.3,2.23,,,,,,,,,,,,0.99,35.85,31.6,,,,,1.0,,,
2004-02-26,2.35,3.06,4.02,1.67,5.02,1.71,2.31,2.24,,,,,,,,,,,,1.02,37.28,32.46,,,,,1.0,,,
2004-02-27,2.36,3.09,4.05,1.69,5.05,1.69,2.36,2.29,,,,,,,,,,,,1.03,35.45,32.45,,,,,1.0,,,
2004-02-28,2.33,3.03,3.99,1.66,5.01,1.61,2.38,2.38,,,,,,,,,,,,1.04,36.08,32.94,,,,,1.0,,,
2004-02-29,,,,,,,,,,,750666.0,9502.0,,,,,,,,1.04,,,,,,,1.0,4238.0727,,
2004-03-01,,,,,,,,,,,,,,,,,,,,1.04,,,,,,,1.0,,,
2004-03-02,2.33,3.03,4.0,1.67,4.99,1.55,2.45,2.4,,,,,-0.79,-0.4963,,,,,6120.7,1.04,36.85,33.34,2751.7175,5.376315789473684,0.2,,1.0,,,
2004-03-03,2.31,3.08,4.05,1.74,5.06,1.58,2.47,2.42,,,,,,,,,,,,1.0,36.6,34.15,,,,,1.0,,,
2004-03-04,2.33,3.1,4.07,1.74,5.02,1.59,2.48,2.42,,,,,,,,,,,,1.0,35.8,33.32,,,,,1.0,,,
2004-03-05,2.31,3.08,4.04,1.73,4.99,1.6,2.44,2.35,,,,,,,,,,,,0.99,36.81,33.45,,,,,1.0,,,
2004-03-06,2.28,2.91,3.85,1.57,4.91,1.46,2.39,2.28,,,,,,,,,,,,1.0,37.31,34.4,,,,,1.0,,,
2004-03-07,,,,,,,,,,,754867.0,15018.0,,,,,,,,1.0,,,,,,,1.0,4243.6005,,
2004-03-08,,,,,,,,,,,,,,,,5.8,,,,1.0,,,,,,,1.0,,,
2004-03-09,2.26,2.82,3.78,1.52,4.87,1.43,2.35,2.25,,,,,-0.791,-0.653,,,,,,1.0,36.53,34.27,,,,,1.0,,,
2004-03-10,2.22,2.77,3.73,1.51,4.85,1.4,2.33,2.2,,,,,,,,,,,,0.99,36.29,33.72,,,,,1.0,,,
2004-03-11,2.2,2.78,3.74,1.54,4.83,1.45,2.29,2.18,,,,,,,,,,,,1.0,36.21,32.83,,,,,1.0,,,
2004-03-12,2.22,2.77,3.74,1.52,4.87,1.5,2.24,2.15,,,,,,,,,,,,1.01,36.95,33.22,,,,,1.0,,,
2004-03-13,2.24,2.82,3.78,1.54,4.89,1.52,2.26,2.14,,,,,,,,,,,,0.99,36.21,32.76,,,,,1.0,,,
2004-03-14,,,,,,,,,,,749950.0,9365.0,,,,,,,,0.99,,,,,,,1.0,4253.3718,,
2004-03-15,,,,,,,,,,,,,,,,,,95.8,,0.99,,,,,,,1.0,,,
2004-03-16,2.22,2.82,3.78,1.56,4.88,1.47,2.31,2.2,,,,,-0.789,-0.2977,187.1,,,,,1.05,37.44,34.39,,,,,1.0,,,
2004-03-17,2.19,2.74,3.7,1.51,4.82,1.4,2.3,2.2,,,,,,,,,92.5861,,,0.99,37.36,34.72,,,,,1.0,,,
2004-03-18,2.18,2.78,3.71,1.53,4.83,1.36,2.35,2.27,,,,,,,,,,,,1.0,38.21,34.95,,,,,1.0,,,
2004-03-19,2.21,2.83,3.76,1.55,4.87,1.37,2.39,2.32,,,,,,,,,,,,1.0,37.81,34.43,,,,,1.0,,,
2004-03-20,2.24,2.86,3.8,1.56,4.89,1.44,2.36,2.27,,,,,,,,,,,,0.99,38.09,34.33,,,,,1.0,,,
2004-03-21,,,,,,,,,,,760638.0,14588.0,,,,,,,,0.99,,,,,,,1.0,4263.9632,,
2004-03-22,,,,,,,,,,,,,,,,,,,,0.99,,,,,,,1.0,,,
2004-03-23,2.22,2.79,3.74,1.52,4.84,1.42,2.32,2.24,,,,,-0.785,-0.3411,,,,,,1.01,37.12,33.57,,,,,1.0,,,
2004-03-24,2.21,2.78,3.73,1.52,4.83,1.41,2.32,2.24,,,,,,,,,,,,0.99,37.81,34.4,,,,,1.0,,,
2004-03-25,2.23,2.8,3.73,1.5,4.83,1.38,2.35,2.27,,,,,,,,,,,,0.99,37.06,34.14,,,,,1.0,,,
2004-03-26,2.24,2.81,3.75,1.51,4.86,1.4,2.35,2.26,,,,,,,,,,,,1.02,35.67,33.32,,,,,1.0,,,
2004-03-27,2.26,2.9,3.85,1.59,4.91,1.47,2.38,2.3,,,,,,,,,,,,1.0,35.61,32.51,,,,,1.0,,,
2004-03-28,,,,,,,,,,,751510.0,9339.0,,,,,,,,1.0,,,,,,,1.0,4274.8301,,
2004-03-29,,,,,,,,,,,,,,,,,,,,1.0,,,,,,,1.0,,,
2004-03-30,2.28,2.95,3.91,1.63,4.96,1.5,2.41,2.31,,,,,-0.778,-0.3,,,,,,1.0,35.41,32.04,,,,,1.0,,,
2004-03-31,2.28,2.95,3.91,1.63,4.96,1.52,2.39,2.29,,,,,,,,,,,6156.3,0.98,36.15,33.04,3000.282608695652,5.396086956521739,0.14,-17.9,1.0,,59.8071,
2004-04-01,2.26,2.91,3.86,1.6,4.93,1.48,2.38,2.29,,,,,,,,,,,,1.05,35.75,32.29,,,,,1.0,,,
2004-04-02,2.26,2.98,3.91,1.65,5.01,1.48,2.43,2.34,,,,,,,,,,,,1.03,34.47,32.59,,,,,1.0,,,
2004-04-03,2.29,3.2,4.15,1.86,5.13,1.69,2.46,2.38,,,,,,,,,,,,1.0,34.39,31.19,,,,,1.0,,,
2004-04-04,,,,,,,,,,,760725.0,14803.0,,,,,,,,1.0,,,,,,,1.0,4290.2748,,
2004-04-05,,,,,,,,,,,,,,,,,,,,1.0,,,,,,,1.0,,,
2004-04-06,2.33,3.3,4.24,1.91,5.18,1.75,2.49,2.4,,,,,-0.769,-0.6521,,,,,,1.01,34.29,31.17,,,,,1.0,,,
2004-04-07,2.33,3.25,4.19,1.86,5.17,1.73,2.46,2.37,,,,,,,,,,,,1.0,35.09,31.48,,,,,1.0,,,
2004-04-08,2.32,3.24,4.19,1.87,5.18,1.82,2.37,2.28,,,,,,,,5.6,,,,1.0,36.28,33.07,,,,,1.0,,,
2004-04-09,2.33,3.28,4.21,1.88,5.17,1.8,2.41,2.34,,,,,,,,,,,,1.02,37.14,33.98,,,,,1.0,,,
2004-04-10,,,,,,,,,,,,,,,,,,,,1.01,,34.03,,,,,1.0,,,
2004-04-11,,,,,,,,,,,754083.0,9757.0,,,,,,,,1.01,,,,,,,1.0,4300.606,,
2004-04-12,,,,,,,,,,,,,,,,,,,,1.01,,,,,,,1.0,,,
2004-04-13,2.34,3.31,4.25,1.91,5.19,1.81,2.44,2.35,,,,,-0.758,-0.5785,,,,,,1.0,37.79,34.51,,,,,1.0,,,
2004-04-14,2.34,3.41,4.35,2.01,5.25,1.88,2.47,2.39,,,,,,,,,,,,1.0,37.09,34.15,,,,,1.0,,,
2004-04-15,2.27,3.45,4.4,2.13,5.26,1.91,2.49,2.43,,,,,,,,,,94.2,,1.01,36.62,33.54,,,,,1.0,,,
2004-04-16,2.32,3.47,4.42,2.1,5.33,1.93,2.49,2.42,,,,,,,187.4,,,,,1.03,37.74,33.72,,,,,1.0,,,
2004-04-17,2.34,3.43,4.37,2.03,5.31,1.87,2.5,2.44,,,,,,,,,92.93,,,0.99,37.7,33.85,,,,,1.0,,,
2004-04-18,,,,,,,,,,,763734.0,14601.0,,,,,,,,0.99,,,,,,,1.0,4323.4273,,
2004-04-19,,,,,,,,,,,,,,,,,,,,0.99,,,,,,,1.0,,,
2004-04-20,2.32,3.43,4.39,2.07,5.33,1.87,2.52,2.46,,,,,-0.744,-0.4604,,,,,,1.0,37.46,34.71,,,,,1.0,,,
2004-04-21,2.32,3.46,4.43,2.11,5.35,1.97,2.46,2.38,,,,,,,,,,,,0.99,37.61,33.56,,,,,1.0,,,
2004-04-22,2.23,3.46,4.45,2.22,5.36,1.96,2.49,2.45,,,,,,,,,,,,0.99,36.61,33.23,,,,,1.0,,,
2004-04-23,2.25,3.43,4.4,2.15,5.33,1.98,2.42,2.36,,,,,,,,,,,,1.0,37.7,33.24,,,,,1.0,,,
2004-04-24,2.19,3.5,4.48,2.29,5.38,2.12,2.36,2.29,,,,,,,,,,,,0.99,37.22,33.78,,,,,1.0,,,
2004-04-25,,,,,,,,,,,757984.0,14021.0,,,,,,,,0.99,,,,,,,1.0,4328.6181,,
2004-04-26,,,,,,,,,,,,,,,,,,,,0.99,,,,,,,1.0,,,
2004-04-27,2.18,3.47,4.46,2.28,5.36,2.03,2.43,2.37,,,,,-0.729,-0.4371,,,,,,1.01,37.02,34.18,,,,,1.0,,,
2004-04-28,2.22,3.45,4.43,2.21,5.35,2.0,2.43,2.38,,,,,,,,,,,,0.99,37.49,34.11,,,,,1.0,,,
2004-04-29,2.2,3.53,4.5,2.3,5.39,2.1,2.4,2.34,,,,,,,,,,,,1.01,37.23,35.02,,,,,1.0,,,
2004-04-30,2.21,3.58,4.55,2.34,5.41,2.15,2.4,2.34,,,,,,,,,,,,1.03,37.5,34.66,,,,,1.0,,,
2004-05-01,2.22,3.55,4.53,2.31,5.39,2.11,2.42,2.34,,,,,,,,,,,6198.5,1.03,37.31,35.23,2926.975,5.715238095238095,0.14,,1.0,,,
2004-05-02,,,,,,,,,,,772927.0,18223.0,,,,,,,,1.03,,,,,,,1.0,4335.1475,,
2004-05-03,,,,,,,,,,,,,,,,,,,,1.03,,,,,,,1.0,,,
2004-05-04,2.19,3.53,4.53,2.34,5.41,2.09,2.44,2.35,,,,,-0.714,-0.3921,,,,,,1.03,38.26,34.97,,,,,1.0,,,
2004-05-05,2.24,3.56,4.56,2.32,5.45,2.1,2.46,2.4,,,,,,,,,,,,1.0,38.86,36.07,,,,,1.0,,,
2004-05-06,2.27,3.62,4.61,2.34,5.46,2.1,2.51,2.42,,,,,,,,,,,,0.99,39.69,36.58,,,,,1.0,,,
2004-05-07,2.24,3.63,4.63,2.39,5.46,2.15,2.48,2.38,,,,,,,,,,,,1.0,39.41,37.05,,,,,1.0,,,
2004-05-08,2.15,3.72,4.79,2.64,5.53,2.24,2.55,2.46,,,,,,,,5.6,,,,0.99,39.98,37.25,,,,,1.0,,,
2004-05-09,,,,,,,,,,,758838.0,13025.0,,,,,,,,0.99,,,,,,,1.0,4346.5771,,
2004-05-10,,,,,,,,,,,,,,,,,,,,0.99,,,,,,,1.0,,,
2004-05-11,2.2,3.73,4.81,2.61,5.54,2.25,2.56,2.42,,,,,-0.699,-0.3941,,,,,,1.0,38.9,35.83,,,,,1.0,,,
2004-05-12,2.18,3.74,4.79,2.61,5.53,2.21,2.58,2.45,,,,,,,,,,,,0.96,40.3,36.97,,,,,1.0,,,
2004-05-13,2.21,3.79,4.83,2.62,5.57,2.17,2.66,2.54,,,,,,,,,,,,0.98,40.3,37.95,,,,,1.0,,,
2004-05-14,2.18,3.85,4.85,2.67,5.61,2.18,2.67,2.58,,,,,,,,,,,,1.0,40.94,38.3,,,,,1.0,,,
2004-05-15,2.2,3.8,4.79,2.59,5.59,2.16,2.63,2.51,,,,,,,,,,90.2,,1.02,41.42,39.04,,,,,1.0,,,
2004-05-16,,,,,,,,,,,764835.0,13493.0,,,188.2,,,,,1.02,,,,,,,1.0,4364.0573,,
2004-05-17,,,,,,,,,,,,,,,,,93.6013,,,1.02,,,,,,,1.0,,,
2004-05-18,2.19,3.64,4.7,2.51,5.52,2.07,2.63,2.5,,,,,-0.686,-0.2979,,,,,,1.05,41.53,38.88,,,,,1.0,,,
2004-05-19,2.16,3.69,4.74,2.58,5.56,2.05,2.69,2.54,,,,,,,,,,,,1.0,40.32,38.43,,,,,1.0,,,
2004-05-20,2.18,3.75,4.79,2.61,5.57,2.03,2.76,2.61,,,,,,,,,,,,1.0,41.61,38.35,,,,,1.0,,,
2004-05-21,2.17,3.69,4.72,2.55,5.52,1.96,2.76,2.61,,,,,,,,,,,,1.0,40.92,38.89,,,,,1.0,,,
2004-05-22,2.16,3.73,4.76,2.6,5.53,2.04,2.72,2.57,,,,,,,,,,,,0.99,39.83,37.6,,,,,1.0,,,
2004-05-23,,,,,,,,,,,756874.0,14219.0,,,,,,,,0.99,,,,,,,1.0,4378.7208,,
2004-05-24,,,,,,,,,,,,,,,,,,,,0.99,,,,,,,1.0,,,
2004-05-25,2.16,3.68,4.75,2.59,5.53,2.01,2.74,2.63,,,,,-0.676,-0.447,,,,,,1.0,42.03,39.22,,,,,1.0,,,
2004-05-26,2.15,3.66,4.73,2.58,5.5,2.03,2.7,2.6,,,,,,,,,,,,1.0,41.45,38.46,,,,,1.0,,,
2004-05-27,2.15,3.59,4.67,2.52,5.46,1.99,2.68,2.58,,,,,,,,,,,,0.99,40.6,38.05,,,,,1.0,,,
2004-05-28,2.14,3.54,4.6,2.46,5.45,1.97,2.63,2.55,,,,,,,,,,,,1.0,39.25,37.03,,,,,1.0,,,
2004-05-29,2.12,3.58,4.66,2.54,5.42,2.0,2.66,2.55,,,,,,,,,,,,1.02,39.9,37.0,,,,,1.0,,,
2004-05-30,,,,,,,,,,,771108.0,15726.0,,,,,,,,1.02,,,,,,,1.0,4380.1876,,
2004-05-31,,,,,,,,,,,,,,,,,,,6277.2,1.02,,,2728.460526315789,6.335,0.24,,1.0,,,
2004-06-01,,,,,,,,,,,,,-0.668,-0.5728,,,,,,1.02,,37.0,,,,,1.0,,,
2004-06-02,2.11,3.54,4.71,2.6,5.48,1.97,2.74,2.64,,,,,,,,,,,,1.02,42.33,39.05,,,,,1.0,,,
2004-06-03,2.09,3.57,4.74,2.65,5.5,2.04,2.7,2.62,,,,,,,,,,,,0.98,39.96,37.99,,,,,1.0,,,
2004-06-04,2.08,3.54,4.71,2.63,5.49,2.05,2.66,2.58,,,,,,,,,,,,0.99,39.29,36.26,,,,,1.0,,,
2004-06-05,2.08,3.57,4.78,2.7,5.54,2.11,2.67,2.6,,,,,,,,,,,,0.99,38.44,35.97,,,,,1.0,,,
2004-06-06,,,,,,,,,,,764090.0,15312.0,,,,,,,,0.99,,,,,,,1.0,4387.5344,,
2004-06-07,,,,,,,,,,,,,,,,,,,,0.99,,,,,,,1.0,,,
2004-06-08,2.11,3.54,4.78,2.67,5.5,2.11,2.67,2.58,,,,,-0.663,-0.5476,,5.6,,,,0.99,38.72,35.57,,,,,1.0,,,
2004-06-09,2.05,3.51,4.78,2.73,5.53,2.15,2.63,2.53,,,,,,,,,,,,0.97,37.18,35.47,,,,,1.0,,,
2004-06-10,2.03,3.55,4.82,2.79,5.53,2.2,2.62,2.54,,,,,,,,,,,,0.99,37.6,34.69,,,,,1.0,,,
2004-06-11,2.0,3.51,4.81,2.81,5.51,2.18,2.63,2.55,,,,,,,,,,,,1.0,38.45,35.75,,,,,1.0,,,
2004-06-12,,,,,,,,,,,,,,,,,,,,1.0,,35.23,,,,,1.0,,,
2004-06-13,,,,,,,,,,,772187.0,11799.0,,,,,,,,1.0,,,,,,,1.0,4397.3892,,
2004-06-14,,,,,,,,,,,,,,,,,,,,1.0,,,,,,,1.0,,,
2004-06-15,1.92,3.48,4.89,2.97,5.58,2.26,2.63,2.55,,,,,-0.66,-0.7347,,,,95.6,,1.02,37.58,35.22,,,,,1.0,,,
2004-06-16,1.92,3.35,4.69,2.77,5.45,2.16,2.53,2.52,,,,,,,188.9,,,,,1.03,37.18,34.66,,,,,1.0,,,
2004-06-17,1.9,3.44,4.74,2.84,5.45,2.18,2.56,2.53,,,,,,,,,92.871,,,1.0,37.33,34.56,,,,,1.0,,,
2004-06-18,1.9,3.43,4.71,2.81,5.41,2.16,2.55,2.51,,,,,,,,,,,,1.01,38.51,35.58,,,,,1.0,,,
2004-06-19,1.91,3.43,4.72,2.81,5.46,2.15,2.57,2.54,,,,,,,,,,,,1.0,38.68,35.43,,,,,1.0,,,
2004-06-20,,,,,,,,,,,761834.0,12032.0,,,,,,,,1.0,,,,,,,1.0,4407.3166,,
2004-06-21,,,,,,,,,,,,,,,,,,,,1.0,,,,,,,1.0,,,
2004-06-22,1.9,3.37,4.7,2.8,5.45,2.16,2.54,2.51,,,,,-0.659,-0.5073,,,,,,1.0,37.69,34.82,,,,,1.0,,,
2004-06-23,1.92,3.4,4.72,2.8,5.47,2.17,2.55,2.51,,,,,,,,,,,,1.0,38.11,34.95,,,,,1.0,,,
2004-06-24,1.93,3.42,4.71,2.78,5.45,2.18,2.53,2.48,,,,,,,,,,,,1.02,37.56,34.81,,,,,1.0,,,
2004-06-25,1.92,3.37,4.66,2.74,5.44,2.15,2.51,2.45,,,,,,,,,,,,1.03,37.81,34.71,,,,,1.0,,,
2004-06-26,1.92,3.35,4.66,2.74,5.41,2.16,2.5,2.42,,,,,,,,,,,,1.05,37.34,34.25,,,,,1.0,,,
2004-06-27,,,,,,,,,,,775261.0,14372.0,,,,,,,,1.05,,,,,,,1.0,4410.1404,,
2004-06-28,,,,,,,,,,,,,,,,,,,,1.05,,,,,,,1.0,,,
2004-06-29,1.9,3.38,4.76,2.86,5.49,2.23,2.53,2.45,,,,,-0.659,-0.5304,,,,,,1.09,36.25,33.24,,,,,1.0,,,
2004-06-30,1.87,3.32,4.7,2.83,5.44,2.2,2.5,2.42,,,,,,,,,,,,1.13,35.6,32.61,,,,-22.8,1.0,,60.05487,
2004-07-01,1.92,3.29,4.62,2.7,5.41,2.1,2.52,2.43,,,,,,,,,,,6279.3,1.38,36.92,33.22,2689.045454545455,6.267142857142857,0.96,,1.0,,,
2004-07-02,1.93,3.35,4.57,2.64,5.35,2.04,2.53,2.44,,,,,,,,,,,,1.4,38.56,35.58,,,,,1.0,,,
2004-07-03,1.94,3.18,4.48,2.54,5.3,1.96,2.52,2.41,,,,,,,,,,,,1.25,38.37,35.36,,,,,1.0,,,
2004-07-04,,,,,,,,,,,779578.0,14753.0,,,,,,,,1.25,,,,,,,1.0,4413.6838,,
2004-07-05,,,,,,,,,,,,,,,,,,,,1.25,,,,,,,1.0,,,
2004-07-06,,,,,,,,,,,,,-0.66,-0.4987,,,,,,1.25,,35.73,,,,,1.0,,,
2004-07-07,1.93,3.15,4.49,2.56,5.32,1.97,2.52,2.42,,,,,,,,,,,,1.3,39.56,36.47,,,,,1.0,,,
2004-07-08,1.94,3.2,4.5,2.56,5.32,2.0,2.5,2.44,,,,,,,,5.5,,,,1.26,39.18,35.62,,,,,1.0,,,
2004-07-09,1.94,3.22,4.49,2.55,5.32,2.02,2.47,2.43,,,,,,,,,,,,1.26,40.27,37.13,,,,,1.0,,,
2004-07-10,1.94,3.21,4.49,2.55,5.31,2.02,2.47,2.41,,,,,,,,,,,,1.24,39.9,37.58,,,,,1.0,,,
2004-07-11,,,,,,,,,,,778163.0,10724.0,,,,,,,,1.24,,,,,,,1.0,4421.6729,,
2004-07-12,,,,,,,,,,,,,,,,,,,,1.24,,,,,,,1.0,,,
2004-07-13,1.93,3.12,4.46,2.53,5.26,2.02,2.44,2.38,,,,,-0.663,-0.3897,,,,,,1.26,39.3,37.73,,,,,1.0,,,
2004-07-14,1.92,3.16,4.5,2.58,5.29,2.03,2.47,2.4,,,,,,,,,,,,1.24,39.55,36.68,,,,,1.0,,,
2004-07-15,1.88,3.16,4.5,2.62,5.32,2.02,2.48,2.41,,,,,,,,,,96.7,,1.24,40.98,37.51,,,,,1.0,,,
2004-07-16,1.86,3.15,4.5,2.64,5.28,2.01,2.49,2.42,,,,,,,189.1,,,,,1.3,40.7,38.41,,,,,1.0,,,
2004-07-17,1.84,3.03,4.38,2.54,5.22,1.94,2.44,2.37,,,,,,,,,93.5649,,,1.24,41.1,38.49,,,,,1.0,,,
2004-07-18,,,,,,,,,,,775536.0,11664.0,,,,,,,,1.24,,,,,,,1.0,4435.5417,,
2004-07-19,,,,,,,,,,,,,,,,,,,,1.24,,,,,,,1.0,,,
2004-07-20,1.82,3.03,4.38,2.56,5.22,1.96,2.42,2.36,,,,,-0.665,-0.5472,,,,,,1.25,41.55,39.07,,,,,1.0,,,
2004-07-21,1.8,3.11,4.47,2.67,5.25,2.05,2.42,2.36,,,,,,,,,,,,1.25,40.86,38.96,,,,,1.0,,,
2004-07-22,1.79,3.15,4.5,2.71,5.31,2.05,2.45,2.37,,,,,,,,,,,,1.25,40.63,38.48,,,,,1.0,,,
2004-07-23,1.79,3.11,4.48,2.69,5.3,2.03,2.45,2.37,,,,,,,,,,,,1.26,41.51,39.16,,,,,1.0,,,
2004-07-24,1.76,3.07,4.45,2.69,5.27,2.0,2.45,2.38,,,,,,,,,,,,1.25,41.82,39.59,,,,,1.0,,,
2004-07-25,,,,,,,,,,,776764.0,14245.0,,,,,,,,1.25,,,,,,,1.0,4439.2326,,
2004-07-26,,,,,,,,,,,,,,,,,,,,1.25,,,,,,,1.0,,,
2004-07-27,1.74,3.04,4.49,2.75,5.27,2.05,2.44,2.36,,,,,-0.667,-0.5369,,,,,,1.27,41.45,39.75,,,,,1.0,,,
2004-07-28,1.8,3.16,4.62,2.82,5.42,2.15,2.47,2.38,,,,,,,,,,,,1.27,41.83,40.09,,,,,1.0,,,
2004-07-29,1.83,3.15,4.61,2.78,5.42,2.11,2.5,2.4,,,,,,,,,,,,1.29,42.81,41.08,,,,,1.0,,,
2004-07-30,1.85,3.15,4.6,2.75,5.37,2.07,2.53,2.43,,,,,,,,,,,,1.3,42.69,40.93,,,,,1.0,,,
2004-07-31,1.82,3.05,4.5,2.68,5.31,2.01,2.49,2.41,,,,,,,,,,,6292.3,1.29,43.72,41.47,2816.795454545455,5.935,0.18,,1.0,,,
2004-08-01,,,,,,,,,,,773916.0,12113.0,,,,,,,,1.29,,,,,,,1.0,4434.0138,,
2004-08-02,,,,,,,,,,,,,,,,,,,,1.29,,,,,,,1.0,,,
2004-08-03,1.82,2.98,4.48,2.66,5.26,2.0,2.48,2.42,,,,,-0.669,-0.5276,,,,,,1.28,43.83,41.35,,,,,1.0,,,
2004-08-04,1.79,2.97,4.45,2.66,5.24,1.98,2.47,2.43,,,,,,,,,,,,1.24,44.13,41.82,,,,,1.0,,,
2004-08-05,1.79,2.96,4.45,2.66,5.24,2.0,2.45,2.39,,,,,,,,,,,,1.22,42.73,41.75,,,,,1.0,,,
2004-08-06,1.79,2.95,4.43,2.64,5.22,1.96,2.47,2.41,,,,,,,,,,,,1.3,44.39,42.49,,,,,1.0,,,
2004-08-07,1.84,2.8,4.24,2.4,5.13,1.82,2.42,2.34,,,,,,,,,,,,1.32,43.95,42.63,,,,,1.0,,,
2004-08-08,,,,,,,,,,,772085.0,16333.0,,,,5.4,,,,1.32,,,,,,,1.0,4435.9868,,
2004-08-09,,,,,,,,,,,,,,,,,,,,1.32,,,,,,,1.0,,,
2004-08-10,1.83,2.77,4.28,2.45,5.15,1.85,2.43,2.37,,,,,-0.67,-0.3117,,,,,,1.35,44.86,43.21,,,,,1.0,,,
2004-08-11,1.77,2.82,4.32,2.55,5.17,1.9,2.42,2.35,,,,,,,,,,,,1.43,44.51,42.5,,,,,1.0,,,
2004-08-12,1.76,2.86,4.3,2.54,5.16,1.86,2.44,2.38,,,,,,,,,,,,1.5,44.72,42.45,,,,,1.0,,,
2004-08-13,1.75,2.84,4.27,2.52,5.17,1.81,2.46,2.4,,,,,,,,,,,,1.51,45.52,43.5,,,,,1.0,,,
2004-08-14,1.75,2.78,4.22,2.47,5.11,1.77,2.45,2.41,,,,,,,,,,,,1.48,46.61,44.13,,,,,1.0,,,
2004-08-15,,,,,,,,,,,769265.0,11190.0,,,,,,95.9,,1.48,,,,,,,1.0,4450.413,,
2004-08-16,,,,,,,,,,,,,,,189.2,,,,,1.48,,,,,,,1.0,,,
2004-08-17,1.75,2.77,4.26,2.51,5.13,1.82,2.44,2.39,,,,,-0.672,-0.476,,,93.6277,,,1.43,46.02,44.35,,,,,1.0,,,
2004-08-18,1.77,2.73,4.21,2.44,5.13,1.82,2.39,2.33,,,,,,,,,,,,1.2,46.75,44.05,,,,,1.0,,,
2004-08-19,1.79,2.74,4.23,2.44,5.11,1.83,2.4,2.32,,,,,,,,,,,,1.39,47.36,44.12,,,,,1.0,,,
2004-08-20,1.79,2.74,4.22,2.43,5.14,1.76,2.46,2.39,,,,,,,,,,,,1.5,48.66,44.84,,,,,1.0,,,
2004-08-21,1.78,2.75,4.24,2.46,5.14,1.79,2.45,2.36,,,,,,,,,,,,1.5,47.6,45.46,,,,,1.0,,,
2004-08-22,,,,,,,,,,,767595.0,9619.0,,,,,,,,1.5,,,,,,,1.0,4459.2542,,
2004-08-23,,,,,,,,,,,,,,,,,,,,1.5,,,,,,,1.0,,,
2004-08-24,1.78,2.74,4.28,2.5,5.15,1.86,2.42,2.33,,,,,-0.673,-0.4973,,,,,,1.51,46.0,44.39,,,,,1.0,,,
2004-08-25,1.78,2.74,4.28,2.5,5.15,1.87,2.41,2.3,,,,,,,,,,,,1.51,45.68,42.99,,,,,1.0,,,
2004-08-26,1.75,2.72,4.26,2.51,5.13,1.88,2.38,2.29,,,,,,,,,,,,1.55,43.83,42.39,,,,,1.0,,,
2004-08-27,1.74,2.67,4.22,2.48,5.1,1.86,2.36,2.28,,,,,,,,,,,,1.55,43.06,40.65,,,,,1.0,,,
2004-08-28,1.75,2.67,4.23,2.48,5.1,1.86,2.37,2.29,,,,,,,,,,,,1.52,43.11,40.72,,,,,1.0,,,
2004-08-29,,,,,,,,,,,775437.0,10916.0,,,,,,,,1.52,,,,,,,1.0,4478.377,,
2004-08-30,,,,,,,,,,,,,,,,,,,,1.52,,,,,,,1.0,,,
2004-08-31,1.72,2.58,4.19,2.47,5.07,1.83,2.36,2.28,,,,,-0.673,-0.6229,,,,,6317.7,1.54,42.32,40.78,2844.202380952381,5.407727272727273,0.12,,1.0,,,
2004-09-01,1.72,2.54,4.13,2.41,5.01,1.78,2.35,2.27,,,,,,,,,,,,1.55,42.23,39.8,,,,,1.0,,,
2004-09-02,1.72,2.55,4.13,2.41,5.01,1.77,2.36,2.28,,,,,,,,,,,,1.53,43.89,40.96,,,,,1.0,,,
2004-09-03,1.74,2.6,4.2,2.46,5.07,1.83,2.37,2.32,,,,,,,,,,,,1.51,44.04,42.39,,,,,1.0,,,
2004-09-04,1.69,2.65,4.3,2.61,5.14,1.88,2.42,2.36,,,,,,,,,,,,1.48,43.94,41.07,,,,,1.0,,,
2004-09-05,,,,,,,,,,,785273.0,16991.0,,,,,,,,1.48,,,,,,,1.0,4484.7941,,
2004-09-06,,,,,,,,,,,,,,,,,,,,1.48,,,,,,,1.0,,,
2004-09-07,,,,,,,,,,,,,-0.672,-0.5399,,,,,,1.48,,40.4,,,,,1.0,,,
2004-09-08,1.68,2.6,4.26,2.58,5.1,1.86,2.4,2.34,,,,,,,,5.4,,,,1.54,43.18,40.19,,,,,1.0,,,
2004-09-09,1.68,2.53,4.18,2.5,5.04,1.82,2.36,2.3,,,,,,,,,,,,1.51,42.77,39.91,,,,,1.0,,,
2004-09-10,1.72,2.58,4.22,2.5,5.07,1.83,2.39,2.3,,,,,,,,,,,,1.49,44.53,41.45,,,,,1.0,,,
2004-09-11,1.69,2.53,4.19,2.5,5.05,1.83,2.36,2.26,,,,,,,,,,,,1.48,42.84,41.03,,,,,1.0,,,
2004-09-12,,,,,,,,,,,788602.0,10128.0,,,,,,,,1.48,,,,,,,1.0,4483.3394,,
2004-09-13,,,,,,,,,,,,,,,,,,,,1.48,,,,,,,1.0,,,
2004-09-14,1.66,2.5,4.16,2.5,5.02,1.81,2.35,2.27,,,,,-0.672,-0.6509,,,,,,1.51,43.86,40.63,,,,,1.0,,,
2004-09-15,1.68,2.49,4.15,2.47,5.01,1.81,2.34,2.24,,,,,,,,,,94.2,,1.4,44.62,41.34,,,,,1.0,,,
2004-09-16,1.67,2.51,4.18,2.51,5.04,1.86,2.32,2.23,,,,,,,189.8,,,,,1.57,43.83,42.03,,,,,1.0,,,
2004-09-17,1.64,2.41,4.08,2.44,4.95,1.81,2.27,2.17,,,,,,,,,93.7467,,,1.61,44.03,40.68,,,,,1.0,,,
2004-09-18,1.61,2.43,4.14,2.53,4.99,1.85,2.29,2.18,,,,,,,,,,,,1.58,45.63,43.08,,,,,1.0,,,
2004-09-19,,,,,,,,,,,789128.0,13700.0,,,,,,,,1.58,,,,,,,1.0,4503.6055,,
2004-09-20,,,,,,,,,,,,,,,,,,,,1.58,,,,,,,1.0,,,
2004-09-21,1.61,2.34,4.07,2.46,4.94,1.8,2.27,2.19,,,,,-0.671,-0.6034,,,,,,1.64,46.33,43.6,,,,,1.0,,,
2004-09-22,1.56,2.33,4.05,2.49,4.94,1.8,2.25,2.14,,,,,,,,,,,,1.7,47.11,44.56,,,,,1.0,,,
2004-09-23,1.5,2.29,4.0,2.5,4.88,1.73,2.27,2.17,,,,,,,,,,,,1.78,48.41,45.66,,,,,1.0,,,
2004-09-24,1.45,2.3,4.02,2.57,4.86,1.76,2.26,2.19,,,,,,,,,,,,1.8,48.37,46.53,,,,,1.0,,,
2004-09-25,1.42,2.31,4.04,2.62,4.87,1.78,2.26,2.2,,,,,,,,,,,,1.76,48.86,46.13,,,,,1.0,,,
2004-09-26,,,,,,,,,,,782124.0,13386.0,,,,,,,,1.76,,,,,,,1.0,4517.7244,,
2004-09-27,,,,,,,,,,,,,,,,,,,,1.76,,,,,,,1.0,,,
2004-09-28,1.42,2.27,4.01,2.59,4.84,1.72,2.29,2.25,,,,,-0.67,-0.628,,,,,,1.76,49.56,46.87,,,,,1.0,,,
2004-09-29,1.47,2.3,4.02,2.55,4.9,1.7,2.32,2.28,,,,,,,,,,,,1.72,49.76,47.52,,,,-20.0,1.0,,59.96643,
2004-09-30,1.49,2.38,4.1,2.61,4.97,1.76,2.34,2.3,,,,,,,,,,,,1.76,49.53,46.54,,,,,1.0,,,
2004-10-01,1.51,2.43,4.14,2.63,4.97,1.77,2.37,2.33,,,,,,,,,,,6352.3,1.94,49.56,47.76,2903.170454545455,5.167142857142857,0.08,,1.0,,,
2004-10-02,1.58,2.5,4.21,2.63,5.06,1.83,2.38,2.35,,,,,,,,,,,,1.86,50.16,46.86,,,,,1.0,,,
2004-10-03,,,,,,,,,,,786330.0,14990.0,,,,,,,,1.86,,,,,,,1.0,4516.6886,,
2004-10-04,,,,,,,,,,,,,,,,,,,,1.86,,,,,,,1.0,,,
2004-10-05,1.54,2.48,4.19,2.65,5.04,1.86,2.33,2.31,,,,,-0.67,-0.6109,,,,,,1.77,49.85,46.99,,,,,1.0,,,
2004-10-06,1.53,2.47,4.18,2.65,5.04,1.84,2.34,2.33,,,,,,,,,,,,1.73,51.08,47.1,,,,,1.0,,,
2004-10-07,1.53,2.52,4.23,2.7,5.04,1.9,2.33,2.33,,,,,,,,,,,,1.74,51.98,47.95,,,,,1.0,,,
2004-10-08,1.54,2.56,4.26,2.72,5.08,1.89,2.37,2.35,,,,,,,,5.5,,,,1.76,52.56,48.98,,,,,1.0,,,
2004-10-09,1.54,2.44,4.15,2.61,4.98,1.78,2.37,2.32,,,,,,,,,,,,1.71,53.4,49.41,,,,,1.0,,,
2004-10-10,,,,,,,,,,,781777.0,10631.0,,,,,,,,1.71,,,,,,,1.0,4516.4027,,
2004-10-11,,,,,,,,,,,,,,,,,,,,1.71,,,,,,,1.0,,,
2004-10-12,,,,,,,,,,,,,-0.67,-0.5969,,,,,,1.71,53.65,50.75,,,,,1.0,,,
2004-10-13,1.56,2.4,4.12,2.56,4.95,1.75,2.37,2.31,,,,,,,,,,,,1.78,53.49,51.28,,,,,1.0,,,
2004-10-14,1.56,2.37,4.09,2.53,4.98,1.72,2.37,2.32,,,,,,,,,,,,1.73,53.86,50.42,,,,,1.0,,,
2004-10-15,1.55,2.29,4.03,2.48,4.93,1.68,2.35,2.32,,,,,,,,,,91.7,,1.77,54.69,51.31,,,,,1.0,,,
2004-10-16,1.54,2.31,4.07,2.53,4.92,1.7,2.37,2.34,,,,,,,190.8,,,,,1.79,54.89,51.02,,,,,1.0,,,
2004-10-17,,,,,,,,,,,795483.0,11175.0,,,,,94.5465,,,1.79,,,,,,,1.0,4525.9966,,
2004-10-18,,,,,,,,,,,,,,,,,,,,1.79,,,,,,,1.0,,,
2004-10-19,1.52,2.26,4.07,2.55,4.92,1.71,2.36,2.32,,,,,-0.671,-0.4356,,,,,,1.73,53.59,49.16,,,,,1.0,,,
2004-10-20,1.5,2.25,4.07,2.57,4.91,1.7,2.37,2.33,,,,,,,,,,,,1.72,53.28,49.21,,,,,1.0,,,
2004-10-21,1.48,2.19,4.01,2.53,4.85,1.66,2.35,2.34,,,,,,,,,,,,1.74,54.93,50.78,,,,,1.0,,,
2004-10-22,1.44,2.16,4.01,2.57,4.84,1.62,2.39,2.44,,,,,,,,,,,,1.76,54.51,51.06,,,,,1.0,,,
2004-10-23,1.45,2.15,4.0,2.55,4.87,1.64,2.36,2.43,,,,,,,,,,,,1.72,55.83,52.28,,,,,1.0,,,
2004-10-24,,,,,,,,,,,784954.0,12733.0,,,,,,,,1.72,,,,,,,1.0,4540.4566,,
2004-10-25,,,,,,,,,,,,,,,,,,,,1.72,,,,,,,1.0,,,
2004-10-26,1.45,2.09,3.99,2.54,4.86,1.63,2.36,2.42,,,,,-0.674,-0.4876,,,,,,1.76,55.52,51.68,,,,,1.0,,,
2004-10-27,1.47,2.1,4.01,2.54,4.87,1.63,2.38,2.45,,,,,,,,,,,,1.72,56.37,52.04,,,,,1.0,,,
2004-10-28,1.48,2.19,4.11,2.63,4.96,1.73,2.38,2.47,,,,,,,,,,,,1.77,52.52,49.99,,,,,1.0,,,
2004-10-29,1.5,2.18,4.09,2.59,4.91,1.68,2.41,2.49,,,,,,,,,,,,1.79,50.95,48.88,,,,,1.0,,,
2004-10-30,1.49,2.14,4.05,2.56,4.87,1.63,2.42,2.49,,,,,,,,,,,,1.79,51.78,48.16,,,,,1.0,,,
2004-10-31,,,,,,,,,,,791336.0,12863.0,,,,,,,6379.9,1.79,,,3009.404761904762,6.378571428571429,0.06,,1.0,4549.4607,,
2004-11-01,,,,,,,,,,,,,,,,,,,,1.79,,,,,,,1.0,,,
2004-11-02,1.5,2.12,4.11,2.61,4.92,1.67,2.44,2.52,,,,,-0.677,-0.6607,,,,,,1.83,50.1,46.84,,,,,1.0,,,
2004-11-03,1.5,2.13,4.1,2.6,4.91,1.61,2.49,2.56,,,,,,,,,,,,1.74,49.6,46.25,,,,,1.0,,,
2004-11-04,1.49,2.13,4.09,2.6,4.9,1.61,2.48,2.57,,,,,,,,,,,,1.73,50.9,46.14,,,,,1.0,,,
2004-11-05,1.47,2.12,4.1,2.63,4.89,1.65,2.45,2.53,,,,,,,,,,,,1.77,48.8,45.32,,,,,1.0,,,
2004-11-06,1.41,2.18,4.21,2.8,4.99,1.71,2.5,2.6,,,,,,,,,,,,1.76,49.65,44.37,,,,,1.0,,,
2004-11-07,,,,,,,,,,,790552.0,12995.0,,,,,,,,1.76,,,,,,,1.0,4558.619,,
2004-11-08,,,,,,,,,,,,,,,,5.4,,,,1.76,,,,,,,1.0,,,
2004-11-09,1.42,2.15,4.22,2.8,4.98,1.72,2.5,2.59,,,,,-0.681,-0.7981,,,,,,1.8,49.1,44.78,,,,,1.0,,,
2004-11-10,1.42,2.14,4.22,2.8,5.02,1.74,2.48,2.57,,,,,,,,,,,,1.79,47.4,43.27,,,,,1.0,,,
2004-11-11,1.43,2.17,4.25,2.82,5.05,1.75,2.5,2.59,,,,,,,,,,,,1.92,48.7,42.57,,,,,1.0,,,
2004-11-12,,,,,,,,,,,,,,,,,,,,1.92,47.5,42.22,,,,,1.0,,,
2004-11-13,1.34,2.12,4.2,2.86,4.96,1.71,2.49,2.59,,,,,,,,,,,,2.02,47.3,41.33,,,,,1.0,,,
2004-11-14,,,,,,,,,,,800473.0,11377.0,,,,,,,,2.02,,,,,,,1.0,4570.8024,,
2004-11-15,,,,,,,,,,,,,,,,,,92.8,,2.02,,,,,,,1.0,,,
2004-11-16,1.31,2.08,4.2,2.89,4.98,1.67,2.53,2.62,,,,,-0.685,-0.8342,191.7,,,,,2.06,46.95,39.32,,,,,1.0,,,
2004-11-17,1.3,2.07,4.21,2.91,4.96,1.68,2.53,2.64,,,,,,,,,94.7813,,,1.98,46.1,40.48,,,,,1.0,,,
2004-11-18,1.29,2.01,4.14,2.85,4.89,1.63,2.51,2.61,,,,,,,,,,,,1.99,46.85,40.27,,,,,1.0,,,
2004-11-19,1.26,1.99,4.12,2.86,4.86,1.64,2.48,2.6,,,,,,,,,,,,1.99,46.3,40.8,,,,,1.0,,,
2004-11-20,1.25,2.05,4.2,2.95,4.93,1.67,2.53,2.64,,,,,,,,,,,,1.99,48.9,42.29,,,,,1.0,,,
2004-11-21,,,,,,,,,,,794090.0,12278.0,,,,,,,,1.99,,,,,,,1.0,4579.8683,,
2004-11-22,,,,,,,,,,,,,,,,,,,,1.99,,,,,,,1.0,,,
2004-11-23,1.23,1.98,4.18,2.95,4.89,1.62,2.56,2.67,,,,,-0.686,-0.761,,,,,,2.01,48.48,42.26,,,,,1.0,,,
2004-11-24,1.21,2.0,4.19,2.98,4.89,1.65,2.54,2.65,,,,,,,,,,,,2.0,48.74,43.03,,,,,1.0,,,
2004-11-25,1.19,2.02,4.2,3.01,4.89,1.64,2.56,2.68,,,,,,,,,,,,2.02,49.14,42.62,,,,,1.0,,,
2004-11-26,,,,,,,,,,,,,,,,,,,,2.02,,43.12,,,,,1.0,,,
2004-11-27,1.21,2.03,4.24,3.03,4.94,1.66,2.58,2.7,,,,,,,,,,,,2.01,,42.87,,,,,1.0,,,
2004-11-28,,,,,,,,,,,809956.0,11686.0,,,,,,,,2.01,,,,,,,1.0,4584.2834,,
2004-11-29,,,,,,,,,,,,,,,,,,,,2.01,,,,,,,1.0,,,
2004-11-30,1.27,2.11,4.34,3.07,5.03,1.74,2.6,2.74,,,,,-0.686,-0.8256,,,,,,2.03,49.71,44.05,,,,,1.0,,,
2004-12-01,1.34,2.13,4.36,3.02,5.07,1.75,2.61,2.76,,,,,,,,,,,6406.3,2.02,49.16,44.23,3130.309090909091,6.187,0.1,,1.0,,,
2004-12-02,1.37,2.16,4.38,3.01,5.08,1.79,2.59,2.73,,,,,,,,,,,,2.04,45.56,41.19,,,,,1.0,,,
2004-12-03,1.36,2.18,4.4,3.04,5.11,1.83,2.57,2.72,,,,,,,,,,,,2.0,43.31,38.49,,,,,1.0,,,
2004-12-04,1.33,2.06,4.27,2.94,4.99,1.73,2.54,2.68,,,,,,,,,,,,1.98,42.56,38.57,,,,,1.0,,,
2004-12-05,,,,,,,,,,,807063.0,11754.0,,,,,,,,1.98,,,,,,,1.0,4596.4414,,
2004-12-06,,,,,,,,,,,,,,,,,,,,1.98,,,,,,,1.0,,,
2004-12-07,1.31,1.99,4.24,2.93,4.96,1.7,2.54,2.66,,,,,-0.684,-0.7103,,,,,,2.04,42.96,38.43,,,,,1.0,,,
2004-12-08,1.28,1.98,4.23,2.95,4.95,1.69,2.54,2.66,,,,,,,,5.4,,,,1.99,41.51,37.11,,,,,1.0,,,
2004-12-09,1.23,1.9,4.14,2.91,4.84,1.62,2.52,2.66,,,,,,,,,,,,2.01,41.96,36.9,,,,,1.0,,,
2004-12-10,1.26,1.95,4.19,2.93,4.88,1.64,2.55,2.64,,,,,,,,,,,,2.05,42.41,38.33,,,,,1.0,,,
2004-12-11,1.21,1.91,4.16,2.95,4.87,1.66,2.5,2.59,,,,,,,,,,,,2.09,40.71,37.24,,,,,1.0,,,
2004-12-12,,,,,,,,,,,808495.0,12606.0,,,,,,,,2.09,,,,,,,1.0,4604.9975,,
2004-12-13,,,,,,,,,,,,,,,,,,,,2.09,,,,,,,1.0,,,
2004-12-14,1.18,1.92,4.16,2.98,4.85,1.65,2.51,2.62,,,,,-0.681,-0.7016,,,,,,2.18,41.06,36.77,,,,,1.0,,,
2004-12-15,1.15,1.93,4.14,2.99,4.83,1.62,2.52,2.64,,,,,,,,,,97.1,,2.24,41.76,37.03,,,,,1.0,,,
2004-12-16,1.12,1.88,4.09,2.97,4.76,1.57,2.52,2.65,,,,,,,191.7,,,,,2.31,44.21,41.53,,,,,1.0,,,
2004-12-17,1.18,1.99,4.19,3.01,4.88,1.64,2.55,2.68,,,,,,,,,95.5365,,,2.26,44.16,41.49,,,,,1.0,,,
2004-12-18,1.18,2.01,4.21,3.03,4.89,1.64,2.57,2.69,,,,,,,,,,,,2.23,46.31,43.06,,,,,1.0,,,
2004-12-19,,,,,,,,,,,807028.0,12689.0,,,,,,,,2.23,,,,,,,1.0,4621.4655,,
2004-12-20,,,,,,,,,,,,,,,,,,,,2.23,,,,,,,1.0,,,
2004-12-21,1.15,1.99,4.21,3.06,4.88,1.62,2.59,2.7,,,,,-0.676,-0.8982,,,,,,2.26,45.57,42.67,,,,,1.0,,,
2004-12-22,1.13,1.98,4.18,3.05,4.83,1.59,2.59,2.71,,,,,,,,,,,,2.24,45.76,42.76,,,,,1.0,,,
2004-12-23,1.17,2.03,4.21,3.04,4.86,1.63,2.58,2.68,,,,,,,,,,,,2.25,44.05,40.44,,,,,1.0,,,
2004-12-24,1.21,2.04,4.23,3.02,4.9,1.62,2.61,2.7,,,,,,,,,,,,2.34,42.19,40.29,,,,,1.0,,,
2004-12-25,,,,,,,,,,,,,,,,,,,,2.27,,39.6,,,,,1.0,,,
2004-12-26,,,,,,,,,,,811333.0,10747.0,,,,,,,,2.27,,,,,,,1.0,4626.5072,,
2004-12-27,,,,,,,,,,,,,,,,,,,,2.27,,,,,,,1.0,,,
2004-12-28,1.23,2.04,4.3,3.07,4.97,1.67,2.63,2.71,,,,,-0.67,-0.8336,,,,,,2.24,41.26,39.6,,,,,1.0,,,
2004-12-29,1.23,2.06,4.31,3.08,4.95,1.69,2.62,2.71,,,,,,,,,,,,2.24,41.78,40.24,,,,,1.0,,,
2004-12-30,1.21,2.11,4.33,3.12,4.97,1.73,2.6,2.7,,,,,,,,,,,,2.23,43.69,38.93,,,,-21.1,1.0,,60.63713,
2004-12-31,1.17,2.05,4.27,3.1,4.94,1.7,2.57,2.67,,,,,,,,,,,6424.3,2.24,43.36,39.8,3139.785714285714,6.581904761904762,0.1,,1.0,,,
2005-01-01,1.16,2.02,4.24,3.08,4.86,1.68,2.56,2.64,,,,,,,,,,,,1.97,,40.38,,,,,1.0,,,
2005-01-02,,,,,,,,,,,810944.0,9350.0,,,,,,,,1.97,,,,,,,1.0,4654.4047,,
2005-01-03,,,,,,,,,,,,,,,,,,,,1.97,,,,,,,1.0,,,
2005-01-04,1.13,1.91,4.23,3.1,4.85,1.7,2.53,2.62,,,,,-0.666,-0.8316,,,,,,2.31,42.16,,,,,,1.0,,,
2005-01-05,1.09,1.96,4.29,3.2,4.91,1.78,2.51,2.62,,,,,,,,,,,,2.25,43.96,40.75,,,,,1.0,,,
2005-01-06,1.07,1.96,4.29,3.22,4.88,1.79,2.5,2.6,,,,,,,,,,,,2.25,43.41,41.0,,,,,1.0,,,
2005-01-07,1.11,1.98,4.29,3.18,4.89,1.76,2.53,2.59,,,,,,,,,,,,2.25,45.51,43.25,,,,,1.0,,,
2005-01-08,1.09,1.97,4.29,3.2,4.88,1.8,2.49,2.57,,,,,,,,5.3,,,,2.24,45.32,43.28,,,,,1.0,,,
2005-01-09,,,,,,,,,,,815702.0,15515.0,,,,,,,,2.24,,,,,,,1.0,4666.1471,,
2005-01-10,,,,,,,,,,,,,,,,,,,,2.24,,,,,,,1.0,,,
2005-01-11,1.06,1.93,4.29,3.23,4.86,1.77,2.52,2.62,,,,,-0.664,-0.7237,,,,,,2.26,45.31,44.71,,,,,1.0,,,
2005-01-12,1.02,1.92,4.26,3.24,4.84,1.76,2.5,2.6,,,,,,,,,,,,2.24,45.66,43.45,,,,,1.0,,,
2005-01-13,1.03,1.91,4.25,3.22,4.8,1.73,2.52,2.6,,,,,,,,,,,,2.25,46.46,43.75,,,,,1.0,,,
2005-01-14,0.99,1.85,4.2,3.21,4.77,1.7,2.5,2.6,,,,,,,,,,,,2.29,48.11,45.76,,,,,1.0,,,
2005-01-15,0.99,1.86,4.23,3.24,4.78,1.72,2.51,2.58,,,,,,,,,,95.5,,2.29,48.41,45.26,,,,,1.0,,,
2005-01-16,,,,,,,,,,,798455.0,7180.0,,,191.6,,,,,2.29,,,,,,,1.0,4678.2691,,
2005-01-17,,,,,,,,,,,,,,,,,95.8801,,,2.29,,,,,,,1.0,,,
2005-01-18,,,,,,,,,,,,,-0.665,-0.6964,,,,,,2.29,,45.1,,,,,1.0,,,
2005-01-19,0.95,1.82,4.21,3.26,4.72,1.71,2.5,2.57,,,,,,,,,,,,2.31,48.46,45.18,,,,,1.0,,,
2005-01-20,0.94,1.83,4.2,3.26,4.7,1.7,2.5,2.56,,,,,,,,,,,,2.19,47.61,45.16,,,,,1.0,,,
2005-01-21,0.96,1.82,4.17,3.21,4.71,1.7,2.47,2.52,,,,,,,,,,,,2.25,47.01,44.06,,,,,1.0,,,
2005-01-22,1.0,1.8,4.16,3.16,4.7,1.69,2.47,2.51,,,,,,,,,,,,2.26,48.31,45.88,,,,,1.0,,,
2005-01-23,,,,,,,,,,,806960.0,17473.0,,,,,,,,2.26,,,,,,,1.0,4685.2042,,
2005-01-24,,,,,,,,,,,,,,,,,,,,2.26,,,,,,,1.0,,,
2005-01-25,0.94,1.77,4.14,3.2,4.63,1.68,2.46,2.52,,,,,-0.668,-0.7071,,,,,,2.26,48.61,45.74,,,,,1.0,,,
2005-01-26,0.97,1.81,4.2,3.23,4.71,1.74,2.46,2.55,,,,,,,,,,,,2.29,49.43,46.14,,,,,1.0,,,
2005-01-27,0.94,1.8,4.21,3.27,4.7,1.72,2.49,2.58,,,,,,,,,,,,2.33,48.8,45.94,,,,,1.0,,,
2005-01-28,0.94,1.78,4.22,3.28,4.71,1.72,2.5,2.59,,,,,,,,,,,,2.39,48.8,46.51,,,,,1.0,,,
2005-01-29,0.91,1.7,4.16,3.25,4.64,1.65,2.51,2.58,,,,,,,,,,,,2.48,47.15,44.75,,,,,1.0,,,
2005-01-30,,,,,,,,,,,807262.0,12624.0,,,,,,,,2.48,,,,,,,1.0,4685.4933,,
2005-01-31,,,,,,,,,,,,,,,,,,,6429.9,2.48,,,3168.1,6.152,0.1,,1.0,,,
2005-02-01,0.85,1.63,4.14,3.29,4.62,1.65,2.49,2.58,,,,,-0.673,-0.7794,,,,,,2.5,48.25,44.51,,,,,1.0,,,
2005-02-02,0.86,1.64,4.15,3.29,4.63,1.67,2.48,2.56,,,,,,,,,,,,2.4,47.1,45.12,,,,,1.0,,,
2005-02-03,0.83,1.64,4.15,3.32,4.61,1.7,2.45,2.55,,,,,,,,,,,,2.29,46.65,44.17,,,,,1.0,,,
2005-02-04,0.84,1.7,4.18,3.34,4.58,1.73,2.45,2.56,,,,,,,,,,,,2.49,46.4,43.13,,,,,1.0,,,
2005-02-05,0.8,1.62,4.09,3.29,4.48,1.65,2.44,2.57,,,,,,,,,,,,2.51,46.45,43.26,,,,,1.0,,,
2005-02-06,,,,,,,,,,,804746.0,20963.0,,,,,,,,2.51,,,,,,,1.0,4690.6911,,
2005-02-07,,,,,,,,,,,,,,,,,,,,2.51,,,,,,,1.0,,,
2005-02-08,0.76,1.56,4.07,3.31,4.43,1.62,2.45,2.56,,,,,-0.679,-0.8773,,5.4,,,,2.5,45.35,42.7,,,,,1.0,,,
2005-02-09,0.72,1.56,4.05,3.33,4.39,1.57,2.48,2.61,,,,,,,,,,,,2.48,45.4,42.79,,,,,1.0,,,
2005-02-10,0.76,1.49,4.0,3.24,4.4,1.49,2.51,2.63,,,,,,,,,,,,2.5,45.45,42.49,,,,,1.0,,,
2005-02-11,0.78,1.56,4.07,3.29,4.5,1.57,2.5,2.66,,,,,,,,,,,,2.51,47.05,44.04,,,,,1.0,,,
2005-02-12,0.76,1.55,4.1,3.34,4.52,1.57,2.53,2.7,,,,,,,,,,,,2.5,47.15,44.41,,,,,1.0,,,
2005-02-13,,,,,,,,,,,797299.0,7518.0,,,,,,,,2.5,,,,,,,1.0,4691.0196,,
2005-02-14,,,,,,,,,,,,,,,,,,,,2.5,,,,,,,1.0,,,
2005-02-15,0.7,1.49,4.08,3.38,4.45,1.54,2.54,2.72,,,,,-0.682,-0.8397,,,,94.1,,2.51,47.5,44.51,,,,,1.0,,,
2005-02-16,0.73,1.51,4.1,3.37,4.48,1.61,2.49,2.65,,,,,,,192.4,,,,,2.53,47.3,44.91,,,,,1.0,,,
2005-02-17,0.75,1.59,4.16,3.41,4.53,1.65,2.51,2.68,,,,,,,,,96.5761,,,2.48,48.35,45.42,,,,,1.0,,,
2005-02-18,0.81,1.61,4.19,3.38,4.58,1.65,2.54,2.7,,,,,,,,,,,,2.5,47.5,45.42,,,,,1.0,,,
2005-02-19,0.82,1.66,4.27,3.45,4.65,1.67,2.6,2.78,,,,,,,,,,,,2.51,48.45,45.86,,,,,1.0,,,
2005-02-20,,,,,,,,,,,795606.0,12913.0,,,,,,,,2.51,,,,,,,1.0,4712.2013,,
2005-02-21,,,,,,,,,,,,,,,,,,,,2.51,,,,,,,1.0,,,
2005-02-22,,,,,,,,,,,,,-0.683,-0.9451,,,,,,2.51,,46.09,,,,,1.0,,,
2005-02-23,0.83,1.62,4.29,3.46,4.71,1.67,2.62,2.81,,,,,,,,,,,,2.57,51.0,47.6,,,,,1.0,,,
2005-02-24,0.81,1.6,4.27,3.46,4.69,1.64,2.63,2.81,,,,,,,,,,,,2.53,51.73,48.16,,,,,1.0,,,
2005-02-25,0.77,1.6,4.29,3.52,4.67,1.65,2.64,2.81,,,,,,,,,,,,2.55,52.05,49.24,,,,,1.0,,,
2005-02-26,0.73,1.53,4.27,3.54,4.61,1.64,2.63,2.8,,,,,,,,,,,,2.54,52.2,50.05,,,,,1.0,,,
2005-02-27,,,,,,,,,,,804576.0,11391.0,,,,,,,,2.54,,,,,,,1.0,4738.6644,,
2005-02-28,,,,,,,,,,,,,,,,,,,,2.54,,,,,,,1.0,,,
2005-03-01,0.77,1.6,4.36,3.59,4.71,1.7,2.66,2.82,,,,,-0.68,-0.9572,,,,,,2.52,51.75,50.13,,,,,1.0,,,
2005-03-02,0.79,1.63,4.38,3.59,4.69,1.69,2.69,2.85,,,,,,,,,,,,2.39,51.67,50.47,,,,,1.0,,,
2005-03-03,0.81,1.64,4.38,3.57,4.71,1.69,2.69,2.86,,,,,,,,,,,6437.7,2.48,53.0,51.05,3247.1,6.138421052631579,0.14,,1.0,,,
2005-03-04,0.8,1.63,4.39,3.59,4.71,1.69,2.7,2.87,,,,,,,,,,,,2.51,53.6,52.89,,,,,1.0,,,
2005-03-05,0.75,1.56,4.32,3.57,4.66,1.65,2.67,2.85,,,,,,,,,,,,2.5,53.7,52.1,,,,,1.0,,,
2005-03-06,,,,,,,,,,,801252.0,16224.0,,,,,,,,2.5,,,,,,,1.0,4750.101,,
2005-03-07,,,,,,,,,,,,,,,,,,,,2.5,,,,,,,1.0,,,
2005-03-08,0.7,1.55,4.31,3.61,4.63,1.63,2.68,2.86,,,,,-0.673,-0.9291,,5.2,,,,2.51,53.9,51.87,,,,,1.0,,,
2005-03-09,0.76,1.63,4.38,3.62,4.67,1.67,2.71,2.89,,,,,,,,,,,,2.49,54.55,53.29,,,,,1.0,,,
2005-03-10,0.86,1.76,4.52,3.66,4.84,1.77,2.75,2.93,,,,,,,,,,,,2.5,54.75,54.11,,,,,1.0,,,
2005-03-11,0.8,1.73,4.48,3.68,4.74,1.76,2.72,2.88,,,,,,,,,,,,2.52,53.52,53.04,,,,,1.0,,,
2005-03-12,0.83,1.8,4.56,3.73,4.8,1.82,2.74,2.88,,,,,,,,,,,,2.51,54.4,53.15,,,,,1.0,,,
2005-03-13,,,,,,,,,,,799250.0,8034.0,,,,,,,,2.51,,,,,,,1.0,4759.1853,,
2005-03-14,,,,,,,,,,,,,,,,,,,,2.51,,,,,,,1.0,,,
2005-03-15,0.77,1.72,4.52,3.75,4.77,1.82,2.7,2.86,,,,,-0.662,-0.9453,,,,92.6,,2.59,54.9,53.68,,,,,1.0,,,
2005-03-16,0.79,1.73,4.54,3.75,4.8,1.82,2.72,2.88,,,,,,,193.1,,,,,2.61,55.05,53.97,,,,,1.0,,,
2005-03-17,0.8,1.72,4.52,3.72,4.78,1.79,2.73,2.89,,,,,,,,,96.4456,,,2.57,56.5,54.61,,,,,1.0,,,
2005-03-18,0.77,1.68,4.47,3.7,4.75,1.73,2.74,2.91,,,,,,,,,,,,2.68,56.4,56.03,,,,,1.0,,,
2005-03-19,0.79,1.7,4.51,3.72,4.8,1.77,2.74,2.92,,,,,,,,,,,,2.7,56.8,55.97,,,,,1.0,,,
2005-03-20,,,,,,,,,,,807211.0,14101.0,,,,,,,,2.7,,,,,,,1.0,4778.9461,,
2005-03-21,,,,,,,,,,,,,,,,,,,,2.7,,,,,,,1.0,,,
2005-03-22,0.81,1.68,4.53,3.72,4.85,1.8,2.73,2.9,,,,,-0.648,-0.7814,,,,,,2.71,56.7,55.79,,,,,1.0,,,
2005-03-23,0.77,1.74,4.63,3.86,4.88,1.87,2.76,2.94,,,,,,,,,,,,2.72,55.95,55.39,,,,,1.0,,,
2005-03-24,0.77,1.78,4.61,3.84,4.86,1.92,2.69,2.86,,,,,,,,,,,,2.73,49.43,51.52,,,,,1.0,,,
2005-03-25,0.72,1.76,4.6,3.88,4.84,1.9,2.7,2.85,,,,,,,,,,,,2.75,49.7,52.35,,,,,1.0,,,
2005-03-26,,,,,,,,,,,,,,,,,,,,2.8,,,,,,,1.0,,,
2005-03-27,,,,,,,,,,,797094.0,13006.0,,,,,,,,2.8,,,,,,,1.0,4791.9258,,
2005-03-28,,,,,,,,,,,,,,,,,,,,2.8,,,,,,,1.0,,,
2005-03-29,0.74,1.8,4.64,3.9,4.88,1.94,2.7,2.85,,,,,-0.634,-0.7287,,,,,,2.79,54.06,51.75,,,,,1.0,,,
2005-03-30,0.73,1.76,4.6,3.87,4.85,1.91,2.69,2.85,,,,,,,,,,,,2.72,54.26,51.42,,,,,1.0,,,
2005-03-31,0.7,1.73,4.56,3.86,4.77,1.89,2.67,2.84,,,,,,,,,,,6446.6,2.74,53.96,50.63,3378.904761904762,6.955454545454545,0.5,,1.0,,,
2005-04-01,0.7,1.71,4.5,3.8,4.76,1.79,2.71,2.87,,,,,,,,,,,,2.96,55.31,53.22,,,,-23.6,1.0,,60.91302,86.65598349592
2005-04-02,0.71,1.66,4.46,3.75,4.72,1.77,2.69,2.85,,,,,,,,,,,,2.83,57.26,54.14,,,,,1.0,,,
2005-04-03,,,,,,,,,,,807551.0,12615.0,,,,,,,,2.83,,,,,,,1.0,4794.5762,,
2005-04-04,,,,,,,,,,,,,,,,,,,,2.83,,,,,,,1.0,,,
2005-04-05,0.73,1.67,4.47,3.74,4.73,1.79,2.68,2.85,,,,,-0.619,-0.7031,,,,,,2.78,56.86,55.92,,,,,1.0,,,
2005-04-06,0.73,1.69,4.48,3.75,4.75,1.81,2.67,2.83,,,,,,,,,,,,2.72,55.83,54.53,,,,,1.0,,,
2005-04-07,0.74,1.68,4.44,3.7,4.73,1.8,2.64,2.79,,,,,,,,,,,,2.73,55.88,54.08,,,,,1.0,,,
2005-04-08,0.77,1.72,4.49,3.72,4.78,1.85,2.64,2.77,,,,,,,,5.2,,,,2.76,54.16,52.57,,,,,1.0,,,
2005-04-09,0.73,1.71,4.5,3.77,4.77,1.84,2.66,2.8,,,,,,,,,,,,2.75,53.46,51.83,,,,,1.0,,,
2005-04-10,,,,,,,,,,,797327.0,12369.0,,,,,,,,2.75,,,,,,,1.0,4810.8284,,
2005-04-11,,,,,,,,,,,,,,,,,,,,2.75,,,,,,,1.0,,,
2005-04-12,0.7,1.69,4.45,3.75,4.73,1.82,2.63,2.78,,,,,-0.606,-0.7206,,,,,,2.78,53.71,51.21,,,,,1.0,,,
2005-04-13,0.67,1.62,4.38,3.71,4.66,1.73,2.65,2.76,,,,,,,,,,,,2.77,51.54,51.53,,,,,1.0,,,
2005-04-14,0.72,1.61,4.38,3.66,4.68,1.74,2.64,2.72,,,,,,,,,,,,2.76,50.21,49.67,,,,,1.0,,,
2005-04-15,0.77,1.59,4.37,3.6,4.73,1.72,2.65,2.73,,,,,,,,,,87.7,,2.79,51.11,50.21,,,,,1.0,,,
2005-04-16,0.73,1.48,4.27,3.54,4.66,1.67,2.6,2.7,,,,,,,193.7,,,,,2.82,50.61,49.52,,,,,1.0,,,
2005-04-17,,,,,,,,,,,805707.0,9731.0,,,,,96.6532,,,2.82,,,,,,,1.0,4814.1979,,
2005-04-18,,,,,,,,,,,,,,,,,,,,2.82,,,,,,,1.0,,,
2005-04-19,0.72,1.37,4.27,3.55,4.62,1.66,2.61,2.71,,,,,-0.594,-0.6721,,,,,,2.75,50.52,48.58,,,,,1.0,,,
2005-04-20,0.71,1.3,4.21,3.5,4.53,1.62,2.59,2.72,,,,,,,,,,,,2.74,52.33,50.79,,,,,1.0,,,
2005-04-21,0.7,1.35,4.22,3.52,4.59,1.6,2.62,2.75,,,,,,,,,,,,2.74,52.45,51.53,,,,,1.0,,,
2005-04-22,0.67,1.44,4.32,3.65,4.62,1.66,2.66,2.8,,,,,,,,,,,,2.75,52.49,51.73,,,,,1.0,,,
2005-04-23,0.64,1.33,4.26,3.62,4.6,1.61,2.65,2.81,,,,,,,,,,,,2.74,54.16,53.51,,,,,1.0,,,
2005-04-24,,,,,,,,,,,801793.0,15408.0,,,,,,,,2.74,,,,,,,1.0,4835.469,,
2005-04-25,,,,,,,,,,,,,,,,,,,,2.74,,,,,,,1.0,,,
2005-04-26,0.62,1.33,4.26,3.64,4.54,1.63,2.63,2.79,,,,,-0.585,-0.6016,,,,,,2.82,53.16,53.1,,,,,1.0,,,
2005-04-27,0.61,1.37,4.28,3.67,4.59,1.66,2.62,2.79,,,,,,,,,,,,2.78,54.33,52.47,,,,,1.0,,,
2005-04-28,0.61,1.36,4.25,3.64,4.57,1.65,2.6,2.75,,,,,,,,,,,,2.63,51.37,51.29,,,,,1.0,,,
2005-04-29,0.6,1.31,4.19,3.59,4.52,1.58,2.61,2.74,,,,,,,,,,,,2.89,51.92,50.74,,,,,1.0,,,
2005-04-30,0.55,1.31,4.21,3.66,4.53,1.61,2.6,2.73,,,,,,,,,,,,2.97,49.2,50.61,,,,,1.0,,,
2005-05-01,,,,,,,,,,,809797.0,14570.0,,,,,,,6461.4,2.97,,,3389.809523809524,7.175714285714286,0.3,,1.0,4831.5532,,
2005-05-02,,,,,,,,,,,,,,,,,,,,2.97,,,,,,,1.0,,,
2005-05-03,0.57,1.28,4.21,3.64,4.53,1.61,2.6,2.7,,,,,-0.578,-0.747,,,,,,2.98,50.94,50.89,,,,,1.0,,,
2005-05-04,0.53,1.3,4.21,3.68,4.49,1.64,2.57,2.66,,,,,,,,,,,,2.95,49.6,49.48,,,,,1.0,,,
2005-05-05,0.57,1.33,4.2,3.63,4.6,1.63,2.57,2.66,,,,,,,,,,,,2.99,50.22,50.36,,,,,1.0,,,
2005-05-06,0.61,1.38,4.19,3.58,4.6,1.62,2.57,2.64,,,,,,,,,,,,2.99,51.12,49.81,,,,,1.0,,,
2005-05-07,0.55,1.41,4.28,3.73,4.62,1.69,2.59,2.68,,,,,,,,,,,,2.98,51.3,49.7,,,,,1.0,,,
2005-05-08,,,,,,,,,,,802412.0,12956.0,,,,5.1,,,,2.98,,,,,,,1.0,4821.9783,,
2005-05-09,,,,,,,,,,,,,,,,,,,,2.98,,,,,,,1.0,,,
2005-05-10,0.53,1.38,4.29,3.76,4.64,1.69,2.6,2.71,,,,,-0.573,-0.7576,,,,,,2.99,52.04,49.71,,,,,1.0,,,
2005-05-11,0.54,1.33,4.23,3.69,4.6,1.65,2.58,2.69,,,,,,,,,,,,2.99,51.76,50.61,,,,,1.0,,,
2005-05-12,0.53,1.34,4.21,3.68,4.54,1.64,2.57,2.67,,,,,,,,,,,,2.99,50.39,48.91,,,,,1.0,,,
2005-05-13,0.52,1.3,4.18,3.66,4.54,1.66,2.52,2.6,,,,,,,,,,,,3.01,48.83,47.4,,,,,1.0,,,
2005-05-14,0.51,1.29,4.12,3.61,4.48,1.66,2.46,2.53,,,,,,,,,,,,3.01,48.65,46.85,,,,,1.0,,,
2005-05-15,,,,,,,,,,,808378.0,9499.0,,,,,,86.9,,3.01,,,,,,,1.0,4828.8521,,
2005-05-16,,,,,,,,,,,,,,,193.6,,,,,3.01,,,,,,,1.0,,,
2005-05-17,0.52,1.24,4.13,3.61,4.49,1.66,2.47,2.53,,,,,-0.569,-0.5994,,,96.7402,,,3.06,48.64,46.42,,,,,1.0,,,
2005-05-18,0.51,1.24,4.12,3.61,4.47,1.64,2.48,2.54,,,,,,,,,,,,2.99,48.97,47.31,,,,,1.0,,,
2005-05-19,0.51,1.21,4.07,3.56,4.42,1.65,2.42,2.49,,,,,,,,,,,,3.0,46.99,47.35,,,,,1.0,,,
2005-05-20,0.47,1.24,4.11,3.64,4.44,1.69,2.42,2.5,,,,,,,,,,,,3.02,47.0,46.92,,,,,1.0,,,
2005-05-21,0.44,1.23,4.13,3.69,4.44,1.67,2.46,2.55,,,,,,,,,,,,3.01,47.25,46.91,,,,,1.0,,,
2005-05-22,,,,,,,,,,,801546.0,11848.0,,,,,,,,3.01,,,,,,,1.0,4844.6887,,
2005-05-23,,,,,,,,,,,,,,,,,,,,3.01,,,,,,,1.0,,,
2005-05-24,0.42,1.1,4.07,3.65,4.38,1.65,2.42,2.5,,,,,-0.567,-0.5051,,,,,,3.01,48.68,47.28,,,,,1.0,,,
2005-05-25,0.43,1.1,4.04,3.61,4.35,1.62,2.42,2.48,,,,,,,,,,,,2.99,49.14,47.29,,,,,1.0,,,
2005-05-26,0.47,1.13,4.08,3.61,4.4,1.66,2.42,2.5,,,,,,,,,,,,3.01,50.37,49.24,,,,,1.0,,,
2005-05-27,0.44,1.14,4.08,3.64,4.45,1.69,2.39,2.47,,,,,,,,,,,,3.01,50.89,49.71,,,,,1.0,,,
2005-05-28,0.44,1.11,4.08,3.64,4.45,1.67,2.41,2.5,,,,,,,,,,,,3.01,51.65,49.42,,,,,1.0,,,
2005-05-29,,,,,,,,,,,810160.0,13263.0,,,,,,,,3.01,,,,,,,1.0,4867.6821,,
2005-05-30,,,,,,,,,,,,,,,,,,,,3.01,,,,,,,1.0,,,
2005-05-31,,,,,,,,,,,,,-0.567,-0.7907,,,,,6480.6,3.01,,49.33,3241.9,6.473809523809524,0.38,,1.0,,,
2005-06-01,0.4,1.01,4.0,3.6,4.36,1.63,2.37,2.47,,,,,,,,,,,,3.09,52.08,49.3,,,,,1.0,,,
2005-06-02,0.41,0.94,3.91,3.5,4.27,1.54,2.37,2.44,,,,,,,,,,,,3.02,54.4,50.46,,,,,1.0,,,
2005-06-03,0.37,0.92,3.89,3.52,4.2,1.55,2.34,2.42,,,,,,,,,,,,3.0,53.46,51.3,,,,,1.0,,,
2005-06-04,0.41,0.97,3.98,3.57,4.26,1.61,2.37,2.42,,,,,,,,,,,,2.99,55.08,51.9,,,,,1.0,,,
2005-06-05,,,,,,,,,,,817335.0,12840.0,,,,,,,,2.99,,,,,,,1.0,4873.9794,,
2005-06-06,,,,,,,,,,,,,,,,,,,,2.99,,,,,,,1.0,,,
2005-06-07,0.37,0.94,3.96,3.59,4.23,1.6,2.36,2.43,,,,,-0.568,-0.693,,,,,,3.0,54.46,52.61,,,,,1.0,,,
2005-06-08,0.35,0.9,3.92,3.57,4.18,1.6,2.32,2.39,,,,,,,,5.0,,,,2.96,53.84,51.62,,,,,1.0,,,
2005-06-09,0.35,0.93,3.95,3.6,4.24,1.63,2.32,2.39,,,,,,,,,,,,2.96,52.51,51.92,,,,,1.0,,,
2005-06-10,0.34,0.99,3.98,3.64,4.23,1.64,2.34,2.39,,,,,,,,,,,,3.01,54.36,51.36,,,,,1.0,,,
2005-06-11,0.34,1.04,4.05,3.71,4.3,1.74,2.31,2.37,,,,,,,,,,,,3.01,53.55,51.98,,,,,1.0,,,
2005-06-12,,,,,,,,,,,814172.0,10552.0,,,,,,,,3.01,,,,,,,1.0,4880.9565,,
2005-06-13,,,,,,,,,,,,,,,,,,,,3.01,,,,,,,1.0,,,
2005-06-14,0.38,1.06,4.09,3.71,4.39,1.76,2.33,2.38,,,,,-0.569,-0.6865,,,,,,3.04,55.47,52.0,,,,,1.0,,,
2005-06-15,0.42,1.12,4.13,3.71,4.41,1.79,2.34,2.39,,,,,,,,,,96.0,,3.01,55.03,53.52,,,,,1.0,,,
2005-06-16,0.4,1.12,4.12,3.72,4.44,1.79,2.33,2.38,,,,,,,193.7,,,,,3.05,55.53,54.12,,,,,1.0,,,
2005-06-17,0.39,1.11,4.09,3.7,4.36,1.75,2.34,2.39,,,,,,,,,97.1753,,,3.0,56.48,54.3,,,,,1.0,,,
2005-06-18,0.37,1.1,4.09,3.72,4.35,1.72,2.37,2.43,,,,,,,,,,,,2.99,58.4,56.92,,,,,1.0,,,
2005-06-19,,,,,,,,,,,811198.0,10240.0,,,,,,,,2.99,,,,,,,1.0,4897.7226,,
2005-06-20,,,,,,,,,,,,,,,,,,,,2.99,,,,,,,1.0,,,
2005-06-21,0.39,1.09,4.11,3.72,4.34,1.74,2.37,2.42,,,,,-0.57,-0.7833,,,,,,3.01,59.19,57.1,,,,,1.0,,,
2005-06-22,0.35,1.04,4.06,3.71,4.32,1.72,2.34,2.4,,,,,,,,,,,,2.96,58.9,57.36,,,,,1.0,,,
2005-06-23,0.33,0.92,3.95,3.62,4.23,1.68,2.27,2.32,,,,,,,,,,,,2.93,58.27,56.06,,,,,1.0,,,
2005-06-24,0.33,0.89,3.96,3.63,4.27,1.68,2.28,2.34,,,,,,,,,,,,3.05,59.23,57.03,,,,,1.0,,,
2005-06-25,0.33,0.83,3.92,3.59,4.23,1.65,2.27,2.32,,,,,,,,,,,,3.07,59.63,57.21,,,,,1.0,,,
2005-06-26,,,,,,,,,,,810429.0,11521.0,,,,,,,,3.07,,,,,,,1.0,4913.7606,,
2005-06-27,,,,,,,,,,,,,,,,,,,,3.07,,,,,,,1.0,,,
2005-06-28,0.3,0.75,3.9,3.6,4.25,1.62,2.28,2.35,,,,,-0.572,-0.6688,,,,,,3.17,59.78,58.5,,,,,1.0,,,
2005-06-29,0.32,0.83,3.97,3.65,4.22,1.67,2.3,2.36,,,,,,,,,,,,3.17,58.32,57.75,,,,,1.0,,,
2005-06-30,0.34,0.86,3.99,3.65,4.24,1.69,2.3,2.35,,,,,,,,,,,,3.2,57.23,55.42,,,,-24.1,1.0,,60.64153,89.18058623228418
2005-07-01,0.28,0.81,3.94,3.66,4.19,1.67,2.27,2.31,,,,,,,,,,,6513.2,3.35,56.63,55.36,3529.727272727273,7.184545454545455,0.48,,1.0,,,
2005-07-02,0.3,0.89,4.06,3.76,4.28,1.75,2.31,2.34,,,,,,,,,,,,3.36,59.11,56.41,,,,,1.0,,,
2005-07-03,,,,,,,,,,,810082.0,10799.0,,,,,,,,3.36,,,,,,,1.0,4912.6557,,
2005-07-04,,,,,,,,,,,,,,,,,,,,3.36,,,,,,,1.0,,,
2005-07-05,,,,,,,,,,,,,-0.574,-0.785,,,,,,3.36,,57.13,,,,,1.0,,,
2005-07-06,0.32,0.89,4.11,3.79,4.34,1.8,2.31,2.35,,,,,,,,,,,,3.27,59.71,57.86,,,,,1.0,,,
2005-07-07,0.31,0.89,4.08,3.77,4.31,1.78,2.3,2.34,,,,,,,,,,,,2.99,61.24,58.38,,,,,1.0,,,
2005-07-08,0.34,0.9,4.05,3.71,4.28,1.77,2.28,2.33,,,,,,,,5.0,,,,3.18,60.76,57.55,,,,,1.0,,,
2005-07-09,0.33,0.94,4.11,3.78,4.33,1.83,2.28,2.33,,,,,,,,,,,,3.22,59.71,59.0,,,,,1.0,,,
2005-07-10,,,,,,,,,,,821556.0,11413.0,,,,,,,,3.22,,,,,,,1.0,4936.733,,
2005-07-11,,,,,,,,,,,,,,,,,,,,3.22,,,,,,,1.0,,,
2005-07-12,0.3,0.92,4.11,3.81,4.3,1.81,2.3,2.36,,,,,-0.575,-0.7248,,,,,,3.23,59.23,56.1,,,,,1.0,,,
2005-07-13,0.33,0.94,4.15,3.82,4.36,1.83,2.32,2.37,,,,,,,,,,,,3.23,60.49,58.95,,,,,1.0,,,
2005-07-14,0.33,0.95,4.17,3.84,4.38,1.87,2.3,2.35,,,,,,,,,,,,3.27,60.0,58.33,,,,,1.0,,,
2005-07-15,0.33,0.96,4.19,3.86,4.4,1.94,2.25,2.27,,,,,,,,,,96.5,,3.32,57.83,56.79,,,,,1.0,,,
2005-07-16,0.32,0.92,4.18,3.86,4.39,1.95,2.23,2.23,,,,,,,194.9,,,,,3.32,58.36,56.98,,,,,1.0,,,
2005-07-17,,,,,,,,,,,808861.0,7415.0,,,,,96.8676,,,3.32,,,,,,,1.0,4953.0763,,
2005-07-18,,,,,,,,,,,,,,,,,,,,3.32,,,,,,,1.0,,,
2005-07-19,0.33,0.92,4.22,3.89,4.44,1.98,2.24,2.22,,,,,-0.579,-0.8906,,,,,,3.19,57.12,56.25,,,,,1.0,,,
2005-07-20,0.32,0.89,4.2,3.88,4.41,1.92,2.28,2.25,,,,,,,,,,,,3.13,57.61,56.75,,,,,1.0,,,
2005-07-21,0.27,0.87,4.17,3.9,4.37,1.9,2.27,2.27,,,,,,,,,,,,3.25,56.73,56.39,,,,,1.0,,,
2005-07-22,0.32,0.93,4.28,3.96,4.48,1.95,2.33,2.32,,,,,,,,,,,,3.27,57.31,55.59,,,,,1.0,,,
2005-07-23,0.31,0.85,4.23,3.92,4.39,1.89,2.34,2.32,,,,,,,,,,,,3.25,57.75,56.98,,,,,1.0,,,
2005-07-24,,,,,,,,,,,816804.0,12934.0,,,,,,,,3.25,,,,,,,1.0,4985.5679,,
2005-07-25,,,,,,,,,,,,,,,,,,,,3.25,,,,,,,1.0,,,
2005-07-26,0.3,0.81,4.25,3.95,4.44,1.94,2.31,2.3,,,,,-0.581,-0.8376,,,,,,3.28,58.16,57.51,,,,,1.0,,,
2005-07-27,0.29,0.81,4.24,3.95,4.44,1.92,2.32,2.3,,,,,,,,,,,,3.25,59.05,58.58,,,,,1.0,,,
2005-07-28,0.28,0.87,4.27,3.99,4.42,1.92,2.35,2.31,,,,,,,,,,,,3.27,59.12,58.34,,,,,1.0,,,
2005-07-29,0.24,0.79,4.2,3.96,4.38,1.86,2.34,2.31,,,,,,,,,,,,3.27,59.91,58.28,,,,,1.0,,,
2005-07-30,0.26,0.86,4.28,4.02,4.42,1.92,2.36,2.32,,,,,,,,,,,,3.31,60.71,59.77,,,,,1.0,,,
2005-07-31,,,,,,,,,,,814259.0,10617.0,,,,,,,6545.1,3.31,,,3608.47619047619,7.6165,0.94,,1.0,5001.8996,,
2005-08-01,,,,,,,,,,,,,,,,,,,,3.31,,,,,,,1.0,,,
2005-08-02,0.28,0.84,4.32,4.04,4.46,1.95,2.37,2.37,,,,,-0.582,-0.9263,,,,,,3.3,61.51,60.56,,,,,1.0,,,
2005-08-03,0.28,0.85,4.34,4.06,4.52,1.99,2.35,2.37,,,,,,,,,,,,3.2,61.87,60.13,,,,,1.0,,,
2005-08-04,0.28,0.84,4.3,4.02,4.48,1.93,2.37,2.38,,,,,,,,,,,,3.35,60.76,60.04,,,,,1.0,,,
2005-08-05,0.28,0.85,4.32,4.04,4.5,1.94,2.38,2.38,,,,,,,,,,,,3.44,61.6,60.62,,,,,1.0,,,
2005-08-06,0.29,0.88,4.4,4.11,4.56,2.0,2.4,2.41,,,,,,,,,,,,3.49,62.44,60.73,,,,,1.0,,,
2005-08-07,,,,,,,,,,,818841.0,16201.0,,,,,,,,3.49,,,,,,,1.0,5012.8759,,
2005-08-08,,,,,,,,,,,,,,,,4.9,,,,3.49,,,,,,,1.0,,,
2005-08-09,0.26,0.88,4.42,4.16,4.58,2.02,2.4,2.43,,,,,-0.581,-0.9113,,,,,,3.5,63.92,62.56,,,,,1.0,,,
2005-08-10,0.28,0.89,4.41,4.13,4.56,2.02,2.39,2.39,,,,,,,,,,,,3.47,63.13,62.79,,,,,1.0,,,
2005-08-11,0.27,0.89,4.4,4.13,4.56,2.01,2.39,2.39,,,,,,,,,,,,3.48,64.8,63.77,,,,,1.0,,,
2005-08-12,0.22,0.81,4.32,4.1,4.51,1.97,2.35,2.38,,,,,,,,,,,,3.51,65.67,65.9,,,,,1.0,,,
2005-08-13,0.19,0.72,4.24,4.05,4.42,1.91,2.33,2.38,,,,,,,,,,,,3.55,66.71,67.26,,,,,1.0,,,
2005-08-14,,,,,,,,,,,808544.0,9125.0,,,,,,,,3.55,,,,,,,1.0,5023.4152,,
2005-08-15,,,,,,,,,,,,,,,,,,89.1,,3.55,,,,,,,1.0,,,
2005-08-16,0.19,0.73,4.27,4.08,4.45,1.92,2.35,2.41,,,,,-0.578,-0.8788,196.1,,,,,3.61,66.21,66.68,,,,,1.0,,,
2005-08-17,0.2,0.69,4.23,4.03,4.41,1.87,2.36,2.42,,,,,,,,,97.1833,,,3.46,66.11,65.1,,,,,1.0,,,
2005-08-18,0.21,0.76,4.28,4.07,4.49,1.91,2.37,2.42,,,,,,,,,,,,3.57,63.29,63.41,,,,,1.0,,,
2005-08-19,0.2,0.71,4.21,4.01,4.4,1.86,2.35,2.4,,,,,,,,,,,,3.5,63.47,61.75,,,,,1.0,,,
2005-08-20,0.18,0.69,4.21,4.03,4.4,1.85,2.36,2.42,,,,,,,,,,,,3.54,65.51,64.21,,,,,1.0,,,
2005-08-21,,,,,,,,,,,813774.0,9469.0,,,,,,,,3.54,,,,,,,1.0,5039.6977,,
2005-08-22,,,,,,,,,,,,,,,,,,,,3.54,,,,,,,1.0,,,
2005-08-23,0.19,0.69,4.22,4.03,4.4,1.86,2.36,2.41,,,,,-0.573,-0.8027,,,,,,3.51,65.46,65.87,,,,,1.0,,,
2005-08-24,0.19,0.67,4.2,4.01,4.39,1.85,2.35,2.42,,,,,,,,,,,,3.49,65.81,65.16,,,,,1.0,,,
2005-08-25,0.2,0.66,4.19,3.99,4.38,1.83,2.36,2.42,,,,,,,,,,,,3.5,67.1,65.25,,,,,1.0,,,
2005-08-26,0.18,0.64,4.18,4.0,4.37,1.8,2.38,2.44,,,,,,,,,,,,3.55,67.29,65.88,,,,,1.0,,,
2005-08-27,0.14,0.65,4.2,4.06,4.38,1.81,2.39,2.44,,,,,,,,,,,,3.54,66.05,66.23,,,,,1.0,,,
2005-08-28,,,,,,,,,,,811313.0,9474.0,,,,,,,,3.54,,,,,,,1.0,5054.3008,,
2005-08-29,,,,,,,,,,,,,,,,,,,,3.54,,,,,,,1.0,,,
2005-08-30,0.14,0.66,4.2,4.06,4.37,1.79,2.41,2.45,,,,,-0.566,-0.8101,,,,,,3.54,67.41,64.77,,,,,1.0,,,
2005-08-31,0.19,0.62,4.16,3.97,4.34,1.71,2.45,2.51,,,,,,,,,,,6576.7,3.52,69.91,66.15,3791.909090909091,9.524782608695652,2.74,,1.0,,,
2005-09-01,0.18,0.5,4.02,3.84,4.23,1.65,2.37,2.44,,,,,,,,,,,,3.63,68.63,66.8,,,,,1.0,,,
2005-09-02,0.3,0.54,4.02,3.72,4.28,1.61,2.41,2.47,,,,,,,,,,,,3.57,69.5,66.79,,,,,1.0,,,
2005-09-03,0.28,0.57,4.03,3.75,4.26,1.59,2.44,2.53,,,,,,,,,,,,3.49,66.91,65.95,,,,,1.0,,,
2005-09-04,,,,,,,,,,,823237.0,15024.0,,,,,,,,3.49,,,,,,,1.0,5051.4534,,
2005-09-05,,,,,,,,,,,,,,,,,,,,3.49,,,,,,,1.0,,,
2005-09-06,,,,,,,,,,,,,-0.557,-0.6376,,,,,,3.49,,64.16,,,,,1.0,,,
2005-09-07,0.29,0.57,4.09,3.8,4.36,1.65,2.44,2.49,,,,,,,,,,,,3.57,65.83,64.16,,,,,1.0,,,
2005-09-08,0.28,0.66,4.15,3.87,4.43,1.69,2.46,2.5,,,,,,,,5.0,,,,3.48,64.38,63.6,,,,,1.0,,,
2005-09-09,0.28,0.67,4.15,3.87,4.43,1.68,2.47,2.56,,,,,,,,,,,,3.49,64.8,61.66,,,,,1.0,,,
2005-09-10,0.26,0.65,4.14,3.88,4.36,1.64,2.5,2.62,,,,,,,,,,,,3.49,64.21,62.62,,,,,1.0,,,
2005-09-11,,,,,,,,,,,822500.0,9646.0,,,,,,,,3.49,,,,,,,1.0,5056.5284,,
2005-09-12,,,,,,,,,,,,,,,,,,,,3.49,,,,,,,1.0,,,
2005-09-13,0.26,0.67,4.18,3.92,4.45,1.69,2.49,2.61,,,,,-0.549,-0.8294,,,,,,3.5,63.29,60.69,,,,,1.0,,,
2005-09-14,0.26,0.67,4.14,3.88,4.38,1.67,2.47,2.59,,,,,,,,,,,,3.45,63.18,61.31,,,,,1.0,,,
2005-09-15,0.27,0.75,4.17,3.9,4.41,1.68,2.49,2.6,,,,,,,,,,76.9,,3.54,65.2,61.7,,,,,1.0,,,
2005-09-16,0.32,0.77,4.22,3.9,4.51,1.71,2.51,2.62,,,,,,,198.8,,,,,3.67,64.64,61.9,,,,,1.0,,,
2005-09-17,0.29,0.76,4.26,3.97,4.56,1.73,2.53,2.65,,,,,,,,,95.3005,,,3.62,62.91,60.48,,,,,1.0,,,
2005-09-18,,,,,,,,,,,823590.0,10800.0,,,,,,,,3.62,,,,,,,1.0,5068.5059,,
2005-09-19,,,,,,,,,,,,,,,,,,,,3.62,,,,,,,1.0,,,
2005-09-20,0.32,0.67,4.25,3.93,4.55,1.7,2.55,2.67,,,,,-0.541,-0.8362,,,,,,3.62,67.21,64.04,,,,,1.0,,,
2005-09-21,0.26,0.65,4.26,4.0,4.49,1.74,2.52,2.63,,,,,,,,,,,,3.67,66.24,62.98,,,,,1.0,,,
2005-09-22,0.23,0.78,4.19,3.96,4.47,1.68,2.51,2.65,,,,,,,,,,,,3.72,66.96,64.31,,,,,1.0,,,
2005-09-23,0.24,0.72,4.19,3.95,4.47,1.67,2.52,2.63,,,,,,,,,,,,3.77,67.07,64.64,,,,,1.0,,,
2005-09-24,0.23,0.77,4.25,4.02,4.47,1.74,2.51,2.64,,,,,,,,,,,,3.76,64.67,62.17,,,,,1.0,,,
2005-09-25,,,,,,,,,,,812926.0,12817.0,,,,,,,,3.76,,,,,,,1.0,5087.2767,,
2005-09-26,,,,,,,,,,,,,,,,,,,,3.76,,,,,,,1.0,,,
2005-09-27,0.23,0.78,4.3,4.07,4.56,1.78,2.52,2.63,,,,,-0.535,-0.7793,,,,,,3.83,65.98,61.73,,,,,1.0,,,
2005-09-28,0.22,0.81,4.3,4.08,4.56,1.77,2.53,2.66,,,,,,,,,,,,3.73,64.94,62.56,,,,,1.0,,,
2005-09-29,0.17,0.8,4.26,4.09,4.46,1.73,2.53,2.67,,,,,,,,,,,,3.76,66.36,62.81,,,,-16.7,1.0,,60.35856,91.88490091416652
2005-09-30,0.16,0.75,4.29,4.13,4.5,1.75,2.54,2.69,,,,,,,,,,,,3.82,66.83,62.02,,,,,1.0,,,
2005-10-01,0.16,0.79,4.34,4.18,4.53,1.78,2.56,2.72,,,,,,,,,,,6610.2,3.93,66.21,61.7,3850.659090909091,12.5315380952381,12.16,,1.0,,,
2005-10-02,,,,,,,,,,,823771.0,14074.0,,,,,,,,3.93,,,,,,,1.0,5093.5026,,
2005-10-03,,,,,,,,,,,,,,,,,,,,3.93,,,,,,,1.0,,,
2005-10-04,0.18,0.78,4.39,4.21,4.58,1.84,2.55,2.71,,,,,-0.532,-0.8403,,,,,,3.87,65.36,61.64,,,,,1.0,,,
2005-10-05,0.16,0.75,4.38,4.22,4.61,1.87,2.51,2.68,,,,,,,,,,,,3.75,63.74,59.17,,,,,1.0,,,
2005-10-06,0.15,0.78,4.36,4.21,4.54,1.86,2.5,2.66,,,,,,,,,,,,3.75,62.56,59.33,,,,,1.0,,,
2005-10-07,0.17,0.76,4.37,4.2,4.55,1.91,2.46,2.59,,,,,,,,,,,,3.76,61.81,57.2,,,,,1.0,,,
2005-10-08,0.17,0.72,4.35,4.18,4.53,1.9,2.45,2.59,,,,,,,,5.0,,,,3.73,61.81,57.29,,,,,1.0,,,
2005-10-09,,,,,,,,,,,817137.0,11300.0,,,,,,,,3.73,,,,,,,1.0,5096.1093,,
2005-10-10,,,,,,,,,,,,,,,,,,,,3.73,,,,,,,1.0,,,
2005-10-11,,,,,,,,,,,,,-0.533,-0.7025,,,,,,3.73,60.71,57.01,,,,,1.0,,,
2005-10-12,0.17,0.66,4.39,4.22,4.56,1.92,2.47,2.6,,,,,,,,,,,,3.72,63.84,58.1,,,,,1.0,,,
2005-10-13,0.21,0.75,4.45,4.24,4.62,1.96,2.49,2.61,,,,,,,,,,,,3.36,64.13,59.91,,,,,1.0,,,
2005-10-14,0.24,0.73,4.48,4.24,4.66,1.96,2.52,2.59,,,,,,,,,,,,3.75,63.05,59.48,,,,,1.0,,,
2005-10-15,0.21,0.7,4.48,4.27,4.67,1.98,2.5,2.63,,,,,,,,,,74.2,,3.77,62.61,58.45,,,,,1.0,,,
2005-10-16,,,,,,,,,,,826306.0,8504.0,,,199.1,,,,,3.77,,,,,,,1.0,5098.8922,,
2005-10-17,,,,,,,,,,,,,,,,,96.4572,,,3.77,,,,,,,1.0,,,
2005-10-18,0.21,0.64,4.5,4.29,4.68,1.94,2.56,2.68,,,,,-0.537,-0.5682,,,,,,3.82,64.26,59.81,,,,,1.0,,,
2005-10-19,0.22,0.64,4.49,4.27,4.64,1.92,2.57,2.68,,,,,,,,,,,,3.71,62.94,58.85,,,,,1.0,,,
2005-10-20,0.22,0.61,4.47,4.25,4.66,1.92,2.55,2.66,,,,,,,,,,,,3.71,62.11,58.13,,,,,1.0,,,
2005-10-21,0.19,0.61,4.46,4.27,4.62,1.92,2.54,2.65,,,,,,,,,,,,3.77,61.04,57.04,,,,,1.0,,,
2005-10-22,0.17,0.52,4.39,4.22,4.58,1.89,2.5,2.6,,,,,,,,,,,,3.76,61.05,56.94,,,,,1.0,,,
2005-10-23,,,,,,,,,,,814281.0,11060.0,,,,,,,,3.76,,,,,,,1.0,5111.8929,,
2005-10-24,,,,,,,,,,,,,,,,,,,,3.76,,,,,,,1.0,,,
2005-10-25,0.2,0.53,4.45,4.25,4.63,1.93,2.52,2.61,,,,,-0.543,-0.826,,,,,,3.76,60.63,57.64,,,,,1.0,,,
2005-10-26,0.2,0.61,4.54,4.34,4.7,2.05,2.49,2.6,,,,,,,,,,,,3.74,62.83,58.72,,,,,1.0,,,
2005-10-27,0.22,0.7,4.6,4.38,4.77,2.06,2.54,2.62,,,,,,,,,,,,3.75,60.85,58.56,,,,,1.0,,,
2005-10-28,0.21,0.69,4.57,4.36,4.74,2.01,2.56,2.62,,,,,,,,,,,,3.85,61.03,58.1,,,,,1.0,,,
2005-10-29,0.18,0.65,4.58,4.4,4.74,2.01,2.57,2.64,,,,,,,,,,,,3.9,61.3,59.47,,,,,1.0,,,
2005-10-30,,,,,,,,,,,819105.0,10202.0,,,,,,,,3.9,,,,,,,1.0,5123.2434,,
2005-10-31,,,,,,,,,,,,,,,,,,,6644.0,3.9,,,4056.166666666667,13.63380952380952,0.36,,1.0,,,
2005-11-01,0.17,0.59,4.57,4.4,4.73,2.0,2.57,2.64,,,,,-0.549,-0.864,,,,,,4.02,59.8,58.47,,,,,1.0,,,
2005-11-02,0.16,0.62,4.58,4.42,4.74,2.0,2.58,2.63,,,,,,,,,,,,3.99,59.85,56.69,,,,,1.0,,,
2005-11-03,0.18,0.67,4.61,4.43,4.74,2.02,2.59,2.63,,,,,,,,,,,,3.99,59.75,58.53,,,,,1.0,,,
2005-11-04,0.18,0.71,4.65,4.47,4.79,2.03,2.62,2.64,,,,,,,,,,,,4.01,61.7,59.55,,,,,1.0,,,
2005-11-05,0.19,0.68,4.66,4.47,4.84,2.06,2.6,2.66,,,,,,,,,,,,4.0,60.6,60.48,,,,,1.0,,,
2005-11-06,,,,,,,,,,,814571.0,12248.0,,,,,,,,4.0,,,,,,,1.0,5131.9,,
2005-11-07,,,,,,,,,,,,,,,,,,,,4.0,,,,,,,1.0,,,
2005-11-08,0.18,0.69,4.65,4.47,4.82,2.03,2.62,2.64,,,,,-0.553,-0.8994,,5.0,,,,3.99,59.4,58.19,,,,,1.0,,,
2005-11-09,0.14,0.61,4.57,4.43,4.75,2.01,2.56,2.59,,,,,,,,,,,,3.95,59.7,57.89,,,,,1.0,,,
2005-11-10,0.15,0.65,4.64,4.49,4.78,2.08,2.56,2.56,,,,,,,,,,,,4.02,59.65,57.71,,,,,1.0,,,
2005-11-11,0.11,0.58,4.55,4.44,4.74,2.07,2.48,2.47,,,,,,,,,,,,3.98,57.8,55.85,,,,,1.0,,,
2005-11-12,,,,,,,,,,,,,,,,,,,,3.98,57.45,54.3,,,,,1.0,,,
2005-11-13,,,,,,,,,,,824991.0,7813.0,,,,,,,,3.98,,,,,,,1.0,5141.5846,,
2005-11-14,,,,,,,,,,,,,,,,,,,,3.98,,,,,,,1.0,,,
2005-11-15,0.11,0.59,4.61,4.5,4.75,2.14,2.47,2.44,,,,,-0.554,-0.83,,,,81.6,,4.03,57.6,54.1,,,,,1.0,,,
2005-11-16,0.09,0.55,4.56,4.47,4.7,2.12,2.44,2.43,,,,,,,198.1,,,,,3.97,57.05,54.45,,,,,1.0,,,
2005-11-17,0.07,0.49,4.49,4.42,4.63,2.07,2.42,2.4,,,,,,,,,97.5414,,,3.96,57.85,53.68,,,,,1.0,,,
2005-11-18,0.09,0.45,4.46,4.37,4.6,2.04,2.42,2.39,,,,,,,,,,,,3.98,56.2,53.8,,,,,1.0,,,
2005-11-19,0.1,0.49,4.5,4.4,4.68,2.09,2.41,2.38,,,,,,,,,,,,4.0,56.3,52.84,,,,,1.0,,,
2005-11-20,,,,,,,,,,,823263.0,11885.0,,,,,,,,4.0,,,,,,,1.0,5159.2486,,
2005-11-21,,,,,,,,,,,,,,,,,,,,4.0,,,,,,,1.0,,,
2005-11-22,0.07,0.46,4.46,4.39,4.62,2.08,2.38,2.4,,,,,-0.551,-0.7197,,,,,,4.03,57.75,53.36,,,,,1.0,,,
2005-11-23,0.11,0.5,4.43,4.32,4.65,2.03,2.4,2.41,,,,,,,,,,,,3.99,58.3,54.21,,,,,1.0,,,
2005-11-24,0.11,0.52,4.47,4.36,4.7,2.08,2.39,2.41,,,,,,,,,,,,4.01,58.35,53.73,,,,,1.0,,,
2005-11-25,,,,,,,,,,,,,,,,,,,,4.01,,53.41,,,,,1.0,,,
2005-11-26,0.1,0.48,4.43,4.33,4.66,2.05,2.38,2.4,,,,,,,,,,,,4.03,,53.15,,,,,1.0,,,
2005-11-27,,,,,,,,,,,833124.0,8337.0,,,,,,,,4.03,,,,,,,1.0,5178.3786,,
2005-11-28,,,,,,,,,,,,,,,,,,,,4.03,,,,,,,1.0,,,
2005-11-29,0.08,0.43,4.41,4.33,4.58,2.04,2.37,2.38,,,,,-0.546,-0.7699,,,,,,4.01,57.36,52.91,,,,,1.0,,,
2005-11-30,0.08,0.5,4.48,4.4,4.65,2.11,2.37,2.37,,,,,,,,,,,,3.99,56.46,53.24,,,,,1.0,,,
2005-12-01,0.07,0.54,4.49,4.42,4.66,2.12,2.37,2.35,,,,,,,,,,,6660.6,4.03,57.33,53.25,4278.159090909091,10.3005,0.24,,1.0,,,
2005-12-02,0.07,0.55,4.52,4.45,4.68,2.15,2.37,2.37,,,,,,,,,,,,4.03,58.46,53.65,,,,,1.0,,,
2005-12-03,0.09,0.53,4.52,4.43,4.68,2.16,2.36,2.36,,,,,,,,,,,,4.0,59.31,54.91,,,,,1.0,,,
2005-12-04,,,,,,,,,,,835059.0,10027.0,,,,,,,,4.0,,,,,,,1.0,5160.6179,,
2005-12-05,,,,,,,,,,,,,,,,,,,,4.0,,,,,,,1.0,,,
2005-12-06,0.1,0.53,4.57,4.47,4.72,2.17,2.4,2.41,,,,,-0.539,-0.7099,,,,,,4.02,59.91,56.05,,,,,1.0,,,
2005-12-07,0.07,0.45,4.49,4.42,4.68,2.12,2.37,2.36,,,,,,,,,,,,3.97,59.96,55.68,,,,,1.25,,,
2005-12-08,0.1,0.49,4.52,4.42,4.67,2.18,2.34,2.31,,,,,,,,4.9,,,,3.98,59.21,55.17,,,,,1.25,,,
2005-12-09,0.1,0.53,4.47,4.37,4.62,2.14,2.33,2.28,,,,,,,,,,,,4.09,60.66,56.26,,,,,1.25,,,
2005-12-10,0.11,0.6,4.54,4.43,4.72,2.18,2.36,2.31,,,,,,,,,,,,4.16,59.41,57.18,,,,,1.25,,,
2005-12-11,,,,,,,,,,,833250.0,10698.0,,,,,,,,4.16,,,,,,,1.25,5193.3951,,
2005-12-12,,,,,,,,,,,,,,,,,,,,4.16,,,,,,,1.25,,,
2005-12-13,0.11,0.66,4.56,4.45,4.69,2.17,2.39,2.34,,,,,-0.531,-0.7027,,,,,,4.24,61.36,57.23,,,,,1.25,,,
2005-12-14,0.11,0.63,4.54,4.43,4.68,2.16,2.38,2.34,,,,,,,,,,,,4.23,61.36,59.16,,,,,1.25,,,
2005-12-15,0.08,0.56,4.45,4.37,4.63,2.1,2.35,2.32,,,,,,,,,,91.5,,4.26,60.86,59.59,,,,,1.25,,,
2005-12-16,0.1,0.54,4.47,4.37,4.62,2.12,2.35,2.32,,,,,,,198.1,,,,,4.29,60.01,59.67,,,,,1.25,,,
2005-12-17,0.08,0.52,4.45,4.37,4.63,2.11,2.34,2.28,,,,,,,,,98.0452,,,4.25,58.01,58.11,,,,,1.25,,,
2005-12-18,,,,,,,,,,,830950.0,9663.0,,,,,,,,4.25,,,,,,,1.25,5208.6716,,
2005-12-19,,,,,,,,,,,,,,,,,,,,4.25,,,,,,,1.25,,,
2005-12-20,0.07,0.49,4.45,4.38,4.62,2.11,2.34,2.28,,,,,-0.526,-0.7211,,,,,,4.25,57.31,56.09,,,,,1.25,,,
2005-12-21,0.05,0.52,4.47,4.42,4.63,2.12,2.35,2.3,,,,,,,,,,,,4.3,57.81,56.08,,,,,1.25,,,
2005-12-22,0.06,0.51,4.49,4.43,4.65,2.14,2.35,2.29,,,,,,,,,,,,4.08,58.56,56.05,,,,,1.25,,,
2005-12-23,0.04,0.46,4.44,4.4,4.59,2.11,2.33,2.28,,,,,,,,,,,,4.25,58.08,57.3,,,,,1.25,,,
2005-12-24,0.01,0.39,4.38,4.37,4.52,2.07,2.31,2.26,,,,,,,,,,,,4.21,58.08,56.28,,,,,1.25,,,
2005-12-25,,,,,,,,,,,848317.0,9007.0,,,,,,,,4.21,,,,,,,1.25,5212.8298,,
2005-12-26,,,,,,,,,,,,,,,,,,,,4.21,,,,,,,1.25,,,
2005-12-27,,,,,,,,,,,,,-0.525,-0.6853,,,,,,4.21,,56.54,,,,,1.25,,,
2005-12-28,-0.01,0.36,4.34,4.35,4.48,2.05,2.29,2.25,,,,,,,,,,,,4.26,58.16,,,,,,1.25,,,
2005-12-29,0.01,0.43,4.38,4.37,4.51,2.1,2.28,2.23,,,,,,,,,,,,4.19,59.81,56.91,,,,,1.25,,,
2005-12-30,-0.01,0.36,4.37,4.38,4.49,2.07,2.3,2.26,,,,,,,,,,,,4.18,60.26,57.72,,,,-8.8,1.25,,61.32008,94.17585434689244
2005-12-31,-0.02,0.31,4.39,4.41,4.51,2.06,2.33,2.3,,,,,,,,,,,6687.4,4.09,61.06,58.34,4577.025,13.04904761904762,0.34,,1.25,,,
2006-01-01,,,,,,,,,,,847700.0,9052.0,,,,,,,,4.09,,,,,,,1.25,5235.3783,,
2006-01-02,,,,,,,,,,,,,,,,,,,,4.09,,,,,,,1.25,,,
2006-01-03,,,,,,,,,,,,,-0.527,-0.6437,,,,,,4.09,,,,,,,1.25,,,
2006-01-04,0.03,0.21,4.37,4.34,4.52,2.03,2.34,2.3,,,,,,,,,,,,4.34,63.11,61.51,,,,,1.25,,,
2006-01-05,0.05,0.17,4.36,4.31,4.55,2.01,2.35,2.31,,,,,,,,,,,,4.22,63.41,61.25,,,,,1.25,,,
2006-01-06,0.04,0.16,4.36,4.32,4.51,2.04,2.32,2.28,,,,,,,,,,,,4.24,62.81,61.68,,,,,1.25,,,
2006-01-07,0.02,0.16,4.38,4.36,4.53,2.05,2.33,2.33,,,,,,,,,,,,4.22,64.21,62.43,,,,,1.25,,,
2006-01-08,,,,,,,,,,,851856.0,12589.0,,,,4.7,,,,4.22,,,,,,,1.25,5230.5555,,
2006-01-09,,,,,,,,,,,,,,,,,,,,4.22,,,,,,,1.25,,,
2006-01-10,0.02,0.15,4.38,4.36,4.53,2.05,2.33,2.35,,,,,-0.534,-0.8405,,,,,,4.25,63.56,62.51,,,,,1.25,,,
2006-01-11,0.02,0.14,4.43,4.41,4.62,2.06,2.37,2.38,,,,,,,,,,,,4.24,63.41,62.32,,,,,1.25,,,
2006-01-12,0.02,0.16,4.46,4.44,4.61,2.07,2.39,2.39,,,,,,,,,,,,4.24,63.91,61.54,,,,,1.25,,,
2006-01-13,0.03,0.1,4.42,4.39,4.56,2.01,2.41,2.41,,,,,,,,,,,,4.28,63.96,62.95,,,,,1.25,,,
2006-01-14,0.02,0.03,4.36,4.34,4.49,1.97,2.39,2.38,,,,,,,,,,,,4.3,63.86,61.58,,,,,1.25,,,
2006-01-15,,,,,,,,,,,829357.0,7466.0,,,,,,91.2,,4.3,,,,,,,1.25,5235.2023,,
2006-01-16,,,,,,,,,,,,,,,199.3,,,,,4.3,,,,,,,1.25,,,
2006-01-17,,,,,,,,,,,,,-0.544,-0.9893,,,98.1999,,,4.3,,62.34,,,,,1.25,,,
2006-01-18,0.01,-0.04,4.34,4.33,4.52,1.95,2.39,2.4,,,,,,,,,,,,4.32,66.36,63.22,,,,,1.25,,,
2006-01-19,0.01,-0.01,4.34,4.33,4.53,1.97,2.37,2.4,,,,,,,,,,,,4.24,65.76,63.6,,,,,1.25,,,
2006-01-20,0.01,0.03,4.38,4.37,4.51,1.97,2.41,2.41,,,,,,,,,,,,4.23,66.86,63.64,,,,,1.25,,,
2006-01-21,0.0,0.02,4.37,4.37,4.54,1.94,2.43,2.47,,,,,,,,,,,,4.24,68.16,64.92,,,,,1.25,,,
2006-01-22,,,,,,,,,,,836042.0,10521.0,,,,,,,,4.24,,,,,,,1.25,5246.5937,,
2006-01-23,,,,,,,,,,,,,,,,,,,,4.24,,,,,,,1.25,,,
2006-01-24,0.01,-0.02,4.36,4.35,4.54,1.94,2.42,2.46,,,,,-0.556,-0.8223,,,,,,4.26,68.06,64.56,,,,,1.25,,,
2006-01-25,0.03,0.0,4.4,4.37,4.53,1.97,2.43,2.45,,,,,,,,,,,,4.28,66.83,63.82,,,,,1.25,,,
2006-01-26,0.03,0.07,4.49,4.46,4.62,2.03,2.46,2.43,,,,,,,,,,,,4.36,65.6,62.61,,,,,1.25,,,
2006-01-27,0.04,0.08,4.53,4.49,4.66,2.01,2.52,2.47,,,,,,,,,,,,4.37,65.8,62.93,,,,,1.25,,,
2006-01-28,0.01,0.07,4.52,4.51,4.7,2.02,2.5,2.52,,,,,,,,,,,,4.42,67.81,64.95,,,,,1.25,,,
2006-01-29,,,,,,,,,,,828901.0,9765.0,,,,,,,,4.42,,,,,,,1.25,5261.5887,,
2006-01-30,,,,,,,,,,,,,,,,,,,,4.42,,,,,,,1.25,,,
2006-01-31,0.02,0.06,4.54,4.52,4.67,2.03,2.51,2.54,,,,,-0.568,-0.9934,,,,,6728.4,4.48,68.36,65.14,4743.857142857143,8.685,0.34,,1.25,,,
2006-02-01,-0.01,0.06,4.53,4.54,4.69,2.0,2.53,2.58,,,,,,,,,,,,4.47,67.86,63.19,,,,,1.25,,,
2006-02-02,-0.02,0.1,4.57,4.59,4.69,2.02,2.55,2.57,,,,,,,,,,,,4.47,66.61,65.64,,,,,1.25,,,
2006-02-03,-0.02,0.09,4.57,4.59,4.68,2.04,2.53,2.55,,,,,,,,,,,,4.48,64.71,63.49,,,,,1.25,,,
2006-02-04,-0.05,0.06,4.54,4.59,4.64,2.0,2.54,2.57,,,,,,,,,,,,4.51,65.41,62.54,,,,,1.25,,,
2006-02-05,,,,,,,,,,,831808.0,13196.0,,,,,,,,4.51,,,,,,,1.25,5270.8909,,
2006-02-06,,,,,,,,,,,,,,,,,,,,4.51,,,,,,,1.25,,,
2006-02-07,-0.07,0.07,4.55,4.62,4.61,2.0,2.55,2.58,,,,,-0.579,-1.0532,,,,,,4.51,65.11,63.32,,,,,1.25,,,
2006-02-08,-0.04,0.08,4.57,4.61,4.64,2.02,2.55,2.57,,,,,,,,4.8,,,,4.47,63.01,61.64,,,,,1.25,,,
2006-02-09,-0.08,0.06,4.56,4.64,4.67,2.07,2.49,2.54,,,,,,,,,,,,4.48,62.51,60.82,,,,,1.25,,,
2006-02-10,-0.12,0.02,4.54,4.66,4.51,2.05,2.49,2.55,,,,,,,,,,,,4.52,62.66,60.7,,,,,1.25,,,
2006-02-11,-0.1,0.06,4.59,4.69,4.55,2.09,2.5,2.57,,,,,,,,,,,,4.51,62.01,59.66,,,,,1.25,,,
2006-02-12,,,,,,,,,,,827613.0,5749.0,,,,,,,,4.51,,,,,,,1.25,5268.0339,,
2006-02-13,,,,,,,,,,,,,,,,,,,,4.51,,,,,,,1.25,,,
2006-02-14,-0.1,0.03,4.58,4.68,4.56,2.08,2.5,2.55,,,,,-0.588,-0.9249,,,,,,4.44,61.26,59.16,,,,,1.25,,,
2006-02-15,-0.07,0.07,4.62,4.69,4.6,2.14,2.48,2.52,,,,,,,,,,86.7,,4.45,59.61,58.27,,,,,1.25,,,
2006-02-16,-0.1,0.06,4.61,4.71,4.58,2.13,2.48,2.52,,,,,,,199.4,,,,,4.5,57.61,57.67,,,,,1.25,,,
2006-02-17,-0.1,0.04,4.59,4.69,4.57,2.1,2.49,2.56,,,,,,,,,98.2413,,,4.48,58.61,56.78,,,,,1.25,,,
2006-02-18,-0.12,0.0,4.54,4.66,4.51,2.03,2.51,2.6,,,,,,,,,,,,4.48,59.76,58.34,,,,,1.25,,,
2006-02-19,,,,,,,,,,,835240.0,11260.0,,,,,,,,4.48,,,,,,,1.25,5282.985,,
2006-02-20,,,,,,,,,,,,,,,,,,,,4.48,,,,,,,1.25,,,
2006-02-21,,,,,,,,,,,,,-0.594,-1.025,,,,,,4.48,,60.05,,,,,1.25,,,
2006-02-22,-0.14,0.01,4.57,4.71,4.53,2.04,2.53,2.62,,,,,,,,,,,,4.54,61.21,59.35,,,,,1.25,,,
2006-02-23,-0.15,-0.04,4.53,4.68,4.48,2.01,2.52,2.64,,,,,,,,,,,,4.49,59.03,58.71,,,,,1.25,,,
2006-02-24,-0.16,-0.03,4.56,4.72,4.51,2.03,2.53,2.66,,,,,,,,,,,,4.47,58.03,58.71,,,,,1.25,,,
2006-02-25,-0.16,-0.02,4.58,4.74,4.52,2.02,2.56,2.7,,,,,,,,,,,,4.48,61.46,60.13,,,,,1.25,,,
2006-02-26,,,,,,,,,,,840555.0,7660.0,,,,,,,,4.48,,,,,,,1.25,5296.6771,,
2006-02-27,,,,,,,,,,,,,,,,,,,,4.48,,,,,,,1.25,,,
2006-02-28,-0.15,-0.03,4.59,4.74,4.55,2.04,2.55,2.7,,,,,-0.597,-1.1089,,,,,,4.52,61.01,59.44,,,,,1.25,,,
2006-03-01,-0.14,-0.07,4.55,4.69,4.51,2.02,2.53,2.68,,,,,,,,,,,,4.52,61.37,59.78,,,,,1.25,,,
2006-03-02,-0.12,-0.01,4.59,4.71,4.56,2.02,2.57,2.71,,,,,,,,,,,,4.52,62.01,61.12,,,,,1.25,,,
2006-03-03,-0.08,0.02,4.64,4.72,4.62,2.05,2.59,2.74,,,,,,,,,,,6753.1,4.5,63.36,62.27,4974.975,7.525263157894737,0.4,,1.25,,,
2006-03-04,-0.08,0.06,4.68,4.76,4.66,2.07,2.61,2.76,,,,,,,,,,,,4.51,63.61,62.69,,,,,1.25,,,
2006-03-05,,,,,,,,,,,839356.0,12791.0,,,,,,,,4.51,,,,,,,1.25,5315.56,,
2006-03-06,,,,,,,,,,,,,,,,,,,,4.51,,,,,,,1.25,,,
2006-03-07,-0.03,0.14,4.74,4.77,4.72,2.14,2.6,2.73,,,,,-0.597,-1.0719,,,,,,4.51,62.46,61.41,,,,,1.25,,,
2006-03-08,-0.03,0.14,4.74,4.77,4.72,2.16,2.58,2.71,,,,,,,,4.7,,,,4.51,61.51,59.79,,,,,1.25,,,
2006-03-09,0.01,0.15,4.73,4.72,4.72,2.2,2.53,2.66,,,,,,,,,,,,4.51,60.06,58.42,,,,,1.5,,,
2006-03-10,0.02,0.14,4.74,4.72,4.72,2.2,2.54,2.66,,,,,,,,,,,,4.51,60.51,58.82,,,,,1.5,,,
2006-03-11,0.02,0.14,4.76,4.74,4.74,2.23,2.53,2.62,,,,,,,,,,,,4.51,59.91,59.04,,,,,1.5,,,
2006-03-12,,,,,,,,,,,839234.0,2795.0,,,,,,,,4.51,,,,,,,1.5,5307.1926,,
2006-03-13,,,,,,,,,,,,,,,,,,,,4.51,,,,,,,1.5,,,
2006-03-14,0.03,0.16,4.77,4.74,4.77,2.24,2.53,2.61,,,,,-0.596,-0.9609,,,,,,4.52,61.81,60.99,,,,,1.5,,,
2006-03-15,0.05,0.12,4.71,4.66,4.71,2.17,2.54,2.61,,,,,,,,,,88.9,,4.51,63.01,62.39,,,,,1.5,,,
2006-03-16,0.04,0.1,4.73,4.69,4.75,2.18,2.55,2.62,,,,,,,199.7,,,,,4.47,62.11,63.12,,,,,1.5,,,
2006-03-17,0.03,0.03,4.65,4.62,4.7,2.12,2.53,2.62,,,,,,,,,98.4628,,,4.55,63.46,62.07,,,,,1.5,,,
2006-03-18,0.03,0.04,4.68,4.65,4.72,2.16,2.52,2.62,,,,,,,,,,,,4.6,62.81,63.54,,,,,1.5,,,
2006-03-19,,,,,,,,,,,843010.0,15167.0,,,,,,,,4.6,,,,,,,1.5,5331.4109,,
2006-03-20,,,,,,,,,,,,,,,,,,,,4.6,,,,,,,1.5,,,
2006-03-21,0.01,0.0,4.66,4.65,4.7,2.15,2.51,2.6,,,,,-0.594,-1.0125,,,,,,4.55,60.31,62.3,,,,,1.5,,,
2006-03-22,-0.01,0.02,4.71,4.72,4.74,2.23,2.48,2.57,,,,,,,,,,,,4.54,60.41,59.96,,,,,1.5,,,
2006-03-23,-0.04,0.01,4.7,4.74,4.73,2.23,2.47,2.56,,,,,,,,,,,,4.58,60.03,61.23,,,,,1.5,,,
2006-03-24,-0.04,0.06,4.73,4.77,4.75,2.24,2.49,2.58,,,,,,,,,,,,4.64,62.13,61.76,,,,,1.5,,,
2006-03-25,-0.05,0.02,4.67,4.72,4.7,2.2,2.47,2.55,,,,,,,,,,,,4.69,63.9,62.78,,,,,1.5,,,
2006-03-26,,,,,,,,,,,838003.0,7114.0,,,,,,,,4.69,,,,,,,1.5,5345.1746,,
2006-03-27,,,,,,,,,,,,,,,,,,,,4.69,,,,,,,1.5,,,
2006-03-28,-0.02,0.07,4.7,4.72,4.73,2.23,2.47,2.55,,,,,-0.591,-1.0504,,,,,,4.77,63.75,62.59,,,,,1.5,,,
2006-03-29,-0.02,0.14,4.79,4.81,4.8,2.3,2.49,2.57,,,,,,,,,,,,4.7,65.65,64.31,,,,,1.5,,,
2006-03-30,-0.01,0.18,4.81,4.82,4.84,2.32,2.49,2.55,,,,,,,,,,,,4.69,66.0,64.88,,,,,1.5,,,
2006-03-31,0.02,0.25,4.86,4.84,4.89,2.35,2.51,2.58,,,,,,,,,,,6766.9,4.76,66.7,65.95,5123.673913043478,6.88,0.5,,1.5,,,
2006-04-01,0.04,0.23,4.86,4.82,4.9,2.35,2.51,2.58,,,,,,,,,,,,5.0,66.25,66.06,,,,-10.7,1.5,,61.55642,91.52659312661052
2006-04-02,,,,,,,,,,,833675.0,11285.0,,,,,,,,5.0,,,,,,,1.5,5364.2652,,
2006-04-03,,,,,,,,,,,,,,,,,,,,5.0,,,,,,,1.5,,,
2006-04-04,0.02,0.21,4.88,4.86,4.9,2.36,2.52,2.59,,,,,-0.588,-1.0421,,,,,,4.87,66.07,67.28,,,,,1.5,,,
2006-04-05,0.03,0.19,4.87,4.84,4.91,2.38,2.49,2.55,,,,,,,,,,,,4.76,65.75,65.93,,,,,1.5,,,
2006-04-06,0.03,0.17,4.84,4.81,4.9,2.34,2.5,2.56,,,,,,,,,,,,4.76,66.76,66.74,,,,,1.5,,,
2006-04-07,0.06,0.22,4.9,4.84,4.96,2.38,2.52,2.59,,,,,,,,,,,,4.76,67.22,67.58,,,,,1.5,,,
2006-04-08,0.08,0.28,4.97,4.89,5.04,2.43,2.54,2.58,,,,,,,,4.7,,,,4.76,67.02,67.11,,,,,1.5,,,
2006-04-09,,,,,,,,,,,834589.0,10331.0,,,,,,,,4.76,,,,,,,1.5,5374.5835,,
2006-04-10,,,,,,,,,,,,,,,,,,,,4.76,,,,,,,1.5,,,
2006-04-11,0.08,0.28,4.97,4.89,5.04,2.41,2.56,2.6,,,,,-0.586,-1.0173,,,,,,4.78,68.29,68.2,,,,,1.5,,,
2006-04-12,0.05,0.23,4.93,4.88,5.0,2.37,2.56,2.63,,,,,,,,,,,,4.74,69.03,68.52,,,,,1.5,,,
2006-04-13,0.07,0.28,4.98,4.91,5.05,2.41,2.57,2.66,,,,,,,,,,,,4.78,68.53,69.54,,,,,1.5,,,
2006-04-14,0.09,0.35,5.05,4.96,5.11,2.48,2.57,2.66,,,,,,,,,,,,4.82,69.53,69.39,,,,,1.5,,,
2006-04-15,,,,,,,,,,,,,,,,,,87.4,,4.8,,,,,,,1.5,,,
2006-04-16,,,,,,,,,,,836862.0,8196.0,,,200.7,,,,,4.8,,,,,,,1.5,5369.2115,,
2006-04-17,,,,,,,,,,,,,,,,,98.7618,,,4.8,,,,,,,1.5,,,
2006-04-18,0.1,0.29,5.01,4.91,5.08,2.43,2.58,2.68,,,,,-0.583,-0.9482,,,,,,4.78,70.3,,,,,,1.5,,,
2006-04-19,0.15,0.27,4.99,4.84,5.07,2.38,2.61,2.69,,,,,,,,,,,,4.72,71.28,70.97,,,,,1.5,,,
2006-04-20,0.18,0.31,5.04,4.86,5.13,2.38,2.66,2.75,,,,,,,,,,,,4.7,72.07,72.69,,,,,1.5,,,
2006-04-21,0.15,0.31,5.04,4.89,5.14,2.42,2.62,2.72,,,,,,,,,,,,4.73,71.96,72.57,,,,,1.5,,,
2006-04-22,0.11,0.26,5.01,4.9,5.1,2.39,2.62,2.73,,,,,,,,,,,,4.74,73.73,73.94,,,,,1.5,,,
2006-04-23,,,,,,,,,,,836352.0,12054.0,,,,,,,,4.74,,,,,,,1.5,5402.3873,,
2006-04-24,,,,,,,,,,,,,,,,,,,,4.74,,,,,,,1.5,,,
2006-04-25,0.1,0.24,4.99,4.89,5.07,2.39,2.6,2.69,,,,,-0.581,-1.0343,,,,,,4.77,70.19,73.96,,,,,1.5,,,
2006-04-26,0.12,0.28,5.07,4.95,5.16,2.47,2.6,2.6,,,,,,,,,,,,4.74,67.43,72.86,,,,,1.5,,,
2006-04-27,0.13,0.33,5.12,4.99,5.18,2.51,2.61,2.63,,,,,,,,,,,,4.73,71.71,73.46,,,,,1.5,,,
2006-04-28,0.18,0.31,5.09,4.91,5.18,2.45,2.64,2.62,,,,,,,,,,,,4.79,70.76,71.79,,,,,1.5,,,
2006-04-29,0.2,0.3,5.07,4.87,5.17,2.39,2.68,2.67,,,,,,,,,,,,4.86,71.8,72.15,,,,,1.5,,,
2006-04-30,,,,,,,,,,,844572.0,9965.0,,,,,,,,4.86,,,,,,,1.5,5418.1938,,
2006-05-01,,,,,,,,,,,,,,,,,,,6806.3,4.86,,,6404.444444444444,7.168421052631579,0.64,,1.5,,,
2006-05-02,0.2,0.32,5.14,4.94,5.23,2.42,2.72,2.72,,,,,-0.578,-1.0929,,,,,,4.84,73.75,73.37,,,,,1.5,,,
2006-05-03,0.2,0.31,5.12,4.92,5.2,2.43,2.69,2.71,,,,,,,,,,,,4.79,74.62,74.45,,,,,1.5,,,
2006-05-04,0.21,0.33,5.15,4.94,5.24,2.47,2.68,2.71,,,,,,,,,,,,4.81,72.26,73.73,,,,,1.5,,,
2006-05-05,0.19,0.36,5.16,4.97,5.23,2.49,2.67,2.69,,,,,,,,,,,,4.83,69.98,71.84,,,,,1.5,,,
2006-05-06,0.18,0.29,5.12,4.94,5.2,2.45,2.67,2.7,,,,,,,,,,,,4.83,70.09,71.22,,,,,1.5,,,
2006-05-07,,,,,,,,,,,843867.0,11932.0,,,,,,,,4.83,,,,,,,1.5,5424.7969,,
2006-05-08,,,,,,,,,,,,,,,,4.6,,,,4.83,,,,,,,1.5,,,
2006-05-09,0.15,0.25,5.12,4.97,5.19,2.45,2.67,2.69,,,,,-0.573,-1.1003,,,,,,4.88,69.75,68.26,,,,,1.5,,,
2006-05-10,0.16,0.25,5.13,4.97,5.2,2.43,2.7,2.72,,,,,,,,,,,,4.78,70.71,70.6,,,,,1.5,,,
2006-05-11,0.12,0.25,5.13,5.01,5.19,2.43,2.7,2.73,,,,,,,,,,,,4.88,72.15,69.83,,,,,1.5,,,
2006-05-12,0.15,0.32,5.14,4.99,5.23,2.43,2.71,2.78,,,,,,,,,,,,4.99,73.0,72.2,,,,,1.5,,,
2006-05-13,0.18,0.34,5.19,5.01,5.29,2.47,2.72,2.78,,,,,,,,,,,,5.01,71.87,71.3,,,,,1.5,,,
2006-05-14,,,,,,,,,,,838405.0,9977.0,,,,,,,,5.01,,,,,,,1.5,5436.5756,,
2006-05-15,,,,,,,,,,,,,,,,,,79.1,,5.01,,,,,,,1.5,,,
2006-05-16,0.16,0.29,5.15,4.99,5.26,2.47,2.68,2.71,,,,,-0.566,-1.1077,201.3,,,,,5.01,69.25,68.69,,,,,1.5,,,
2006-05-17,0.14,0.27,5.1,4.96,5.22,2.44,2.66,2.69,,,,,,,,,98.7869,,,4.98,69.4,68.66,,,,,1.5,,,
2006-05-18,0.19,0.33,5.16,4.97,5.28,2.47,2.69,2.71,,,,,,,,,,,,4.96,68.65,67.52,,,,,1.5,,,
2006-05-19,0.14,0.25,5.08,4.94,5.18,2.41,2.67,2.69,,,,,,,,,,,,5.0,69.63,67.39,,,,,1.5,,,
2006-05-20,0.09,0.23,5.05,4.96,5.14,2.43,2.62,2.65,,,,,,,,,,,,5.0,68.44,66.93,,,,,1.5,,,
2006-05-21,,,,,,,,,,,838153.0,11366.0,,,,,,,,5.0,,,,,,,1.5,5456.3562,,
2006-05-22,,,,,,,,,,,,,,,,,,,,5.0,,,,,,,1.5,,,
2006-05-23,0.1,0.21,5.04,4.94,5.13,2.43,2.61,2.63,,,,,-0.554,-0.8776,,,,,,5.0,69.23,66.52,,,,,1.5,,,
2006-05-24,0.1,0.23,5.07,4.97,5.16,2.44,2.63,2.68,,,,,,,,,,,,4.94,70.78,68.97,,,,,1.5,,,
2006-05-25,0.09,0.21,5.03,4.94,5.13,2.42,2.61,2.64,,,,,,,,,,,,4.9,69.47,68.45,,,,,1.5,,,
2006-05-26,0.09,0.25,5.07,4.98,5.17,2.46,2.61,2.64,,,,,,,,,,,,5.01,70.92,68.51,,,,,1.5,,,
2006-05-27,0.1,0.22,5.06,4.96,5.16,2.44,2.62,2.65,,,,,,,,,,,,4.99,71.35,69.88,,,,,1.5,,,
2006-05-28,,,,,,,,,,,840251.0,9997.0,,,,,,,,4.99,,,,,,,1.5,5478.967,,
2006-05-29,,,,,,,,,,,,,,,,,,,,4.99,,,,,,,1.5,,,
2006-05-30,,,,,,,,,,,,,-0.54,-0.783,,,,,,4.99,,69.16,,,,,1.5,,,
2006-05-31,0.1,0.25,5.09,4.99,5.19,2.45,2.64,2.67,,,,,,,,,,,6815.7,5.02,71.85,69.82,8059.190476190476,6.235909090909091,0.52,,1.5,,,
2006-06-01,0.08,0.26,5.12,5.04,5.21,2.48,2.64,2.68,,,,,,,,,,,,5.05,71.42,67.57,,,,,1.5,,,
2006-06-02,0.07,0.28,5.11,5.04,5.2,2.46,2.65,2.69,,,,,,,,,,,,5.02,70.11,68.77,,,,,1.5,,,
2006-06-03,0.08,0.19,5.0,4.92,5.1,2.37,2.63,2.66,,,,,,,,,,,,4.97,72.73,68.42,,,,,1.5,,,
2006-06-04,,,,,,,,,,,851580.0,9590.0,,,,,,,,4.97,,,,,,,1.5,5482.3585,,
2006-06-05,,,,,,,,,,,,,,,,,,,,4.97,,,,,,,1.5,,,
2006-06-06,0.03,0.17,5.02,4.99,5.1,2.4,2.62,2.66,,,,,-0.526,-0.916,,,,,,5.01,72.5,69.13,,,,,1.5,,,
2006-06-07,0.02,0.15,5.01,4.99,5.08,2.44,2.57,2.62,,,,,,,,,,,,4.99,72.43,68.25,,,,,1.5,,,
2006-06-08,0.0,0.16,5.02,5.02,5.09,2.48,2.54,2.59,,,,,,,,4.6,,,,4.99,70.9,67.17,,,,,1.5,,,
2006-06-09,-0.01,0.13,5.0,5.01,5.06,2.47,2.53,2.58,,,,,,,,,,,,5.02,70.25,65.76,,,,,1.5,,,
2006-06-10,-0.03,0.1,4.98,5.01,5.03,2.45,2.53,2.6,,,,,,,,,,,,5.0,71.62,69.13,,,,,1.5,,,
2006-06-11,,,,,,,,,,,849074.0,11328.0,,,,,,,,5.0,,,,,,,1.5,5491.696,,
2006-06-12,,,,,,,,,,,,,,,,,,,,5.0,,,,,,,1.5,,,
2006-06-13,-0.03,0.06,4.99,5.02,5.03,2.45,2.54,2.58,,,,,-0.512,-0.7915,,,,,,5.01,70.28,68.62,,,,,1.5,,,
2006-06-14,-0.05,0.08,4.97,5.02,5.01,2.44,2.53,2.56,,,,,,,,,,,,5.0,68.48,65.67,,,,,1.5,,,
2006-06-15,-0.06,0.15,5.05,5.11,5.09,2.5,2.55,2.61,,,,,,,,,,84.9,,5.0,69.12,65.52,,,,,1.5,,,
2006-06-16,-0.04,0.25,5.1,5.14,5.13,2.52,2.58,2.64,,,,,,,201.8,,,,,5.02,69.78,66.04,,,,,1.75,,,
2006-06-17,-0.03,0.25,5.13,5.16,5.17,2.54,2.59,2.63,,,,,,,,,99.0997,,,4.94,69.75,65.01,,,,,1.75,,,
2006-06-18,,,,,,,,,,,845869.0,9766.0,,,,,,,,4.94,,,,,,,1.75,5498.14,,
2006-06-19,,,,,,,,,,,,,,,,,,,,4.94,,,,,,,1.75,,,
2006-06-20,-0.05,0.21,5.14,5.19,5.18,2.58,2.56,2.61,,,,,-0.5,-0.7248,,,,,,4.95,69.21,66.4,,,,,1.75,,,
2006-06-21,-0.04,0.23,5.15,5.19,5.19,2.58,2.57,2.61,,,,,,,,,,,,4.92,69.3,67.57,,,,,1.75,,,
2006-06-22,-0.04,0.24,5.16,5.2,5.19,2.59,2.57,2.61,,,,,,,,,,,,4.91,70.07,68.17,,,,,1.75,,,
2006-06-23,-0.03,0.28,5.2,5.23,5.23,2.61,2.59,2.62,,,,,,,,,,,,4.98,70.62,69.6,,,,,1.75,,,
2006-06-24,-0.04,0.25,5.23,5.27,5.26,2.64,2.59,2.63,,,,,,,,,,,,4.98,70.5,69.91,,,,,1.75,,,
2006-06-25,,,,,,,,,,,844773.0,9629.0,,,,,,,,4.98,,,,,,,1.75,5504.4474,,
2006-06-26,,,,,,,,,,,,,,,,,,,,4.98,,,,,,,1.75,,,
2006-06-27,-0.02,0.22,5.25,5.27,5.28,2.67,2.58,2.61,,,,,-0.491,-0.7999,,,,,,5.03,71.63,69.85,,,,,1.75,,,
2006-06-28,-0.03,0.16,5.21,5.24,5.24,2.63,2.58,2.61,,,,,,,,,,,,5.02,72.05,71.26,,,,,1.75,,,
2006-06-29,-0.04,0.24,5.25,5.29,5.28,2.68,2.57,2.59,,,,,,,,,,,,5.06,72.15,71.76,,,,,1.75,,,
2006-06-30,0.01,0.21,5.22,5.21,5.26,2.61,2.61,2.6,,,,,,,,,,,,5.08,73.5,73.02,,,,-12.3,1.75,,61.22142,94.10931121341092
2006-07-01,-0.01,0.14,5.15,5.16,5.19,2.54,2.61,2.63,,,,,,,,,,,6854.0,5.05,73.94,73.2,7222.772727272727,6.203636363636364,0.5,,1.75,,,
2006-07-02,,,,,,,,,,,844436.0,8678.0,,,,,,,,5.05,,,,,,,1.75,5512.3822,,
2006-07-03,,,,,,,,,,,,,,,,,,,,5.05,,,,,,,1.75,,,
2006-07-04,-0.02,0.07,5.15,5.17,5.2,2.56,2.59,2.62,,,,,-0.487,-0.8513,,,,,,5.25,,73.94,,,,,1.75,,,
2006-07-05,,,,,,,,,,,,,,,,,,,,5.25,,73.17,,,,,1.75,,,
2006-07-06,-0.01,0.22,5.23,5.24,5.27,2.63,2.6,2.62,,,,,,,,,,,,5.25,75.2,72.88,,,,,1.75,,,
2006-07-07,-0.03,0.19,5.19,5.22,5.23,2.59,2.6,2.63,,,,,,,,,,,,5.24,75.0,73.12,,,,,1.75,,,
2006-07-08,-0.03,0.12,5.14,5.17,5.18,2.55,2.59,2.63,,,,,,,,4.7,,,,5.22,73.76,74.14,,,,,1.75,,,
2006-07-09,,,,,,,,,,,851659.0,11478.0,,,,,,,,5.22,,,,,,,1.75,5517.7824,,
2006-07-10,,,,,,,,,,,,,,,,,,,,5.22,,,,,,,1.75,,,
2006-07-11,-0.04,0.07,5.13,5.17,5.17,2.56,2.57,2.61,,,,,-0.487,-0.9788,,,,,,5.24,73.5,72.39,,,,,1.75,,,
2006-07-12,-0.07,0.05,5.1,5.17,5.14,2.53,2.57,2.59,,,,,,,,,,,,5.25,74.05,73.14,,,,,1.75,,,
2006-07-13,-0.07,0.04,5.1,5.17,5.14,2.54,2.56,2.59,,,,,,,,,,,,5.27,74.99,73.04,,,,,1.75,,,
2006-07-14,-0.04,0.03,5.08,5.12,5.12,2.51,2.57,2.58,,,,,,,,,,,,5.26,76.7,75.23,,,,,1.75,,,
2006-07-15,-0.01,0.01,5.07,5.08,5.11,2.5,2.57,2.58,,,,,,,,,,84.7,,5.26,76.8,76.13,,,,,1.75,,,
2006-07-16,,,,,,,,,,,844391.0,6678.0,,,202.9,,,,,5.26,,,,,,,1.75,5517.8962,,
2006-07-17,,,,,,,,,,,,,,,,,99.0489,,,5.26,,,,,,,1.75,,,
2006-07-18,-0.05,-0.04,5.07,5.12,5.1,2.49,2.58,2.59,,,,,-0.493,-0.7782,,,,,,5.28,75.7,75.12,,,,,1.75,,,
2006-07-19,-0.06,0.0,5.13,5.19,5.16,2.55,2.58,2.58,,,,,,,,,,,,5.22,73.87,75.32,,,,,1.75,,,
2006-07-20,-0.06,-0.05,5.06,5.12,5.1,2.49,2.57,2.57,,,,,,,,,,,,5.23,72.79,71.62,,,,,1.75,,,
2006-07-21,-0.03,-0.05,5.03,5.06,5.08,2.45,2.58,2.58,,,,,,,,,,,,5.24,74.0,72.56,,,,,1.75,,,
2006-07-22,-0.03,-0.05,5.05,5.08,5.1,2.49,2.56,2.57,,,,,,,,,,,,5.23,73.52,72.96,,,,,1.75,,,
2006-07-23,,,,,,,,,,,849894.0,10330.0,,,,,,,,5.23,,,,,,,1.75,5544.3286,,
2006-07-24,,,,,,,,,,,,,,,,,,,,5.23,,,,,,,1.75,,,
2006-07-25,-0.05,-0.05,5.05,5.1,5.11,2.49,2.56,2.55,,,,,-0.504,-0.775,,,,,,5.24,74.29,72.09,,,,,1.75,,,
2006-07-26,-0.04,-0.06,5.07,5.11,5.13,2.48,2.59,2.57,,,,,,,,,,,,5.24,73.46,72.49,,,,,1.75,,,
2006-07-27,-0.02,-0.07,5.04,5.06,5.1,2.44,2.6,2.58,,,,,,,,,,,,5.24,73.82,73.76,,,,,1.75,,,
2006-07-28,0.0,-0.03,5.07,5.07,5.11,2.47,2.6,2.57,,,,,,,,,,,,5.27,74.5,75.36,,,,,1.75,,,
2006-07-29,0.02,-0.07,5.0,4.98,5.07,2.41,2.59,2.54,,,,,,,,,,,,5.26,73.3,73.95,,,,,1.75,,,
2006-07-30,,,,,,,,,,,841552.0,7979.0,,,,,,,,5.26,,,,,,,1.75,5554.8217,,
2006-07-31,,,,,,,,,,,,,,,,,,,6896.1,5.26,,,7726.738095238095,6.173157894736842,0.5,,1.75,,,
2006-08-01,0.02,-0.11,4.99,4.97,5.07,2.41,2.58,2.54,,,,,-0.517,-0.9269,,,,,,5.31,74.56,74.75,,,,,1.75,,,
2006-08-02,0.02,-0.13,4.99,4.97,5.07,2.4,2.59,2.55,,,,,,,,,,,,5.27,74.93,76.39,,,,,1.75,,,
2006-08-03,-0.01,-0.14,4.96,4.97,5.05,2.36,2.6,2.58,,,,,,,,,,,,5.25,76.16,77.63,,,,,1.75,,,
2006-08-04,-0.02,-0.15,4.96,4.98,5.04,2.35,2.61,2.59,,,,,,,,,,,,5.27,75.59,76.28,,,,,1.75,,,
2006-08-05,0.0,-0.18,4.91,4.91,5.0,2.3,2.61,2.59,,,,,,,,,,,,5.25,74.78,76.53,,,,,1.75,,,
2006-08-06,,,,,,,,,,,850263.0,13836.0,,,,,,,,5.25,,,,,,,1.75,5567.1554,,
2006-08-07,,,,,,,,,,,,,,,,,,,,5.25,,,,,,,1.75,,,
2006-08-08,-0.03,-0.19,4.93,4.96,5.0,2.29,2.64,2.61,,,,,-0.532,-0.8867,,4.7,,,,5.24,77.05,77.82,,,,,1.75,,,
2006-08-09,0.02,-0.17,4.93,4.91,5.02,2.27,2.66,2.62,,,,,,,,,,,,5.26,76.29,77.93,,,,,1.75,,,
2006-08-10,0.01,-0.15,4.92,4.91,5.05,2.28,2.64,2.65,,,,,,,,,,,,5.25,76.28,78.26,,,,,2.0,,,
2006-08-11,0.0,-0.12,4.93,4.93,5.06,2.3,2.63,2.62,,,,,,,,,,,,5.24,74.17,75.69,,,,,2.0,,,
2006-08-12,0.01,-0.1,4.97,4.96,5.09,2.33,2.64,2.64,,,,,,,,,,,,5.24,74.38,75.19,,,,,2.0,,,
2006-08-13,,,,,,,,,,,840006.0,6255.0,,,,,,,,5.24,,,,,,,2.0,5553.4452,,
2006-08-14,,,,,,,,,,,,,,,,,,,,5.24,,,,,,,2.0,,,
2006-08-15,-0.01,-0.12,5.0,5.01,5.12,2.36,2.64,2.64,,,,,-0.545,-0.9163,,,,82.0,,5.26,73.33,73.78,,,,,2.0,,,
2006-08-16,-0.01,-0.17,4.93,4.94,5.05,2.32,2.61,2.61,,,,,,,203.8,,,,,5.24,72.95,73.57,,,,,2.0,,,
2006-08-17,0.0,-0.2,4.87,4.87,5.0,2.28,2.59,2.56,,,,,,,,,99.4836,,,5.17,71.64,72.67,,,,,2.0,,,
2006-08-18,-0.02,-0.22,4.87,4.89,5.0,2.28,2.59,2.55,,,,,,,,,,,,5.2,70.12,70.42,,,,,2.0,,,
2006-08-19,-0.03,-0.26,4.84,4.87,4.97,2.26,2.58,2.55,,,,,,,,,,,,5.25,70.93,71.3,,,,,2.0,,,
2006-08-20,,,,,,,,,,,842876.0,9099.0,,,,,,,,5.25,,,,,,,2.0,5585.8648,,
2006-08-21,,,,,,,,,,,,,,,,,,,,5.25,,,,,,,2.0,,,
2006-08-22,-0.03,-0.29,4.82,4.85,4.96,2.23,2.59,2.55,,,,,-0.555,-1.0213,,,,,,5.24,72.45,72.42,,,,,2.0,,,
2006-08-23,-0.05,-0.28,4.82,4.87,4.95,2.22,2.6,2.56,,,,,,,,,,,,5.24,72.55,72.06,,,,,2.0,,,
2006-08-24,-0.05,-0.27,4.82,4.87,4.95,2.25,2.57,2.52,,,,,,,,,,,,5.25,71.45,71.12,,,,,2.0,,,
2006-08-25,-0.07,-0.28,4.81,4.88,4.94,2.28,2.53,2.49,,,,,,,,,,,,5.25,72.02,71.4,,,,,2.0,,,
2006-08-26,-0.07,-0.32,4.79,4.86,4.93,2.24,2.55,2.5,,,,,,,,,,,,5.25,72.13,72.58,,,,,2.0,,,
2006-08-27,,,,,,,,,,,837987.0,7087.0,,,,,,,,5.25,,,,,,,2.0,5599.9803,,
2006-08-28,,,,,,,,,,,,,,,,,,,,5.25,,,,,,,2.0,,,
2006-08-29,-0.08,-0.3,4.8,4.88,4.94,2.28,2.52,2.46,,,,,-0.562,-0.974,,,,,,5.25,70.47,69.44,,,,,2.0,,,
2006-08-30,-0.08,-0.28,4.79,4.87,4.93,2.29,2.5,2.47,,,,,,,,,,,,5.23,69.74,67.01,,,,,2.0,,,
2006-08-31,-0.07,-0.29,4.76,4.83,4.91,2.28,2.48,2.41,,,,,,,,,,,6926.4,5.25,70.2,67.15,7690.25,7.132608695652174,0.4,,2.0,,,
2006-09-01,-0.05,-0.31,4.74,4.79,4.88,2.24,2.5,2.44,,,,,,,,,,,,5.31,70.38,67.66,,,,,2.0,,,
2006-09-02,-0.04,-0.29,4.73,4.77,4.87,2.25,2.48,2.4,,,,,,,,,,,,5.25,69.24,70.49,,,,,2.0,,,
2006-09-03,,,,,,,,,,,850925.0,12426.0,,,,,,,,5.25,,,,,,,2.0,5590.5186,,
2006-09-04,,,,,,,,,,,,,,,,,,,,5.25,,,,,,,2.0,,,
2006-09-05,,,,,,,,,,,,,-0.565,-0.9409,,,,,,5.25,,68.62,,,,,2.0,,,
2006-09-06,-0.02,-0.22,4.78,4.8,4.93,2.31,2.47,2.39,,,,,,,,,,,,5.26,68.7,65.94,,,,,2.0,,,
2006-09-07,-0.02,-0.17,4.8,4.82,4.95,2.32,2.48,2.41,,,,,,,,,,,,5.21,67.75,65.41,,,,,2.0,,,
2006-09-08,-0.02,-0.17,4.8,4.82,4.94,2.34,2.46,2.36,,,,,,,,4.5,,,,5.23,67.37,64.52,,,,,2.0,,,
2006-09-09,-0.02,-0.15,4.78,4.8,4.92,2.35,2.43,2.32,,,,,,,,,,,,5.23,66.3,64.3,,,,,2.0,,,
2006-09-10,,,,,,,,,,,848594.0,10013.0,,,,,,,,5.23,,,,,,,2.0,5590.1373,,
2006-09-11,,,,,,,,,,,,,,,,,,,,5.23,,,,,,,2.0,,,
2006-09-12,-0.03,-0.13,4.8,4.83,4.95,2.38,2.42,2.31,,,,,-0.565,-0.904,,,,,,5.24,65.42,62.41,,,,,2.0,,,
2006-09-13,-0.04,-0.12,4.78,4.82,4.91,2.36,2.42,2.3,,,,,,,,,,,,5.21,63.81,62.23,,,,,2.0,,,
2006-09-14,-0.03,-0.14,4.77,4.8,4.9,2.35,2.42,2.31,,,,,,,,,,,,5.26,64.09,61.28,,,,,2.0,,,
2006-09-15,-0.04,-0.16,4.79,4.83,4.92,2.35,2.44,2.35,,,,,,,,,,85.4,,5.26,63.27,60.75,,,,,2.0,,,
2006-09-16,-0.07,-0.16,4.8,4.87,4.92,2.38,2.42,2.31,,,,,,,202.8,,,,,5.25,63.3,60.23,,,,,2.0,,,
2006-09-17,,,,,,,,,,,840886.0,6616.0,,,,,99.3183,,,5.25,,,,,,,2.0,5572.4841,,
2006-09-18,,,,,,,,,,,,,,,,,,,,5.25,,,,,,,2.0,,,
2006-09-19,-0.07,-0.13,4.81,4.88,4.93,2.39,2.42,2.31,,,,,-0.564,-0.9359,,,,,,5.23,63.84,61.47,,,,,2.0,,,
2006-09-20,-0.05,-0.2,4.74,4.79,4.86,2.35,2.39,2.27,,,,,,,,,,,,5.21,61.77,62.52,,,,,2.0,,,
2006-09-21,-0.08,-0.2,4.73,4.81,4.85,2.39,2.34,2.22,,,,,,,,,,,,5.23,60.0,59.09,,,,,2.0,,,
2006-09-22,-0.06,-0.27,4.65,4.71,4.78,2.31,2.34,2.2,,,,,,,,,,,,5.24,61.62,59.27,,,,,2.0,,,
2006-09-23,-0.07,-0.33,4.6,4.67,4.74,2.27,2.33,2.2,,,,,,,,,,,,5.27,59.79,58.81,,,,,2.0,,,
2006-09-24,,,,,,,,,,,838192.0,10818.0,,,,,,,,5.27,,,,,,,2.0,5607.7923,,
2006-09-25,,,,,,,,,,,,,,,,,,,,5.27,,,,,,,2.0,,,
2006-09-26,-0.07,-0.32,4.56,4.63,4.7,2.24,2.32,2.19,,,,,-0.563,-0.8205,,,,,,5.3,60.74,57.89,,,,,2.0,,,
2006-09-27,-0.09,-0.29,4.59,4.68,4.71,2.25,2.34,2.23,,,,,,,,,,,,5.25,60.63,58.53,,,,,2.0,,,
2006-09-28,-0.06,-0.28,4.6,4.66,4.73,2.26,2.34,2.24,,,,,,,,,,,,5.3,62.96,57.6,,,,,2.0,,,
2006-09-29,-0.05,-0.24,4.63,4.68,4.76,2.27,2.36,2.24,,,,,,,,,,,,5.28,62.46,60.68,,,,-8.9,2.0,,61.3328,96.45870610035033
2006-09-30,-0.07,-0.25,4.64,4.71,4.77,2.27,2.37,2.25,,,,,,,,,,,,5.34,62.9,59.09,,,,,2.0,,,
2006-10-01,,,,,,,,,,,849971.0,9399.0,,,,,,,6952.8,5.34,,,7622.642857142857,4.897,0.54,,2.0,5612.817,,
2006-10-02,,,,,,,,,,,,,,,,,,,,5.34,,,,,,,2.0,,,
2006-10-03,-0.04,-0.26,4.62,4.66,4.76,2.27,2.35,2.25,,,,,-0.564,-0.7932,,,,,,5.33,60.96,58.8,,,,,2.0,,,
2006-10-04,-0.05,-0.28,4.62,4.67,4.76,2.29,2.33,2.21,,,,,,,,,,,,5.25,58.64,56.28,,,,,2.0,,,
2006-10-05,-0.03,-0.36,4.57,4.6,4.72,2.27,2.3,2.17,,,,,,,,,,,,5.23,59.53,55.82,,,,,2.0,,,
2006-10-06,-0.04,-0.33,4.61,4.65,4.76,2.31,2.3,2.17,,,,,,,,,,,,5.23,60.02,57.93,,,,,2.0,,,
2006-10-07,-0.04,-0.25,4.7,4.74,4.84,2.37,2.33,2.18,,,,,,,,,,,,5.22,59.68,56.9,,,,,2.0,,,
2006-10-08,,,,,,,,,,,842296.0,8373.0,,,,4.4,,,,5.22,,,,,,,2.0,5706.7412,,
2006-10-09,,,,,,,,,,,,,,,,,,,,5.22,,,,,,,2.0,,,
2006-10-10,,,,,,,,,,,,,-0.568,-0.8394,,,,,,5.22,59.93,59.25,,,,,2.0,,,
2006-10-11,-0.07,-0.25,4.75,4.82,4.88,2.42,2.33,2.2,,,,,,,,,,,,5.28,58.5,57.8,,,,,2.0,,,
2006-10-12,-0.07,-0.24,4.78,4.85,4.91,2.45,2.33,2.21,,,,,,,,,,,,5.25,57.56,57.75,,,,,2.25,,,
2006-10-13,-0.06,-0.27,4.79,4.85,4.91,2.44,2.35,2.2,,,,,,,,,,,,5.25,58.23,57.87,,,,,2.25,,,
2006-10-14,-0.06,-0.24,4.81,4.87,4.94,2.47,2.34,2.2,,,,,,,,,,,,5.21,58.69,58.97,,,,,2.25,,,
2006-10-15,,,,,,,,,,,859339.0,8400.0,,,,,,93.6,,5.21,,,,,,,2.25,5725.9667,,
2006-10-16,,,,,,,,,,,,,,,201.9,,,,,5.21,,,,,,,2.25,,,
2006-10-17,-0.06,-0.3,4.79,4.85,4.92,2.45,2.34,2.2,,,,,-0.574,-1.0209,,,99.2044,,,5.28,59.91,58.22,,,,,2.25,,,
2006-10-18,-0.05,-0.31,4.78,4.83,4.91,2.46,2.32,2.17,,,,,,,,,,,,5.21,58.91,60.13,,,,,2.25,,,
2006-10-19,-0.08,-0.32,4.77,4.85,4.89,2.46,2.31,2.16,,,,,,,,,,,,5.23,57.66,58.51,,,,,2.25,,,
2006-10-20,-0.06,-0.31,4.79,4.85,4.91,2.49,2.3,2.14,,,,,,,,,,,,5.22,58.55,57.74,,,,,2.25,,,
2006-10-21,-0.08,-0.3,4.79,4.87,4.91,2.49,2.3,2.15,,,,,,,,,,,,5.25,57.35,57.94,,,,,2.25,,,
2006-10-22,,,,,,,,,,,844200.0,8140.0,,,,,,,,5.25,,,,,,,2.25,5731.6462,,
2006-10-23,,,,,,,,,,,,,,,,,,,,5.25,,,,,,,2.25,,,
2006-10-24,-0.07,-0.29,4.83,4.9,4.95,2.53,2.3,2.15,,,,,-0.58,-0.9622,,,,,,5.24,56.74,56.56,,,,,2.25,,,
2006-10-25,-0.08,-0.3,4.83,4.91,4.95,2.52,2.31,2.18,,,,,,,,,,,,5.24,57.55,56.56,,,,,2.25,,,
2006-10-26,-0.1,-0.34,4.78,4.88,4.89,2.44,2.34,2.2,,,,,,,,,,,,5.26,59.09,58.79,,,,,2.25,,,
2006-10-27,-0.08,-0.39,4.73,4.81,4.84,2.41,2.32,2.17,,,,,,,,,,,,5.23,60.27,58.76,,,,,2.25,,,
2006-10-28,-0.08,-0.43,4.68,4.76,4.8,2.37,2.31,2.16,,,,,,,,,,,,5.23,60.75,57.99,,,,,2.25,,,
2006-10-29,,,,,,,,,,,852648.0,7914.0,,,,,,,,5.23,,,,,,,2.25,5743.6986,,
2006-10-30,,,,,,,,,,,,,,,,,,,,5.23,,,,,,,2.25,,,
2006-10-31,-0.1,-0.42,4.68,4.78,4.78,2.39,2.29,2.13,,,,,-0.586,-0.9994,,,,,7002.1,5.27,58.41,57.08,7497.409090909091,5.843636363636364,0.58,,2.25,,,
2006-11-01,-0.1,-0.47,4.61,4.71,4.72,2.34,2.27,2.1,,,,,,,,,,,,5.31,58.72,56.13,,,,,2.25,,,
2006-11-02,-0.09,-0.5,4.57,4.66,4.68,2.29,2.28,2.11,,,,,,,,,,,,5.23,58.64,56.37,,,,,2.25,,,
2006-11-03,-0.07,-0.47,4.6,4.67,4.72,2.32,2.28,2.11,,,,,,,,,,,,5.22,57.87,56.26,,,,,2.25,,,
2006-11-04,-0.1,-0.37,4.72,4.82,4.81,2.4,2.32,2.18,,,,,,,,,,,,5.25,59.13,56.55,,,,,2.25,,,
2006-11-05,,,,,,,,,,,855536.0,8902.0,,,,,,,,5.25,,,,,,,2.25,5752.8939,,
2006-11-06,,,,,,,,,,,,,,,,,,,,5.25,,,,,,,2.25,,,
2006-11-07,-0.11,-0.38,4.71,4.82,4.79,2.36,2.35,2.21,,,,,-0.59,-0.881,,,,,,5.24,60.11,57.02,,,,,2.25,,,
2006-11-08,-0.11,-0.42,4.66,4.77,4.76,2.32,2.34,2.19,,,,,,,,4.5,,,,5.22,58.94,56.99,,,,,2.25,,,
2006-11-09,-0.11,-0.46,4.64,4.75,4.73,2.29,2.35,2.2,,,,,,,,,,,,5.22,59.93,57.18,,,,,2.25,,,
2006-11-10,-0.13,-0.47,4.62,4.75,4.73,2.28,2.34,2.19,,,,,,,,,,,,5.23,61.18,59.72,,,,,2.25,,,
2006-11-11,-0.14,-0.51,4.59,4.73,4.69,2.25,2.34,2.2,,,,,,,,,,,,5.23,59.66,59.18,,,,,2.25,,,
2006-11-12,,,,,,,,,,,858630.0,7885.0,,,,,,,,5.23,,,,,,,2.25,5746.8598,,
2006-11-13,,,,,,,,,,,,,,,,,,,,5.23,,,,,,,2.25,,,
2006-11-14,-0.15,-0.48,4.61,4.76,4.71,2.29,2.32,2.18,,,,,-0.59,-1.0006,,,,,,5.27,58.59,56.88,,,,,2.25,,,
2006-11-15,-0.17,-0.52,4.57,4.74,4.66,2.28,2.29,2.16,,,,,,,,,,92.1,,5.25,58.28,57.9,,,,,2.25,,,
2006-11-16,-0.19,-0.48,4.61,4.8,4.69,2.3,2.31,2.17,,,,,,,202.0,,,,,5.29,58.79,57.97,,,,,2.25,,,
2006-11-17,-0.19,-0.43,4.66,4.85,4.74,2.38,2.28,2.14,,,,,,,,,99.1627,,,5.25,56.23,59.5,,,,,2.25,,,
2006-11-18,-0.15,-0.48,4.61,4.76,4.69,2.33,2.28,2.12,,,,,,,,,,,,5.2,55.9,57.01,,,,,2.25,,,
2006-11-19,,,,,,,,,,,855551.0,6661.0,,,,,,,,5.2,,,,,,,2.25,5765.1261,,
2006-11-20,,,,,,,,,,,,,,,,,,,,5.2,,,,,,,2.25,,,
2006-11-21,-0.16,-0.48,4.6,4.76,4.68,2.33,2.27,2.13,,,,,-0.589,-0.9925,,,,,,5.25,56.42,57.38,,,,,2.25,,,
2006-11-22,-0.17,-0.49,4.58,4.75,4.66,2.31,2.27,2.15,,,,,,,,,,,,5.29,58.01,59.53,,,,,2.25,,,
2006-11-23,-0.17,-0.48,4.57,4.74,4.65,2.3,2.27,2.15,,,,,,,,,,,,5.26,57.28,58.66,,,,,2.25,,,
2006-11-24,,,,,,,,,,,,,,,,,,,,5.26,,59.7,,,,,2.25,,,
2006-11-25,-0.18,-0.49,4.55,4.73,4.63,2.27,2.28,2.17,,,,,,,,,,,,5.24,,60.72,,,,,2.25,,,
2006-11-26,,,,,,,,,,,865126.0,8740.0,,,,,,,,5.24,,,,,,,2.25,5789.8968,,
2006-11-27,,,,,,,,,,,,,,,,,,,,5.24,,,,,,,2.25,,,
2006-11-28,-0.17,-0.51,4.54,4.71,4.62,2.24,2.3,2.21,,,,,-0.585,-0.9201,,,,,,5.32,60.3,60.52,,,,,2.25,,,
2006-11-29,-0.16,-0.53,4.51,4.67,4.59,2.21,2.3,2.22,,,,,,,,,,,,5.24,60.97,61.22,,,,,2.25,,,
2006-11-30,-0.17,-0.52,4.52,4.69,4.61,2.22,2.3,2.23,,,,,,,,,,,,5.26,62.45,62.13,,,,,2.25,,,
2006-12-01,-0.16,-0.57,4.46,4.62,4.56,2.16,2.3,2.24,,,,,,,,,,,7037.3,5.31,62.97,64.36,7029.295454545455,7.41,0.48,,2.25,,,
2006-12-02,-0.09,-0.6,4.43,4.52,4.54,2.1,2.33,2.27,,,,,,,,,,,,5.27,63.43,64.74,,,,,2.25,,,
2006-12-03,,,,,,,,,,,856671.0,8931.0,,,,,,,,5.27,,,,,,,2.25,5807.5014,,
2006-12-04,,,,,,,,,,,,,,,,,,,,5.27,,,,,,,2.25,,,
2006-12-05,-0.09,-0.58,4.43,4.52,4.55,2.11,2.32,2.26,,,,,-0.58,-0.7907,,,,,,5.22,62.39,63.97,,,,,2.25,,,
2006-12-06,-0.07,-0.54,4.45,4.52,4.57,2.11,2.34,2.27,,,,,,,,,,,,5.21,62.4,63.65,,,,,2.25,,,
2006-12-07,-0.11,-0.51,4.48,4.59,4.6,2.14,2.34,2.27,,,,,,,,,,,,5.22,62.2,63.7,,,,,2.25,,,
2006-12-08,-0.09,-0.49,4.49,4.58,4.6,2.15,2.34,2.27,,,,,,,,4.4,,,,5.25,62.54,63.17,,,,,2.25,,,
2006-12-09,-0.12,-0.41,4.56,4.68,4.66,2.21,2.35,2.28,,,,,,,,,,,,5.25,62.06,63.67,,,,,2.25,,,
2006-12-10,,,,,,,,,,,862178.0,10118.0,,,,,,,,5.25,,,,,,,2.25,5816.3949,,
2006-12-11,,,,,,,,,,,,,,,,,,,,5.25,,,,,,,2.25,,,
2006-12-12,-0.15,-0.41,4.52,4.67,4.63,2.17,2.35,2.29,,,,,-0.577,-0.9089,,,,,,5.25,61.26,62.59,,,,,2.25,,,
2006-12-13,-0.12,-0.44,4.49,4.61,4.6,2.15,2.34,2.27,,,,,,,,,,,,5.23,61.06,62.58,,,,,2.25,,,
2006-12-14,-0.12,-0.36,4.58,4.7,4.69,2.22,2.36,2.28,,,,,,,,,,,,5.23,61.34,61.89,,,,,2.5,,,
2006-12-15,-0.13,-0.36,4.6,4.73,4.72,2.23,2.37,2.32,,,,,,,,,,91.7,,5.29,62.48,62.85,,,,,2.5,,,
2006-12-16,-0.13,-0.31,4.6,4.73,4.72,2.29,2.31,2.25,,,,,,,203.1,,,,,5.27,63.4,62.91,,,,,2.5,,,
2006-12-17,,,,,,,,,,,853851.0,5752.0,,,,,100.1735,,,5.27,,,,,,,2.5,5808.5795,,
2006-12-18,,,,,,,,,,,,,,,,,,,,5.27,,,,,,,2.5,,,
2006-12-19,-0.11,-0.36,4.6,4.71,4.72,2.31,2.29,2.22,,,,,-0.578,-0.9847,,,,,,5.21,62.19,62.81,,,,,2.5,,,
2006-12-20,-0.11,-0.36,4.6,4.71,4.73,2.31,2.29,2.23,,,,,,,,,,,,5.21,62.87,62.19,,,,,2.5,,,
2006-12-21,-0.11,-0.36,4.6,4.71,4.73,2.32,2.28,2.22,,,,,,,,,,,,5.26,63.08,63.13,,,,,2.5,,,
2006-12-22,-0.11,-0.42,4.55,4.66,4.7,2.29,2.26,2.19,,,,,,,,,,,,5.25,62.05,62.13,,,,,2.5,,,
2006-12-23,-0.08,-0.36,4.63,4.71,4.76,2.35,2.28,2.21,,,,,,,,,,,,5.24,61.81,61.92,,,,,2.5,,,
2006-12-24,,,,,,,,,,,865010.0,8648.0,,,,,,,,5.24,,,,,,,2.5,5875.3808,,
2006-12-25,,,,,,,,,,,,,,,,,,,,5.24,,,,,,,2.5,,,
2006-12-26,,,,,,,,,,,,,-0.582,-0.927,,,,,,5.24,,,,,,,2.5,,,
2006-12-27,-0.1,-0.38,4.61,4.71,4.73,2.34,2.27,2.21,,,,,,,,,,,,5.29,61.07,,,,,,2.5,,,
2006-12-28,-0.11,-0.31,4.66,4.77,4.78,2.39,2.27,2.2,,,,,,,,,,,,5.17,60.31,60.7,,,,,2.5,,,
2006-12-29,-0.12,-0.3,4.7,4.82,4.81,2.41,2.29,2.23,,,,,,,,,,,,5.25,60.39,59.41,,,,,2.5,,,
2006-12-30,-0.11,-0.31,4.71,4.82,4.81,2.41,2.3,2.26,,,,,,,,,,,,5.17,60.85,58.96,,,,0.0,2.5,,61.82689,98.37016850516808
2006-12-31,,,,,,,,,,,869988.0,6867.0,,,,,,,7079.3,5.17,,,6680.973684210526,6.7295,0.5,,2.5,5878.9199,,
2007-01-01,,,,,,,,,,,,,,,,,,,,5.17,,,,,,,2.5,,,
2007-01-02,,,,,,,,,,,,,-0.591,-0.9612,,,,,,5.17,,,,,,,2.5,,,
2007-01-03,-0.12,-0.39,4.68,4.8,4.79,2.38,2.3,2.27,,,,,,,,,,,,5.3,60.77,58.49,,,,,2.5,,,
2007-01-04,-0.09,-0.38,4.67,4.76,4.77,2.36,2.31,2.27,,,,,,,,,,,,5.28,58.31,56.63,,,,,2.5,,,
2007-01-05,-0.09,-0.42,4.62,4.71,4.72,2.36,2.26,2.22,,,,,,,,,,,,5.24,55.65,54.58,,,,,2.5,,,
2007-01-06,-0.11,-0.4,4.65,4.76,4.74,2.38,2.27,2.24,,,,,,,,,,,,5.21,56.29,52.82,,,,,2.5,,,
2007-01-07,,,,,,,,,,,874626.0,12206.0,,,,,,,,5.21,,,,,,,2.5,5858.7429,,
2007-01-08,,,,,,,,,,,,,,,,4.6,,,,5.21,,,,,,,2.5,,,
2007-01-09,-0.12,-0.42,4.66,4.78,4.74,2.38,2.28,2.24,,,,,-0.603,-0.8752,,,,,,5.23,56.08,52.82,,,,,2.5,,,
2007-01-10,-0.13,-0.42,4.66,4.79,4.74,2.39,2.27,2.22,,,,,,,,,,,,5.25,55.65,52.38,,,,,2.5,,,
2007-01-11,-0.12,-0.4,4.69,4.81,4.77,2.42,2.27,2.22,,,,,,,,,,,,5.26,53.95,52.11,,,,,2.5,,,
2007-01-12,-0.12,-0.37,4.74,4.86,4.82,2.43,2.31,2.23,,,,,,,,,,,,5.27,51.91,51.68,,,,,2.5,,,
2007-01-13,-0.11,-0.32,4.77,4.88,4.86,2.49,2.28,2.23,,,,,,,,,,,,5.22,52.96,49.95,,,,,2.5,,,
2007-01-14,,,,,,,,,,,854819.0,5185.0,,,,,,,,5.22,,,,,,,2.5,5865.5692,,
2007-01-15,,,,,,,,,,,,,,,,,,96.9,,5.22,,,,,,,2.5,,,
2007-01-16,,,,,,,,,,,,,-0.617,-0.9846,203.437,,,,,5.22,,,,,,,2.5,,,
2007-01-17,-0.11,-0.36,4.75,4.86,4.85,2.48,2.27,2.22,,,,,,,,,99.8346,,,5.28,51.23,51.28,,,,,2.5,,,
2007-01-18,-0.12,-0.33,4.79,4.91,4.88,2.5,2.29,2.24,,,,,,,,,,,,5.25,52.3,51.19,,,,,2.5,,,
2007-01-19,-0.14,-0.37,4.75,4.89,4.85,2.47,2.28,2.23,,,,,,,,,,,,5.23,50.51,50.83,,,,,2.5,,,
2007-01-20,-0.15,-0.36,4.78,4.93,4.87,2.47,2.31,2.25,,,,,,,,,,,,5.25,51.98,52.29,,,,,2.5,,,
2007-01-21,,,,,,,,,,,859363.0,10161.0,,,,,,,,5.25,,,,,,,2.5,5880.178,,
2007-01-22,,,,,,,,,,,,,,,,,,,,5.25,,,,,,,2.5,,,
2007-01-23,-0.15,-0.37,4.76,4.91,4.84,2.44,2.32,2.29,,,,,-0.629,-1.091,,,,,,5.24,51.11,54.34,,,,,2.5,,,
2007-01-24,-0.13,-0.33,4.81,4.94,4.9,2.46,2.35,2.31,,,,,,,,,,,,5.26,53.61,53.93,,,,,2.5,,,
2007-01-25,-0.12,-0.32,4.81,4.93,4.91,2.44,2.37,2.34,,,,,,,,,,,,5.27,54.24,55.11,,,,,2.5,,,
2007-01-26,-0.11,-0.27,4.87,4.98,4.96,2.48,2.39,2.33,,,,,,,,,,,,5.31,53.49,55.67,,,,,2.5,,,
2007-01-27,-0.11,-0.25,4.88,4.99,4.98,2.48,2.4,2.36,,,,,,,,,,,,5.26,55.38,55.29,,,,,2.5,,,
2007-01-28,,,,,,,,,,,851755.0,6193.0,,,,,,,,5.26,,,,,,,2.5,5896.407,,
2007-01-29,,,,,,,,,,,,,,,,,,,,5.26,,,,,,,2.5,,,
2007-01-30,-0.09,-0.24,4.9,4.99,4.99,2.5,2.4,2.37,,,,,-0.639,-1.1261,,,,,,5.26,54.01,54.71,,,,,2.5,,,
2007-01-31,-0.1,-0.25,4.88,4.98,4.98,2.46,2.42,2.39,,,,,,,,,,,7115.6,5.23,57.03,54.69,5689.340909090909,6.5855,0.76,,2.5,,,
2007-02-01,-0.11,-0.29,4.83,4.94,4.93,2.4,2.43,2.42,,,,,,,,,,,,5.33,58.17,56.52,,,,,2.5,,,
2007-02-02,-0.12,-0.29,4.84,4.96,4.93,2.42,2.42,2.41,,,,,,,,,,,,5.29,57.35,56.74,,,,,2.5,,,
2007-02-03,-0.11,-0.31,4.83,4.94,4.93,2.42,2.41,2.42,,,,,,,,,,,,5.24,59.01,56.93,,,,,2.5,,,
2007-02-04,,,,,,,,,,,865730.0,13124.0,,,,,,,,5.24,,,,,,,2.5,5899.6693,,
2007-02-05,,,,,,,,,,,,,,,,,,,,5.24,,,,,,,2.5,,,
2007-02-06,-0.11,-0.34,4.81,4.92,4.91,2.41,2.4,2.4,,,,,-0.644,-1.0856,,,,,,5.25,58.69,58.67,,,,,2.5,,,
2007-02-07,-0.13,-0.37,4.77,4.9,4.87,2.4,2.37,2.38,,,,,,,,,,,,5.24,58.91,58.04,,,,,2.5,,,
2007-02-08,-0.13,-0.41,4.74,4.87,4.86,2.4,2.34,2.36,,,,,,,,4.5,,,,5.23,57.75,58.35,,,,,2.5,,,
2007-02-09,-0.14,-0.43,4.73,4.87,4.81,2.39,2.34,2.36,,,,,,,,,,,,5.25,59.76,57.24,,,,,2.5,,,
2007-02-10,-0.13,-0.36,4.79,4.92,4.87,2.43,2.36,2.37,,,,,,,,,,,,5.25,59.86,57.21,,,,,2.5,,,
2007-02-11,,,,,,,,,,,855057.0,5436.0,,,,,,,,5.25,,,,,,,2.5,5901.9791,,
2007-02-12,,,,,,,,,,,,,,,,,,,,5.25,,,,,,,2.5,,,
2007-02-13,-0.14,-0.38,4.8,4.94,4.88,2.46,2.34,2.34,,,,,-0.643,-1.0856,,,,,,5.28,57.76,55.52,,,,,2.5,,,
2007-02-14,-0.13,-0.35,4.82,4.95,4.9,2.46,2.36,2.36,,,,,,,,,,,,5.26,58.98,56.12,,,,,2.5,,,
2007-02-15,-0.13,-0.42,4.74,4.87,4.83,2.38,2.36,2.34,,,,,,,,,,91.3,,5.27,58.0,55.05,,,,,2.5,,,
2007-02-16,-0.13,-0.47,4.7,4.83,4.81,2.38,2.32,2.3,,,,,,,204.226,,,,,5.29,57.92,54.25,,,,,2.5,,,
2007-02-17,-0.14,-0.48,4.69,4.83,4.79,2.36,2.33,2.32,,,,,,,,,100.7753,,,5.24,59.38,56.78,,,,,2.5,,,
2007-02-18,,,,,,,,,,,867199.0,8003.0,,,,,,,,5.24,,,,,,,2.5,5924.617,,
2007-02-19,,,,,,,,,,,,,,,,,,,,5.24,,,,,,,2.5,,,
2007-02-20,,,,,,,,,,,,,-0.636,-1.1018,,,,,,5.24,,,,,,,2.5,,,
2007-02-21,-0.13,-0.51,4.68,4.81,4.78,2.36,2.32,2.32,,,,,,,,,,,,5.27,58.32,55.91,,,,,2.5,,,
2007-02-22,-0.13,-0.49,4.69,4.82,4.79,2.33,2.36,2.34,,,,,,,,,,,,5.23,59.4,57.74,,,,,2.5,,,
2007-02-23,-0.14,-0.46,4.73,4.87,4.83,2.35,2.38,2.39,,,,,,,,,,,,5.26,60.28,58.62,,,,,2.5,,,
2007-02-24,-0.14,-0.5,4.68,4.82,4.79,2.3,2.38,2.41,,,,,,,,,,,,5.24,60.28,60.38,,,,,2.5,,,
2007-02-25,,,,,,,,,,,869235.0,7648.0,,,,,,,,5.24,,,,,,,2.5,5940.3041,,
2007-02-26,,,,,,,,,,,,,,,,,,,,5.24,,,,,,,2.5,,,
2007-02-27,-0.14,-0.56,4.63,4.77,4.73,2.26,2.37,2.41,,,,,-0.624,-1.125,,,,,,5.3,61.41,60.34,,,,,2.5,,,
2007-02-28,-0.09,-0.64,4.5,4.59,4.62,2.14,2.36,2.39,,,,,,,,,,,,5.27,61.46,60.28,,,,,2.5,,,
2007-03-01,-0.09,-0.6,4.56,4.65,4.68,2.2,2.36,2.4,,,,,,,,,,,,5.41,61.78,59.39,,,,,2.5,,,
2007-03-02,-0.07,-0.59,4.56,4.63,4.68,2.19,2.37,2.39,,,,,,,,,,,,5.31,61.97,61.18,,,,,2.5,,,
2007-03-03,-0.04,-0.6,4.52,4.56,4.65,2.15,2.37,2.4,,,,,,,,,,,7131.9,5.23,61.58,61.92,5718.15,8.004736842105263,0.56,,2.5,,,
2007-03-04,,,,,,,,,,,877409.0,9378.0,,,,,,,,5.23,,,,,,,2.5,5933.6739,,
2007-03-05,,,,,,,,,,,,,,,,,,,,5.23,,,,,,,2.5,,,
2007-03-06,-0.02,-0.59,4.51,4.53,4.64,2.17,2.34,2.39,,,,,-0.609,-0.6824,,,,,,5.27,60.05,59.78,,,,,2.5,,,
2007-03-07,-0.05,-0.61,4.53,4.58,4.66,2.19,2.34,2.4,,,,,,,,,,,,5.22,60.66,59.68,,,,,2.5,,,
2007-03-08,-0.04,-0.62,4.5,4.54,4.64,2.16,2.34,2.4,,,,,,,,4.4,,,,5.24,61.85,61.13,,,,,2.5,,,
2007-03-09,-0.05,-0.59,4.51,4.56,4.65,2.17,2.34,2.39,,,,,,,,,,,,5.24,61.63,60.9,,,,,2.5,,,
2007-03-10,-0.07,-0.51,4.59,4.66,4.72,2.25,2.34,2.42,,,,,,,,,,,,5.24,60.06,60.25,,,,,2.5,,,
2007-03-11,,,,,,,,,,,864505.0,7064.0,,,,,,,,5.24,,,,,,,2.5,5919.7963,,
2007-03-12,,,,,,,,,,,,,,,,,,,,5.24,,,,,,,2.5,,,
2007-03-13,-0.06,-0.53,4.56,4.62,4.69,2.22,2.34,2.4,,,,,-0.595,-0.7816,,,,,,5.25,58.94,60.59,,,,,2.5,,,
2007-03-14,-0.02,-0.59,4.5,4.52,4.66,2.15,2.35,2.4,,,,,,,,,,,,5.25,58.03,61.52,,,,,2.5,,,
2007-03-15,-0.01,-0.53,4.53,4.54,4.69,2.18,2.35,2.41,,,,,,,,,,88.4,,5.27,58.15,60.89,,,,,2.75,,,
2007-03-16,-0.03,-0.51,4.54,4.57,4.69,2.17,2.37,2.42,,,,,,,205.288,,,,,5.29,57.52,60.4,,,,,2.75,,,
2007-03-17,-0.03,-0.49,4.55,4.58,4.7,2.16,2.39,2.44,,,,,,,,,100.9547,,,5.25,57.06,60.93,,,,,2.75,,,
2007-03-18,,,,,,,,,,,876108.0,8003.0,,,,,,,,5.25,,,,,,,2.75,5835.6932,,
2007-03-19,,,,,,,,,,,,,,,,,,,,5.25,,,,,,,2.75,,,
2007-03-20,-0.03,-0.48,4.58,4.61,4.72,2.18,2.4,2.46,,,,,-0.583,-0.84,,,,,,5.26,56.65,60.49,,,,,2.75,,,
2007-03-21,-0.04,-0.5,4.56,4.6,4.71,2.17,2.39,2.45,,,,,,,,,,,,5.26,56.41,60.11,,,,,2.75,,,
2007-03-22,0.02,-0.52,4.53,4.51,4.7,2.14,2.39,2.44,,,,,,,,,,,,5.26,56.98,60.18,,,,,2.75,,,
2007-03-23,0.02,-0.46,4.6,4.58,4.78,2.17,2.43,2.47,,,,,,,,,,,,5.27,60.21,61.57,,,,,2.75,,,
2007-03-24,0.02,-0.46,4.62,4.6,4.8,2.19,2.43,2.49,,,,,,,,,,,,5.24,61.07,63.1,,,,,2.75,,,
2007-03-25,,,,,,,,,,,863067.0,5262.0,,,,,,,,5.24,,,,,,,2.75,5862.8916,,
2007-03-26,,,,,,,,,,,,,,,,,,,,5.24,,,,,,,2.75,,,
2007-03-27,0.04,-0.46,4.6,4.56,4.79,2.16,2.44,2.48,,,,,-0.575,-1.0107,,,,,,5.28,61.77,64.43,,,,,2.75,,,
2007-03-28,0.04,-0.46,4.62,4.58,4.81,2.16,2.46,2.51,,,,,,,,,,,,5.25,62.98,64.25,,,,,2.75,,,
2007-03-29,0.09,-0.44,4.62,4.53,4.83,2.17,2.45,2.52,,,,,,,,,,,,5.27,64.11,66.15,,,,,2.75,,,
2007-03-30,0.06,-0.41,4.64,4.58,4.83,2.18,2.46,2.53,,,,,,,,,,,,5.29,66.1,67.19,,,,,2.75,,,
2007-03-31,0.07,-0.39,4.65,4.58,4.84,2.21,2.44,2.51,,,,,,,,,,,7164.7,5.3,65.94,68.47,6465.295454545455,7.11,0.68,,2.75,,,
2007-04-01,,,,,,,,,,,869803.0,9255.0,,,,,,,,5.3,,,,,,0.0,2.75,5871.1196,62.25297,95.15356581515448
2007-04-02,,,,,,,,,,,,,,,,,,,,5.3,,,,,,,2.75,,,
2007-04-03,0.05,-0.39,4.65,4.6,4.84,2.21,2.44,2.5,,,,,-0.569,-0.9469,,,,,,5.25,66.03,68.94,,,,,2.75,,,
2007-04-04,0.04,-0.38,4.67,4.63,4.85,2.25,2.42,2.47,,,,,,,,,,,,5.2,64.59,68.0,,,,,2.75,,,
2007-04-05,0.05,-0.41,4.66,4.61,4.85,2.23,2.43,2.49,,,,,,,,,,,,5.21,64.4,68.09,,,,,2.75,,,
2007-04-06,0.05,-0.36,4.68,4.63,4.87,2.22,2.46,2.51,,,,,,,,,,,,5.3,64.26,69.15,,,,,2.75,,,
2007-04-07,0.01,-0.29,4.76,4.75,4.92,2.27,2.49,2.55,,,,,,,,,,,,5.3,,,,,,,2.75,,,
2007-04-08,,,,,,,,,,,862319.0,9314.0,,,,4.5,,,,5.3,,,,,,,2.75,5898.7147,,
2007-04-09,,,,,,,,,,,,,,,,,,,,5.3,,,,,,,2.75,,,
2007-04-10,0.02,-0.27,4.75,4.73,4.92,2.27,2.48,2.52,,,,,-0.565,-0.9489,,,,,,5.28,61.51,,,,,,2.75,,,
2007-04-11,0.02,-0.3,4.73,4.71,4.91,2.27,2.46,2.51,,,,,,,,,,,,5.26,61.92,67.64,,,,,2.75,,,
2007-04-12,0.01,-0.3,4.74,4.73,4.92,2.28,2.46,2.52,,,,,,,,,,,,5.24,61.98,68.6,,,,,2.75,,,
2007-04-13,0.01,-0.29,4.74,4.73,4.91,2.28,2.46,2.52,,,,,,,,,,,,5.27,63.87,67.79,,,,,2.75,,,
2007-04-14,0.0,-0.26,4.76,4.76,4.93,2.31,2.45,2.5,,,,,,,,,,,,5.25,63.63,68.78,,,,,2.75,,,
2007-04-15,,,,,,,,,,,865441.0,6270.0,,,,,,87.1,,5.25,,,,,,,2.75,5915.4284,,
2007-04-16,,,,,,,,,,,,,,,205.904,,,,,5.25,,,,,,,2.75,,,
2007-04-17,0.0,-0.27,4.74,4.74,4.89,2.3,2.44,2.49,,,,,-0.561,-1.0206,,,101.6334,,,5.29,63.63,67.1,,,,,2.75,,,
2007-04-18,0.01,-0.32,4.69,4.68,4.85,2.29,2.4,2.44,,,,,,,,,,,,5.2,63.14,66.34,,,,,2.75,,,
2007-04-19,0.02,-0.34,4.66,4.64,4.81,2.26,2.4,2.41,,,,,,,,,,,,5.19,63.14,65.09,,,,,2.75,,,
2007-04-20,0.04,-0.31,4.68,4.64,4.84,2.27,2.41,2.44,,,,,,,,,,,,5.23,61.81,66.17,,,,,2.75,,,
2007-04-21,0.04,-0.31,4.68,4.64,4.85,2.27,2.41,2.44,,,,,,,,,,,,5.25,63.56,66.34,,,,,2.75,,,
2007-04-22,,,,,,,,,,,861335.0,9728.0,,,,,,,,5.25,,,,,,,2.75,5923.256,,
2007-04-23,,,,,,,,,,,,,,,,,,,,5.25,,,,,,,2.75,,,
2007-04-24,0.04,-0.32,4.66,4.62,4.83,2.25,2.41,2.46,,,,,-0.556,-1.028,,,,,,5.23,65.33,66.8,,,,,2.75,,,
2007-04-25,0.05,-0.35,4.63,4.58,4.8,2.21,2.42,2.42,,,,,,,,,,,,5.2,64.1,67.94,,,,,2.75,,,
2007-04-26,0.03,-0.31,4.66,4.63,4.83,2.22,2.44,2.45,,,,,,,,,,,,5.19,65.33,67.44,,,,,2.75,,,
2007-04-27,0.02,-0.27,4.69,4.67,4.87,2.26,2.43,2.46,,5.25,,,,,,,,,,5.24,65.08,67.51,,,,,2.75,,,
2007-04-28,0.04,-0.24,4.71,4.67,4.89,2.25,2.46,2.47,,6.5,,,,,,,,,,5.24,66.45,67.28,,,,,2.75,,,
2007-04-29,,,,,,,,,,,879686.0,7428.0,,,,,,,,5.24,,,,,,,2.75,5941.0283,,
2007-04-30,,,,,,,,,,,,,,,,,,,,5.24,,,,,,,2.75,,,
2007-05-01,0.03,-0.28,4.63,4.6,4.81,2.2,2.43,2.45,,,,,-0.548,-1.0025,,,,,7239.9,5.29,65.78,67.23,7753.342105263158,7.599,0.7,,2.75,,,
2007-05-02,0.01,-0.26,4.64,4.63,4.81,2.19,2.45,2.47,,,,,,,,,,,,5.26,64.43,67.4,,,,,2.75,,,
2007-05-03,0.0,-0.26,4.65,4.65,4.82,2.22,2.43,2.47,,5.75,,,,,,,,,,5.21,63.78,65.57,,,,,2.75,,,
2007-05-04,-0.03,-0.22,4.68,4.71,4.84,2.25,2.43,2.45,,,,,,,,,,,,5.24,63.23,64.85,,,,,2.75,,,
2007-05-05,-0.03,-0.25,4.65,4.68,4.8,2.24,2.41,2.42,,,,,,,,,,,,5.24,61.89,65.14,,,,,2.75,,,
2007-05-06,,,,,,,,,,,890857.0,10169.0,,,,,,,,5.24,,,,,,,2.75,5950.2191,,
2007-05-07,,,,,,,,,,,,,,,,,,,,5.24,,,,,,,2.75,,,
2007-05-08,-0.04,-0.25,4.64,4.68,4.79,2.27,2.37,2.37,,,,,-0.539,-0.9076,,4.4,,,,5.24,61.48,62.7,,,,,2.75,,,
2007-05-09,-0.05,-0.27,4.63,4.68,4.8,2.27,2.36,2.38,,,,,,,,,,,,5.21,62.26,63.55,,,,,2.75,,,
2007-05-10,-0.06,-0.21,4.67,4.73,4.83,2.29,2.38,2.38,,,,,,,,,,,,5.21,61.54,63.5,,,,,2.75,,,
2007-05-11,-0.05,-0.22,4.65,4.7,4.83,2.27,2.38,2.41,,1.5,,,,,,,,,,5.25,61.85,64.63,,,,,2.75,,,
2007-05-12,-0.04,-0.2,4.67,4.71,4.85,2.3,2.37,2.38,,,,,,,,,,,,5.27,62.35,65.18,,,,,2.75,,,
2007-05-13,,,,,,,,,,,875270.0,9624.0,,,,,,,,5.27,,,,,,,2.75,5955.9595,,
2007-05-14,,,,,,,,,,,,,,,,,,,,5.27,,,,,,,2.75,,,
2007-05-15,-0.04,-0.16,4.69,4.73,4.86,2.32,2.37,2.41,,,,,-0.529,-0.9593,,,,88.3,,5.26,62.55,65.86,,,,,2.75,,,
2007-05-16,-0.04,-0.12,4.71,4.75,4.88,2.37,2.34,2.35,,,,,,,206.755,,,,,5.29,63.16,66.74,,,,,2.75,,,
2007-05-17,-0.02,-0.04,4.71,4.73,4.88,2.38,2.33,2.34,,,,,,,,,101.7306,,,5.25,62.57,66.83,,,,,2.75,,,
2007-05-18,-0.02,-0.05,4.76,4.78,4.91,2.41,2.35,2.36,,,,,,,,,,,,5.25,64.83,69.08,,,,,2.75,,,
2007-05-19,-0.01,-0.03,4.81,4.82,4.96,2.46,2.35,2.37,,,,,,,,,,,,5.24,64.93,69.26,,,,,2.75,,,
2007-05-20,,,,,,,,,,,859559.0,7513.0,,,,,,,,5.24,,,,,,,2.75,5968.2493,,
2007-05-21,,,,,,,,,,,,,,,,,,,,5.24,,,,,,,2.75,,,
2007-05-22,-0.02,-0.09,4.79,4.81,4.94,2.43,2.36,2.35,,,,,-0.52,-0.9256,,,,,,5.24,66.25,69.51,,,,,2.75,,,
2007-05-23,0.0,-0.1,4.83,4.83,4.98,2.48,2.35,2.34,,,,,,,,,,,,5.23,64.91,70.05,,,,,2.75,,,
2007-05-24,0.01,-0.05,4.86,4.85,5.01,2.5,2.36,2.35,,,,,,,,,,,,5.25,65.1,71.01,,,,,2.75,,,
2007-05-25,0.01,-0.05,4.86,4.85,5.0,2.48,2.38,2.36,,,,,,,,,,,,5.24,63.62,71.96,,,,,2.75,,,
2007-05-26,0.01,-0.02,4.86,4.85,5.01,2.49,2.37,2.37,,,,,,,,,,,,5.29,64.59,70.72,,,,,2.75,,,
2007-05-27,,,,,,,,,,,873935.0,9562.0,,,,,,,,5.29,,,,,,,2.75,5974.9834,,
2007-05-28,,,,,,,,,,,,,,,,,,,,5.29,,,,,,,2.75,,,
2007-05-29,,,,,,,,,,,,,-0.511,-0.9693,,,,,,5.29,,,,,,,2.75,,,
2007-05-30,0.0,-0.02,4.88,4.88,5.01,2.54,2.34,2.32,,,,,,,,,,,,5.29,63.19,69.31,,,,,2.75,,,
2007-05-31,-0.01,0.03,4.88,4.89,5.01,2.52,2.36,2.33,,,,,,,,,,,7257.1,5.25,63.47,67.64,7677.952380952381,7.640909090909091,0.86,,2.75,,,
2007-06-01,-0.02,0.17,4.9,4.92,5.01,2.54,2.36,2.33,,,,,,,,,,,,5.28,64.02,68.18,,,,,2.75,,,
2007-06-02,-0.02,0.16,4.95,4.97,5.06,2.57,2.38,2.34,,,,,,,,,,,,5.23,65.09,68.65,,,,,2.75,,,
2007-06-03,,,,,,,,,,,876986.0,7223.0,,,,,,,,5.23,,,,,,,2.75,5993.5355,,
2007-06-04,,,,,,,,,,,,,,,,,,,,5.23,,,,,,,2.75,,,
2007-06-05,-0.04,0.12,4.93,4.97,5.02,2.55,2.38,2.36,,,,,-0.504,-0.9169,,,,,,5.24,66.17,70.9,,,,,2.75,,,
2007-06-06,-0.01,0.15,4.98,4.99,5.07,2.6,2.38,2.35,,,,,,,,,,,,5.19,65.63,71.36,,,,,2.75,,,
2007-06-07,0.0,0.17,4.97,4.97,5.08,2.58,2.39,2.37,,,,,,,,,,,,5.25,65.97,71.5,,,,,2.75,,,
2007-06-08,0.08,0.31,5.11,5.03,5.2,2.7,2.41,2.38,,,,,,,,4.6,,,,5.25,66.93,72.36,,,,,2.75,,,
2007-06-09,0.11,0.35,5.12,5.01,5.22,2.69,2.43,2.38,,,,,,,,,,,,5.26,64.78,70.04,,,,,2.75,,,
2007-06-10,,,,,,,,,,,872706.0,11369.0,,,,,,,,5.26,,,,,,,2.75,5998.1918,,
2007-06-11,,,,,,,,,,,,,,,,,,,,5.26,,,,,,,2.75,,,
2007-06-12,0.13,0.41,5.14,5.01,5.24,2.72,2.42,2.38,,,,,-0.501,-0.7952,,,,,,5.27,65.93,68.85,,,,,2.75,,,
2007-06-13,0.18,0.54,5.26,5.08,5.35,2.83,2.43,2.39,,,,,,,,,,,,5.26,65.36,68.56,,,,,2.75,,,
2007-06-14,0.12,0.54,5.2,5.08,5.28,2.75,2.45,2.39,,,,,,,,,,,,5.26,66.17,69.24,,,,,3.0,,,
2007-06-15,0.13,0.58,5.23,5.1,5.3,2.77,2.46,2.42,,,,,,,,,,85.3,,5.28,67.62,71.18,,,,,3.0,,,
2007-06-16,0.11,0.6,5.16,5.05,5.26,2.73,2.43,2.42,,,,,,,207.234,,,,,5.26,68.04,71.63,,,,,3.0,,,
2007-06-17,,,,,,,,,,,864989.0,6250.0,,,,,101.7893,,,5.26,,,,,,,3.0,6001.4874,,
2007-06-18,,,,,,,,,,,,,,,,,,,,5.26,,,,,,,3.0,,,
2007-06-19,0.14,0.52,5.15,5.01,5.26,2.73,2.42,2.39,,,,,-0.498,-0.7169,,,,,,5.23,69.06,72.33,,,,,3.0,,,
2007-06-20,0.15,0.44,5.09,4.94,5.2,2.67,2.42,2.38,,,,,,,,,,,,5.21,69.15,72.17,,,,,3.0,,,
2007-06-21,0.17,0.4,5.14,4.97,5.24,2.73,2.41,2.37,,,,,,,,,,,,5.27,68.5,70.55,,,,,3.0,,,
2007-06-22,0.18,0.46,5.16,4.98,5.28,2.74,2.42,2.37,,,,,,,,,,,,5.26,68.35,71.81,,,,,3.0,,,
2007-06-23,0.22,0.41,5.14,4.92,5.25,2.7,2.44,2.39,,,,,,,,,,,,5.24,68.85,72.04,,,,,3.0,,,
2007-06-24,,,,,,,,,,,866089.0,10185.0,,,,,,,,5.24,,,,,,,3.0,6042.9017,,
2007-06-25,,,,,,,,,,,,,,,,,,,,5.24,,,,,,,3.0,,,
2007-06-26,0.22,0.27,5.09,4.87,5.2,2.67,2.42,2.37,,,,,-0.493,-0.6762,,,,,,5.29,68.83,71.36,,,,,3.0,,,
2007-06-27,0.2,0.28,5.1,4.9,5.22,2.7,2.4,2.35,,,,,,,,,,,,5.25,67.78,71.41,,,,,3.0,,,
2007-06-28,0.18,0.32,5.09,4.91,5.2,2.7,2.39,2.33,,,,,,,,,,,,5.26,68.98,71.84,,,,,3.0,,,
2007-06-29,0.16,0.34,5.12,4.96,5.22,2.73,2.39,2.36,,,,,,,,,,,,5.26,69.61,71.96,,,,,3.0,,,
2007-06-30,0.16,0.21,5.03,4.87,5.12,2.65,2.38,2.33,,,,,,,,,,,,5.31,70.47,72.22,,,,-3.8,3.0,,61.57219,97.22074028015268
2007-07-01,,,,,,,,,,,865105.0,7197.0,,,,,,,7290.6,5.31,,,7514.238095238095,7.347142857142857,1.08,,3.0,6045.3159,,
2007-07-02,,,,,,,,,,,,,,,,,,,,5.31,,,,,,,3.0,,,
2007-07-03,0.14,0.05,5.0,4.86,5.09,2.61,2.39,2.34,,,,,-0.481,-0.5493,,,,,,5.31,71.11,72.9,,,,,3.0,,,
2007-07-04,0.16,0.1,5.05,4.89,5.14,2.68,2.37,2.34,,,,,,,,,,,,5.24,71.41,74.26,,,,,3.0,,,
2007-07-05,,,,,,,,,,,,,,,,,,,,5.24,,,,,,,3.0,,,
2007-07-06,0.17,0.21,5.16,4.99,5.24,2.76,2.4,2.36,,,,,,,,,,,,5.25,71.81,75.4,,,,,3.0,,,
2007-07-07,0.2,0.24,5.19,4.99,5.28,2.79,2.4,2.38,,,,,,,,,,,,5.22,72.8,76.58,,,,,3.0,,,
2007-07-08,,,,,,,,,,,876611.0,11055.0,,,,4.7,,,,5.22,,,,,,,3.0,6066.8789,,
2007-07-09,,,,,,,,,,,,,,,,,,,,5.22,,,,,,,3.0,,,
2007-07-10,0.19,0.19,5.16,4.97,5.25,2.75,2.41,2.39,,,,,-0.457,-0.7713,,,,,,5.22,72.14,77.1,,,,,3.0,,,
2007-07-11,0.18,0.08,5.03,4.85,5.14,2.64,2.39,2.36,,,,,,,,,,,,5.24,72.8,77.88,,,,,3.0,,,
2007-07-12,0.2,0.14,5.09,4.89,5.18,2.71,2.38,2.35,,,,,,,,,,,,5.24,72.58,77.44,,,,,3.0,,,
2007-07-13,0.19,0.16,5.13,4.94,5.22,2.74,2.39,2.36,,,,,,,,,,,,5.26,72.55,78.24,,,,,3.0,,,
2007-07-14,0.17,0.14,5.11,4.94,5.19,2.73,2.38,2.34,,,,,,,,,,,,5.25,73.89,78.12,,,,,3.0,,,
2007-07-15,,,,,,,,,,,869407.0,5211.0,,,,,,90.4,,5.25,,,,,,,3.0,6072.2971,,
2007-07-16,,,,,,,,,,,,,,,207.603,,,,,5.25,,,,,,,3.0,,,
2007-07-17,0.16,0.07,5.05,4.89,5.14,2.69,2.36,2.29,,,,,-0.413,-0.6834,,,101.6672,,,5.32,74.11,78.17,,,,,3.0,,,
2007-07-18,0.17,0.12,5.08,4.91,5.16,2.73,2.35,2.27,,,,,,,,,,,,5.28,74.03,77.59,,,,,3.0,,,
2007-07-19,0.18,0.06,5.02,4.84,5.1,2.64,2.38,2.3,,,,,,,,,,,,5.26,75.03,78.0,,,,,3.0,,,
2007-07-20,0.17,0.06,5.04,4.87,5.12,2.65,2.39,2.31,,,,,,,,,,,,5.25,75.9,78.37,,,,,3.0,,,
2007-07-21,0.17,-0.01,4.96,4.79,5.07,2.6,2.36,2.28,,,,,,,,,,,,5.25,75.53,79.09,,,,,3.0,,,
2007-07-22,,,,,,,,,,,872916.0,9171.0,,,,,,,,5.25,,,,,,,3.0,6075.7042,,
2007-07-23,,,,,,,,,,,,,,,,,,,,5.25,,,,,,,3.0,,,
2007-07-24,0.17,-0.05,4.97,4.8,5.07,2.63,2.34,2.24,,,,,-0.344,-0.6739,,,,,,5.26,74.65,78.36,,,,,3.0,,,
2007-07-25,0.17,-0.08,4.94,4.77,5.05,2.58,2.36,2.24,,,,,,,,,,,,5.25,73.38,75.88,,,,,3.0,,,
2007-07-26,0.18,-0.07,4.92,4.74,5.04,2.56,2.36,2.25,,,,,,,,,,,,5.32,75.74,75.21,,,,,3.0,,,
2007-07-27,0.23,-0.13,4.79,4.56,4.95,2.47,2.32,2.18,,,,,,,,,,,,5.28,74.96,77.28,,,,,3.0,,,
2007-07-28,0.24,-0.05,4.8,4.56,4.95,2.48,2.32,2.15,,,,,,,,,,,,5.25,77.03,76.58,,,,,3.0,,,
2007-07-29,,,,,,,,,,,863890.0,6215.0,,,,,,,,5.25,,,,,,,3.0,6099.0352,,
2007-07-30,,,,,,,,,,,,,,,,,,,,5.25,,,,,,,3.0,,,
2007-07-31,0.23,-0.14,4.82,4.59,4.97,2.49,2.33,2.17,,,,,-0.251,-0.1338,,,,,7321.8,5.29,76.82,76.07,7980.931818181818,6.222857142857143,1.38,,3.0,,,
2007-08-01,0.22,-0.18,4.78,4.56,4.92,2.44,2.34,2.17,,,,,,,,,,,,5.28,78.2,77.01,,,,,3.0,,,
2007-08-02,0.2,-0.13,4.76,4.56,4.9,2.44,2.32,2.17,,,,,,,,,,,,5.3,76.49,77.11,,,,,3.0,,,
2007-08-03,0.18,-0.12,4.77,4.59,4.91,2.46,2.31,2.15,,,,,,,,,,,,5.24,76.84,76.14,,,,,3.0,,,
2007-08-04,0.25,-0.14,4.71,4.46,4.87,2.44,2.27,2.11,,,,,,,,,,,,5.24,75.41,75.36,,,,,3.0,,,
2007-08-05,,,,,,,,,,,870261.0,12245.0,,,,,,,,5.24,,,,,,,3.0,6106.9822,,
2007-08-06,,,,,,,,,,,,,,,,,,,,5.24,,,,,,,3.0,,,
2007-08-07,0.26,-0.16,4.72,4.46,4.89,2.46,2.26,2.08,,,,,-0.139,0.0024,,,,,,5.26,72.03,72.69,,,,,3.0,,,
2007-08-08,0.21,-0.17,4.77,4.56,4.92,2.51,2.26,2.09,,,,,,,,4.6,,,,5.26,72.25,70.42,,,,,3.0,,,
2007-08-09,0.2,-0.11,4.84,4.64,5.01,2.58,2.26,2.11,,,,,,,,,,,,5.27,72.23,70.73,,,,,3.0,,,
2007-08-10,0.3,-0.02,4.79,4.49,5.02,2.54,2.25,2.08,,,,,,,,,,,,5.41,71.62,70.08,,,,,3.0,,,
2007-08-11,0.34,0.24,4.81,4.47,5.03,2.56,2.25,2.07,,,,,,,,,,,,4.68,71.49,69.57,,,,,3.0,,,
2007-08-12,,,,,,,,,,,865453.0,5146.0,,,,,,,,4.68,,,,,,,3.0,6122.7153,,
2007-08-13,,,,,,,,,,,,,,,,,,,,4.68,,,,,,,3.0,,,
2007-08-14,0.32,0.04,4.78,4.46,5.01,2.52,2.26,2.07,,,,,-0.019,0.1487,,,,,,4.81,71.6,71.3,,,,,3.0,,,
2007-08-15,0.34,0.09,4.73,4.39,4.99,2.49,2.24,2.07,,,,,,,,,,83.4,,4.54,72.4,69.29,,,,,3.0,,,
2007-08-16,0.42,0.48,4.69,4.27,5.0,2.46,2.23,2.04,,,,,,,207.667,,,,,4.71,73.36,71.3,,,,,3.0,,,
2007-08-17,0.52,0.81,4.6,4.08,4.92,2.39,2.21,1.99,,,,,,,,,101.863,,,4.97,70.99,68.77,,,,,3.0,,,
2007-08-18,0.5,0.92,4.68,4.18,5.0,2.45,2.23,2.03,,,,,,,,,,,,4.91,71.9,69.8,,,,,3.0,,,
2007-08-19,,,,,,,,,,,864931.0,23801.0,,,,,,,,4.91,,,,,,,3.0,6150.7747,,
2007-08-20,,,,,,,,,,,,,,,,,,,,4.91,,,,,,,3.0,,,
2007-08-21,0.53,1.52,4.64,4.11,4.98,2.44,2.2,1.99,,,,,0.099,1.2382,,,,,,5.03,71.12,68.37,,,,,3.0,,,
2007-08-22,0.55,1.01,4.6,4.05,4.95,2.38,2.22,1.99,,,,,,,,,,,,4.89,69.49,67.88,,,,,3.0,,,
2007-08-23,0.48,0.96,4.63,4.15,4.96,2.42,2.21,2.01,,,,,,,,,,,,4.77,69.3,67.73,,,,,3.0,,,
2007-08-24,0.42,0.73,4.62,4.2,4.93,2.39,2.23,2.03,,,,,,,,,,,,4.88,69.86,68.73,,,,,3.0,,,
2007-08-25,0.33,0.39,4.63,4.3,4.88,2.4,2.23,2.03,,,,,,,,,,,,5.11,71.17,69.49,,,,,3.0,,,
2007-08-26,,,,,,,,,,,862775.0,8096.0,,,,,,,,5.11,,,,,,,3.0,6194.9052,,
2007-08-27,,,,,,,,,,,,,,,,,,,,5.11,,,,,,,3.0,,,
2007-08-28,0.32,-0.03,4.6,4.28,4.87,2.38,2.22,2.03,,,,,0.193,1.3053,,,,,,5.27,71.98,68.85,,,,,3.0,,,
2007-08-29,0.4,0.13,4.53,4.13,4.86,2.33,2.2,1.96,,,,,,,,,,,,5.3,71.79,69.66,,,,,3.0,,,
2007-08-30,0.43,0.59,4.57,4.14,4.88,2.38,2.19,1.99,,,,,,,,,,,,5.0,73.52,70.48,,,,,3.0,,,
2007-08-31,0.43,0.67,4.51,4.08,4.83,2.32,2.19,1.95,,,,,,,,,,,7397.0,5.0,73.37,71.46,7500.204545454545,6.228260869565217,1.38,,3.0,,,
2007-09-01,0.39,0.53,4.54,4.15,4.83,2.34,2.2,1.97,,,,,,,,,,,,4.96,73.98,72.29,,,,,3.0,,,
2007-09-02,,,,,,,,,,,872873.0,7841.0,,,,,,,,4.96,,,,,,,3.0,6214.5568,,
2007-09-03,,,,,,,,,,,,,,,,,,,,4.96,,,,,,,3.0,,,
2007-09-04,,,,,,,,,,,,,0.245,1.0195,,,,,,4.96,,,,,,,3.0,,,
2007-09-05,0.43,0.09,4.56,4.13,4.84,2.36,2.2,1.97,,,,,,,,,,,,5.22,75.07,74.22,,,,,3.0,,,
2007-09-06,0.45,0.12,4.48,4.03,4.78,2.29,2.19,1.97,,,,,,,,,,,,5.18,75.74,74.72,,,,,3.0,,,
2007-09-07,0.43,0.22,4.51,4.08,4.79,2.32,2.19,1.97,,,,,,,,,,,,4.98,76.34,76.21,,,,,3.0,,,
2007-09-08,0.48,0.31,4.38,3.9,4.7,2.19,2.19,1.96,,,,,,,,4.7,,,,4.86,76.7,75.08,,,,,3.0,,,
2007-09-09,,,,,,,,,,,871156.0,5953.0,,,,,,,,4.86,,,,,,,3.0,6222.4682,,
2007-09-10,,,,,,,,,,,,,,,,,,,,4.86,,,,,,,3.0,,,
2007-09-11,0.47,0.38,4.34,3.87,4.65,2.14,2.2,1.98,,,,,0.26,1.4948,,,,,,5.07,77.53,74.97,,,,,3.0,,,
2007-09-12,0.42,0.26,4.37,3.95,4.65,2.16,2.21,2.01,,,,,,,,,,,,5.06,78.16,76.23,,,,,3.0,,,
2007-09-13,0.46,0.38,4.41,3.95,4.68,2.18,2.23,2.04,,,,,,,,,,,,5.18,79.85,77.15,,,,,3.0,,,
2007-09-14,0.41,0.41,4.49,4.08,4.75,2.24,2.25,2.07,,,,,,,,,,,,5.09,80.05,77.84,,,,,3.0,,,
2007-09-15,0.42,0.46,4.47,4.05,4.72,2.2,2.27,2.07,,,,,,,,,,83.4,,5.25,79.14,78.27,,,,,3.0,,,
2007-09-16,,,,,,,,,,,886314.0,8926.0,,,208.547,,,,,5.25,,,,,,,3.0,6247.4524,,
2007-09-17,,,,,,,,,,,,,,,,,102.0894,,,5.25,,,,,,,3.0,,,
2007-09-18,0.4,0.33,4.48,4.08,4.72,2.21,2.27,2.08,,,,,0.236,1.5937,,,,,,5.33,80.55,77.99,,,,,3.0,,,
2007-09-19,0.5,0.49,4.5,4.0,4.77,2.19,2.31,2.1,,,,,,,,,,,,4.92,81.51,77.0,,,,,3.0,,,
2007-09-20,0.53,0.6,4.53,4.0,4.83,2.21,2.32,2.12,,,,,,,,,,,,4.74,81.99,78.47,,,,,3.0,,,
2007-09-21,0.59,0.9,4.69,4.1,4.96,2.34,2.35,2.13,,,,,,,,,,,,4.77,83.85,78.48,,,,,3.0,,,
2007-09-22,0.58,0.9,4.64,4.06,4.89,2.31,2.33,2.13,,,,,,,,,,,,4.76,83.38,78.91,,,,,3.0,,,
2007-09-23,,,,,,,,,,,867732.0,5662.0,,,,,,,,4.76,,,,,,,3.0,6273.861,,
2007-09-24,,,,,,,,,,,,,,,,,,,,4.76,,,,,,,3.0,,,
2007-09-25,0.58,0.79,4.63,4.05,4.88,2.33,2.3,2.1,,,,,0.178,0.7245,,,,,,4.74,82.51,77.87,,,,,3.0,,,
2007-09-26,0.63,0.84,4.63,4.0,4.89,2.34,2.29,2.07,,,,,,,,,,,,4.82,81.2,76.82,,,,,3.0,,,
2007-09-27,0.66,0.9,4.63,3.97,4.9,2.34,2.29,2.08,,,,,,,,,,,,4.88,80.31,76.21,,,,,3.0,,,
2007-09-28,0.63,0.87,4.58,3.95,4.84,2.27,2.31,2.11,,,,,,,,,,,,4.93,82.86,78.88,,,,,3.0,,,
2007-09-29,0.62,0.77,4.59,3.97,4.83,2.27,2.32,2.11,,,,,,,,,,,,4.58,81.64,80.97,,,,7.5,3.0,,61.84826,98.85085583018116
2007-09-30,,,,,,,,,,,889900.0,13425.0,,,,,,,,4.58,,,,,,,3.0,6295.1046,,
2007-10-01,,,,,,,,,,,,,,,,,,,7413.8,4.58,,,7671.35,6.068947368421053,1.48,,3.0,,,
2007-10-02,0.54,0.64,4.56,4.02,4.79,2.26,2.3,2.13,,,,,0.111,0.7173,,,,,,4.92,80.31,78.33,,,,,3.0,,,
2007-10-03,0.56,0.58,4.54,3.98,4.77,2.23,2.31,2.12,,,,,,,,,,,,4.78,80.0,76.87,,,,,3.0,,,
2007-10-04,0.53,0.59,4.55,4.02,4.79,2.25,2.3,2.13,,,,,,,,,,,,4.68,79.97,77.8,,,,,3.0,,,
2007-10-05,0.54,0.58,4.54,4.0,4.77,2.24,2.3,2.13,,,,,,,,,,,,4.74,81.48,77.84,,,,,3.0,,,
2007-10-06,0.57,0.65,4.65,4.08,4.87,2.34,2.31,2.14,,,,,,,,,,,,4.77,81.2,79.05,,,,,3.0,,,
2007-10-07,,,,,,,,,,,869051.0,12404.0,,,,,,,,4.77,,,,,,,3.0,6267.7236,,
2007-10-08,,,,,,,,,,,,,,,,4.7,,,,4.77,,,,,,,3.0,,,
2007-10-09,,,,,,,,,,,,,0.049,0.6434,,,,,,4.77,78.97,76.94,,,,,3.0,,,
2007-10-10,0.52,0.61,4.67,4.15,4.87,2.34,2.33,2.18,,,,,,,,,,,,4.91,80.23,77.82,,,,,3.0,,,
2007-10-11,0.5,0.59,4.65,4.15,4.86,2.33,2.32,2.18,,,,,,,,,,,,4.52,81.3,77.85,,,,,3.0,,,
2007-10-12,0.53,0.54,4.66,4.13,4.87,2.32,2.34,2.19,,,,,,,,,,,,4.75,83.05,80.83,,,,,3.0,,,
2007-10-13,0.47,0.5,4.7,4.23,4.91,2.36,2.34,2.2,,,,,,,,,,,,4.75,83.73,80.82,,,,,3.0,,,
2007-10-14,,,,,,,,,,,886363.0,7074.0,,,,,,,,4.75,,,,,,,3.0,6288.5184,,
2007-10-15,,,,,,,,,,,,,,,,,,80.9,,4.75,,,,,,,3.0,,,
2007-10-16,0.47,0.39,4.69,4.22,4.91,2.34,2.35,2.22,,,,,0.007,0.3682,209.19,,,,,4.81,86.19,82.5,,,,,3.0,,,
2007-10-17,0.54,0.41,4.66,4.12,4.9,2.31,2.35,2.23,,,,,,,,,101.8015,,,4.68,87.58,84.43,,,,,3.0,,,
2007-10-18,0.57,0.56,4.57,4.0,4.82,2.22,2.35,2.21,,,,,,,,,,,,4.7,87.19,85.24,,,,,3.0,,,
2007-10-19,0.59,0.76,4.52,3.93,4.78,2.2,2.32,2.21,,,,,,,,,,,,4.69,89.48,85.03,,,,,3.0,,,
2007-10-20,0.61,0.55,4.41,3.8,4.68,2.09,2.32,2.19,,,,,,,,,,,,4.77,88.58,84.25,,,,,3.0,,,
2007-10-21,,,,,,,,,,,869509.0,6969.0,,,,,,,,4.77,,,,,,,3.0,6360.2414,,
2007-10-22,,,,,,,,,,,,,,,,,,,,4.77,,,,,,,3.0,,,
2007-10-23,0.57,0.42,4.42,3.85,4.68,2.11,2.31,2.2,,,,,-0.001,0.7443,,,,,,4.71,87.6,82.72,,,,,3.0,,,
2007-10-24,0.6,0.43,4.41,3.81,4.69,2.11,2.3,2.17,,,,,,,,,,,,4.67,86.45,82.31,,,,,3.0,,,
2007-10-25,0.62,0.51,4.36,3.74,4.64,2.07,2.29,2.16,,,,,,,,,,,,4.74,88.3,83.47,,,,,3.0,,,
2007-10-26,0.63,0.43,4.37,3.74,4.66,2.04,2.33,2.22,,,,,,,,,,,,4.86,92.09,85.4,,,,,3.0,,,
2007-10-27,0.64,0.45,4.41,3.77,4.68,2.05,2.36,2.24,,,,,,,,,,,,4.8,91.73,84.71,,,,,3.0,,,
2007-10-28,,,,,,,,,,,881395.0,7035.0,,,,,,,,4.8,,,,,,,3.0,6379.2762,,
2007-10-29,,,,,,,,,,,,,,,,,,,,4.8,,,,,,,3.0,,,
2007-10-30,0.6,0.38,4.39,3.79,4.66,2.04,2.35,2.25,,,,,0.029,0.8118,,,,,,4.84,93.45,89.87,,,,,3.0,,,
2007-10-31,0.58,0.44,4.4,3.82,4.68,2.06,2.34,2.25,,,,,,,,,,,7429.0,4.78,90.33,89.87,8020.586956521739,6.735652173913043,2.26,,3.0,,,
2007-11-01,0.54,0.54,4.48,3.94,4.74,2.14,2.34,2.26,,,,,,,,,,,,4.6,94.16,89.87,,,,,3.0,,,
2007-11-02,0.59,0.55,4.36,3.77,4.64,2.0,2.36,2.28,,,,,,,,,,,,4.59,93.53,90.36,,,,,3.0,,,
2007-11-03,0.65,0.7,4.31,3.66,4.61,1.92,2.39,2.31,,,,,,,,,,,,4.28,95.81,92.11,,,,,3.0,,,
2007-11-04,,,,,,,,,,,883385.0,8839.0,,,,,,,,4.28,,,,,,,3.0,6382.0221,,
2007-11-05,,,,,,,,,,,,,,,,,,,,4.28,,,,,,,3.0,,,
2007-11-06,0.66,0.64,4.35,3.69,4.63,1.94,2.41,2.35,,,,,0.095,0.4836,,,,,,4.29,94.06,92.16,,,,,3.0,,,
2007-11-07,0.68,0.62,4.38,3.7,4.66,1.93,2.45,2.4,,,,,,,,,,,,4.22,96.65,93.99,,,,,3.0,,,
2007-11-08,0.73,0.85,4.34,3.61,4.67,1.91,2.43,2.38,,,,,,,,4.7,,,,4.39,96.46,94.85,,,,,3.0,,,
2007-11-09,0.81,0.9,4.28,3.47,4.67,1.88,2.4,2.34,,,,,,,,,,,,4.58,95.51,94.4,,,,,3.0,,,
2007-11-10,0.81,0.96,4.23,3.42,4.61,1.82,2.41,2.37,,,,,,,,,,,,4.49,96.36,92.32,,,,,3.0,,,
2007-11-11,,,,,,,,,,,885724.0,8618.0,,,,,,,,4.49,,,,,,,3.0,6390.8846,,
2007-11-12,,,,,,,,,,,,,,,,,,,,4.49,,,,,,,3.0,,,
2007-11-13,,,,,,,,,,,,,0.193,1.1637,,,,,,4.49,94.4,91.56,,,,,3.0,,,
2007-11-14,0.72,0.76,4.26,3.54,4.61,1.86,2.4,2.38,,,,,,,,,,,,4.61,91.18,89.09,,,,,3.0,,,
2007-11-15,0.71,0.87,4.28,3.57,4.61,1.88,2.4,2.36,,,,,,,,,,76.1,,4.6,94.02,90.73,,,,,3.0,,,
2007-11-16,0.82,0.87,4.17,3.35,4.54,1.81,2.36,2.32,,,,,,,210.834,,,,,4.54,93.37,90.32,,,,,3.0,,,
2007-11-17,0.82,0.75,4.15,3.33,4.52,1.8,2.35,2.31,,,,,,,,,102.3446,,,4.51,94.81,91.99,,,,,3.0,,,
2007-11-18,,,,,,,,,,,889537.0,6221.0,,,,,,,,4.51,,,,,,,3.0,6398.5279,,
2007-11-19,,,,,,,,,,,,,,,,,,,,4.51,,,,,,,3.0,,,
2007-11-20,0.89,0.67,4.07,3.18,4.47,1.7,2.37,2.31,,,,,0.305,1.1845,,,,,,4.51,95.75,91.59,,,,,3.0,,,
2007-11-21,0.92,0.81,4.06,3.14,4.49,1.68,2.38,2.32,,,,,,,,,,,,4.51,99.16,94.13,,,,,3.0,,,
2007-11-22,1.01,0.91,4.0,2.99,4.46,1.62,2.38,2.29,,,,,,,,,,,,4.5,98.57,94.97,,,,,3.0,,,
2007-11-23,,,,,,,,,,,,,,,,,,,,4.5,,,,,,,3.0,,,
2007-11-24,0.94,0.78,4.01,3.07,4.43,1.63,2.38,2.28,,,,,,,,,,,,4.56,98.24,95.33,,,,,3.0,,,
2007-11-25,,,,,,,,,,,891028.0,9412.0,,,,,,,,4.56,,,,,,,3.0,6422.8778,,
2007-11-26,,,,,,,,,,,,,,,,,,,,4.56,,,,,,,3.0,,,
2007-11-27,0.91,0.7,3.83,2.92,4.26,1.45,2.38,2.27,,,,,0.419,1.9431,,,,,,4.62,97.66,94.88,,,,,3.0,,,
2007-11-28,0.9,0.79,3.95,3.05,4.36,1.58,2.37,2.27,,,,,,,,,,,,4.39,94.39,93.23,,,,,3.0,,,
2007-11-29,0.86,0.98,4.03,3.17,4.41,1.71,2.32,2.25,,,,,,,,,,,,4.53,90.71,91.64,,,,,3.0,,,
2007-11-30,0.88,0.95,3.94,3.06,4.35,1.61,2.33,2.26,,,,,,,,,,,,4.55,90.98,92.34,,,,,3.0,,,
2007-12-01,0.93,0.82,3.97,3.04,4.4,1.63,2.34,2.24,,,,,,,,,,,7454.0,4.66,88.6,88.71,6957.431818181818,7.1055,3.32,,3.0,,,
2007-12-02,,,,,,,,,,,879417.0,8800.0,,,,,,,,4.66,,,,,,,3.0,6428.1763,,
2007-12-03,,,,,,,,,,,,,,,,,,,,4.66,,,,,,,3.0,,,
2007-12-04,0.99,0.83,3.89,2.9,4.34,1.57,2.32,2.2,,,,,0.514,2.0897,,,,,,4.52,89.29,87.85,,,,,3.0,,,
2007-12-05,0.99,0.82,3.89,2.9,4.34,1.59,2.3,2.17,,,,,,,,,,,,4.5,88.31,89.97,,,,,3.0,,,
2007-12-06,1.02,0.85,3.92,2.9,4.39,1.66,2.26,2.13,,,,,,,,,,,,4.31,87.45,90.7,,,,,3.0,,,
2007-12-07,0.99,0.93,4.02,3.03,4.49,1.77,2.25,2.14,,,,,,,,,,,,4.49,90.25,88.46,,,,,3.0,,,
2007-12-08,1.0,1.0,4.12,3.12,4.58,1.86,2.26,2.14,,,,,,,,5.0,,,,4.41,88.23,88.46,,,,,3.0,,,
2007-12-09,,,,,,,,,,,882764.0,9952.0,,,,,,,,4.41,,,,,,,3.0,6439.5947,,
2007-12-10,,,,,,,,,,,,,,,,,,,,4.41,,,,,,,3.0,,,
2007-12-11,0.98,1.1,4.15,3.17,4.6,1.89,2.26,2.14,,,,,0.578,1.973,,,,,,4.46,87.72,87.33,,,,,3.0,,,
2007-12-12,1.04,1.04,3.98,2.94,4.47,1.73,2.25,2.1,,,,,,,,,,,,4.29,90.12,87.77,,,,,3.0,,,
2007-12-13,0.98,1.17,4.05,3.07,4.51,1.78,2.27,2.15,,,,,,,,,,,,4.28,94.41,91.69,,,,,3.0,,,
2007-12-14,0.97,1.31,4.18,3.21,4.61,1.87,2.31,2.19,,,,,,,,,,,,4.3,92.35,92.57,,,,,3.0,,,
2007-12-15,0.93,1.36,4.24,3.31,4.66,1.9,2.34,2.24,,,,,,,,,,75.5,,4.24,91.31,91.86,,,,,3.0,,,
2007-12-16,,,,,,,,,,,881750.0,4451.0,,,211.445,,,,,4.24,,,,,,,3.0,6440.1149,,
2007-12-17,,,,,,,,,,,,,,,,,102.3803,,,4.24,,,,,,,3.0,,,
2007-12-18,0.96,1.13,4.2,3.24,4.62,1.86,2.34,2.25,,,,,0.606,1.9414,,,,,,4.31,90.69,90.32,,,,,3.0,,,
2007-12-19,0.95,1.1,4.14,3.19,4.55,1.8,2.34,2.26,,,,,,,,,,,,4.16,89.93,90.71,,,,,3.0,,,
2007-12-20,0.94,1.15,4.06,3.12,4.47,1.73,2.33,2.25,,,,,,,,,,,,3.98,91.11,90.98,,,,,3.0,,,
2007-12-21,0.95,1.12,4.04,3.09,4.46,1.74,2.3,2.23,,,,,,,,,,,,4.37,90.88,91.06,,,,,3.0,,,
2007-12-22,0.99,1.18,4.18,3.19,4.58,1.84,2.34,2.26,,,,,,,,,,,,4.28,93.19,91.03,,,,,3.0,,,
2007-12-23,,,,,,,,,,,887983.0,8685.0,,,,,,,,4.28,,,,,,,3.0,6466.7393,,
2007-12-24,,,,,,,,,,,,,,,,,,,,4.28,,,,,,,3.0,,,
2007-12-25,0.99,0.9,4.23,3.24,4.62,1.88,2.35,2.28,,,,,0.597,1.8016,,,,,,4.0,94.0,91.59,,,,,3.0,,,
2007-12-26,,,,,,,,,,,,,,,,,,,,4.0,,,,,,,3.0,,,
2007-12-27,0.99,0.98,4.3,3.31,4.68,1.95,2.35,2.29,,,,,,,,,,,,4.26,95.89,,,,,,3.0,,,
2007-12-28,0.97,1.04,4.21,3.24,4.61,1.85,2.36,2.33,,,,,,,,,,,,4.15,96.63,95.66,,,,,3.0,,,
2007-12-29,0.99,0.93,4.11,3.12,4.51,1.78,2.33,2.29,,,,,,,,,,,,4.01,96.03,95.92,,,,,3.0,,,
2007-12-30,,,,,,,,,,,890662.0,5674.0,,,,,,,,4.01,,,,,,19.2,3.0,6486.2877,62.71924,100.20711953987248
2007-12-31,,,,,,,,,,,,,,,,,,,7482.7,4.01,,,6630.736111111111,7.131447368421053,9.3,,3.0,,,
2008-01-01,0.99,0.68,4.04,3.05,4.45,1.73,2.31,2.27,,,,,0.557,1.3378,,,,,,3.06,95.95,93.68,,,,,3.0,,,
2008-01-02,,,,,,,,,,,,,,,,,,,,3.06,,,,,,,3.0,,,
2008-01-03,1.03,0.65,3.91,2.88,4.35,1.59,2.32,2.28,,,,,,,,,,,,4.11,99.64,97.01,,,,,3.0,,,
2008-01-04,1.08,0.67,3.91,2.83,4.37,1.58,2.33,2.28,,,,,,,,,,,,4.25,99.17,98.45,,,,,3.0,,,
2008-01-05,1.14,0.68,3.88,2.74,4.36,1.56,2.32,2.25,,,,,,,,,,,,4.18,97.9,96.87,,,,,3.0,,,
2008-01-06,,,,,,,,,,,922187.0,13029.0,,,,,,,,4.18,,,,,,,3.0,6511.9748,,
2008-01-07,,,,,,,,,,,,,,,,,,,,4.18,,,,,,,3.0,,,
2008-01-08,1.1,0.59,3.86,2.76,4.34,1.57,2.29,2.22,,,,,0.509,1.6394,,5.0,,,,4.27,95.08,94.19,,,,,3.0,,,
2008-01-09,1.1,0.61,3.86,2.76,4.35,1.57,2.29,2.21,,,,,,,,,,,,4.27,96.43,96.37,,,,,3.0,,,
2008-01-10,1.13,0.6,3.82,2.69,4.32,1.56,2.26,2.16,,,,,,,,,,,,4.26,95.64,96.76,,,,,3.0,,,
2008-01-11,1.2,0.67,3.91,2.71,4.44,1.68,2.23,2.12,,,,,,,,,,,,4.26,93.92,92.8,,,,,3.0,,,
2008-01-12,1.23,0.73,3.82,2.59,4.39,1.56,2.26,2.15,,,,,,,,,,,,4.23,92.74,91.86,,,,,3.0,,,
2008-01-13,,,,,,,,,,,880754.0,4149.0,,,,,,,,4.23,,,,,,,3.0,6509.0682,,
2008-01-14,,,,,,,,,,,,,,,,,,,,4.23,,,,,,,3.0,,,
2008-01-15,1.23,0.62,3.81,2.58,4.37,1.53,2.28,2.19,,,,,0.463,1.3125,,,,78.4,,4.24,94.23,92.58,,,,,3.0,,,
2008-01-16,1.19,0.55,3.72,2.53,4.28,1.45,2.27,2.16,,,,,,,212.174,,,,,4.24,91.87,90.87,,,,,3.0,,,
2008-01-17,1.23,0.6,3.74,2.51,4.32,1.5,2.24,2.11,,,,,,,,,102.2448,,,4.22,90.8,88.1,,,,,3.0,,,
2008-01-18,1.22,0.59,3.66,2.44,4.25,1.43,2.23,2.06,,,,,,,,,,,,4.23,90.11,88.96,,,,,3.0,,,
2008-01-19,1.3,0.8,3.66,2.36,4.28,1.42,2.24,2.04,,,,,,,,,,,,4.17,90.55,89.66,,,,,3.0,,,
2008-01-20,,,,,,,,,,,893581.0,11626.0,,,,,,,,4.17,,,,,,,3.0,6504.2828,,
2008-01-21,,,,,,,,,,,,,,,,,,,,4.17,,,,,,,3.0,,,
2008-01-22,,,,,,,,,,,,,0.438,0.9908,,,,,,4.17,,,,,,,3.0,,,
2008-01-23,1.44,1.17,3.52,2.08,4.23,1.28,2.24,1.97,,,,,,,,,,,,3.68,89.64,88.11,,,,,3.0,,,
2008-01-24,1.42,1.3,3.51,2.09,4.23,1.31,2.2,1.92,,,,,,,,,,,,3.43,87.65,87.06,,,,,3.0,,,
2008-01-25,1.43,1.31,3.68,2.25,4.36,1.44,2.24,1.99,,,,,,,,,,,,3.47,89.98,87.69,,,,,3.0,,,
2008-01-26,1.38,1.31,3.61,2.23,4.28,1.34,2.27,2.05,,,,,,,,,,,,3.6,90.37,90.96,,,,,3.0,,,
2008-01-27,,,,,,,,,,,877253.0,6481.0,,,,,,,,3.6,,,,,,,3.0,6538.4541,,
2008-01-28,,,,,,,,,,,,,,,,,,,,3.6,,,,,,,3.0,,,
2008-01-29,1.41,1.27,3.61,2.2,4.29,1.33,2.28,2.05,,,,,0.444,1.645,,,,,,3.5,90.99,90.91,,,,,3.0,,,
2008-01-30,1.4,1.41,3.69,2.29,4.34,1.37,2.32,2.1,,,,,,,,,,,,3.47,91.66,92.49,,,,,3.0,,,
2008-01-31,1.48,1.57,3.78,2.3,4.44,1.45,2.33,2.12,,,,,,,,,,,7513.6,3.26,92.34,92.46,7078.909090909091,7.982857142857143,22.38,,3.0,,,
2008-02-01,1.5,1.71,3.67,2.17,4.35,1.33,2.34,2.15,,,,,,,,,,,,3.22,91.67,91.58,,,,,3.0,,,
2008-02-02,1.53,1.52,3.62,2.09,4.32,1.31,2.31,2.09,,,,,,,,,,,,3.12,89.03,91.41,,,,,3.0,,,
2008-02-03,,,,,,,,,,,900264.0,12402.0,,,,,,,,3.12,,,,,,,3.0,6542.5341,,
2008-02-04,,,,,,,,,,,,,,,,,,,,3.12,,,,,,,3.0,,,
2008-02-05,1.6,1.41,3.68,2.08,4.37,1.38,2.3,2.04,,,,,0.473,0.9854,,,,,,2.82,90.07,91.09,,,,,3.0,,,
2008-02-06,1.68,1.42,3.61,1.93,4.33,1.34,2.27,1.98,,,,,,,,,,,,2.71,88.32,89.6,,,,,3.0,,,
2008-02-07,1.65,1.51,3.61,1.96,4.37,1.36,2.25,1.96,,,,,,,,,,,,2.94,87.16,88.73,,,,,3.0,,,
2008-02-08,1.75,1.57,3.74,1.99,4.51,1.47,2.27,1.99,,,,,,,,4.9,,,,3.03,88.07,88.55,,,,,3.0,,,
2008-02-09,1.71,1.41,3.64,1.93,4.43,1.36,2.28,2.02,,,,,,,,,,,,3.05,91.77,91.45,,,,,3.0,,,
2008-02-10,,,,,,,,,,,871022.0,8999.0,,,,,,,,3.05,,,,,,,3.0,6534.7251,,
2008-02-11,,,,,,,,,,,,,,,,,,,,3.05,,,,,,,3.0,,,
2008-02-12,1.69,1.31,3.62,1.93,4.41,1.32,2.3,2.05,,,,,0.533,1.5261,,,,,,2.88,93.56,93.93,,,,,3.0,,,
2008-02-13,1.72,1.35,3.66,1.94,4.46,1.36,2.3,2.06,,,,,,,,,,,,2.91,92.82,94.28,,,,,3.0,,,
2008-02-14,1.79,1.42,3.7,1.91,4.52,1.42,2.28,2.03,,,,,,,,,,,,3.02,93.28,93.82,,,,,3.0,,,
2008-02-15,1.92,1.54,3.85,1.93,4.67,1.57,2.28,2.03,,,,,,,,,,70.8,,3.03,95.42,95.92,,,,,3.0,,,
2008-02-16,1.85,1.55,3.76,1.91,4.58,1.48,2.28,2.08,,,,,,,212.687,,,,,2.97,95.57,96.96,,,,,3.0,,,
2008-02-17,,,,,,,,,,,883005.0,5583.0,,,,,101.8438,,,2.97,,,,,,,3.0,6542.0471,,
2008-02-18,,,,,,,,,,,,,,,,,,,,2.97,,,,,,,3.0,,,
2008-02-19,,,,,,,,,,,,,0.617,1.3093,,,,,,2.97,,,,,,,3.0,,,
2008-02-20,1.83,1.61,3.89,2.06,4.66,1.56,2.33,2.15,,,,,,,,,,,,2.94,99.99,97.03,,,,,3.0,,,
2008-02-21,1.79,1.68,3.93,2.14,4.65,1.55,2.38,2.25,,,,,,,,,,,,3.0,100.86,97.88,,,,,3.0,,,
2008-02-22,1.79,1.57,3.77,1.98,4.54,1.43,2.34,2.17,,,,,,,,,,,,3.01,98.57,97.52,,,,,3.0,,,
2008-02-23,1.81,1.59,3.79,1.98,4.58,1.44,2.35,2.17,,,,,,,,,,,,2.97,99.03,96.07,,,,,3.0,,,
2008-02-24,,,,,,,,,,,878949.0,10523.0,,,,,,,,2.97,,,,,,,3.0,6575.4774,,
2008-02-25,,,,,,,,,,,,,,,,,,,,2.97,,,,,,,3.0,,,
2008-02-26,1.78,1.71,3.91,2.13,4.67,1.53,2.38,2.27,,,,,0.715,1.1615,,,,,,3.0,99.4,97.43,,,,,3.0,,,
2008-02-27,1.84,1.74,3.88,2.04,4.66,1.44,2.44,2.32,,,,,,,,,,,,2.85,100.83,99.05,,,,,3.0,,,
2008-02-28,1.84,1.87,3.85,2.01,4.65,1.42,2.43,2.32,,,,,,,,,,,,2.93,99.59,98.28,,,,,3.0,,,
2008-02-29,1.84,1.81,3.71,1.87,4.55,1.26,2.45,2.34,,,,,,,,,,,,3.06,102.6,99.83,,,,,3.0,,,
2008-03-01,1.88,1.68,3.53,1.65,4.41,1.1,2.43,2.3,,,,,,,,,,,,3.01,101.78,100.9,,,,,3.0,,,
2008-03-02,,,,,,,,,,,893825.0,8006.0,,,,,,,7600.3,3.01,,,7941.142857142857,8.5455,46.08,,3.0,6586.5697,,
2008-03-03,,,,,,,,,,,,,,,,,,,,3.01,,,,,,,3.0,,,
2008-03-04,1.93,1.84,3.54,1.61,4.42,1.08,2.46,2.29,,,,,0.814,1.4515,,,,,,3.1,102.42,101.83,,,,,3.0,,,
2008-03-05,1.98,1.97,3.63,1.65,4.52,1.15,2.48,2.33,,,,,,,,,,,,2.9,99.72,98.6,,,,,3.0,,,
2008-03-06,2.04,2.17,3.7,1.66,4.6,1.16,2.54,2.36,,,,,,,,,,,,2.93,104.45,100.95,,,,,3.0,,,
2008-03-07,2.09,2.23,3.62,1.53,4.57,1.07,2.55,2.37,,,,,,,,,,,,2.99,105.51,103.47,,,,,3.0,,,
2008-03-08,2.03,2.11,3.56,1.53,4.55,1.01,2.55,2.37,,,,,,,,5.1,,,,2.96,105.12,104.66,,,,,3.0,,,
2008-03-09,,,,,,,,,,,881208.0,10019.0,,,,,,,,2.96,,,,,,,3.0,6587.0661,,
2008-03-10,,,,,,,,,,,,,,,,,,,,2.96,,,,,,,3.0,,,
2008-03-11,1.99,2.11,3.46,1.47,4.45,0.9,2.56,2.36,,,,,0.905,2.479,,,,,,2.99,107.9,105.33,,,,,3.0,,,
2008-03-12,1.86,2.12,3.6,1.74,4.53,1.05,2.55,2.41,,,,,,,,,,,,2.95,108.73,106.78,,,,,3.0,,,
2008-03-13,1.86,2.01,3.49,1.63,4.4,0.95,2.54,2.37,,,,,,,,,,,,2.97,109.86,107.99,,,,,3.0,,,
2008-03-14,1.93,2.21,3.56,1.63,4.47,1.05,2.51,2.38,,,,,,,,,,,,2.98,110.21,109.18,,,,,3.0,,,
2008-03-15,1.97,2.26,3.44,1.47,4.35,1.01,2.43,2.25,,,,,,,,,,69.5,,2.99,110.03,109.16,,,,,3.0,,,
2008-03-16,,,,,,,,,,,896565.0,7487.0,,,213.448,,,,,2.99,,,,,,,3.0,6591.4069,,
2008-03-17,,,,,,,,,,,,,,,,,101.5336,,,2.99,,,,,,,3.0,,,
2008-03-18,1.99,2.23,3.34,1.35,4.29,1.05,2.29,2.1,,,,,0.965,2.0565,,,,,,2.69,105.74,104.41,,,,,3.0,,,
2008-03-19,1.9,2.56,3.48,1.58,4.35,1.08,2.4,2.21,,,,,,,,,,,,2.16,109.57,105.35,,,,,3.0,,,
2008-03-20,1.84,2.77,3.38,1.54,4.22,1.04,2.34,2.14,,7.25,,,,,,,,,,2.08,103.25,102.65,,,,,3.0,,,
2008-03-21,1.75,2.71,3.34,1.59,4.17,1.02,2.32,2.14,,,,,,,,,,,,2.22,102.57,99.78,,,,,3.0,,,
2008-03-22,,,,,,,,,,,,,,,,,,,,2.08,,,,,,,3.0,,,
2008-03-23,,,,,,,,,,,888646.0,15836.0,,,,,,,,2.08,,,,,,,3.0,6628.5923,,
2008-03-24,,,,,,,,,,,,,,,,,,,,2.08,,,,,,,3.0,,,
2008-03-25,1.72,2.32,3.56,1.84,4.33,1.24,2.32,2.17,,,,,0.99,2.3975,,,,,,2.08,101.7,100.93,,,,,3.0,,,
2008-03-26,1.72,2.22,3.51,1.79,4.3,1.25,2.26,2.13,,,,,,,,,,,,2.42,101.78,99.91,,,,,3.0,,,
2008-03-27,1.8,2.22,3.51,1.71,4.33,1.24,2.27,2.13,,,,,,,,,,,,2.3,105.83,102.83,,,,,3.0,,,
2008-03-28,1.83,2.26,3.56,1.73,4.38,1.23,2.33,2.21,,,,,,,,,,,,2.27,107.56,103.89,,,,,3.0,,,
2008-03-29,1.8,2.14,3.47,1.67,4.33,1.13,2.34,2.21,,6.0,,,,,,,,,,2.09,105.59,102.68,,,,,3.0,,,
2008-03-30,,,,,,,,,,,893965.0,6014.0,,,,,,,,2.09,,,,,,,3.0,6625.2986,,
2008-03-31,,,,,,,,,,,,,,,,,,,7664.9,2.09,,,8434.315789473683,9.411,62.58,32.1,3.0,,64.17278,99.11033625933912
2008-04-01,1.83,2.07,3.45,1.62,4.3,1.11,2.34,2.19,,5.0,,,0.97,1.6949,,,,,,2.51,101.54,102.33,,,,,3.0,,,
2008-04-02,1.77,2.17,3.57,1.8,4.4,1.22,2.35,2.21,,,,,,,,,,,,2.38,100.92,98.69,,,,,3.0,,,
2008-04-03,1.72,2.19,3.6,1.88,4.38,1.26,2.34,2.21,,3.75,,,,,,,,,,2.18,104.83,98.85,,,,,3.0,,,
2008-04-04,1.7,2.21,3.61,1.91,4.4,1.28,2.33,2.21,,,,,,,,,,,,2.19,103.92,102.31,,,,,3.0,,,
2008-04-05,1.67,2.15,3.5,1.83,4.32,1.18,2.32,2.18,,,,,,,,,,,,2.26,106.09,102.21,,,,,3.0,,,
2008-04-06,,,,,,,,,,,883708.0,12639.0,,,,,,,,2.26,,,,,,,3.0,6615.1709,,
2008-04-07,,,,,,,,,,,,,,,,,,,,2.26,,,,,,,3.0,,,
2008-04-08,1.62,2.12,3.57,1.95,4.36,1.23,2.34,2.23,,,,,0.917,1.7472,,5.0,,,,2.24,108.91,105.98,,,,,3.0,,,
2008-04-09,1.71,2.17,3.58,1.87,4.37,1.26,2.32,2.19,,,,,,,,,,,,2.23,108.54,105.05,,,,,3.0,,,
2008-04-10,1.72,2.18,3.49,1.77,4.31,1.19,2.3,2.17,,,,,,,,,,,,2.2,110.89,107.46,,,,,3.0,,,
2008-04-11,1.71,2.28,3.55,1.84,4.34,1.26,2.29,2.19,,,,,,,,,,,,2.3,110.07,107.37,,,,,3.0,,,
2008-04-12,1.73,2.3,3.49,1.76,4.3,1.19,2.3,2.17,,,,,,,,,,,,2.37,110.14,107.15,,,,,3.0,,,
2008-04-13,,,,,,,,,,,893029.0,6742.0,,,,,,,,2.37,,,,,,,3.0,6620.5934,,
2008-04-14,,,,,,,,,,,,,,,,,,,,2.37,,,,,,,3.0,,,
2008-04-15,1.75,2.45,3.53,1.78,4.35,1.23,2.3,2.17,,,,,0.844,1.9025,,,,62.6,,2.32,111.71,108.32,,,,,3.0,,,
2008-04-16,1.76,2.5,3.6,1.84,4.42,1.28,2.32,2.2,,,,,,,213.942,,,,,2.32,113.77,110.84,,,,,3.0,,,
2008-04-17,1.74,2.6,3.72,1.98,4.54,1.41,2.31,2.22,,,,,,,,,100.8785,,,2.35,114.8,110.95,,,,,3.0,,,
2008-04-18,1.62,2.52,3.75,2.13,4.54,1.44,2.31,2.22,,,,,,,,,,,,2.37,114.8,111.34,,,,,3.0,,,
2008-04-19,1.58,2.42,3.77,2.19,4.51,1.45,2.32,2.24,,,,,,,,,,,,2.32,116.56,110.67,,,,,3.0,,,
2008-04-20,,,,,,,,,,,881904.0,8244.0,,,,,,,,2.32,,,,,,,3.0,6640.3922,,
2008-04-21,,,,,,,,,,,,,,,,,,,,2.32,,,,,,,3.0,,,
2008-04-22,1.55,2.41,3.75,2.2,4.48,1.44,2.31,2.25,,,,,0.761,1.9277,,,,,,2.28,117.48,111.35,,,,,3.0,,,
2008-04-23,1.5,2.47,3.74,2.24,4.46,1.43,2.31,2.24,,,,,,,,,,,,1.99,119.17,113.54,,,,,3.0,,,
2008-04-24,1.55,2.51,3.77,2.22,4.49,1.44,2.33,2.25,,,,,,,,,,,,2.18,119.28,115.34,,,,,3.0,,,
2008-04-25,1.46,2.61,3.87,2.41,4.56,1.56,2.31,2.26,,,,,,,,,,,,2.26,117.1,114.85,,,,,3.0,,,
2008-04-26,1.47,2.57,3.91,2.44,4.61,1.6,2.31,2.31,,,,,,,,,,,,2.28,119.64,116.62,,,,,3.0,,,
2008-04-27,,,,,,,,,,,885781.0,10668.0,,,,,,,,2.28,,,,,,,3.0,6638.1622,,
2008-04-28,,,,,,,,,,,,,,,,,,,,2.28,,,,,,,3.0,,,
2008-04-29,1.5,2.43,3.86,2.36,4.57,1.56,2.3,2.3,,,,,0.675,1.7147,,,,,,2.29,118.78,115.7,,,,,3.0,,,
2008-04-30,1.5,2.39,3.85,2.35,4.55,1.56,2.29,2.29,,,,,,,,,,,,2.21,115.67,113.86,,,,,3.0,,,
2008-05-01,1.48,2.34,3.77,2.29,4.49,1.5,2.27,2.26,,,,,,,,,,,7711.4,2.37,113.7,111.12,8714.181818181818,10.18,75.14,,3.0,,,
2008-05-02,1.41,2.33,3.78,2.37,4.49,1.52,2.26,2.27,,,,,,,,,,,,2.16,112.6,107.3,,,,,3.0,,,
2008-05-03,1.42,2.39,3.89,2.47,4.57,1.53,2.36,2.32,,,,,,,,,,,,1.88,116.36,111.92,,,,,3.0,,,
2008-05-04,,,,,,,,,,,888131.0,9128.0,,,,,,,,1.88,,,,,,,3.0,6643.1439,,
2008-05-05,,,,,,,,,,,,,,,,,,,,1.88,,,,,,,3.0,,,
2008-05-06,1.46,2.35,3.88,2.42,4.58,1.53,2.35,2.29,,,,,0.6,1.3916,,,,,,1.85,119.94,115.68,,,,,3.0,,,
2008-05-07,1.55,2.3,3.93,2.38,4.64,1.55,2.38,2.31,,,,,,,,,,,,1.91,121.82,119.88,,,,,3.0,,,
2008-05-08,1.56,2.2,3.87,2.31,4.61,1.51,2.36,2.29,,,,,,,,5.4,,,,2.01,123.56,120.27,,,,,3.0,,,
2008-05-09,1.54,2.13,3.79,2.25,4.5,1.43,2.36,2.3,,,,,,,,,,,,1.99,123.77,119.85,,,,,3.0,,,
2008-05-10,1.52,2.08,3.77,2.25,4.53,1.39,2.38,2.32,,,,,,,,,,,,1.97,125.94,123.54,,,,,3.0,,,
2008-05-11,,,,,,,,,,,889228.0,11713.0,,,,,,,,1.97,,,,,,,3.0,6630.3959,,
2008-05-12,,,,,,,,,,,,,,,,,,,,1.97,,,,,,,3.0,,,
2008-05-13,1.48,2.01,3.78,2.3,4.53,1.41,2.37,2.3,,,,,0.545,1.2728,,,,,,1.88,124.02,122.89,,,,,3.0,,,
2008-05-14,1.43,2.07,3.9,2.47,4.62,1.51,2.39,2.32,,,,,,,,,,,,1.93,125.83,123.11,,,,,3.0,,,
2008-05-15,1.39,2.1,3.92,2.53,4.63,1.49,2.43,2.36,,,,,,,,,,59.8,,2.03,124.21,121.18,,,,,3.0,,,
2008-05-16,1.38,2.0,3.83,2.45,4.56,1.4,2.43,2.35,,,,,,,215.208,,,,,2.03,124.25,122.76,,,,,3.0,,,
2008-05-17,1.38,2.01,3.85,2.47,4.58,1.41,2.44,2.37,,,,,,,,,100.2674,,,1.91,126.5,122.98,,,,,3.0,,,
2008-05-18,,,,,,,,,,,880175.0,8609.0,,,,,,,,1.91,,,,,,,3.0,6630.1548,,
2008-05-19,,,,,,,,,,,,,,,,,,,,1.91,,,,,,,3.0,,,
2008-05-20,1.41,2.01,3.83,2.42,4.56,1.36,2.47,2.4,,,,,0.512,1.0406,,,,,,1.95,127.15,122.19,,,,,3.0,,,
2008-05-21,1.44,1.92,3.78,2.34,4.53,1.31,2.47,2.42,,,,,,,,,,,,1.99,128.93,124.12,,,,,3.0,,,
2008-05-22,1.4,1.95,3.81,2.41,4.55,1.3,2.51,2.47,,,,,,,,,,,,2.03,132.99,127.28,,,,,3.0,,,
2008-05-23,1.36,2.06,3.92,2.56,4.63,1.41,2.51,2.47,,,,,,,,,,,,2.05,130.04,129.04,,,,,3.0,,,
2008-05-24,1.39,1.99,3.85,2.46,4.57,1.36,2.49,2.42,,,,,,,,,,,,1.99,131.58,129.72,,,,,3.0,,,
2008-05-25,,,,,,,,,,,898487.0,11440.0,,,,,,,,1.99,,,,,,,3.0,6633.9628,,
2008-05-26,,,,,,,,,,,,,,,,,,,,1.99,,,,,,,3.0,,,
2008-05-27,,,,,,,,,,,,,0.507,0.9562,,,,,,1.99,,,,,,,3.0,,,
2008-05-28,1.38,2.04,3.93,2.55,4.65,1.46,2.47,2.4,,,,,,,,,,,,2.23,128.81,128.92,,,,,3.0,,,
2008-05-29,1.41,2.14,4.03,2.62,4.71,1.58,2.45,2.39,,,,,,,,,,,,2.08,131.0,128.93,,,,,3.0,,,
2008-05-30,1.41,2.18,4.08,2.67,4.76,1.62,2.46,2.4,,,,,,,,,,,,2.01,126.7,129.33,,,,,3.0,,,
2008-05-31,1.4,2.17,4.06,2.66,4.72,1.58,2.48,2.4,,,,,,,,,,,7728.3,1.98,127.35,127.85,8356.125,11.26761904761905,81.82,,3.0,,,
2008-06-01,,,,,,,,,,,904054.0,12478.0,,,,,,,,1.98,,,,,,,3.0,6613.9281,,
2008-06-02,,,,,,,,,,,,,,,,,,,,1.98,,,,,,,3.0,,,
2008-06-03,1.47,2.13,3.98,2.51,4.68,1.51,2.47,2.4,,,,,0.528,0.9811,,,,,,2.06,127.75,128.5,,,,,3.0,,,
2008-06-04,1.47,2.07,3.92,2.45,4.63,1.51,2.41,2.36,,,,,,,,,,,,1.95,124.33,126.28,,,,,3.0,,,
2008-06-05,1.51,2.14,3.98,2.47,4.71,1.59,2.39,2.32,,,,,,,,,,,,1.98,122.3,121.72,,,,,3.0,,,
2008-06-06,1.54,2.21,4.06,2.52,4.75,1.63,2.43,2.37,,,,,,,,,,,,1.98,127.93,122.36,,,,,3.0,,,
2008-06-07,1.54,2.09,3.94,2.4,4.65,1.47,2.47,2.45,,,,,,,,,,,,2.01,138.51,132.81,,,,,3.0,,,
2008-06-08,,,,,,,,,,,895939.0,12099.0,,,,5.6,,,,2.01,,,,,,,3.0,6603.3412,,
2008-06-09,,,,,,,,,,,,,,,,,,,,2.01,,,,,,,3.0,,,
2008-06-10,1.29,2.13,4.02,2.73,4.64,1.54,2.48,2.48,,,,,0.574,1.3347,,,,,,2.02,134.44,134.43,,,,,3.0,,,
2008-06-11,1.2,2.09,4.11,2.91,4.7,1.62,2.49,2.48,,,,,,,,,,,,1.96,131.38,135.24,,,,,3.0,,,
2008-06-12,1.27,2.14,4.1,2.83,4.72,1.62,2.48,2.51,,,,,,,,,,,,1.95,136.43,134.52,,,,,3.0,,,
2008-06-13,1.2,2.23,4.23,3.03,4.77,1.73,2.5,2.54,,,,,,,,,,,,2.01,136.91,132.11,,,,,3.0,,,
2008-06-14,1.22,2.28,4.27,3.05,4.79,1.77,2.5,2.56,,,,,,,,,,,,2.02,134.84,134.29,,,,,3.0,,,
2008-06-15,,,,,,,,,,,890610.0,6511.0,,,,,,56.4,,2.02,,,,,,,3.0,6615.8194,,
2008-06-16,,,,,,,,,,,,,,,217.463,,,,,2.02,,,,,,,3.0,,,
2008-06-17,1.23,2.18,4.25,3.02,4.77,1.76,2.49,2.58,,,,,0.628,1.2486,,,100.0335,,,2.06,134.52,133.9,,,,,3.0,,,
2008-06-18,1.29,2.24,4.23,2.94,4.78,1.75,2.48,2.55,,,,,,,,,,,,1.87,133.99,131.27,,,,,3.0,,,
2008-06-19,1.27,2.23,4.16,2.89,4.72,1.68,2.48,2.57,,,,,,,,,,,,1.84,136.54,129.12,,,,,3.0,,,
2008-06-20,1.23,2.31,4.22,2.99,4.76,1.75,2.47,2.55,,,,,,,,,,,,1.94,131.88,131.84,,,,,3.0,,,
2008-06-21,1.28,2.29,4.16,2.88,4.71,1.72,2.44,2.53,,,,,,,,,,,,1.99,134.78,134.28,,,,,3.0,,,
2008-06-22,,,,,,,,,,,902304.0,11050.0,,,,,,,,1.99,,,,,,,3.0,6612.3646,,
2008-06-23,,,,,,,,,,,,,,,,,,,,1.99,,,,,,,3.0,,,
2008-06-24,1.21,2.32,4.19,2.98,4.71,1.75,2.44,2.56,,,,,0.684,1.294,,,,,,1.98,135.98,134.54,,,,,3.0,,,
2008-06-25,1.23,2.27,4.1,2.87,4.65,1.64,2.46,2.57,,,,,,,,,,,,1.93,136.49,135.37,,,,,3.0,,,
2008-06-26,1.3,2.31,4.12,2.82,4.65,1.65,2.47,2.57,,,,,,,,,,,,1.97,133.92,131.59,,,,,3.0,,,
2008-06-27,1.39,2.33,4.07,2.68,4.62,1.55,2.52,2.64,,,,,,,,,,,,2.05,138.91,136.82,,,,,3.0,,,
2008-06-28,1.34,2.31,3.99,2.65,4.53,1.48,2.51,2.62,,,,,,,,,,,,1.99,139.69,139.38,,,,,3.0,,,
2008-06-29,,,,,,,,,,,892713.0,7114.0,,,,,,,,1.99,,,,,,,3.0,6607.1509,,
2008-06-30,,,,,,,,,,,,,,,,,,,,1.99,,,,,,55.4,3.0,,63.85172,98.7840025457266
2008-07-01,1.36,2.09,3.99,2.63,4.53,1.48,2.51,2.63,,,,,0.736,1.7642,,,,,7747.3,2.47,139.96,138.4,8292.0,12.682380952380948,86.68,,3.0,,,
2008-07-02,1.38,2.14,4.01,2.63,4.55,1.49,2.52,2.66,,,,,,,,,,,,2.11,141.06,140.67,,,,,3.0,,,
2008-07-03,1.39,2.17,3.99,2.6,4.51,1.43,2.56,2.7,,,,,,,,,,,,1.95,143.74,141.24,,,,,3.0,,,
2008-07-04,1.45,2.15,3.99,2.54,4.53,1.42,2.57,2.72,,,,,,,,,,,,1.92,145.31,143.95,,,,,3.0,,,
2008-07-05,,,,,,,,,,,,,,,,,,,,1.92,,,,,,,3.0,,,
2008-07-06,,,,,,,,,,,902962.0,14946.0,,,,,,,,1.92,,,,,,,3.0,6614.8145,,
2008-07-07,,,,,,,,,,,,,,,,,,,,1.92,,,,,,,3.0,,,
2008-07-08,1.48,2.08,3.95,2.47,4.51,1.43,2.52,2.63,,,,,0.768,1.8577,,5.8,,,,1.99,141.38,139.62,,,,,3.0,,,
2008-07-09,1.44,2.05,3.91,2.47,4.46,1.45,2.46,2.52,,,,,,,,,,,,1.97,136.06,134.15,,,,,3.0,,,
2008-07-10,1.44,2.03,3.85,2.41,4.42,1.39,2.46,2.54,,,,,,,,,,,,1.99,135.88,133.91,,,,,3.25,,,
2008-07-11,1.39,2.16,3.83,2.44,4.42,1.4,2.43,2.57,,,,,,,,,,,,2.01,141.47,135.81,,,,,3.25,,,
2008-07-12,1.37,2.34,3.96,2.59,4.52,1.48,2.48,2.6,,,,,,,,,,,,1.97,144.96,143.68,,,,,3.25,,,
2008-07-13,,,,,,,,,,,898034.0,7475.0,,,,,,,,1.97,,,,,,,3.25,6615.1048,,
2008-07-14,,,,,,,,,,,,,,,,,,,,1.97,,,,,,,3.25,,,
2008-07-15,1.43,2.38,3.9,2.47,4.47,1.43,2.47,2.58,,,,,0.776,1.8116,,,,61.2,,2.06,145.16,142.43,,,,,3.25,,,
2008-07-16,1.48,2.48,3.87,2.39,4.48,1.4,2.47,2.55,,,,,,,219.016,,,,,2.16,138.68,136.02,,,,,3.25,,,
2008-07-17,1.53,2.6,3.97,2.44,4.59,1.48,2.49,2.56,,,,,,,,,99.676,,,1.95,134.63,133.31,,,,,3.25,,,
2008-07-18,1.49,2.64,4.07,2.58,4.65,1.6,2.47,2.54,,,,,,,,,,,,2.03,129.43,134.16,,,,,3.25,,,
2008-07-19,1.45,2.63,4.11,2.66,4.66,1.65,2.46,2.5,,,,,,,,,,,,1.96,128.94,129.34,,,,,3.25,,,
2008-07-20,,,,,,,,,,,910681.0,11690.0,,,,,,,,1.96,,,,,,,3.25,6637.6621,,
2008-07-21,,,,,,,,,,,,,,,,,,,,1.96,,,,,,,3.25,,,
2008-07-22,1.43,2.61,4.09,2.66,4.64,1.66,2.43,2.47,,,,,0.766,1.7778,,,,,,1.98,131.43,129.34,,,,,3.25,,,
2008-07-23,1.4,2.59,4.14,2.74,4.67,1.71,2.43,2.42,,,,,,,,,,,,1.97,127.25,127.18,,,,,3.25,,,
2008-07-24,1.35,2.57,4.16,2.81,4.69,1.8,2.36,2.29,,,,,,,,,,,,2.04,123.73,126.86,,,,,3.25,,,
2008-07-25,1.42,2.38,4.03,2.61,4.6,1.69,2.34,2.28,,,,,,,,,,,,2.06,124.62,125.43,,,,,3.25,,,
2008-07-26,1.43,2.38,4.13,2.7,4.69,1.79,2.34,2.24,,,,,,,,,,,,2.13,122.59,124.7,,,,,3.25,,,
2008-07-27,,,,,,,,,,,899665.0,6648.0,,,,,,,,2.13,,,,,,,3.25,6633.4961,,
2008-07-28,,,,,,,,,,,,,,,,,,,,2.13,,,,,,,3.25,,,
2008-07-29,1.47,2.33,4.06,2.59,4.63,1.7,2.36,2.25,,,,,0.737,1.2111,,,,,,2.0,124.72,125.67,,,,,3.25,,,
2008-07-30,1.44,2.37,4.09,2.65,4.64,1.76,2.33,2.18,,,,,,,,,,,,2.05,122.21,125.77,,,,,3.25,,,
2008-07-31,1.43,2.37,4.07,2.64,4.64,1.71,2.36,2.22,,,,,,,,,,,7794.9,2.03,126.74,122.46,8407.021739130436,11.08363636363636,94.82,,3.25,,,
2008-08-01,1.47,2.31,3.99,2.52,4.59,1.65,2.34,2.16,,,,,,,,,,,,2.09,124.17,124.1,,,,,3.25,,,
2008-08-02,1.46,2.31,3.97,2.51,4.57,1.63,2.34,2.17,,,,,,,,,,,,2.04,125.03,124.16,,,,,3.25,,,
2008-08-03,,,,,,,,,,,918625.0,16125.0,,,,,,,,2.04,,,,,,,3.25,6627.884,,
2008-08-04,,,,,,,,,,,,,,,,,,,,2.04,,,,,,,3.25,,,
2008-08-05,1.45,2.23,3.98,2.53,4.58,1.64,2.34,2.14,,,,,0.705,1.6808,,,,,,1.97,121.45,121.87,,,,,3.25,,,
2008-08-06,1.5,2.29,4.04,2.54,4.63,1.74,2.3,2.1,,,,,,,,,,,,1.97,118.71,116.5,,,,,3.25,,,
2008-08-07,1.5,2.42,4.06,2.56,4.68,1.79,2.27,2.08,,,,,,,,,,,,2.01,118.57,114.47,,,,,3.25,,,
2008-08-08,1.49,2.26,3.92,2.43,4.56,1.68,2.24,2.09,,,,,,,,6.1,,,,1.96,119.84,116.94,,,,,3.25,,,
2008-08-09,1.43,2.24,3.94,2.51,4.55,1.72,2.22,2.04,,,,,,,,,,,,2.01,115.42,113.03,,,,,3.25,,,
2008-08-10,,,,,,,,,,,901710.0,11329.0,,,,,,,,2.01,,,,,,,3.25,6625.9774,,
2008-08-11,,,,,,,,,,,,,,,,,,,,2.01,,,,,,,3.25,,,
2008-08-12,1.43,2.12,3.99,2.56,4.61,1.8,2.19,2.01,,,,,0.689,1.5662,,,,,,1.99,114.44,110.54,,,,,3.25,,,
2008-08-13,1.46,2.05,3.91,2.45,4.55,1.72,2.19,1.99,,,,,,,,,,,,1.95,113.1,108.98,,,,,3.25,,,
2008-08-14,1.44,2.09,3.94,2.5,4.57,1.75,2.19,2.01,,,,,,,,,,,,1.98,115.96,110.68,,,,,3.25,,,
2008-08-15,1.44,2.0,3.89,2.45,4.52,1.67,2.22,2.02,,,,,,,,,,63.0,,2.09,115.05,111.82,,,,,3.25,,,
2008-08-16,1.44,1.99,3.84,2.4,4.47,1.66,2.18,1.95,,,,,,,218.69,,,,,2.08,113.46,108.8,,,,,3.25,,,
2008-08-17,,,,,,,,,,,914632.0,9025.0,,,,,98.1111,,,2.08,,,,,,,3.25,6628.2625,,
2008-08-18,,,,,,,,,,,,,,,,,,,,2.08,,,,,,,3.25,,,
2008-08-19,1.47,2.0,3.82,2.35,4.44,1.67,2.15,1.92,,,,,0.695,1.55,,,,,,1.91,112.92,109.33,,,,,3.25,,,
2008-08-20,1.51,2.03,3.83,2.32,4.47,1.68,2.15,1.92,,,,,,,,,,,,1.94,114.39,109.02,,,,,3.25,,,
2008-08-21,1.54,2.08,3.79,2.25,4.43,1.6,2.19,1.94,,,,,,,,,,,,1.98,115.48,108.72,,,,,3.25,,,
2008-08-22,1.51,2.12,3.84,2.33,4.46,1.61,2.23,2.02,,,,,,,,,,,,2.01,121.23,117.24,,,,,3.25,,,
2008-08-23,1.45,2.17,3.87,2.42,4.46,1.69,2.18,1.94,,,,,,,,,,,,2.02,114.48,113.99,,,,,3.25,,,
2008-08-24,,,,,,,,,,,898611.0,11669.0,,,,,,,,2.02,,,,,,,3.25,6641.6277,,
2008-08-25,,,,,,,,,,,,,,,,,,,,2.02,,,,,,,3.25,,,
2008-08-26,1.46,2.05,3.79,2.33,4.4,1.64,2.15,1.88,,,,,0.75,1.8,,,,,,2.01,114.85,109.74,,,,,3.25,,,
2008-08-27,1.44,2.08,3.79,2.35,4.4,1.63,2.16,1.9,,,,,,,,,,,,1.88,116.31,112.2,,,,,3.25,,,
2008-08-28,1.46,2.1,3.77,2.31,4.38,1.58,2.19,1.92,,,,,,,,,,,,1.98,118.17,113.05,,,,,3.25,,,
2008-08-29,1.42,2.05,3.79,2.37,4.38,1.62,2.17,1.94,,,,,,,,,,,,1.99,115.58,113.54,,,,,3.25,,,
2008-08-30,1.47,2.11,3.83,2.36,4.43,1.68,2.15,1.89,,,,,,,,,,,,1.94,115.55,113.49,,,,,3.25,,,
2008-08-31,,,,,,,,,,,909982.0,9750.0,,,,,,,7808.8,1.94,,,7633.8,8.251428571428571,99.12,,3.25,6646.9865,,
2008-09-01,,,,,,,,,,,,,,,,,,,,1.94,,,,,,,3.25,,,
2008-09-02,,,,,,,,,,,,,0.858,1.5721,,,,,,1.94,,,,,,,3.25,,,
2008-09-03,1.48,2.02,3.74,2.26,4.36,1.69,2.05,1.72,,,,,,,,,,,,1.96,109.63,104.94,,,,,3.25,,,
2008-09-04,1.45,2.01,3.71,2.26,4.32,1.71,2.0,1.66,,,,,,,,,,,,2.01,109.38,103.88,,,,,3.25,,,
2008-09-05,1.44,1.95,3.64,2.2,4.27,1.7,1.94,1.59,,,,,,,,,,,,1.99,107.99,103.41,,,,,3.25,,,
2008-09-06,1.43,1.98,3.66,2.23,4.27,1.71,1.95,1.6,,,,,,,,,,,,1.97,106.47,102.51,,,,,3.25,,,
2008-09-07,,,,,,,,,,,905253.0,11906.0,,,,,,,,1.97,,,,,,,3.25,6639.7945,,
2008-09-08,,,,,,,,,,,,,,,,6.1,,,,1.97,,,,,,,3.25,,,
2008-09-09,1.36,1.95,3.66,2.3,4.26,1.68,1.98,1.62,,,,,1.025,1.8433,,,,,,1.92,106.35,101.08,,,,,3.25,,,
2008-09-10,1.39,1.96,3.62,2.23,4.2,1.69,1.93,1.52,,,,,,,,,,,,1.96,103.23,98.94,,,,,3.25,,,
2008-09-11,1.43,2.0,3.65,2.22,4.23,1.7,1.95,1.52,,,,,,,,,,,,2.12,102.66,96.0,,,,,3.25,,,
2008-09-12,1.46,2.03,3.64,2.18,4.2,1.67,1.97,1.51,,,,,,,,,,,,2.0,100.95,96.01,,,,,3.25,,,
2008-09-13,1.51,2.25,3.74,2.23,4.32,1.79,1.95,1.5,,,,,,,,,,,,2.1,101.19,94.37,,,,,3.25,,,
2008-09-14,,,,,,,,,,,925725.0,9020.0,,,,,,,,2.1,,,,,,,3.25,6633.7418,,
2008-09-15,,,,,,,,,,,,,,,,,,70.3,,2.1,,,,,,,3.25,,,
2008-09-16,1.69,2.45,3.47,1.78,4.12,1.7,1.77,1.23,,,,,1.245,2.0009,218.877,,,,,2.64,95.52,90.45,,,,,3.25,,,
2008-09-17,1.59,2.64,3.48,1.89,4.08,1.85,1.63,1.03,,,,,,,,,93.7895,,,1.98,91.49,85.85,,,,,3.25,,,
2008-09-18,1.77,3.38,3.41,1.64,4.08,1.81,1.6,1.04,,,,,,,,,,,,2.8,97.39,86.09,,,,,3.25,,,
2008-09-19,1.76,3.31,3.54,1.78,4.14,1.94,1.6,1.02,,,,,,,,,,,,2.16,97.5,90.89,,,,,3.25,,,
2008-09-20,1.62,2.79,3.78,2.16,4.36,1.85,1.93,1.37,,,,,,,,,,,,1.48,104.05,93.46,,,,,3.25,,,
2008-09-21,,,,,,,,,,,995093.0,46998.0,,,,,,,,1.48,,,,,,,3.25,6711.3069,,
2008-09-22,,,,,,,,,,,,,,,,,,,,1.48,,,,,,,3.25,,,
2008-09-23,1.7,2.55,3.83,2.13,4.41,1.85,1.98,1.44,,,,,1.528,4.1636,,,,,,1.51,122.61,100.43,,,,,3.25,,,
2008-09-24,1.74,3.05,3.85,2.11,4.43,1.99,1.86,1.25,,,,,,,,,,,,1.46,107.85,100.72,,,,,3.25,,,
2008-09-25,1.77,3.31,3.8,2.03,4.4,2.05,1.75,1.09,,25.0,,,,,,,,,,1.19,106.84,102.09,,,,,3.25,,,
2008-09-26,1.72,3.12,3.88,2.16,4.4,2.09,1.79,1.18,,22.0,,,,,,,,,,1.23,111.54,100.45,,,,,3.25,,,
2008-09-27,1.74,2.98,3.85,2.11,4.36,2.1,1.75,1.15,,26.0,,,,,,,,,,1.08,106.77,100.88,,,,,3.25,,,
2008-09-28,,,,,,,,,,,1211825.0,104499.0,,,,,,,,1.08,,,,,,,3.25,6738.3564,,
2008-09-29,,,,,,,,,,,,,,,,,,,,1.08,,,,,,57.7,3.25,,67.28455,99.70642897524348
2008-09-30,1.91,2.67,3.61,1.7,4.13,2.03,1.58,0.94,,,,,1.81,4.593,,,,,,1.56,96.29,95.96,,,,,3.25,,,
2008-10-01,1.85,2.93,3.85,2.0,4.31,2.25,1.6,0.97,,,,,,,,,,,7873.6,2.03,100.7,93.52,6975.113636363636,7.621052631578947,99.28,,3.25,,,
2008-10-02,1.95,2.92,3.77,1.82,4.22,2.26,1.51,0.95,,20.0,,,,,,,,,,1.15,98.23,92.19,,,,,3.25,,,
2008-10-03,2.04,3.03,3.66,1.62,4.16,2.17,1.49,0.93,,25.0,,,,,,,,,,0.67,93.84,88.88,,,,,3.25,,,
2008-10-04,2.03,3.12,3.63,1.6,4.11,2.18,1.45,0.96,,25.0,,,,,,,,,,1.1,93.91,88.95,,,,,3.25,,,
2008-10-05,,,,,,,,,,,1503989.0,167055.0,,,,,,,,1.1,,,,,,,3.25,6950.5561,,
2008-10-06,,,,,,,,,,,,,,,,,,,,1.1,,,,,,,3.25,,,
2008-10-07,2.05,2.94,3.48,1.43,3.99,2.21,1.27,0.75,,25.0,,,2.093,7.2963,,,,,,1.96,88.15,84.71,,,,,3.25,,,
2008-10-08,2.03,2.68,3.5,1.47,4.01,2.32,1.18,0.62,,,,,,,,6.5,,,,2.97,90.18,83.17,,,,,3.25,,,
2008-10-09,2.07,3.04,3.72,1.65,4.09,2.69,1.03,0.43,,,,,,,,,,,,2.24,88.94,80.77,,,,,2.75,,,
2008-10-10,2.19,3.24,3.84,1.65,4.14,2.79,1.05,0.47,,,,,,,,,,,,1.4,86.5,81.65,,,,,3.25,,,
2008-10-11,2.27,3.64,3.89,1.62,4.15,2.97,0.92,0.2,,,,,,,,,,,,0.79,77.44,74.58,,,,,3.25,,,
2008-10-12,,,,,,,,,,,1591587.0,119718.0,,,,,,,,0.79,,,,,,,3.25,6952.5677,,
2008-10-13,,,,,,,,,,,,,,,,,,,,0.79,,,,,,,3.25,,,
2008-10-14,,,,,,,,,,,,,2.349,9.6778,,,,,,0.79,81.17,74.37,,,,,3.25,,,
2008-10-15,2.26,3.74,4.08,1.82,4.27,3.05,1.03,0.24,,25.0,,,,,,,,57.6,,1.1,78.69,74.98,,,,,3.25,,,
2008-10-16,2.4,3.82,4.04,1.64,4.25,3.02,1.02,0.14,,25.0,,,,,216.995,,,,,1.04,74.38,66.86,,,,,3.25,,,
2008-10-17,2.38,3.53,3.99,1.61,4.25,3.02,0.97,-0.04,,25.0,,,,,,,94.7219,,,0.83,69.81,64.14,,,,,3.25,,,
2008-10-18,2.34,3.15,3.98,1.64,4.32,2.87,1.11,0.04,,25.0,,,,,,,,,,0.6,71.9,66.05,,,,,3.25,,,
2008-10-19,,,,,,,,,,,1770809.0,281034.0,,,,,,,,0.6,,,,,,,3.25,7020.3159,,
2008-10-20,,,,,,,,,,,,,,,,,,,,0.6,,,,,,,3.25,,,
2008-10-21,2.2,2.67,3.91,1.71,4.26,2.76,1.15,0.09,,25.0,,,2.551,9.6097,,,,,,0.7,74.08,67.45,,,,,3.25,,,
2008-10-22,2.18,2.66,3.76,1.58,4.2,2.63,1.13,-0.12,,25.0,,,,,,,,,,0.67,71.29,65.99,,,,,3.25,,,
2008-10-23,2.12,2.6,3.65,1.53,4.07,2.59,1.06,-0.24,,25.0,,,,,,,,,,0.81,66.92,62.95,,,,,3.25,,,
2008-10-24,2.09,2.65,3.63,1.54,3.99,2.67,0.96,-0.39,,25.0,,,,,,,,,,0.93,67.17,65.06,,,,,3.25,,,
2008-10-25,2.19,2.87,3.76,1.57,4.11,3.02,0.74,-0.8,,25.0,,,,,,,,,,0.95,63.34,60.57,,,,,3.25,,,
2008-10-26,,,,,,,,,,,1802602.0,301260.0,,,,,,,,0.95,,,,,,,3.25,7001.1522,,
2008-10-27,,,,,,,,,,,,,,,,,,,,0.95,,,,,,,3.25,,,
2008-10-28,2.2,2.95,3.79,1.59,4.12,3.02,0.77,-1.07,,25.0,,,2.701,8.1226,,,,,,0.92,61.92,59.34,,,,,3.25,,,
2008-10-29,2.24,3.12,3.89,1.65,4.19,3.06,0.83,-1.04,,25.0,,,,,,,,,,0.67,62.8,58.87,,,,,3.25,,,
2008-10-30,2.35,3.31,3.93,1.58,4.26,3.05,0.88,-0.96,,25.0,,,,,,,,,,0.36,67.45,64.0,,,,,3.25,,,
2008-10-31,2.41,3.59,4.0,1.59,4.3,3.06,0.94,-0.81,,25.0,,,,,,,,,7976.3,0.3,65.79,60.86,4894.891304347826,6.736086956521739,89.7,,3.25,,,
2008-11-01,2.45,3.55,4.01,1.56,4.35,3.14,0.87,-0.96,,25.0,,,,,,,,,,0.22,68.1,60.0,,,,,3.25,,,
2008-11-02,,,,,,,,,,,1969086.0,260924.0,,,,,,,,0.22,,,,,,,3.25,7005.1467,,
2008-11-03,,,,,,,,,,,,,,,,,,,,0.22,,,,,,,3.25,,,
2008-11-04,2.51,3.47,3.96,1.45,4.33,3.09,0.87,-0.95,,25.0,,,2.828,7.8007,,,,,,0.23,63.93,60.32,,,,,3.25,,,
2008-11-05,2.42,3.33,3.81,1.39,4.2,2.88,0.93,-0.89,,25.0,,,,,,,,,,0.23,70.41,62.78,,,,,3.25,,,
2008-11-06,2.37,3.33,3.73,1.36,4.13,2.76,0.97,-0.9,,25.0,,,,,,,,,,0.23,65.41,61.09,,,,,3.25,,,
2008-11-07,2.47,3.43,3.75,1.28,4.19,2.81,0.94,-1.02,,25.0,,,,,,,,,,0.23,60.72,56.14,,,,,3.25,,,
2008-11-08,2.5,3.52,3.83,1.33,4.25,2.86,0.97,-1.0,,25.0,,,,,,6.8,,,,0.27,61.06,56.84,,,,,3.25,,,
2008-11-09,,,,,,,,,,,2074205.0,493611.0,,,,,,,,0.27,,,,,,,3.25,6969.2336,,
2008-11-10,,,,,,,,,,,,,,,,,,,,0.27,,,,,,,3.25,,,
2008-11-11,2.55,3.53,3.82,1.27,4.21,2.84,0.98,-1.01,,15.0,,,2.924,6.2629,,,,,,0.29,62.19,57.08,,,,,3.25,,,
2008-11-12,,,,,,,,,,,,,,,,,,,,0.29,59.38,54.76,,,,,3.25,,,
2008-11-13,2.56,3.57,3.75,1.19,4.17,2.79,0.96,-1.09,,25.0,,,,,,,,,,0.35,55.95,52.47,,,,,2.75,,,
2008-11-14,2.6,3.62,3.84,1.24,4.34,2.95,0.89,-1.07,,25.0,,,,,,,,,,0.35,58.31,51.32,,,,,2.75,,,
2008-11-15,2.5,3.57,3.72,1.22,4.22,2.87,0.85,-1.1,,25.0,,,,,,,,55.3,,0.34,57.18,50.7,,,,,2.75,,,
2008-11-16,,,,,,,,,,,2212852.0,592141.0,,,213.153,,,,,0.34,,,,,,,2.75,6966.9577,,
2008-11-17,,,,,,,,,,,,,,,,,93.4715,,,0.34,,,,,,,2.75,,,
2008-11-18,2.46,3.56,3.68,1.22,4.2,2.85,0.83,-1.12,,25.0,,,3.006,6.0446,,,,,,0.37,55.14,50.82,,,,,2.75,,,
2008-11-19,2.38,3.41,3.53,1.15,4.14,2.92,0.61,-1.29,,20.0,,,,,,,,,,0.38,54.42,49.1,,,,,2.75,,,
2008-11-20,2.29,3.31,3.38,1.09,3.96,2.98,0.4,-1.53,,25.0,,,,,,,,,,0.38,53.64,48.35,,,,,2.75,,,
2008-11-21,2.1,3.07,3.1,1.0,3.64,3.06,0.04,-1.79,,25.0,,,,,,,,,,0.49,48.86,45.79,,,,,2.75,,,
2008-11-22,2.11,3.18,3.2,1.09,3.7,3.15,0.05,-1.94,,25.0,,,,,,,,,,0.57,49.22,44.91,,,,,2.75,,,
2008-11-23,,,,,,,,,,,2187137.0,633849.0,,,,,,,,0.57,,,,,,,2.75,6939.1856,,
2008-11-24,,,,,,,,,,,,,,,,,,,,0.57,,,,,,,2.75,,,
2008-11-25,2.04,3.22,3.35,1.31,3.78,3.11,0.24,-1.95,,25.0,,,3.08,7.7507,,,,,,0.62,53.63,49.51,,,,,2.75,,,
2008-11-26,1.96,3.01,3.11,1.15,3.63,2.79,0.32,-2.06,,25.0,,,,,,,,,,0.59,50.02,47.51,,,,,2.75,,,
2008-11-27,1.9,2.94,2.99,1.09,3.54,2.68,0.31,-2.23,,25.0,,,,,,,,,,0.53,54.2,49.39,,,,,2.75,,,
2008-11-28,,,,,,,,,,,,,,,,,,,,0.53,,,,,,,2.75,,,
2008-11-29,1.93,2.92,2.93,1.0,3.45,2.6,0.33,-2.24,,25.0,,,,,,,,,,0.52,55.21,47.72,,,,,2.75,,,
2008-11-30,,,,,,,,,,,2106117.0,577731.0,,,,,,,,0.52,,,,,,,2.75,6966.4952,,
2008-12-01,,,,,,,,,,,,,,,,,,,8027.8,0.52,,,3729.1875,6.696666666666667,99.16,,2.75,,,
2008-12-02,1.82,2.65,2.72,0.9,3.22,2.38,0.34,-0.32,,25.0,,,3.105,6.9053,,,,,,0.52,49.34,47.58,,,,,2.75,,,
2008-12-03,1.78,2.62,2.68,0.9,3.18,2.26,0.42,-0.08,,25.0,,,,,,,,,,0.47,47.05,45.64,,,,,2.75,,,
2008-12-04,1.8,2.65,2.67,0.87,3.17,2.14,0.53,0.03,,25.0,,,,,,,,,,0.36,46.79,44.39,,,,,2.75,,,
2008-12-05,1.73,2.53,2.55,0.82,3.06,1.98,0.57,0.04,,25.0,,,,,,,,,,0.2,43.8,43.83,,,,,2.75,,,
2008-12-06,1.74,2.65,2.67,0.93,3.11,2.23,0.44,-0.12,,25.0,,,,,,,,,,0.12,41.01,37.04,,,,,2.75,,,
2008-12-07,,,,,,,,,,,2136924.0,633911.0,,,,,,,,0.12,,,,,,,2.75,6952.0073,,
2008-12-08,,,,,,,,,,,,,,,,7.3,,,,0.12,,,,,,,2.75,,,
2008-12-09,1.8,2.74,2.77,0.97,3.16,2.47,0.3,-0.28,,25.0,,,3.095,7.0084,,,,,,0.12,43.69,40.02,,,,,2.75,,,
2008-12-10,1.83,2.64,2.67,0.84,3.06,2.41,0.26,-0.33,,25.0,,,,,,,,,,0.13,42.0,39.77,,,,,2.75,,,
2008-12-11,1.83,2.69,2.69,0.86,3.09,2.44,0.25,-0.36,,25.0,,,,,,,,,,0.11,43.1,39.34,,,,,2.0,,,
2008-12-12,1.85,2.63,2.64,0.79,3.07,2.35,0.29,-0.35,,25.0,,,,,,,,,,0.14,47.77,43.54,,,,,2.0,,,
2008-12-13,1.82,2.58,2.6,0.78,3.07,2.43,0.17,-0.38,,25.0,,,,,,,,,,0.15,46.27,42.38,,,,,2.0,,,
2008-12-14,,,,,,,,,,,2250012.0,777875.0,,,,,,,,0.15,,,,,,,2.0,6959.1763,,
2008-12-15,,,,,,,,,,,,,,,,,,60.1,,0.15,,,,,,,2.0,,,
2008-12-16,1.78,2.5,2.53,0.75,2.98,2.43,0.1,-0.59,,25.0,,,3.027,6.5977,211.398,,,,,0.18,44.61,45.02,,,,,2.0,,,
2008-12-17,1.72,2.33,2.37,0.65,2.86,2.21,0.16,-0.3,,25.0,,,,,,,90.8357,,,0.17,43.84,42.0,,,,,2.0,,,
2008-12-18,1.47,2.15,2.2,0.73,2.66,1.86,0.34,0.09,,,,,,,,,,,,0.12,40.17,41.84,,,,,2.0,,,
2008-12-19,1.4,2.08,2.08,0.68,2.53,1.85,0.23,-0.11,,,,,,,,,,,,0.11,36.73,40.19,,,,,2.0,,,
2008-12-20,1.39,2.11,2.13,0.74,2.55,1.98,0.15,-0.31,,,,,,,,,,,,0.11,33.17,39.52,,,,,2.0,,,
2008-12-21,,,,,,,,,,,2254983.0,800403.0,,,,,,,,0.11,,,,,,,2.0,6952.4253,,
2008-12-22,,,,,,,,,,,,,,,,,,,,0.11,,,,,,,2.0,,,
2008-12-23,1.29,2.15,2.16,0.87,2.6,2.01,0.15,-0.37,,,,,2.901,6.0169,,,,,,0.11,31.1,38.08,,,,,2.0,,,
2008-12-24,1.28,2.16,2.18,0.9,2.63,2.03,0.15,-0.27,,,,,,,,,,,,0.11,30.28,35.27,,,,,2.0,,,
2008-12-25,1.3,2.2,2.2,0.9,2.63,2.07,0.13,-0.27,,,,,,,,,,,,0.11,32.94,34.45,,,,,2.0,,,
2008-12-26,,,,,,,,,,,,,,,,,,,,0.11,,,,,,,2.0,,,
2008-12-27,1.27,2.13,2.16,0.89,2.61,2.03,0.13,-0.28,,,,,,,,,,,,0.09,37.58,33.73,,,,,2.0,,,
2008-12-28,,,,,,,,,,,2232311.0,784628.0,,,,,,,,0.09,,,,,,,2.0,6931.0329,,
2008-12-29,,,,,,,,,,,,,,,,,,,,0.09,,,,,,,2.0,,,
2008-12-30,1.35,2.07,2.13,0.78,2.63,2.02,0.11,-0.21,,,,,2.74,4.8337,,,,,,0.1,39.89,34.16,,,,83.6,2.0,,73.24515,97.85257128542268
2008-12-31,1.36,2.01,2.11,0.75,2.58,2.02,0.09,-0.25,,,,,,,,,,,8203.0,0.09,38.95,35.22,3105.095238095238,5.836190476190476,99.26,,2.0,,,
2009-01-01,1.49,2.14,2.25,0.76,2.69,2.14,0.11,-0.26,,,,,,,,,,,,0.14,44.6,35.82,,,,,2.0,,,
2009-01-02,,,,,,,,,,,,,,,,,,,,0.14,,,,,,,2.0,,,
2009-01-03,1.58,2.38,2.46,0.88,2.83,2.29,0.17,-0.25,,,,,,,,,,,,0.08,46.17,42.94,,,,,2.0,,,
2009-01-04,,,,,,,,,,,2239457.0,847821.0,,,,,,,,0.08,,,,,,,2.0,6887.189,,
2009-01-05,,,,,,,,,,,,,,,,,,,,0.08,,,,,,,2.0,,,
2009-01-06,1.71,2.35,2.49,0.78,3.0,2.34,0.15,-0.19,,,,,2.584,4.9622,,,,,,0.11,48.61,45.84,,,,,2.0,,,
2009-01-07,1.71,2.37,2.51,0.8,3.04,2.09,0.42,-0.14,,,,,,,,,,,,0.09,48.56,48.89,,,,,2.0,,,
2009-01-08,1.7,2.41,2.52,0.82,3.05,2.05,0.47,-0.09,,,,,,,,7.8,,,,0.11,42.75,46.23,,,,,2.0,,,
2009-01-09,1.64,2.38,2.47,0.83,3.04,1.97,0.5,-0.08,,,,,,,,,,,,0.1,41.68,42.94,,,,,2.0,,,
2009-01-10,1.68,2.36,2.43,0.75,3.04,1.87,0.56,-0.09,,,,,,,,,,,,0.09,40.69,42.34,,,,,2.0,,,
2009-01-11,,,,,,,,,,,2121439.0,877820.0,,,,,,,,0.09,,,,,,,2.0,6877.1835,,
2009-01-12,,,,,,,,,,,,,,,,,,,,0.09,,,,,,,2.0,,,
2009-01-13,1.6,2.22,2.34,0.74,2.99,1.75,0.59,-0.1,,,,,2.429,3.7612,,,,,,0.1,37.65,40.86,,,,,2.0,,,
2009-01-14,1.57,2.22,2.33,0.76,3.0,1.74,0.59,-0.03,,,,,,,,,,,,0.1,37.77,43.05,,,,,2.0,,,
2009-01-15,1.51,2.12,2.24,0.73,2.89,1.79,0.45,-0.13,,,,,,,,,,61.2,,0.15,37.43,42.27,,,,,2.0,,,
2009-01-16,1.5,2.12,2.23,0.73,2.86,1.78,0.45,-0.1,,,,,,,211.933,,,,,0.18,35.41,42.32,,,,,2.0,,,
2009-01-17,1.63,2.24,2.36,0.73,2.89,1.81,0.55,0.0,,,,,,,,,88.57,,,0.19,35.38,43.42,,,,,2.0,,,
2009-01-18,,,,,,,,,,,2049714.0,847259.0,,,,,,,,0.19,,,,,,,2.0,6894.4789,,
2009-01-19,,,,,,,,,,,,,,,,,,,,0.19,,,,,,,2.0,,,
2009-01-20,,,,,,,,,,,,,2.303,3.8547,,,,,,0.19,,,,,,,2.0,,,
2009-01-21,1.67,2.27,2.4,0.73,2.97,1.82,0.58,0.03,,,,,,,,,,,,0.2,38.57,41.22,,,,,2.0,,,
2009-01-22,1.78,2.45,2.56,0.78,3.15,1.98,0.58,0.04,,,,,,,,,,,,0.23,42.56,39.9,,,,,1.0,,,
2009-01-23,1.87,2.52,2.62,0.75,3.25,1.97,0.65,0.09,,,,,,,,,,,,0.21,42.33,42.42,,,,,1.0,,,
2009-01-24,1.82,2.54,2.65,0.83,3.32,1.93,0.72,0.09,,,,,,,,,,,,0.18,45.12,43.13,,,,,1.0,,,
2009-01-25,,,,,,,,,,,2037112.0,843051.0,,,,,,,,0.18,,,,,,,1.0,6910.198,,
2009-01-26,,,,,,,,,,,,,,,,,,,,0.18,,,,,,,1.0,,,
2009-01-27,1.85,2.56,2.7,0.85,3.39,1.92,0.78,0.1,,,,,2.21,4.3546,,,,,,0.19,46.5,48.0,,,,,1.0,,,
2009-01-28,1.72,2.46,2.59,0.87,3.26,1.77,0.82,0.15,,,,,,,,,,,,0.18,41.67,42.86,,,,,1.0,,,
2009-01-29,1.82,2.52,2.71,0.89,3.44,1.81,0.9,0.25,,,,,,,,,,,,0.19,42.04,42.86,,,,,1.0,,,
2009-01-30,1.92,2.64,2.87,0.95,3.57,1.83,1.04,0.3,,,,,,,,,,,,0.23,41.58,43.13,,,,,1.0,,,
2009-01-31,1.93,2.63,2.87,0.94,3.58,1.73,1.14,0.38,,,,,,,,,,,8284.2,0.23,41.73,44.17,3260.357142857143,5.233,99.22,,1.0,,,
2009-02-01,,,,,,,,,,,1927082.0,795229.0,,,,,,,,0.23,,,,,,,1.0,6906.3006,,
2009-02-02,,,,,,,,,,,,,,,,,,,,0.23,,,,,,,1.0,,,
2009-02-03,1.87,2.49,2.76,0.89,3.47,1.69,1.07,0.34,,,,,2.148,4.0697,,,,,,0.24,41.35,42.96,,,,,1.0,,,
2009-02-04,1.93,2.57,2.89,0.96,3.64,1.76,1.13,0.43,,,,,,,,,,,,0.24,40.87,43.15,,,,,1.0,,,
2009-02-05,1.97,2.65,2.95,0.98,3.65,1.78,1.17,0.51,,,,,,,,,,,,0.24,40.27,43.68,,,,,1.0,,,
2009-02-06,1.97,2.66,2.95,0.98,3.63,1.84,1.11,0.51,,,,,,,,,,,,0.23,41.15,43.92,,,,,1.0,,,
2009-02-07,2.06,2.77,3.05,0.99,3.7,1.82,1.23,0.7,,,,,,,,,,,,0.23,40.24,44.49,,,,,1.0,,,
2009-02-08,,,,,,,,,,,1851437.0,661731.0,,,,8.3,,,,0.23,,,,,,,1.0,6913.9166,,
2009-02-09,,,,,,,,,,,,,,,,,,,,0.23,,,,,,,1.0,,,
2009-02-10,2.02,2.75,3.07,1.05,3.69,1.66,1.41,0.93,,,,,2.115,3.6103,,,,,,0.22,39.58,47.23,,,,,1.0,,,
2009-02-11,1.98,2.59,2.9,0.92,3.54,1.65,1.25,0.76,,,,,,,,,,,,0.24,37.54,45.88,,,,,1.0,,,
2009-02-12,1.85,2.48,2.78,0.93,3.45,1.66,1.12,0.66,,,,,,,,,,,,0.22,35.93,44.24,,,,,1.0,,,
2009-02-13,1.86,2.46,2.75,0.89,3.47,1.61,1.14,0.51,,,,,,,,,,,,0.23,34.03,47.23,,,,,1.0,,,
2009-02-14,1.92,2.6,2.89,0.97,3.68,1.68,1.21,0.67,,,,,,,,,,,,0.22,37.63,43.36,,,,,1.0,,,
2009-02-15,,,,,,,,,,,1843400.0,603078.0,,,,,,56.3,,0.22,,,,,,,1.0,6913.4313,,
2009-02-16,,,,,,,,,,,,,,,212.705,,,,,0.22,,,,,,,1.0,,,
2009-02-17,,,,,,,,,,,,,2.113,3.6254,,,88.031,,,0.22,,,,,,,1.0,,,
2009-02-18,1.77,2.32,2.64,0.87,3.47,1.53,1.11,0.45,,,,,,,,,,,,0.25,34.96,39.69,,,,,1.0,,,
2009-02-19,1.77,2.43,2.74,0.97,3.54,1.63,1.11,0.5,,,,,,,,,,,,0.23,34.67,39.41,,,,,1.0,,,
2009-02-20,1.84,2.55,2.85,1.01,3.68,1.73,1.12,0.62,,,,,,,,,,,,0.21,39.6,42.36,,,,,1.0,,,
2009-02-21,1.82,2.51,2.78,0.96,3.56,1.67,1.11,0.57,,,,,,,,,,,,0.2,39.35,42.19,,,,,1.0,,,
2009-02-22,,,,,,,,,,,1915562.0,689085.0,,,,,,,,0.2,,,,,,,1.0,6916.7793,,
2009-02-23,,,,,,,,,,,,,,,,,,,,0.2,,,,,,,1.0,,,
2009-02-24,1.82,2.49,2.78,0.96,3.53,1.7,1.08,0.6,,,,,2.125,4.2095,,,,,,0.19,37.66,41.27,,,,,1.0,,,
2009-02-25,1.77,2.48,2.8,1.03,3.49,1.82,0.98,0.53,,,,,,,,,,,,0.21,38.86,40.18,,,,,1.0,,,
2009-02-26,1.86,2.65,2.95,1.09,3.59,1.98,0.97,0.6,,,,,,,,,,,,0.21,41.64,42.37,,,,,1.0,,,
2009-02-27,1.9,2.71,2.98,1.08,3.66,2.02,0.96,0.59,,,,,,,,,,,,0.22,43.18,45.15,,,,,1.0,,,
2009-02-28,2.02,2.76,3.02,1.0,3.71,2.06,0.96,0.58,,,,,,,,,,,,0.22,44.15,44.41,,,,,1.0,,,
2009-03-01,,,,,,,,,,,1916115.0,692397.0,,,,,,,,0.22,,,,,,,1.0,6903.7091,,
2009-03-02,,,,,,,,,,,,,,,,,,,,0.22,,,,,,,1.0,,,
2009-03-03,2.02,2.63,2.91,0.89,3.64,2.0,0.91,0.52,,,,,2.137,4.1919,,,,,8314.7,0.22,40.07,42.6,3328.4125,4.505789473684211,98.92,,1.0,,,
2009-03-04,2.02,2.66,2.93,0.91,3.67,2.02,0.91,0.42,,,,,,,,,,,,0.2,41.57,42.72,,,,,1.0,,,
2009-03-05,2.04,2.75,3.01,0.97,3.69,2.09,0.92,0.47,,,,,,,,,,,,0.21,45.28,46.07,,,,,1.0,,,
2009-03-06,1.93,2.63,2.83,0.9,3.51,1.98,0.85,0.42,,,,,,,,,,,,0.2,43.54,44.45,,,,,1.0,,,
2009-03-07,1.92,2.62,2.83,0.91,3.5,2.02,0.81,0.37,,,,,,,,,,,,0.2,45.43,43.48,,,,,1.0,,,
2009-03-08,,,,,,,,,,,1901317.0,647729.0,,,,8.7,,,,0.2,,,,,,,1.0,6892.0233,,
2009-03-09,,,,,,,,,,,,,,,,,,,,0.2,,,,,,,1.0,,,
2009-03-10,1.93,2.66,2.89,0.96,3.59,2.06,0.83,0.38,,,,,2.137,4.8149,,,,,,0.2,47.01,44.55,,,,,1.0,,,
2009-03-11,1.98,2.75,2.99,1.01,3.7,2.15,0.84,0.38,,,,,,,,,,,,0.2,45.68,44.99,,,,,1.0,,,
2009-03-12,1.92,2.72,2.95,1.03,3.67,2.03,0.92,0.39,,,,,,,,,,,,0.19,42.46,43.2,,,,,0.5,,,
2009-03-13,1.86,2.67,2.89,1.03,3.63,1.88,1.01,0.51,,,,,,,,,,,,0.18,46.91,42.19,,,,,0.5,,,
2009-03-14,1.91,2.69,2.89,0.98,3.66,1.87,1.02,0.5,,,,,,,,,,,,0.15,46.22,44.97,,,,,0.5,,,
2009-03-15,,,,,,,,,,,1899514.0,628627.0,,,,,,57.3,,0.15,,,,,,,0.5,6907.2961,,
2009-03-16,,,,,,,,,,,,,,,212.495,,,,,0.15,,,,,,,0.5,,,
2009-03-17,1.97,2.73,2.97,1.0,3.76,1.88,1.09,0.56,,,,,2.096,3.9682,,,86.6528,,,0.2,47.33,44.12,,,,,0.5,,,
2009-03-18,1.97,2.78,3.02,1.05,3.83,1.9,1.12,0.59,,,,,,,,,,,,0.2,48.97,45.53,,,,,0.5,,,
2009-03-19,1.69,2.3,2.51,0.82,3.57,1.28,1.23,0.6,,,,,,,,,,,,0.18,48.12,45.22,,,,,0.5,,,
2009-03-20,1.74,2.41,2.61,0.87,3.62,1.31,1.3,0.66,,,,,,,,,,,,0.17,51.46,48.03,,,,,0.5,,,
2009-03-21,1.76,2.43,2.65,0.89,3.65,1.43,1.22,0.63,,,,,,,,,,,,0.18,51.55,49.27,,,,,0.5,,,
2009-03-22,,,,,,,,,,,2066942.0,777925.0,,,,,,,,0.18,,,,,,,0.5,6843.0903,,
2009-03-23,,,,,,,,,,,,,,,,,,,,0.18,,,,,,,0.5,,,
2009-03-24,1.75,2.46,2.68,0.93,3.69,1.4,1.28,0.64,,,,,2.021,3.3693,,,,,,0.17,53.05,51.84,,,,,0.5,,,
2009-03-25,1.75,2.47,2.68,0.93,3.6,1.36,1.32,0.73,,,,,,,,,,,,0.17,53.36,51.32,,,,,0.5,,,
2009-03-26,1.85,2.62,2.81,0.96,3.73,1.44,1.37,0.82,,,,,,,,,,,,0.17,52.24,51.46,,,,,0.5,,,
2009-03-27,1.86,2.61,2.76,0.9,3.66,1.3,1.46,0.95,,,,,,,,,,,,0.16,53.87,51.89,,,,,0.5,,,
2009-03-28,1.88,2.64,2.78,0.9,3.62,1.38,1.4,0.9,,,,,,,,,,,,0.15,52.41,50.81,,,,,0.5,,,
2009-03-29,,,,,,,,,,,2071556.0,795806.0,,,,,,,,0.15,,,,,,,0.5,6836.2435,,
2009-03-30,,,,,,,,,,,,,,,,,,,,0.15,,,,,,,0.5,,,
2009-03-31,1.89,2.55,2.73,0.84,3.6,1.39,1.34,0.78,,,,,1.915,3.2413,,,,,8380.5,0.16,48.49,49.05,3770.875,3.957727272727273,98.82,,0.5,,,
2009-04-01,1.9,2.5,2.71,0.81,3.56,1.43,1.28,0.73,,,,,,,,,,,,0.16,49.64,46.13,,,,64.2,0.5,,77.10496,99.20764882011044
2009-04-02,1.85,2.46,2.68,0.83,3.51,1.37,1.31,0.72,,,,,,,,,,,,0.16,48.46,45.92,,,,,0.5,,,
2009-04-03,1.89,2.55,2.77,0.88,3.57,1.44,1.33,0.74,,,,,,,,,,,,0.16,52.61,50.89,,,,,0.5,,,
2009-04-04,1.95,2.7,2.91,0.96,3.7,1.53,1.38,0.8,,,,,,,,,,,,0.13,52.52,50.48,,,,,0.5,,,
2009-04-05,,,,,,,,,,,2078936.0,804033.0,,,,,,,,0.13,,,,,,,0.5,6829.1519,,
2009-04-06,,,,,,,,,,,,,,,,,,,,0.13,,,,,,,0.5,,,
2009-04-07,2.01,2.75,2.95,0.94,3.73,1.52,1.43,0.88,,,,,1.789,3.0616,,,,,,0.14,51.1,50.91,,,,,0.5,,,
2009-04-08,2.02,2.73,2.93,0.91,3.72,1.61,1.32,0.8,,,,,,,,9.0,,,,0.14,49.13,50.62,,,,,0.5,,,
2009-04-09,1.93,2.68,2.86,0.93,3.66,1.57,1.29,0.78,,,,,,,,,,,,0.14,49.37,52.06,,,,,0.25,,,
2009-04-10,2.0,2.78,2.96,0.96,3.76,1.62,1.34,0.82,,,,,,,,,,,,0.14,52.24,52.33,,,,,0.25,,,
2009-04-11,,,,,,,,,,,,,,,,,,,,0.15,,,,,,,0.25,,,
2009-04-12,,,,,,,,,,,2088573.0,841151.0,,,,,,,,0.15,,,,,,,0.25,6824.5778,,
2009-04-13,,,,,,,,,,,,,,,,,,,,0.15,,,,,,,0.25,,,
2009-04-14,1.99,2.7,2.88,0.89,3.69,1.55,1.33,0.77,,,,,1.649,2.8285,,,,,,0.13,50.22,50.73,,,,,0.25,,,
2009-04-15,1.94,2.63,2.8,0.86,3.64,1.52,1.28,0.75,,,,,,,,,,65.1,,0.16,49.51,52.06,,,,,0.25,,,
2009-04-16,1.96,2.67,2.82,0.86,3.66,1.55,1.27,0.69,,,,,,,212.709,,,,,0.16,49.26,51.31,,,,,0.25,,,
2009-04-17,1.95,2.73,2.86,0.91,3.72,1.59,1.27,0.73,,,,,,,,,85.9344,,,0.15,49.97,51.83,,,,,0.25,,,
2009-04-18,1.99,2.84,2.98,0.99,3.79,1.7,1.28,0.73,,,,,,,,,,,,0.13,50.36,52.02,,,,,0.25,,,
2009-04-19,,,,,,,,,,,2186498.0,837749.0,,,,,,,,0.13,,,,,,,0.25,6817.1986,,
2009-04-20,,,,,,,,,,,,,,,,,,,,0.13,,,,,,,0.25,,,
2009-04-21,1.95,2.74,2.88,0.93,3.69,1.66,1.22,0.61,,,,,1.507,2.6133,,,,,,0.14,45.82,49.06,,,,,0.25,,,
2009-04-22,1.98,2.79,2.94,0.96,3.74,1.69,1.25,0.62,,,,,,,,,,,,0.15,46.65,48.69,,,,,0.25,,,
2009-04-23,1.98,2.84,2.98,1.0,3.82,1.65,1.33,0.64,,,,,,,,,,,,0.15,47.41,48.5,,,,,0.25,,,
2009-04-24,1.99,2.86,2.96,0.97,3.8,1.52,1.44,0.64,,,,,,,,,,,,0.17,48.46,48.29,,,,,0.25,,,
2009-04-25,2.04,2.93,3.03,0.99,3.89,1.53,1.5,0.73,,,,,,,,,,,,0.16,50.65,50.29,,,,,0.25,,,
2009-04-26,,,,,,,,,,,2196812.0,924827.0,,,,,,,,0.16,,,,,,,0.25,6790.6342,,
2009-04-27,,,,,,,,,,,,,,,,,,,,0.16,,,,,,,0.25,,,
2009-04-28,2.05,2.82,2.95,0.9,3.84,1.48,1.47,0.75,,,,,1.369,2.8644,,,,,,0.17,49.29,48.67,,,,,0.25,,,
2009-04-29,2.1,2.92,3.05,0.95,3.97,1.54,1.51,0.81,,,,,,,,,,,,0.16,49.01,48.64,,,,,0.25,,,
2009-04-30,2.18,3.01,3.12,0.94,4.01,1.59,1.53,0.87,,,,,,,,,,,,0.18,50.19,50.22,,,,,0.25,,,
2009-05-01,2.25,3.02,3.16,0.91,4.05,1.69,1.47,0.82,,,,,,,,,,,8390.2,0.2,50.35,50.3,4436.925,3.494761904761905,95.8,,0.25,,,
2009-05-02,2.29,3.05,3.21,0.92,4.09,1.8,1.41,0.79,,,,,,,,,,,,0.22,52.18,51.75,,,,,0.25,,,
2009-05-03,,,,,,,,,,,2066712.0,827227.0,,,,,,,,0.22,,,,,,,0.25,6883.5643,,
2009-05-04,,,,,,,,,,,,,,,,,,,,0.22,,,,,,,0.25,,,
2009-05-05,2.25,3.0,3.19,0.94,4.06,1.77,1.42,0.84,,,,,1.236,2.3579,,,,,,0.22,54.45,53.26,,,,,0.25,,,
2009-05-06,2.22,3.01,3.2,0.98,4.06,1.77,1.43,0.86,,,,,,,,,,,,0.2,53.81,53.16,,,,,0.25,,,
2009-05-07,2.22,2.99,3.18,0.96,4.09,1.74,1.44,0.93,,,,,,,,,,,,0.18,56.29,55.07,,,,,0.25,,,
2009-05-08,2.29,3.11,3.29,1.0,4.25,1.74,1.55,1.05,,,,,,,,9.4,,,,0.18,56.67,56.63,,,,,0.25,,,
2009-05-09,2.29,3.1,3.29,1.0,4.28,1.77,1.52,1.04,,,,,,,,,,,,0.17,58.58,56.02,,,,,0.25,,,
2009-05-10,,,,,,,,,,,2079758.0,777037.0,,,,,,,,0.17,,,,,,,0.25,6873.8467,,
2009-05-11,,,,,,,,,,,,,,,,,,,,0.17,,,,,,,0.25,,,
2009-05-12,2.25,2.98,3.17,0.92,4.18,1.7,1.47,1.0,,,,,1.114,1.5971,,,,,,0.17,57.79,55.99,,,,,0.25,,,
2009-05-13,2.27,2.98,3.17,0.9,4.16,1.69,1.48,0.99,,,,,,,,,,,,0.16,58.81,56.52,,,,,0.25,,,
2009-05-14,2.22,2.94,3.11,0.89,4.09,1.67,1.44,0.96,,,,,,,,,,,,0.16,58.0,56.84,,,,,0.25,,,
2009-05-15,2.23,2.94,3.1,0.87,4.06,1.68,1.42,0.96,,,,,,,,,,68.7,,0.16,58.58,56.25,,,,,0.25,,,
2009-05-16,2.26,2.97,3.14,0.88,4.09,1.66,1.48,1.0,,,,,,,213.022,,,,,0.17,56.52,56.33,,,,,0.25,,,
2009-05-17,,,,,,,,,,,2196351.0,858146.0,,,,,85.0665,,,0.17,,,,,,,0.25,6837.0496,,
2009-05-18,,,,,,,,,,,,,,,,,,,,0.17,,,,,,,0.25,,,
2009-05-19,2.29,3.03,3.22,0.93,4.18,1.66,1.56,1.03,,,,,1.014,2.0737,,,,,,0.16,58.99,56.51,,,,,0.25,,,
2009-05-20,2.34,3.07,3.25,0.91,4.21,1.65,1.6,1.09,,,,,,,,,,,,0.15,59.52,57.12,,,,,0.25,,,
2009-05-21,2.32,3.01,3.19,0.87,4.14,1.56,1.63,1.09,,,,,,,,,,,,0.14,61.45,59.1,,,,,0.25,,,
2009-05-22,2.46,3.16,3.35,0.89,4.3,1.67,1.68,1.13,,,,,,,,,,,,0.17,60.49,58.02,,,,,0.25,,,
2009-05-23,2.53,3.27,3.45,0.92,4.38,1.72,1.73,1.19,,,,,,,,,,,,0.17,61.15,58.7,,,,,0.25,,,
2009-05-24,,,,,,,,,,,2181632.0,934135.0,,,,,,,,0.17,,,,,,,0.25,6839.4202,,
2009-05-25,,,,,,,,,,,,,,,,,,,,0.17,,,,,,,0.25,,,
2009-05-26,,,,,,,,,,,,,0.932,1.5985,,,,,,0.17,,,,,,,0.25,,,
2009-05-27,2.54,3.32,3.5,0.96,4.45,1.72,1.78,1.25,,,,,,,,,,,,0.18,62.48,59.05,,,,,0.25,,,
2009-05-28,2.75,3.54,3.71,0.96,4.59,1.83,1.88,1.37,,,,,,,,,,,,0.17,63.41,61.28,,,,,0.25,,,
2009-05-29,2.7,3.52,3.67,0.97,4.54,1.87,1.8,1.33,,,,,,,,,,,,0.17,65.09,63.47,,,,,0.25,,,
2009-05-30,2.55,3.33,3.47,0.92,4.34,1.67,1.8,1.36,,,,,,,,,,,,0.19,66.31,64.98,,,,,0.25,,,
2009-05-31,,,,,,,,,,,2080115.0,867413.0,,,,,,,8452.9,0.19,,,4591.460526315789,3.8315,86.34,,0.25,6854.1004,,
2009-06-01,,,,,,,,,,,,,,,,,,,,0.19,,,,,,,0.25,,,
2009-06-02,2.74,3.58,3.71,0.97,4.55,1.8,1.91,1.53,,,,,0.873,1.3877,,,,,,0.21,68.59,66.6,,,,,0.25,,,
2009-06-03,2.69,3.51,3.65,0.96,4.5,1.69,1.96,1.59,,,,,,,,,,,,0.2,68.58,67.67,,,,,0.25,,,
2009-06-04,2.65,3.42,3.56,0.91,4.45,1.68,1.88,1.5,,,,,,,,,,,,0.21,66.14,66.15,,,,,0.25,,,
2009-06-05,2.76,3.58,3.72,0.96,4.58,1.83,1.89,1.55,,,,,,,,,,,,0.2,68.8,67.68,,,,,0.25,,,
2009-06-06,2.52,3.64,3.84,1.32,4.63,1.88,1.96,1.71,,,,,,,,,,,,0.21,68.43,67.77,,,,,0.25,,,
2009-06-07,,,,,,,,,,,2077695.0,853660.0,,,,,,,,0.21,,,,,,,0.25,6835.3801,,
2009-06-08,,,,,,,,,,,,,,,,9.5,,,,0.21,,,,,,,0.25,,,
2009-06-09,2.49,3.72,3.91,1.42,4.65,1.94,1.97,1.71,,,,,0.826,1.2364,,,,,,0.21,68.05,67.61,,,,,0.25,,,
2009-06-10,2.53,3.67,3.86,1.33,4.64,1.88,1.98,1.75,,,,,,,,,,,,0.18,70.02,68.94,,,,,0.25,,,
2009-06-11,2.6,3.8,3.98,1.38,4.76,1.91,2.07,1.85,,,,,,,,,,,,0.18,71.38,70.52,,,,,0.25,,,
2009-06-12,2.53,3.69,3.88,1.35,4.69,1.89,1.99,1.78,,,,,,,,,,,,0.17,72.69,71.71,,,,,0.25,,,
2009-06-13,2.51,3.62,3.81,1.3,4.65,1.91,1.9,1.67,,,,,,,,,,,,0.17,72.13,70.62,,,,,0.25,,,
2009-06-14,,,,,,,,,,,2052297.0,804321.0,,,,,,,,0.17,,,,,,,0.25,6817.3682,,
2009-06-15,,,,,,,,,,,,,,,,,,70.8,,0.17,,,,,,,0.25,,,
2009-06-16,2.5,3.59,3.76,1.26,4.61,1.9,1.86,1.6,,,,,0.789,1.03,214.79,,,,,0.22,70.54,68.49,,,,,0.25,,,
2009-06-17,2.44,3.5,3.67,1.23,4.48,1.88,1.79,1.53,,,,,,,,,84.7459,,,0.22,70.47,70.52,,,,,0.25,,,
2009-06-18,2.49,3.51,3.68,1.19,4.5,1.95,1.73,1.43,,,,,,,,,,,,0.24,71.07,68.95,,,,,0.25,,,
2009-06-19,2.58,3.68,3.86,1.28,4.63,1.98,1.88,1.53,,,,,,,,,,,,0.25,71.42,69.96,,,,,0.25,,,
2009-06-20,2.54,3.6,3.79,1.25,4.52,1.91,1.88,1.54,,,,,,,,,,,,0.25,69.6,70.48,,,,,0.25,,,
2009-06-21,,,,,,,,,,,2072527.0,817587.0,,,,,,,,0.25,,,,,,,0.25,6772.9033,,
2009-06-22,,,,,,,,,,,,,,,,,,,,0.25,,,,,,,0.25,,,
2009-06-23,2.55,3.52,3.72,1.17,4.45,1.89,1.83,1.44,,,,,0.758,1.6196,,,,,,0.24,67.09,66.13,,,,,0.25,,,
2009-06-24,2.51,3.45,3.65,1.14,4.37,1.84,1.81,1.43,,,,,,,,,,,,0.24,68.81,66.36,,,,,0.25,,,
2009-06-25,2.53,3.53,3.72,1.19,4.44,1.93,1.79,1.34,,,,,,,,,,,,0.21,68.14,68.47,,,,,0.25,,,
2009-06-26,2.43,3.37,3.55,1.12,4.33,1.82,1.73,1.33,,,,,,,,,,,,0.19,69.7,68.82,,,,,0.25,,,
2009-06-27,2.42,3.32,3.52,1.1,4.3,1.85,1.67,1.21,,,,,,,,,,,,0.18,69.16,68.1,,,,,0.25,,,
2009-06-28,,,,,,,,,,,2025571.0,692454.0,,,,,,,,0.18,,,,,,,0.25,6768.92,,
2009-06-29,,,,,,,,,,,,,,,,,,,,0.18,,,,,,,0.25,,,
2009-06-30,2.4,3.31,3.51,1.11,4.31,1.83,1.68,1.21,,,,,0.721,1.676,,,,,,0.17,71.47,69.75,,,,39.6,0.25,,80.28013,99.028992164
2009-07-01,2.42,3.34,3.53,1.11,4.32,1.78,1.75,1.34,,,,,,,,,,,8462.9,0.22,69.82,68.11,5015.431818181818,3.8,60.72,,0.25,,,
2009-07-02,2.5,3.38,3.55,1.05,4.34,1.83,1.72,1.35,,,,,,,,,,,,0.2,69.32,68.52,,,,,0.25,,,
2009-07-03,2.53,3.34,3.51,0.98,4.32,1.87,1.64,1.27,,,,,,,,,,,,0.17,66.68,65.74,,,,,0.25,,,
2009-07-04,,,,,,,,,,,,,,,,,,,,0.16,,,,,,,0.25,,,
2009-07-05,,,,,,,,,,,2005627.0,726671.0,,,,,,,,0.16,,,,,,,0.25,6750.0089,,
2009-07-06,,,,,,,,,,,,,,,,,,,,0.16,,,,,,,0.25,,,
2009-07-07,2.56,3.33,3.52,0.96,4.35,2.03,1.49,1.22,,,,,0.675,1.2324,,,,,,0.18,64.06,63.12,,,,,0.25,,,
2009-07-08,2.49,3.28,3.47,0.98,4.31,1.87,1.6,1.22,,,,,,,,9.5,,,,0.18,62.88,61.54,,,,,0.25,,,
2009-07-09,2.42,3.15,3.33,0.91,4.17,1.79,1.54,1.12,,,,,,,,,,,,0.16,60.15,59.71,,,,,0.25,,,
2009-07-10,2.5,3.25,3.44,0.94,4.31,1.87,1.57,1.1,,,,,,,,,,,,0.15,60.36,59.17,,,,,0.25,,,
2009-07-11,2.41,3.14,3.32,0.91,4.2,1.8,1.52,1.06,,,,,,,,,,,,0.15,59.93,58.43,,,,,0.25,,,
2009-07-12,,,,,,,,,,,1992740.0,751528.0,,,,,,,,0.15,,,,,,,0.25,6728.4754,,
2009-07-13,,,,,,,,,,,,,,,,,,,,0.15,,,,,,,0.25,,,
2009-07-14,2.46,3.2,3.38,0.92,4.25,1.84,1.54,1.06,,,,,0.621,1.4913,,,,,,0.13,59.69,58.25,,,,,0.25,,,
2009-07-15,2.53,3.32,3.5,0.97,4.38,1.86,1.64,1.15,,,,,,,,,,66.0,,0.13,59.62,60.48,,,,,0.25,,,
2009-07-16,2.6,3.45,3.63,1.03,4.48,1.87,1.76,1.27,,,,,,,214.726,,,,,0.14,61.49,61.25,,,,,0.25,,,
2009-07-17,2.59,3.4,3.59,1.0,4.45,1.82,1.77,1.28,,,,,,,,,85.7027,,,0.15,62.07,62.02,,,,,0.25,,,
2009-07-18,2.65,3.5,3.67,1.02,4.53,1.81,1.86,1.37,,,,,,,,,,,,0.15,63.56,63.54,,,,,0.25,,,
2009-07-19,,,,,,,,,,,2072451.0,781790.0,,,,,,,,0.15,,,,,,,0.25,6715.3329,,
2009-07-20,,,,,,,,,,,,,,,,,,,,0.15,,,,,,,0.25,,,
2009-07-21,2.62,3.42,3.61,0.99,4.47,1.73,1.88,1.4,,,,,0.556,1.0218,,,,,,0.15,63.93,64.64,,,,,0.25,,,
2009-07-22,2.54,3.31,3.5,0.96,4.38,1.71,1.79,1.33,,,,,,,,,,,,0.14,64.81,65.93,,,,,0.25,,,
2009-07-23,2.6,3.39,3.58,0.98,4.45,1.75,1.83,1.34,,,,,,,,,,,,0.14,64.58,65.36,,,,,0.25,,,
2009-07-24,2.64,3.53,3.72,1.08,4.58,1.8,1.92,1.43,,,,,,,,,,,,0.15,66.1,68.06,,,,,0.25,,,
2009-07-25,2.65,3.52,3.7,1.05,4.55,1.81,1.89,1.39,,,,,,,,,,,,0.15,66.96,68.82,,,,,0.25,,,
2009-07-26,,,,,,,,,,,2039001.0,752269.0,,,,,,,,0.15,,,,,,,0.25,6696.9547,,
2009-07-27,,,,,,,,,,,,,,,,,,,,0.15,,,,,,,0.25,,,
2009-07-28,2.67,3.56,3.75,1.08,4.62,1.85,1.9,1.42,,,,,0.486,0.7967,,,,,,0.16,68.34,69.78,,,,,0.25,,,
2009-07-29,2.6,3.53,3.72,1.12,4.56,1.86,1.86,1.38,,,,,,,,,,,,0.15,67.24,68.53,,,,,0.25,,,
2009-07-30,2.52,3.5,3.69,1.17,4.5,1.84,1.85,1.39,,,,,,,,,,,,0.17,63.42,65.79,,,,,0.25,,,
2009-07-31,2.48,3.49,3.67,1.19,4.44,1.78,1.89,1.38,,,,,,,,,,,8467.3,0.17,66.9,68.82,5228.413043478261,3.381363636363636,3.08,,0.25,,,
2009-08-01,2.39,3.34,3.52,1.13,4.31,1.71,1.81,1.32,,,,,,,,,,,,0.18,69.26,70.08,,,,,0.25,,,
2009-08-02,,,,,,,,,,,2000547.0,764658.0,,,,,,,,0.18,,,,,,,0.25,6693.0737,,
2009-08-03,,,,,,,,,,,,,,,,,,,,0.18,,,,,,,0.25,,,
2009-08-04,2.48,3.47,3.66,1.18,4.42,1.78,1.88,1.38,,,,,0.418,0.5401,,,,,,0.18,71.59,72.9,,,,,0.25,,,
2009-08-05,2.5,3.52,3.7,1.2,4.45,1.81,1.89,1.42,,,,,,,,,,,,0.17,71.4,73.82,,,,,0.25,,,
2009-08-06,2.57,3.62,3.8,1.23,4.57,1.85,1.95,1.44,,,,,,,,,,,,0.17,71.97,74.39,,,,,0.25,,,
2009-08-07,2.57,3.62,3.79,1.22,4.53,1.87,1.92,1.39,,,,,,,,,,,,0.17,71.96,74.61,,,,,0.25,,,
2009-08-08,2.57,3.7,3.89,1.32,4.61,1.88,2.01,1.48,,,,,,,,9.6,,,,0.17,70.97,74.21,,,,,0.25,,,
2009-08-09,,,,,,,,,,,1989203.0,718021.0,,,,,,,,0.17,,,,,,,0.25,6673.871,,
2009-08-10,,,,,,,,,,,,,,,,,,,,0.17,,,,,,,0.25,,,
2009-08-11,2.56,3.61,3.8,1.24,4.52,1.83,1.97,1.42,,,,,0.359,0.1858,,,,,,0.17,70.59,73.79,,,,,0.25,,,
2009-08-12,2.5,3.53,3.71,1.21,4.44,1.8,1.91,1.36,,,,,,,,,,,,0.16,69.46,71.58,,,,,0.25,,,
2009-08-13,2.54,3.55,3.72,1.18,4.53,1.84,1.88,1.34,,,,,,,,,,,,0.15,70.08,74.03,,,,,0.25,,,
2009-08-14,2.47,3.42,3.59,1.12,4.44,1.8,1.79,1.24,,,,,,,,,,,,0.15,70.57,73.76,,,,,0.25,,,
2009-08-15,2.48,3.37,3.55,1.07,4.41,1.85,1.7,1.13,,,,,,,,,,65.7,,0.15,67.51,71.33,,,,,0.25,,,
2009-08-16,,,,,,,,,,,2014899.0,746807.0,,,215.445,,,,,0.15,,,,,,,0.25,6663.8247,,
2009-08-17,,,,,,,,,,,,,,,,,86.6426,,,0.15,,,,,,,0.25,,,
2009-08-18,2.44,3.3,3.48,1.04,4.33,1.79,1.69,1.08,,,,,0.311,0.8137,,,,,,0.17,66.72,68.65,,,,,0.25,,,
2009-08-19,2.45,3.33,3.51,1.06,4.35,1.78,1.73,1.16,,,,,,,,,,,,0.17,69.22,68.66,,,,,0.25,,,
2009-08-20,2.44,3.28,3.45,1.01,4.28,1.7,1.75,1.2,,,,,,,,,,,,0.17,72.54,72.81,,,,,0.25,,,
2009-08-21,2.39,3.25,3.42,1.03,4.24,1.6,1.82,1.3,,,,,,,,,,,,0.17,72.4,73.75,,,,,0.25,,,
2009-08-22,2.43,3.39,3.56,1.13,4.36,1.69,1.87,1.36,,,,,,,,,,,,0.16,73.12,73.71,,,,,0.25,,,
2009-08-23,,,,,,,,,,,2060641.0,798188.0,,,,,,,,0.16,,,,,,,0.25,6627.1239,,
2009-08-24,,,,,,,,,,,,,,,,,,,,0.16,,,,,,,0.25,,,
2009-08-25,2.43,3.31,3.48,1.05,4.27,1.67,1.81,1.29,,,,,0.27,0.9868,,,,,,0.16,73.68,74.34,,,,,0.25,,,
2009-08-26,2.4,3.28,3.45,1.05,4.22,1.72,1.73,1.21,,,,,,,,,,,,0.15,71.6,73.1,,,,,0.25,,,
2009-08-27,2.38,3.29,3.44,1.06,4.2,1.72,1.72,1.2,,,,,,,,,,,,0.15,71.38,70.74,,,,,0.25,,,
2009-08-28,2.43,3.32,3.47,1.04,4.23,1.75,1.72,1.21,,,,,,,,,,,,0.14,72.49,70.68,,,,,0.25,,,
2009-08-29,2.45,3.31,3.46,1.01,4.21,1.76,1.7,1.18,,,,,,,,,,,,0.14,72.72,72.8,,,,,0.25,,,
2009-08-30,,,,,,,,,,,2074902.0,842210.0,,,,,,,,0.14,,,,,,,0.25,6614.066,,
2009-08-31,,,,,,,,,,,,,,,,,,,8466.2,0.14,,,6176.875,3.139047619047619,0.96,,0.25,,,
2009-09-01,2.43,3.25,3.4,0.97,4.18,1.76,1.64,1.12,,,,,0.233,0.5605,,,,,,0.15,69.97,69.02,,,,,0.25,,,
2009-09-02,2.46,3.24,3.38,0.92,4.19,1.74,1.64,1.11,,,,,,,,,,,,0.15,68.11,68.78,,,,,0.25,,,
2009-09-03,2.4,3.15,3.29,0.89,4.09,1.71,1.58,1.07,,,,,,,,,,,,0.16,68.03,67.6,,,,,0.25,,,
2009-09-04,2.42,3.18,3.33,0.91,4.15,1.69,1.64,1.15,,,,,,,,,,,,0.15,67.9,66.78,,,,,0.25,,,
2009-09-05,2.51,3.31,3.45,0.94,4.27,1.7,1.75,1.24,,,,,,,,,,,,0.15,67.95,65.84,,,,,0.25,,,
2009-09-06,,,,,,,,,,,2083720.0,837154.0,,,,,,,,0.15,,,,,,,0.25,6588.7492,,
2009-09-07,,,,,,,,,,,,,,,,,,,,0.15,,,,,,,0.25,,,
2009-09-08,,,,,,,,,,,,,0.2,0.728,,9.8,,,,0.15,,,,,,,0.25,,,
2009-09-09,2.54,3.33,3.47,0.93,4.31,1.66,1.81,1.32,,,,,,,,,,,,0.15,71.08,69.2,,,,,0.25,,,
2009-09-10,2.55,3.34,3.48,0.93,4.33,1.66,1.82,1.36,,,,,,,,,,,,0.15,71.27,69.76,,,,,0.25,,,
2009-09-11,2.46,3.22,3.36,0.9,4.19,1.59,1.77,1.32,,,,,,,,,,,,0.16,71.95,68.96,,,,,0.25,,,
2009-09-12,2.44,3.2,3.34,0.9,4.18,1.59,1.75,1.36,,,,,,,,,,,,0.15,69.34,68.76,,,,,0.25,,,
2009-09-13,,,,,,,,,,,2087946.0,859581.0,,,,,,,,0.15,,,,,,,0.25,6586.4271,,
2009-09-14,,,,,,,,,,,,,,,,,,,,0.15,,,,,,,0.25,,,
2009-09-15,2.48,3.28,3.42,0.94,4.22,1.65,1.77,1.41,,,,,0.167,0.3749,,,,73.5,,0.16,68.86,66.91,,,,,0.25,,,
2009-09-16,2.51,3.34,3.47,0.96,4.27,1.64,1.83,1.45,,,,,,,215.861,,,,,0.17,70.81,66.53,,,,,0.25,,,
2009-09-17,2.47,3.38,3.48,1.01,4.26,1.62,1.86,1.52,,,,,,,,,87.4063,,,0.17,72.5,68.51,,,,,0.25,,,
2009-09-18,2.44,3.32,3.42,0.98,4.19,1.62,1.8,1.46,,,,,,,,,,,,0.16,72.48,71.56,,,,,0.25,,,
2009-09-19,2.46,3.41,3.49,1.03,4.24,1.68,1.81,1.45,,,,,,,,,,,,0.16,71.95,70.72,,,,,0.25,,,
2009-09-20,,,,,,,,,,,2139783.0,867697.0,,,,,,,,0.16,,,,,,,0.25,6564.5736,,
2009-09-21,,,,,,,,,,,,,,,,,,,,0.16,,,,,,,0.25,,,
2009-09-22,2.47,3.38,3.49,1.02,4.23,1.69,1.8,1.39,,,,,0.134,0.0527,,,,,,0.15,69.74,68.11,,,,,0.25,,,
2009-09-23,2.44,3.35,3.46,1.02,4.2,1.65,1.81,1.42,,,,,,,,,,,,0.15,71.5,69.65,,,,,0.25,,,
2009-09-24,2.48,3.33,3.44,0.96,4.21,1.63,1.81,1.4,,,,,,,,,,,,0.15,68.74,67.43,,,,,0.25,,,
2009-09-25,2.47,3.3,3.4,0.93,4.17,1.64,1.76,1.36,,,,,,,,,,,,0.14,65.74,64.99,,,,,0.25,,,
2009-09-26,2.36,3.24,3.34,0.98,4.1,1.6,1.74,1.36,,,,,,,,,,,,0.13,65.91,64.6,,,,,0.25,,,
2009-09-27,,,,,,,,,,,2158631.0,889393.0,,,,,,,,0.13,,,,,,,0.25,6527.9364,,
2009-09-28,,,,,,,,,,,,,,,,,,,,0.13,,,,,,,0.25,,,
2009-09-29,2.33,3.2,3.31,0.98,4.04,1.57,1.74,1.35,,,,,0.105,0.1928,,,,,,0.13,66.69,65.43,,,,31.5,0.25,,82.42733,98.9994785209334
2009-09-30,2.31,3.18,3.31,1.0,4.03,1.59,1.72,1.34,,,,,,,,,,,,0.11,66.56,64.63,,,,,0.25,,,
2009-10-01,2.36,3.17,3.31,0.95,4.03,1.56,1.75,1.37,,,,,,,,,,,8462.7,0.07,70.46,65.82,6195.75,2.986190476190476,0.64,,0.25,,,
2009-10-02,2.34,3.11,3.21,0.87,3.97,1.5,1.71,1.33,,,,,,,,,,,,0.11,70.67,67.12,,,,,0.25,,,
2009-10-03,2.36,3.14,3.24,0.88,4.01,1.54,1.7,1.33,,,,,,,,,,,,0.13,69.8,66.5,,,,,0.25,,,
2009-10-04,,,,,,,,,,,2141020.0,924381.0,,,,,,,,0.13,,,,,,,0.25,6511.5208,,
2009-10-05,,,,,,,,,,,,,,,,,,,,0.13,,,,,,,0.25,,,
2009-10-06,2.36,3.16,3.24,0.88,4.01,1.51,1.73,1.32,,,,,0.083,0.4421,,,,,,0.13,70.26,65.26,,,,,0.25,,,
2009-10-07,2.36,3.19,3.27,0.91,4.07,1.53,1.74,1.37,,,,,,,,,,,,0.12,70.71,68.51,,,,,0.25,,,
2009-10-08,2.34,3.12,3.21,0.87,3.99,1.45,1.76,1.35,,,,,,,,10.0,,,,0.13,69.6,67.65,,,,,0.25,,,
2009-10-09,2.37,3.21,3.27,0.9,4.09,1.49,1.78,1.39,,,,,,,,,,,,0.12,71.69,68.47,,,,,0.25,,,
2009-10-10,2.42,3.33,3.4,0.98,4.22,1.56,1.84,1.46,,,,,,,,,,,,0.12,71.75,69.45,,,,,0.25,,,
2009-10-11,,,,,,,,,,,2138086.0,958831.0,,,,,,,,0.12,,,,,,,0.25,6498.6693,,
2009-10-12,,,,,,,,,,,,,,,,,,,,0.12,,,,,,,0.25,,,
2009-10-13,,,,,,,,,,,,,0.063,0.2994,,,,,,0.12,73.24,70.75,,,,,0.25,,,
2009-10-14,2.43,3.27,3.34,0.91,4.16,1.46,1.88,1.47,,,,,,,,,,,,0.12,74.1,70.81,,,,,0.25,,,
2009-10-15,2.49,3.38,3.45,0.96,4.28,1.51,1.94,1.51,,,,,,,,,,70.6,,0.12,75.2,72.16,,,,,0.25,,,
2009-10-16,2.52,3.42,3.49,0.97,4.31,1.5,1.99,1.56,,,,,,,216.509,,,,,0.13,77.55,73.14,,,,,0.25,,,
2009-10-17,2.46,3.36,3.43,0.97,4.24,1.45,1.98,1.57,,,,,,,,,87.6419,,,0.12,78.54,74.58,,,,,0.25,,,
2009-10-18,,,,,,,,,,,2192787.0,981622.0,,,,,,,,0.12,,,,,,,0.25,6477.9187,,
2009-10-19,,,,,,,,,,,,,,,,,,,,0.12,,,,,,,0.25,,,
2009-10-20,2.42,3.33,3.41,0.99,4.21,1.38,2.03,1.63,,,,,0.046,0.1475,,,,,,0.12,79.47,75.86,,,,,0.25,,,
2009-10-21,2.4,3.27,3.35,0.95,4.16,1.37,1.98,1.57,,,,,,,,,,,,0.12,78.87,76.51,,,,,0.25,,,
2009-10-22,2.42,3.35,3.42,1.0,4.22,1.43,1.99,1.55,,,,,,,,,,,,0.11,81.03,77.74,,,,,0.25,,,
2009-10-23,2.47,3.38,3.44,0.97,4.24,1.49,1.95,1.51,,,,,,,,,,,,0.11,80.82,78.36,,,,,0.25,,,
2009-10-24,2.47,3.44,3.51,1.04,4.29,1.51,2.0,1.56,,,,,,,,,,,,0.11,80.11,77.72,,,,,0.25,,,
2009-10-25,,,,,,,,,,,2201119.0,1034020.0,,,,,,,,0.11,,,,,,,0.25,6454.8687,,
2009-10-26,,,,,,,,,,,,,,,,,,,,0.11,,,,,,,0.25,,,
2009-10-27,2.53,3.51,3.59,1.06,4.37,1.59,2.0,1.6,,,,,0.034,0.2105,,,,,,0.11,78.61,76.45,,,,,0.25,,,
2009-10-28,2.5,3.41,3.49,0.99,4.29,1.49,2.0,1.61,,,,,,,,,,,,0.11,79.45,76.69,,,,,0.25,,,
2009-10-29,2.49,3.37,3.44,0.95,4.25,1.48,1.96,1.57,,,,,,,,,,,,0.11,77.39,75.11,,,,,0.25,,,
2009-10-30,2.55,3.47,3.53,0.98,4.35,1.5,2.03,1.64,,,,,,,,,,,,0.11,79.84,77.18,,,,,0.25,,,
2009-10-31,2.51,3.36,3.41,0.9,4.23,1.41,2.0,1.61,,,,,,,,,,,8489.2,0.11,77.04,74.91,6305.988636363636,3.999090909090909,0.52,,0.25,,,
2009-11-01,,,,,,,,,,,2161537.0,1085378.0,,,,,,,,0.11,,,,,,,0.25,6449.1916,,
2009-11-02,,,,,,,,,,,,,,,,,,,,0.11,,,,,,,0.25,,,
2009-11-03,2.53,3.39,3.45,0.92,4.26,1.41,2.04,1.63,,,,,0.026,0.4354,,,,,,0.12,78.08,75.56,,,,,0.25,,,
2009-11-04,2.58,3.44,3.5,0.92,4.34,1.45,2.05,1.63,,,,,,,,,,,,0.12,79.58,75.68,,,,,0.25,,,
2009-11-05,2.66,3.52,3.57,0.91,4.41,1.45,2.12,1.7,,,,,,,,,,,,0.13,80.3,78.21,,,,,0.25,,,
2009-11-06,2.67,3.53,3.57,0.9,4.41,1.41,2.16,1.71,,,,,,,,,,,,0.13,79.64,78.02,,,,,0.25,,,
2009-11-07,2.68,3.48,3.54,0.86,4.4,1.37,2.17,1.7,,,,,,,,,,,,0.12,77.4,75.51,,,,,0.25,,,
2009-11-08,,,,,,,,,,,2165067.0,1084635.0,,,,9.9,,,,0.12,,,,,,,0.25,6529.706,,
2009-11-09,,,,,,,,,,,,,,,,,,,,0.12,,,,,,,0.25,,,
2009-11-10,2.65,3.45,3.52,0.87,4.4,1.3,2.22,1.79,,,,,0.017,0.4041,,,,,,0.12,79.44,77.18,,,,,0.25,,,
2009-11-11,2.65,3.43,3.5,0.85,4.41,1.31,2.19,1.78,,,,,,,,,,,,0.13,79.01,77.07,,,,,0.25,,,
2009-11-12,,,,,,,,,,,,,,,,,,,,0.13,79.16,76.99,,,,,0.25,,,
2009-11-13,2.63,3.38,3.45,0.82,4.41,1.33,2.12,1.73,,,,,,,,,,,,0.12,77.25,75.18,,,,,0.25,,,
2009-11-14,2.61,3.37,3.43,0.82,4.36,1.31,2.12,1.73,,,,,,,,,,,,0.12,76.34,74.81,,,,,0.25,,,
2009-11-15,,,,,,,,,,,2135035.0,1035227.0,,,,,,67.4,,0.12,,,,,,,0.25,6534.3338,,
2009-11-16,,,,,,,,,,,,,,,217.234,,,,,0.12,,,,,,,0.25,,,
2009-11-17,2.55,3.26,3.33,0.78,4.26,1.21,2.12,1.73,,,,,0.005,0.0466,,,88.0221,,,0.12,78.91,77.14,,,,,0.25,,,
2009-11-18,2.55,3.27,3.33,0.78,4.26,1.2,2.13,1.74,,,,,,,,,,,,0.12,79.08,77.36,,,,,0.25,,,
2009-11-19,2.59,3.32,3.36,0.77,4.29,1.21,2.15,1.8,,,,,,,,,,,,0.11,79.55,78.64,,,,,0.25,,,
2009-11-20,2.62,3.33,3.35,0.73,4.29,1.21,2.14,1.78,,,,,,,,,,,,0.11,77.47,76.45,,,,,0.25,,,
2009-11-21,2.61,3.34,3.36,0.75,4.3,1.21,2.15,1.8,,,,,,,,,,,,0.11,76.83,75.61,,,,,0.25,,,
2009-11-22,,,,,,,,,,,2208721.0,1101812.0,,,,,,,,0.11,,,,,,,0.25,6516.8979,,
2009-11-23,,,,,,,,,,,,,,,,,,,,0.11,,,,,,,0.25,,,
2009-11-24,2.6,3.32,3.37,0.77,4.29,1.2,2.17,1.82,,,,,-0.009,0.1738,,,,,,0.12,76.49,78.14,,,,,0.25,,,
2009-11-25,2.59,3.27,3.32,0.73,4.25,1.21,2.11,1.81,,,,,,,,,,,,0.12,74.88,75.35,,,,,0.25,,,
2009-11-26,2.55,3.23,3.28,0.73,4.23,1.16,2.12,1.81,,,,,,,,,,,,0.11,77.25,76.57,,,,,0.25,,,
2009-11-27,,,,,,,,,,,,,,,,,,,,0.11,,,,,,,0.25,,,
2009-11-28,2.53,3.18,3.21,0.68,4.21,1.15,2.06,1.74,,,,,,,,,,,,0.12,75.95,76.0,,,,,0.25,,,
2009-11-29,,,,,,,,,,,2206359.0,1156240.0,,,,,,,,0.12,,,,,,,0.25,6507.8822,,
2009-11-30,,,,,,,,,,,,,,,,,,,,0.12,,,,,,,0.25,,,
2009-12-01,2.54,3.15,3.21,0.67,4.2,1.13,2.08,1.75,,,,,-0.029,0.1694,,,,,8517.9,0.13,77.19,77.77,6682.440476190476,3.676842105263158,0.44,,0.25,,,
2009-12-02,2.61,3.22,3.28,0.67,4.26,1.14,2.14,1.8,,,,,,,,,,,,0.13,78.39,78.68,,,,,0.25,,,
2009-12-03,2.6,3.27,3.32,0.72,4.26,1.18,2.14,1.82,,,,,,,,,,,,0.13,76.62,76.96,,,,,0.25,,,
2009-12-04,2.65,3.33,3.39,0.74,4.33,1.24,2.15,1.82,,,,,,,,,,,,0.13,76.42,77.76,,,,,0.25,,,
2009-12-05,2.64,3.42,3.48,0.84,4.4,1.34,2.14,1.81,,0.18,,,,,,,,,,0.12,75.41,77.74,,,,,0.25,,,
2009-12-06,,,,,,,,,,,2204074.0,1139438.0,,,,,,,,0.12,,,,,,,0.25,6499.6305,,
2009-12-07,,,,,,,,,,,,,,,,,,,,0.12,,,,,,,0.25,,,
2009-12-08,2.66,3.4,3.44,0.78,4.4,1.31,2.13,1.81,,,,,-0.054,0.0724,,9.9,,,,0.12,73.89,76.18,,,,,0.25,,,
2009-12-09,2.67,3.37,3.4,0.73,4.39,1.31,2.09,1.75,,,,,,,,,,,,0.12,72.59,74.93,,,,,0.25,,,
2009-12-10,2.69,3.42,3.45,0.76,4.41,1.36,2.09,1.71,,,,,,,,,,,,0.12,70.67,73.63,,,,,0.25,,,
2009-12-11,2.71,3.47,3.49,0.78,4.5,1.4,2.09,1.73,,0.225,,,,,,,,,,0.12,70.54,70.91,,,,,0.25,,,
2009-12-12,2.72,3.52,3.55,0.83,4.49,1.41,2.14,1.79,,0.225,,,,,,,,,,0.12,69.86,70.07,,,,,0.25,,,
2009-12-13,,,,,,,,,,,2186383.0,1126508.0,,,,,,,,0.12,,,,,,,0.25,6488.6331,,
2009-12-14,,,,,,,,,,,,,,,,,,,,0.12,,,,,,,0.25,,,
2009-12-15,2.69,3.52,3.56,0.87,4.49,1.37,2.19,1.84,,,,,-0.085,0.0087,,,,72.5,,0.12,69.48,71.19,,,,,0.25,,,
2009-12-16,2.72,3.55,3.6,0.88,4.52,1.37,2.23,1.9,,,,,,,217.347,,,,,0.13,70.62,71.33,,,,,0.25,,,
2009-12-17,2.76,3.57,3.61,0.85,4.52,1.34,2.27,1.93,,,,,,,,,88.3793,,,0.14,72.64,73.34,,,,,0.25,,,
2009-12-18,2.73,3.46,3.5,0.77,4.42,1.28,2.22,1.88,,,,,,,,,,,,0.13,72.58,71.28,,,,,0.25,,,
2009-12-19,2.73,3.5,3.55,0.82,4.46,1.31,2.24,1.92,,,,,,,,,,,,0.12,73.3,71.87,,,,,0.25,,,
2009-12-20,,,,,,,,,,,2235763.0,1096672.0,,,,,,,,0.12,,,,,,,0.25,6464.7405,,
2009-12-21,,,,,,,,,,,,,,,,,,,,0.12,,,,,,,0.25,,,
2009-12-22,2.8,3.61,3.69,0.89,4.56,1.39,2.3,1.98,,,,,-0.118,-0.1389,,,,,,0.12,72.71,72.74,,,,,0.25,,,
2009-12-23,2.81,3.68,3.76,0.95,4.6,1.43,2.33,2.01,,,,,,,,,,,,0.12,73.48,71.64,,,,,0.25,,,
2009-12-24,2.81,3.7,3.77,0.96,4.61,1.46,2.31,2.02,,,,,,,,,,,,0.11,76.03,73.87,,,,,0.25,,,
2009-12-25,2.82,3.77,3.82,1.0,4.68,1.5,2.32,2.05,,,,,,,,,,,,0.11,76.83,75.15,,,,,0.25,,,
2009-12-26,,,,,,,,,,,,,,,,,,,,0.11,,,,,,,0.25,,,
2009-12-27,,,,,,,,,,,2235803.0,1106147.0,,,,,,,,0.11,,,,,,,0.25,6424.3415,,
2009-12-28,,,,,,,,,,,,,,,,,,,,0.11,,,,,,,0.25,,,
2009-12-29,2.76,3.74,3.85,1.09,4.69,1.5,2.35,2.08,,,,,-0.15,-0.2354,,,,,,0.12,78.67,76.59,,,,,0.25,,,
2009-12-30,2.73,3.72,3.82,1.09,4.64,1.46,2.36,2.1,,,,,,,,,,,,0.12,78.87,76.65,,,,14.0,0.25,,84.02935,98.95825750014676
2009-12-31,2.72,3.75,3.8,1.08,4.61,1.44,2.36,2.11,,,,,,,,,,,8510.6,0.11,79.35,77.62,6976.97619047619,5.343636363636364,0.38,,0.25,,,
2010-01-01,2.71,3.79,3.85,1.14,4.63,1.48,2.37,2.13,,,,,,,,,,,,0.05,79.39,77.91,,,,,0.25,,,
2010-01-02,,,,,,,,,,,,,,,,,,,,0.05,,,,,,,0.25,,,
2010-01-03,,,,,,,,,,,2234067.0,1066737.0,,,,,,,,0.05,,,,,,,0.25,6426.5779,,
2010-01-04,,,,,,,,,,,,,,,,,,,,0.05,,,,,,,0.25,,,
2010-01-05,2.76,3.77,3.85,1.09,4.65,1.47,2.38,2.13,,,,,-0.175,-0.2083,,,,,,0.12,81.52,79.05,,,,,0.25,,,
2010-01-06,2.76,3.7,3.77,1.01,4.59,1.43,2.34,2.12,,,,,,,,,,,,0.12,81.74,79.27,,,,,0.25,,,
2010-01-07,2.84,3.79,3.85,1.01,4.7,1.48,2.37,2.16,,,,,,,,,,,,0.12,83.12,80.14,,,,,0.25,,,
2010-01-08,2.82,3.8,3.85,1.03,4.69,1.44,2.41,2.19,,,,,,,,9.8,,,,0.1,82.6,80.57,,,,,0.25,,,
2010-01-09,2.87,3.78,3.83,0.96,4.7,1.41,2.42,2.18,,,,,,,,,,,,0.11,82.74,80.06,,,,,0.25,,,
2010-01-10,,,,,,,,,,,2235304.0,994051.0,,,,,,,,0.11,,,,,,,0.25,6412.7555,,
2010-01-11,,,,,,,,,,,,,,,,,,,,0.11,,,,,,,0.25,,,
2010-01-12,2.9,3.81,3.85,0.95,4.74,1.47,2.38,2.12,,,,,-0.196,-0.3868,,,,,,0.11,82.54,80.14,,,,,0.25,,,
2010-01-13,2.82,3.69,3.74,0.92,4.62,1.35,2.39,2.15,,,,,,,,,,,,0.11,80.79,79.38,,,,,0.25,,,
2010-01-14,2.83,3.74,3.8,0.97,4.71,1.43,2.37,2.13,,,,,,,,,,,,0.11,79.66,77.57,,,,,0.25,,,
2010-01-15,2.82,3.71,3.76,0.94,4.63,1.4,2.36,2.12,,,,,,,,,,74.4,,0.11,79.35,77.61,,,,,0.25,,,
2010-01-16,2.81,3.64,3.7,0.89,4.58,1.34,2.36,2.1,,,,,,,217.488,,,,,0.12,77.96,76.85,,,,,0.25,,,
2010-01-17,,,,,,,,,,,2291700.0,1059208.0,,,,,89.3426,,,0.12,,,,,,,0.25,6397.4535,,
2010-01-18,,,,,,,,,,,,,,,,,,,,0.12,,,,,,,0.25,,,
2010-01-19,,,,,,,,,,,,,-0.206,-0.346,,,,,,0.12,,,,,,,0.25,,,
2010-01-20,2.8,3.67,3.73,0.93,4.6,1.35,2.38,2.09,,,,,,,,,,,,0.13,78.98,75.18,,,,,0.25,,,
2010-01-21,2.76,3.63,3.68,0.92,4.54,1.31,2.37,2.09,,,,,,,,,,,,0.13,77.42,75.09,,,,,0.25,,,
2010-01-22,2.75,3.56,3.62,0.87,4.5,1.29,2.33,1.98,,,,,,,,,,,,0.12,75.84,74.13,,,,,0.25,,,
2010-01-23,2.78,3.56,3.62,0.84,4.5,1.31,2.31,1.95,,,,,,,,,,,,0.11,74.25,72.73,,,,,0.25,,,
2010-01-24,,,,,,,,,,,2251806.0,1078881.0,,,,,,,,0.11,,,,,,,0.25,6395.6791,,
2010-01-25,,,,,,,,,,,,,,,,,,,,0.11,,,,,,,0.25,,,
2010-01-26,2.8,3.6,3.66,0.86,4.55,1.33,2.33,1.97,,,,,-0.206,-0.0701,,,,,,0.12,74.9,72.18,,,,,0.25,,,
2010-01-27,2.78,3.58,3.65,0.87,4.56,1.31,2.34,1.97,,,,,,,,,,,,0.12,74.67,72.63,,,,,0.25,,,
2010-01-28,2.76,3.58,3.66,0.9,4.55,1.35,2.31,1.96,,,,,,,,,,,,0.12,73.64,72.75,,,,,0.25,,,
2010-01-29,2.81,3.6,3.68,0.87,4.57,1.35,2.33,1.94,,,,,,,,,,,,0.12,73.62,70.65,,,,,0.25,,,
2010-01-30,2.81,3.55,3.63,0.82,4.51,1.3,2.33,1.91,,,,,,,,,,,,0.12,72.85,71.2,,,,,0.25,,,
2010-01-31,,,,,,,,,,,2246886.0,1104555.0,,,,,,,8473.1,0.12,,,7367.375,5.824210526315789,0.34,,0.25,6362.5038,,
2010-02-01,,,,,,,,,,,,,,,,,,,,0.12,,,,,,,0.25,,,
2010-02-02,2.82,3.58,3.68,0.86,4.56,1.29,2.39,1.99,,,,,-0.202,0.0612,,,,,,0.14,74.41,71.58,,,,,0.25,,,
2010-02-03,2.81,3.57,3.67,0.86,4.55,1.26,2.41,2.02,,,,,,,,,,,,0.14,77.21,73.94,,,,,0.25,,,
2010-02-04,2.85,3.63,3.73,0.88,4.62,1.3,2.43,2.05,,,,,,,,,,,,0.13,76.96,75.77,,,,,0.25,,,
2010-02-05,2.82,3.53,3.62,0.8,4.53,1.27,2.35,1.99,,,,,,,,,,,,0.14,73.13,71.3,,,,,0.25,,,
2010-02-06,2.82,3.49,3.59,0.77,4.51,1.32,2.27,1.89,,,,,,,,,,,,0.13,71.15,70.11,,,,,0.25,,,
2010-02-07,,,,,,,,,,,2249319.0,1126672.0,,,,,,,,0.13,,,,,,,0.25,6345.9718,,
2010-02-08,,,,,,,,,,,,,,,,9.8,,,,0.13,,,,,,,0.25,,,
2010-02-09,2.83,3.5,3.62,0.79,4.52,1.35,2.27,1.91,,,,,-0.199,-0.0472,,,,,,0.13,71.87,69.62,,,,,0.25,,,
2010-02-10,2.83,3.55,3.67,0.84,4.58,1.37,2.3,1.94,,,,,,,,,,,,0.13,73.71,70.4,,,,,0.25,,,
2010-02-11,2.81,3.61,3.72,0.91,4.65,1.44,2.28,1.97,,,,,,,,,,,,0.12,74.48,70.4,,,,,0.25,,,
2010-02-12,2.82,3.62,3.73,0.91,4.69,1.47,2.26,1.96,,,,,,,,,,,,0.12,75.23,72.35,,,,,0.25,,,
2010-02-13,2.85,3.59,3.69,0.84,4.66,1.46,2.23,1.96,,,,,,,,,,,,0.12,74.11,71.49,,,,,0.25,,,
2010-02-14,,,,,,,,,,,2256679.0,1154075.0,,,,,,,,0.12,,,,,,,0.25,6346.8791,,
2010-02-15,,,,,,,,,,,,,,,,,,73.6,,0.12,,,,,,,0.25,,,
2010-02-16,,,,,,,,,,,,,-0.202,0.1174,217.281,,,,,0.12,,,,,,,0.25,,,
2010-02-17,2.84,3.56,3.66,0.82,4.63,1.42,2.24,1.95,,,,,,,,,89.6779,,,0.13,76.98,74.82,,,,,0.25,,,
2010-02-18,2.87,3.64,3.74,0.87,4.7,1.46,2.28,2.01,,,,,,,,,,,,0.12,77.27,74.89,,,,,0.25,,,
2010-02-19,2.89,3.69,3.79,0.9,4.74,1.48,2.31,2.02,,,,,,,,,,,,0.12,78.97,76.61,,,,,0.25,,,
2010-02-20,2.83,3.67,3.78,0.95,4.71,1.52,2.26,1.97,,,,,,,,,,,,0.13,79.77,76.88,,,,,0.25,,,
2010-02-21,,,,,,,,,,,2277574.0,1200695.0,,,,,,,,0.13,,,,,,,0.25,6315.4336,,
2010-02-22,,,,,,,,,,,,,,,,,,,,0.13,,,,,,,0.25,,,
2010-02-23,2.89,3.69,3.8,0.91,4.73,1.55,2.25,1.92,,,,,-0.22,-0.211,,,,,,0.12,80.04,76.95,,,,,0.25,,,
2010-02-24,2.82,3.57,3.69,0.87,4.63,1.5,2.19,1.9,,,,,,,,,,,,0.12,78.61,76.44,,,,,0.25,,,
2010-02-25,2.83,3.58,3.7,0.87,4.63,1.51,2.19,1.9,,,,,,,,,,,,0.11,79.75,77.0,,,,,0.25,,,
2010-02-26,2.82,3.51,3.64,0.82,4.58,1.51,2.13,1.83,,,,,,,,,,,,0.12,77.99,74.38,,,,,0.25,,,
2010-02-27,2.8,3.48,3.61,0.81,4.55,1.48,2.13,1.83,,,,,,,,,,,,0.13,79.72,76.36,,,,,0.25,,,
2010-02-28,,,,,,,,,,,2286127.0,1227597.0,,,,,,,,0.13,,,,,,,0.25,6302.5053,,
2010-03-01,,,,,,,,,,,,,,,,,,,,0.13,,,,,,,0.25,,,
2010-03-02,2.81,3.48,3.61,0.8,4.56,1.46,2.15,1.83,,,,,-0.249,-0.2183,,,,,,0.14,78.71,76.07,,,,,0.25,,,
2010-03-03,2.82,3.48,3.62,0.8,4.57,1.46,2.16,1.83,,,,,,,,,,,8523.4,0.14,79.62,77.5,6867.675,5.315263157894737,0.32,,0.25,,,
2010-03-04,2.81,3.49,3.63,0.82,4.58,1.46,2.17,1.84,,,,,,,,,,,,0.15,80.91,78.66,,,,,0.25,,,
2010-03-05,2.75,3.47,3.61,0.86,4.56,1.44,2.17,1.84,,,,,,,,,,,,0.16,80.21,77.88,,,,,0.25,,,
2010-03-06,2.78,3.54,3.69,0.91,4.64,1.48,2.21,1.89,,,,,,,,,,,,0.17,81.5,79.2,,,,,0.25,,,
2010-03-07,,,,,,,,,,,2280147.0,1196337.0,,,,,,,,0.17,,,,,,,0.25,6293.0519,,
2010-03-08,,,,,,,,,,,,,,,,9.9,,,,0.17,,,,,,,0.25,,,
2010-03-09,2.82,3.56,3.72,0.9,4.68,1.49,2.23,1.87,,,,,-0.289,-0.2602,,,,,,0.15,81.85,78.94,,,,,0.25,,,
2010-03-10,2.82,3.55,3.71,0.89,4.68,1.48,2.23,1.88,,,,,,,,,,,,0.14,81.5,78.77,,,,,0.25,,,
2010-03-11,2.81,3.58,3.73,0.92,4.69,1.49,2.24,1.91,,,,,,,,,,,,0.14,82.07,80.29,,,,,0.25,,,
2010-03-12,2.76,3.57,3.73,0.97,4.66,1.49,2.24,1.89,,,,,,,,,,,,0.15,82.1,79.44,,,,,0.25,,,
2010-03-13,2.74,3.56,3.71,0.97,4.62,1.45,2.26,1.93,,,,,,,,,,,,0.17,81.26,79.38,,,,,0.25,,,
2010-03-14,,,,,,,,,,,2282474.0,1175338.0,,,,,,,,0.17,,,,,,,0.25,6288.4697,,
2010-03-15,,,,,,,,,,,,,,,,,,73.6,,0.17,,,,,,,0.25,,,
2010-03-16,2.75,3.54,3.71,0.96,4.63,1.46,2.25,1.93,,,,,-0.336,-0.5589,217.353,,,,,0.2,79.79,77.08,,,,,0.25,,,
2010-03-17,2.73,3.5,3.66,0.93,4.59,1.42,2.24,1.92,,,,,,,,,90.2928,,,0.2,81.75,79.45,,,,,0.25,,,
2010-03-18,2.7,3.5,3.65,0.95,4.56,1.4,2.25,1.96,,,,,,,,,,,,0.18,82.93,80.28,,,,,0.25,,,
2010-03-19,2.7,3.52,3.68,0.98,4.59,1.45,2.23,1.92,,,,,,,,,,,,0.18,82.16,80.09,,,,,0.25,,,
2010-03-20,2.68,3.54,3.7,1.02,4.58,1.5,2.2,1.86,,,,,,,,,,,,0.18,80.58,78.37,,,,,0.25,,,
2010-03-21,,,,,,,,,,,2307997.0,1124978.0,,,,,,,,0.18,,,,,,,0.25,6284.2758,,
2010-03-22,,,,,,,,,,,,,,,,,,,,0.18,,,,,,,0.25,,,
2010-03-23,2.66,3.52,3.67,1.01,4.57,1.48,2.19,1.82,,,,,-0.384,-0.4253,,,,,,0.18,81.26,78.09,,,,,0.25,,,
2010-03-24,2.67,3.55,3.69,1.02,4.6,1.49,2.2,1.8,,,,,,,,,,,,0.17,81.68,79.17,,,,,0.25,,,
2010-03-25,2.76,3.7,3.84,1.08,4.72,1.6,2.24,1.89,,,,,,,,,,,,0.17,80.29,78.03,,,,,0.25,,,
2010-03-26,2.81,3.77,3.91,1.1,4.77,1.65,2.26,1.87,,,,,,,,,,,,0.17,80.25,78.64,,,,,0.25,,,
2010-03-27,2.82,3.72,3.86,1.04,4.75,1.62,2.24,1.86,,,,,,,,,,,,0.17,79.75,77.98,,,,,0.25,,,
2010-03-28,,,,,,,,,,,2313149.0,1127725.0,,,,,,,,0.17,,,,,,,0.25,6275.6102,,
2010-03-29,,,,,,,,,,,,,,,,,,,,0.17,,,,,,,0.25,,,
2010-03-30,2.84,3.73,3.88,1.04,4.76,1.66,2.22,1.85,,,,,-0.427,-0.3948,,,,,,0.16,81.92,79.89,,,,,0.25,,,
2010-03-31,2.82,3.72,3.88,1.06,4.75,1.66,2.22,1.83,,,,,,,,,,,8519.0,0.16,82.14,79.46,7466.934782608696,4.290869565217391,0.22,,0.25,,,
2010-04-01,2.82,3.68,3.84,1.02,4.72,1.6,2.24,1.83,,,,,,,,,,,,0.09,83.45,80.37,,,,-5.5,0.25,,86.51175,94.4970006262885
2010-04-02,2.84,3.73,3.89,1.05,4.74,1.61,2.28,1.85,,,,,,,,,,,,0.17,84.53,82.63,,,,,0.25,,,
2010-04-03,2.85,3.8,3.96,1.11,4.81,1.69,2.27,1.86,,,,,,,,,,,,0.2,,,,,,,0.25,,,
2010-04-04,,,,,,,,,,,2307150.0,1124679.0,,,,,,,,0.2,,,,,,,0.25,6717.5123,,
2010-04-05,,,,,,,,,,,,,,,,,,,,0.2,,,,,,,0.25,,,
2010-04-06,2.83,3.83,4.01,1.18,4.85,1.7,2.31,1.92,,,,,-0.459,-0.351,,,,,,0.2,86.36,84.48,,,,,0.25,,,
2010-04-07,2.84,3.81,3.98,1.14,4.84,1.68,2.3,2.03,,,,,,,,,,,,0.2,86.54,85.05,,,,,0.25,,,
2010-04-08,2.83,3.72,3.89,1.06,4.74,1.55,2.34,2.04,,,,,,,,9.9,,,,0.19,85.64,84.49,,,,,0.25,,,
2010-04-09,2.82,3.74,3.91,1.09,4.75,1.58,2.33,1.95,,,,,,,,,,,,0.19,85.17,82.63,,,,,0.25,,,
2010-04-10,2.82,3.74,3.9,1.08,4.74,1.56,2.34,1.97,,,,,,,,,,,,0.19,84.6,82.77,,,,,0.25,,,
2010-04-11,,,,,,,,,,,2307575.0,1111072.0,,,,,,,,0.19,,,,,,,0.25,6713.1288,,
2010-04-12,,,,,,,,,,,,,,,,,,,,0.19,,,,,,,0.25,,,
2010-04-13,2.8,3.71,3.87,1.07,4.7,1.52,2.35,1.95,,,,,-0.473,-0.4652,,,,,,0.19,84.07,85.21,,,,,0.25,,,
2010-04-14,2.77,3.68,3.84,1.07,4.68,1.5,2.34,1.93,,,,,,,,,,,,0.2,83.8,83.44,,,,,0.25,,,
2010-04-15,2.81,3.72,3.88,1.07,4.72,1.54,2.34,1.95,,,,,,,,,,72.2,,0.2,85.62,85.81,,,,,0.25,,,
2010-04-16,2.82,3.7,3.86,1.04,4.72,1.49,2.37,1.96,,,,,,,217.403,,,,,0.22,85.25,86.9,,,,,0.25,,,
2010-04-17,2.81,3.63,3.79,0.98,4.67,1.46,2.33,1.9,,,,,,,,,90.5991,,,0.21,82.97,84.81,,,,,0.25,,,
2010-04-18,,,,,,,,,,,2339345.0,1093863.0,,,,,,,,0.21,,,,,,,0.25,6713.8435,,
2010-04-19,,,,,,,,,,,,,,,,,,,,0.21,,,,,,,0.25,,,
2010-04-20,2.82,3.67,3.83,1.01,4.7,1.49,2.34,1.91,,,,,-0.464,-0.4422,,,,,,0.2,81.52,83.09,,,,,0.25,,,
2010-04-21,2.77,3.66,3.82,1.05,4.67,1.47,2.35,1.96,,,,,,,,,,,,0.2,82.98,84.73,,,,,0.25,,,
2010-04-22,2.74,3.62,3.77,1.03,4.61,1.42,2.35,1.95,,,,,,,,,,,,0.2,82.78,84.55,,,,,0.25,,,
2010-04-23,2.73,3.64,3.8,1.07,4.65,1.46,2.34,1.95,,,,,,,,,,,,0.2,82.89,84.58,,,,,0.25,,,
2010-04-24,2.74,3.68,3.84,1.1,4.67,1.47,2.37,1.99,,,,,,,,,,,,0.2,84.34,86.09,,,,,0.25,,,
2010-04-25,,,,,,,,,,,2337556.0,1067938.0,,,,,,,,0.2,,,,,,,0.25,6702.6239,,
2010-04-26,,,,,,,,,,,,,,,,,,,,0.2,,,,,,,0.25,,,
2010-04-27,2.74,3.67,3.83,1.09,4.67,1.46,2.37,2.0,,,,,-0.431,-0.4118,,,,,,0.2,84.2,86.72,,,,,0.25,,,
2010-04-28,2.68,3.55,3.71,1.03,4.56,1.37,2.34,2.0,,,,,,,,,,,,0.2,82.43,85.59,,,,,0.25,,,
2010-04-29,2.77,3.64,3.8,1.03,4.63,1.4,2.4,2.0,,,,,,,,,,,,0.2,83.22,84.59,,,,,0.25,,,
2010-04-30,2.75,3.59,3.76,1.01,4.6,1.31,2.45,2.06,,,,,,,,,,,,0.19,85.17,86.82,,,,,0.25,,,
2010-05-01,2.72,3.53,3.69,0.97,4.53,1.29,2.4,2.01,,,,,,,,,,,8554.3,0.2,86.07,86.19,7729.8375,4.032857142857143,0.24,,0.25,,,
2010-05-02,,,,,,,,,,,2330472.0,1053074.0,,,,,,,,0.2,,,,,,,0.25,6694.9159,,
2010-05-03,,,,,,,,,,,,,,,,,,,,0.2,,,,,,,0.25,,,
2010-05-04,2.72,3.55,3.72,1.0,4.53,1.32,2.4,2.0,,,,,-0.374,-0.1847,,,,,,0.2,86.19,88.09,,,,,0.25,,,
2010-05-05,2.67,3.47,3.63,0.96,4.43,1.31,2.32,1.94,,,,,,,,,,,,0.21,82.73,85.39,,,,,0.25,,,
2010-05-06,2.7,3.43,3.58,0.88,4.39,1.3,2.28,1.89,,,,,,,,,,,,0.21,80.0,82.31,,,,,0.25,,,
2010-05-07,2.66,3.3,3.41,0.75,4.19,1.25,2.16,1.79,,,,,,,,,,,,0.2,77.18,80.21,,,,,0.25,,,
2010-05-08,2.62,3.32,3.45,0.83,4.28,1.3,2.15,1.75,,,,,,,,9.6,,,,0.2,75.1,76.48,,,,,0.25,,,
2010-05-09,,,,,,,,,,,2326164.0,1021581.0,,,,,,,,0.2,,,,,,,0.25,6670.8231,,
2010-05-10,,,,,,,,,,,,,,,,,,,,0.2,,,,,,,0.25,,,
2010-05-11,2.7,3.41,3.57,0.87,4.41,1.33,2.24,1.85,,,,,-0.298,0.4303,,,,,,0.2,76.89,78.08,,,,,0.25,,,
2010-05-12,2.71,3.4,3.56,0.85,4.42,1.31,2.25,1.86,,,,,,,,,,,,0.2,76.37,79.0,,,,,0.25,,,
2010-05-13,2.67,3.4,3.56,0.89,4.47,1.28,2.28,1.92,,,,,,,,,,,,0.2,75.65,78.7,,,,,0.25,,,
2010-05-14,2.68,3.39,3.55,0.87,4.47,1.28,2.27,1.89,,,,,,,,,,,,0.2,74.38,79.41,,,,,0.25,,,
2010-05-15,2.65,3.28,3.44,0.79,4.32,1.26,2.18,1.83,,,,,,,,,,73.6,,0.2,71.61,76.43,,,,,0.25,,,
2010-05-16,,,,,,,,,,,2336103.0,1064462.0,,,217.29,,,,,0.2,,,,,,,0.25,6685.1193,,
2010-05-17,,,,,,,,,,,,,,,,,91.823,,,0.2,,,,,,,0.25,,,
2010-05-18,2.66,3.31,3.47,0.81,4.35,1.31,2.16,1.81,,,,,-0.223,0.3577,,,,,,0.21,70.08,73.87,,,,,0.25,,,
2010-05-19,2.62,3.21,3.38,0.76,4.26,1.25,2.13,1.77,,,,,,,,,,,,0.21,69.38,75.12,,,,,0.25,,,
2010-05-20,2.56,3.19,3.36,0.8,4.24,1.32,2.04,1.7,,,,,,,,,,,,0.2,69.91,71.86,,,,,0.25,,,
2010-05-21,2.49,3.08,3.25,0.76,4.13,1.36,1.89,1.58,,,,,,,,,,,,0.2,68.28,69.56,,,,,0.25,,,
2010-05-22,2.44,3.03,3.2,0.76,4.07,1.33,1.87,1.61,,,,,,,,,,,,0.2,68.03,70.45,,,,,0.25,,,
2010-05-23,,,,,,,,,,,2350890.0,1092540.0,,,,,,,,0.2,,,,,,,0.25,6668.8495,,
2010-05-24,,,,,,,,,,,,,,,,,,,,0.2,,,,,,,0.25,,,
2010-05-25,2.46,3.06,3.23,0.77,4.12,1.35,1.88,1.62,,,,,-0.15,0.9951,,,,,,0.21,68.23,69.62,,,,,0.25,,,
2010-05-26,2.37,3.01,3.18,0.81,4.07,1.33,1.85,1.57,,,,,,,,,,,,0.21,64.78,67.18,,,,,0.25,,,
2010-05-27,2.39,3.04,3.21,0.82,4.11,1.3,1.91,1.62,,,,,,,,,,,,0.2,71.52,70.59,,,,,0.25,,,
2010-05-28,2.47,3.17,3.34,0.87,4.24,1.33,2.01,1.72,,,,,,,,,,,,0.2,74.56,73.56,,,,,0.25,,,
2010-05-29,2.55,3.15,3.31,0.76,4.22,1.32,1.99,1.69,,,,,,,,,,,,0.19,74.0,73.0,,,,,0.25,,,
2010-05-30,,,,,,,,,,,2334041.0,1084219.0,,,,,,,,0.19,,,,,,,0.25,6654.1682,,
2010-05-31,,,,,,,,,,,,,,,,,,,8612.0,0.19,,,6843.157894736842,4.138,0.22,,0.25,,,
2010-06-01,,,,,,,,,,,,,-0.096,1.0331,,,,,,0.19,,,,,,,0.25,,,
2010-06-02,2.51,3.13,3.29,0.78,4.19,1.32,1.97,1.68,,,,,,,,,,,,0.2,72.7,73.08,,,,,0.25,,,
2010-06-03,2.53,3.19,3.35,0.82,4.24,1.36,1.99,1.71,,,,,,,,,,,,0.2,72.88,72.78,,,,,0.25,,,
2010-06-04,2.57,3.25,3.39,0.82,4.29,1.34,2.05,1.77,,,,,,,,,,,,0.19,74.62,73.12,,,,,0.25,,,
2010-06-05,2.48,3.06,3.2,0.72,4.13,1.26,1.94,1.66,,,,,,,,,,,,0.19,71.43,71.84,,,,,0.25,,,
2010-06-06,,,,,,,,,,,2336216.0,1067106.0,,,,,,,,0.19,,,,,,,0.25,6641.6438,,
2010-06-07,,,,,,,,,,,,,,,,,,,,0.19,,,,,,,0.25,,,
2010-06-08,2.43,3.05,3.17,0.74,4.11,1.25,1.92,1.64,,,,,-0.064,0.8259,,9.4,,,,0.19,71.55,71.09,,,,,0.25,,,
2010-06-09,2.44,3.06,3.18,0.74,4.1,1.29,1.89,1.62,,,,,,,,,,,,0.19,71.88,71.43,,,,,0.25,,,
2010-06-10,2.46,3.1,3.2,0.74,4.12,1.28,1.92,1.63,,,,,,,,,,,,0.18,74.38,73.68,,,,,0.25,,,
2010-06-11,2.54,3.23,3.33,0.79,4.25,1.35,1.98,1.68,,,,,,,,,,,,0.18,75.48,74.33,,,,,0.25,,,
2010-06-12,2.49,3.16,3.24,0.75,4.15,1.29,1.95,1.65,,,,,,,,,,,,0.18,73.89,73.28,,,,,0.25,,,
2010-06-13,,,,,,,,,,,2331529.0,1060078.0,,,,,,,,0.18,,,,,,,0.25,6644.3318,,
2010-06-14,,,,,,,,,,,,,,,,,,,,0.18,,,,,,,0.25,,,
2010-06-15,2.51,3.21,3.28,0.77,4.2,1.31,1.97,1.69,,,,,-0.055,0.9834,,,,76.0,,0.18,74.99,75.11,,,,,0.25,,,
2010-06-16,2.53,3.23,3.32,0.79,4.23,1.32,2.0,1.68,,,,,,,217.199,,,,,0.19,76.84,75.29,,,,,0.25,,,
2010-06-17,2.52,3.17,3.27,0.75,4.18,1.28,1.99,1.67,,,,,,,,,91.9928,,,0.19,77.67,76.12,,,,,0.25,,,
2010-06-18,2.49,3.12,3.21,0.72,4.13,1.22,1.99,1.68,,,,,,,,,,,,0.19,76.82,77.52,,,,,0.25,,,
2010-06-19,2.5,3.13,3.24,0.74,4.15,1.25,1.99,1.69,,,,,,,,,,,,0.18,77.18,77.05,,,,,0.25,,,
2010-06-20,,,,,,,,,,,2344316.0,1066441.0,,,,,,,,0.18,,,,,,,0.25,6642.7955,,
2010-06-21,,,,,,,,,,,,,,,,,,,,0.18,,,,,,,0.25,,,
2010-06-22,2.52,3.14,3.26,0.74,4.17,1.24,2.02,1.71,,,,,-0.069,0.5112,,,,,,0.17,77.84,78.53,,,,,0.25,,,
2010-06-23,2.47,3.05,3.18,0.71,4.1,1.2,1.98,1.68,,,,,,,,,,,,0.18,77.15,78.08,,,,,0.25,,,
2010-06-24,2.47,3.0,3.13,0.66,4.05,1.19,1.94,1.64,,,,,,,,,,,,0.17,75.9,75.22,,,,,0.25,,,
2010-06-25,2.47,3.01,3.14,0.67,4.09,1.23,1.91,1.6,,,,,,,,,,,,0.16,75.96,75.17,,,,,0.25,,,
2010-06-26,2.47,2.99,3.12,0.65,4.07,1.21,1.91,1.61,,,,,,,,,,,,0.16,78.45,76.21,,,,,0.25,,,
2010-06-27,,,,,,,,,,,2344497.0,1060334.0,,,,,,,,0.16,,,,,,,0.25,6636.3149,,
2010-06-28,,,,,,,,,,,,,,,,,,,,0.16,,,,,,,0.25,,,
2010-06-29,2.43,2.88,3.05,0.62,4.01,1.17,1.88,1.57,,,,,-0.096,0.5988,,,,,,0.17,78.26,76.66,,,,,0.25,,,
2010-06-30,2.36,2.82,2.97,0.61,3.94,1.14,1.83,1.54,,,,,,,,,,,,0.15,75.93,74.21,,,,-7.1,0.25,,88.12832,94.07695208477654
2010-07-01,2.36,2.79,2.97,0.61,3.91,1.15,1.82,1.54,,,,,,,,,,,8631.0,0.09,75.59,74.94,6501.5,4.801363636363636,0.64,,0.25,,,
2010-07-02,2.33,2.79,2.96,0.63,3.88,1.21,1.75,1.48,,,,,,,,,,,,0.17,72.95,71.73,,,,,0.25,,,
2010-07-03,2.37,2.83,3.0,0.63,3.94,1.27,1.73,1.48,,,,,,,,,,,,0.18,72.06,71.75,,,,,0.25,,,
2010-07-04,,,,,,,,,,,2330851.0,1043380.0,,,,,,,,0.18,,,,,,,0.25,6629.5466,,
2010-07-05,,,,,,,,,,,,,,,,,,,,0.18,,,,,,,0.25,,,
2010-07-06,,,,,,,,,,,,,-0.131,0.9563,,,,,,0.18,,,,,,,0.25,,,
2010-07-07,2.33,2.78,2.95,0.62,3.89,1.26,1.69,1.41,,,,,,,,,,,,0.18,71.96,73.08,,,,,0.25,,,
2010-07-08,2.37,2.84,3.0,0.63,3.96,1.3,1.7,1.4,,,,,,,,9.4,,,,0.18,74.05,72.97,,,,,0.25,,,
2010-07-09,2.41,2.89,3.04,0.63,4.0,1.25,1.79,1.43,,,,,,,,,,,,0.17,75.46,74.56,,,,,0.25,,,
2010-07-10,2.44,2.91,3.07,0.63,4.04,1.26,1.81,1.47,,,,,,,,,,,,0.18,76.08,75.2,,,,,0.25,,,
2010-07-11,,,,,,,,,,,2332017.0,1047031.0,,,,,,,,0.18,,,,,,,0.25,6625.0131,,
2010-07-12,,,,,,,,,,,,,,,,,,,,0.18,,,,,,,0.25,,,
2010-07-13,2.43,2.92,3.08,0.65,4.05,1.26,1.82,1.48,,,,,-0.172,0.5705,,,,,,0.17,74.93,74.35,,,,,0.25,,,
2010-07-14,2.48,3.0,3.15,0.67,4.1,1.28,1.87,1.51,,,,,,,,,,,,0.17,77.16,76.45,,,,,0.25,,,
2010-07-15,2.45,2.92,3.07,0.62,4.03,1.23,1.84,1.48,,,,,,,,,,67.8,,0.17,77.02,76.63,,,,,0.25,,,
2010-07-16,2.39,2.85,3.0,0.61,3.97,1.21,1.79,1.43,,,,,,,217.605,,,,,0.19,76.67,75.52,,,,,0.25,,,
2010-07-17,2.35,2.81,2.96,0.61,3.95,1.25,1.71,1.36,,,,,,,,,92.3421,,,0.19,75.96,75.55,,,,,0.25,,,
2010-07-18,,,,,,,,,,,2340717.0,1058516.0,,,,,,,,0.19,,,,,,,0.25,6618.5266,,
2010-07-19,,,,,,,,,,,,,,,,,,,,0.19,,,,,,,0.25,,,
2010-07-20,2.38,2.82,2.99,0.61,3.99,1.29,1.7,1.34,,,,,-0.212,0.3634,,,,,,0.19,76.53,76.29,,,,,0.25,,,
2010-07-21,2.37,2.82,2.98,0.61,3.99,1.28,1.7,1.32,,,,,,,,,,,,0.18,77.32,76.31,,,,,0.25,,,
2010-07-22,2.32,2.74,2.9,0.58,3.89,1.19,1.71,1.34,,,,,,,,,,,,0.18,76.27,75.75,,,,,0.25,,,
2010-07-23,2.36,2.8,2.96,0.6,3.95,1.21,1.75,1.37,,,,,,,,,,,,0.18,79.01,77.59,,,,,0.25,,,
2010-07-24,2.42,2.86,3.02,0.6,4.01,1.24,1.78,1.39,,,,,,,,,,,,0.19,78.68,77.27,,,,,0.25,,,
2010-07-25,,,,,,,,,,,2332322.0,1036195.0,,,,,,,,0.19,,,,,,,0.25,6613.4299,,
2010-07-26,,,,,,,,,,,,,,,,,,,,0.19,,,,,,,0.25,,,
2010-07-27,2.41,2.87,3.03,0.62,4.03,1.24,1.79,1.4,,,,,-0.245,0.5152,,,,,,0.19,78.93,77.9,,,,,0.25,,,
2010-07-28,2.43,2.93,3.08,0.65,4.08,1.26,1.82,1.44,,,,,,,,,,,,0.19,77.46,75.52,,,,,0.25,,,
2010-07-29,2.42,2.88,3.03,0.61,4.07,1.22,1.81,1.46,,,,,,,,,,,,0.2,77.06,76.66,,,,,0.25,,,
2010-07-30,2.44,2.88,3.03,0.59,4.08,1.21,1.82,1.45,,,,,,,,,,,,0.19,78.3,78.6,,,,,0.25,,,
2010-07-31,2.39,2.79,2.94,0.55,3.98,1.14,1.8,1.43,,,,,,,,,,,8642.3,0.18,78.85,77.5,6750.568181818182,4.628095238095238,0.38,,0.25,,,
2010-08-01,,,,,,,,,,,2325298.0,1045219.0,,,,,,,,0.18,,,,,,,0.25,6599.7944,,
2010-08-02,,,,,,,,,,,,,,,,,,,,0.18,,,,,,,0.25,,,
2010-08-03,2.43,2.83,2.99,0.56,4.06,1.13,1.86,1.5,,,,,-0.269,0.179,,,,,,0.19,81.25,81.93,,,,,0.25,,,
2010-08-04,2.41,2.78,2.94,0.53,4.04,1.07,1.87,1.51,,,,,,,,,,,,0.19,82.52,83.6,,,,,0.25,,,
2010-08-05,2.42,2.82,2.98,0.56,4.07,1.12,1.86,1.5,,,,,,,,,,,,0.19,82.49,83.76,,,,,0.25,,,
2010-08-06,2.41,2.79,2.94,0.53,4.05,1.07,1.87,1.5,,,,,,,,,,,,0.19,82.0,82.9,,,,,0.25,,,
2010-08-07,2.36,2.71,2.86,0.5,4.0,1.04,1.82,1.46,,,,,,,,,,,,0.18,80.67,81.28,,,,,0.25,,,
2010-08-08,,,,,,,,,,,2326479.0,1052386.0,,,,9.5,,,,0.18,,,,,,,0.25,6609.7238,,
2010-08-09,,,,,,,,,,,,,,,,,,,,0.18,,,,,,,0.25,,,
2010-08-10,2.32,2.71,2.86,0.54,4.01,1.04,1.82,1.48,,,,,-0.283,0.2101,,,,,,0.18,81.46,81.54,,,,,0.25,,,
2010-08-11,2.27,2.64,2.79,0.52,4.0,0.95,1.84,1.48,,,,,,,,,,,,0.18,80.24,79.89,,,,,0.25,,,
2010-08-12,2.18,2.57,2.72,0.54,3.93,0.95,1.77,1.43,,,,,,,,,,,,0.17,78.09,77.83,,,,,0.25,,,
2010-08-13,2.19,2.58,2.74,0.55,3.94,1.05,1.69,1.35,,0.18,,,,,,,,,,0.18,75.68,76.63,,,,,0.25,,,
2010-08-14,2.14,2.53,2.68,0.54,3.87,1.0,1.68,1.34,,,,,,,,,,,,0.19,75.39,75.14,,,,,0.25,,,
2010-08-15,,,,,,,,,,,2327533.0,1045180.0,,,,,,68.9,,0.19,,,,,,,0.25,6615.2379,,
2010-08-16,,,,,,,,,,,,,,,217.923,,,,,0.19,,,,,,,0.25,,,
2010-08-17,2.07,2.42,2.58,0.51,3.72,0.95,1.63,1.29,,,,,-0.288,0.4274,,,92.6805,,,0.2,75.17,74.56,,,,,0.25,,,
2010-08-18,2.12,2.47,2.64,0.52,3.77,1.01,1.63,1.28,,,,,,,,,,,,0.2,75.76,76.74,,,,,0.25,,,
2010-08-19,2.13,2.48,2.64,0.51,3.73,1.02,1.62,1.28,,,,,,,,,,,,0.19,75.39,75.1,,,,,0.25,,,
2010-08-20,2.09,2.42,2.58,0.49,3.66,1.02,1.56,1.22,,,,,,,,,,,,0.19,74.45,74.84,,,,,0.25,,,
2010-08-21,2.13,2.47,2.62,0.49,3.67,1.05,1.57,1.24,,,,,,,,,,,,0.2,73.45,73.48,,,,,0.25,,,
2010-08-22,,,,,,,,,,,2313662.0,1041298.0,,,,,,,,0.2,,,,,,,0.25,6603.5768,,
2010-08-23,,,,,,,,,,,,,,,,,,,,0.2,,,,,,,0.25,,,
2010-08-24,2.11,2.44,2.6,0.49,3.65,1.05,1.55,1.21,,,,,-0.289,0.4544,,,,,,0.19,72.71,73.08,,,,,0.25,,,
2010-08-25,2.0,2.34,2.5,0.5,3.57,1.01,1.49,1.19,,,,,,,,,,,,0.19,71.24,70.61,,,,,0.25,,,
2010-08-26,2.01,2.38,2.54,0.53,3.59,1.01,1.53,1.21,,,,,,,,,,,,0.19,72.07,70.74,,,,,0.25,,,
2010-08-27,1.99,2.34,2.5,0.51,3.53,0.95,1.55,1.24,,,,,,,,,,,,0.19,73.36,74.5,,,,,0.25,,,
2010-08-28,2.1,2.51,2.66,0.56,3.69,1.05,1.61,1.27,,,,,,,,,,,,0.19,75.17,75.16,,,,,0.25,,,
2010-08-29,,,,,,,,,,,2301015.0,1049221.0,,,,,,,,0.19,,,,,,,0.25,6600.0629,,
2010-08-30,,,,,,,,,,,,,,,,,,,,0.19,,,,,,,0.25,,,
2010-08-31,2.04,2.4,2.54,0.5,3.6,0.99,1.55,1.23,,,,,-0.292,0.4712,,,,,8690.5,0.19,74.69,76.05,7302.666666666667,4.314545454545455,0.24,,0.25,,,
2010-09-01,2.0,2.33,2.47,0.47,3.52,0.95,1.52,1.19,,,,,,,,,,,,0.21,71.93,75.51,,,,,0.25,,,
2010-09-02,2.08,2.45,2.58,0.5,3.65,1.02,1.56,1.21,,,,,,,,,,,,0.19,73.97,75.53,,,,,0.25,,,
2010-09-03,2.13,2.49,2.63,0.5,3.72,1.05,1.58,1.2,,,,,,,,,,,,0.19,74.99,74.93,,,,,0.25,,,
2010-09-04,2.2,2.58,2.72,0.52,3.79,1.1,1.62,1.25,,,,,,,,,,,,0.19,74.52,75.03,,,,,0.25,,,
2010-09-05,,,,,,,,,,,2301996.0,1034529.0,,,,,,,,0.19,,,,,,,0.25,6601.9677,,
2010-09-06,,,,,,,,,,,,,,,,,,,,0.19,,,,,,,0.25,,,
2010-09-07,,,,,,,,,,,,,-0.299,0.2839,,,,,,0.19,,,,,,,0.25,,,
2010-09-08,2.12,2.47,2.61,0.49,3.67,0.98,1.63,1.24,,,,,,,,9.5,,,,0.2,73.98,75.78,,,,,0.25,,,
2010-09-09,2.14,2.52,2.66,0.52,3.72,1.02,1.64,1.23,,,,,,,,,,,,0.19,74.65,77.48,,,,,0.25,,,
2010-09-10,2.2,2.63,2.77,0.57,3.84,1.05,1.72,1.29,,,,,,,,,,,,0.18,74.25,77.87,,,,,0.25,,,
2010-09-11,2.23,2.67,2.81,0.58,3.88,1.02,1.79,1.34,,,,,,,,,,,,0.18,76.4,77.54,,,,,0.25,,,
2010-09-12,,,,,,,,,,,2305802.0,1031310.0,,,,,,,,0.18,,,,,,,0.25,6600.5965,,
2010-09-13,,,,,,,,,,,,,,,,,,,,0.18,,,,,,,0.25,,,
2010-09-14,2.21,2.59,2.74,0.53,3.83,0.94,1.8,1.34,,,,,-0.314,0.0633,,,,,,0.18,77.17,78.52,,,,,0.25,,,
2010-09-15,2.18,2.53,2.68,0.5,3.79,0.93,1.75,1.28,,,,,,,,,,68.2,,0.19,76.78,78.89,,,,,0.25,,,
2010-09-16,2.24,2.59,2.74,0.5,3.87,0.97,1.77,1.29,,,,,,,218.275,,,,,0.21,75.92,78.46,,,,,0.25,,,
2010-09-17,2.29,2.61,2.77,0.48,3.92,1.0,1.77,1.29,,,,,,,,,92.9537,,,0.21,74.58,78.89,,,,,0.25,,,
2010-09-18,2.27,2.59,2.75,0.48,3.9,1.0,1.75,1.25,,,,,,,,,,,,0.21,73.63,77.43,,,,,0.25,,,
2010-09-19,,,,,,,,,,,2296079.0,1026976.0,,,,,,,,0.21,,,,,,,0.25,6576.4253,,
2010-09-20,,,,,,,,,,,,,,,,,,,,0.21,,,,,,,0.25,,,
2010-09-21,2.25,2.55,2.72,0.47,3.87,0.94,1.78,1.24,,,,,-0.334,0.0136,,,,,,0.21,74.81,79.42,,,,,0.25,,,
2010-09-22,2.18,2.44,2.61,0.43,3.79,0.78,1.83,1.29,,,,,,,,,,,,0.2,72.96,78.76,,,,,0.25,,,
2010-09-23,2.12,2.4,2.56,0.44,3.74,0.74,1.82,1.32,,,,,,,,,,,,0.21,72.98,77.29,,,,,0.25,,,
2010-09-24,2.11,2.4,2.56,0.45,3.73,0.77,1.79,1.29,,,,,,,,,,,,0.2,73.4,77.69,,,,,0.25,,,
2010-09-25,2.17,2.47,2.62,0.45,3.79,0.81,1.81,1.31,,,,,,,,,,,,0.21,74.63,78.73,,,,,0.25,,,
2010-09-26,,,,,,,,,,,2307171.0,975434.0,,,,,,,,0.21,,,,,,,0.25,6557.8041,,
2010-09-27,,,,,,,,,,,,,,,,,,,,0.21,,,,,,,0.25,,,
2010-09-28,2.1,2.38,2.54,0.44,3.7,0.79,1.75,1.29,,,,,-0.356,0.0979,,,,,,0.19,76.51,77.71,,,,,0.25,,,
2010-09-29,2.11,2.32,2.48,0.37,3.66,0.69,1.79,1.31,,,,,,,,,,,,0.19,76.15,79.14,,,,-8.8,0.25,,89.56528,93.58534385232215
2010-09-30,2.08,2.36,2.52,0.44,3.69,0.74,1.78,1.3,,,,,,,,,,,,0.19,77.85,78.79,,,,,0.25,,,
2010-10-01,2.11,2.37,2.53,0.42,3.69,0.75,1.78,1.3,,,,,,,,,,,8719.6,0.15,79.95,80.77,7729.590909090909,3.894761904761905,0.3,,0.25,,,
2010-10-02,2.12,2.38,2.54,0.42,3.71,0.75,1.79,1.33,,,,,,,,,,,,0.2,81.57,82.69,,,,,0.25,,,
2010-10-03,,,,,,,,,,,2298691.0,995183.0,,,,,,,,0.2,,,,,,,0.25,6564.5115,,
2010-10-04,,,,,,,,,,,,,,,,,,,,0.2,,,,,,,0.25,,,
2010-10-05,2.09,2.37,2.5,0.41,3.71,0.72,1.78,1.33,,,,,-0.381,0.1193,,,,,,0.2,81.43,83.42,,,,,0.25,,,
2010-10-06,2.09,2.38,2.5,0.41,3.74,0.65,1.85,1.4,,,,,,,,,,,,0.2,82.83,83.35,,,,,0.25,,,
2010-10-07,2.03,2.28,2.41,0.38,3.67,0.52,1.89,1.45,,,,,,,,,,,,0.19,83.21,85.01,,,,,0.25,,,
2010-10-08,2.05,2.28,2.41,0.36,3.72,0.53,1.88,1.41,,,,,,,,9.4,,,,0.18,81.34,83.67,,,,,0.25,,,
2010-10-09,2.06,2.29,2.41,0.35,3.75,0.45,1.96,1.48,,,,,,,,,,,,0.18,82.66,83.88,,,,,0.25,,,
2010-10-10,,,,,,,,,,,2308092.0,985331.0,,,,,,,,0.18,,,,,,,0.25,6569.5517,,
2010-10-11,,,,,,,,,,,,,,,,,,,,0.18,,,,,,,0.25,,,
2010-10-12,,,,,,,,,,,,,-0.405,0.0142,,,,,,0.18,82.18,83.08,,,,,0.25,,,
2010-10-13,2.07,2.31,2.44,0.37,3.8,0.49,1.95,1.48,,,,,,,,,,,,0.18,81.67,82.99,,,,,0.25,,,
2010-10-14,2.09,2.33,2.46,0.37,3.84,0.44,2.02,1.57,,,,,,,,,,,,0.18,83.03,84.01,,,,,0.25,,,
2010-10-15,2.14,2.38,2.52,0.38,3.91,0.41,2.11,1.67,,,,,,,,,,67.7,,0.19,82.71,83.55,,,,,0.25,,,
2010-10-16,2.22,2.45,2.59,0.37,3.98,0.5,2.09,1.58,,,,,,,219.035,,,,,0.2,81.23,81.94,,,,,0.25,,,
2010-10-17,,,,,,,,,,,2309885.0,1022210.0,,,,,92.6903,,,0.2,,,,,,,0.25,6554.6987,,
2010-10-18,,,,,,,,,,,,,,,,,,,,0.2,,,,,,,0.25,,,
2010-10-19,2.14,2.37,2.52,0.38,3.93,0.47,2.05,1.53,,,,,-0.428,-0.1945,,,,,,0.19,83.06,82.3,,,,,0.25,,,
2010-10-20,2.13,2.36,2.5,0.37,3.9,0.44,2.06,1.51,,,,,,,,,,,,0.19,79.57,81.12,,,,,0.25,,,
2010-10-21,2.16,2.37,2.51,0.35,3.89,0.47,2.04,1.48,,,,,,,,,,,,0.19,81.93,81.68,,,,,0.25,,,
2010-10-22,2.2,2.44,2.57,0.37,3.95,0.5,2.07,1.52,,,,,,,,,,,,0.19,80.03,81.28,,,,,0.25,,,
2010-10-23,2.24,2.46,2.59,0.35,3.94,0.5,2.09,1.56,,,,,,,,,,,,0.19,81.15,80.75,,,,,0.25,,,
2010-10-24,,,,,,,,,,,2305227.0,983140.0,,,,,,,,0.19,,,,,,,0.25,6557.2125,,
2010-10-25,,,,,,,,,,,,,,,,,,,,0.19,,,,,,,0.25,,,
2010-10-26,2.22,2.45,2.59,0.37,3.91,0.45,2.14,1.62,,,,,-0.446,-0.0647,,,,,,0.19,82.0,81.91,,,,,0.25,,,
2010-10-27,2.27,2.53,2.67,0.4,4.0,0.52,2.15,1.63,,,,,,,,,,,,0.19,82.6,82.62,,,,,0.25,,,
2010-10-28,2.35,2.61,2.75,0.4,4.06,0.62,2.13,1.59,,,,,,,,,,,,0.19,81.9,81.27,,,,,0.25,,,
2010-10-29,2.32,2.56,2.69,0.37,4.05,0.57,2.12,1.52,,,,,,,,,,,,0.19,82.2,82.97,,,,,0.25,,,
2010-10-30,2.29,2.51,2.63,0.34,3.99,0.5,2.13,1.48,,,,,,,,,,,,0.2,81.45,82.47,,,,,0.25,,,
2010-10-31,,,,,,,,,,,2295392.0,1003206.0,,,,,,,8769.8,0.2,,,8289.761904761905,3.433809523809524,0.3,,0.25,6557.2564,,
2010-11-01,,,,,,,,,,,,,,,,,,,,0.2,,,,,,,0.25,,,
2010-11-02,2.32,2.53,2.66,0.34,4.01,0.49,2.17,1.51,,,,,-0.46,-0.2219,,,,,,0.2,82.94,84.06,,,,,0.25,,,
2010-11-03,2.29,2.5,2.63,0.34,3.93,0.49,2.14,1.49,,,,,,,,,,,,0.2,83.91,84.71,,,,,0.25,,,
2010-11-04,2.33,2.54,2.67,0.34,4.09,0.5,2.17,1.51,,,,,,,,,,,,0.2,84.45,85.33,,,,,0.25,,,
2010-11-05,2.2,2.4,2.53,0.33,4.04,0.44,2.09,1.52,,,,,,,,,,,,0.19,86.49,86.83,,,,,0.25,,,
2010-11-06,2.2,2.45,2.58,0.38,4.12,0.48,2.1,1.57,,,,,,,,,,,,0.18,86.85,87.05,,,,,0.25,,,
2010-11-07,,,,,,,,,,,2300353.0,992204.0,,,,,,,,0.18,,,,,,,0.25,6561.5837,,
2010-11-08,,,,,,,,,,,,,,,,9.8,,,,0.18,,,,,,,0.25,,,
2010-11-09,2.19,2.47,2.6,0.41,4.12,0.48,2.12,1.58,,,,,-0.47,-0.1297,,,,,,0.18,87.07,87.15,,,,,0.25,,,
2010-11-10,2.26,2.59,2.72,0.46,4.25,0.58,2.14,1.58,,,,,,,,,,,,0.17,87.04,87.93,,,,,0.25,,,
2010-11-11,2.21,2.52,2.65,0.44,4.25,0.56,2.09,1.6,,,,,,,,,,,,0.17,87.77,87.92,,,,,0.25,,,
2010-11-12,,,,,,,,,,,,,,,,,,,,0.17,87.77,88.08,,,,,0.25,,,
2010-11-13,2.25,2.63,2.76,0.51,4.26,0.71,2.05,1.57,,,,,,,,,,,,0.19,84.89,86.07,,,,,0.25,,,
2010-11-14,,,,,,,,,,,2312768.0,993685.0,,,,,,,,0.19,,,,,,,0.25,6547.5516,,
2010-11-15,,,,,,,,,,,,,,,,,,71.6,,0.19,,,,,,,0.25,,,
2010-11-16,2.39,2.78,2.92,0.53,4.38,0.87,2.05,1.57,,,,,-0.474,-0.24,219.59,,,,,0.21,84.88,85.49,,,,,0.25,,,
2010-11-17,2.34,2.7,2.85,0.51,4.26,0.87,1.98,1.49,,,,,,,,,92.7709,,,0.21,82.33,83.98,,,,,0.25,,,
2010-11-18,2.39,2.75,2.89,0.5,4.31,0.84,2.05,1.53,,,,,,,,,,,,0.2,80.43,83.36,,,,,0.25,,,
2010-11-19,2.38,2.75,2.9,0.52,4.29,0.83,2.07,1.57,,,,,,,,,,,,0.2,81.88,83.7,,,,,0.25,,,
2010-11-20,2.36,2.74,2.88,0.52,4.25,0.77,2.11,1.59,,,,,,,,,,,,0.21,81.65,83.17,,,,,0.25,,,
2010-11-21,,,,,,,,,,,2314757.0,983736.0,,,,,,,,0.21,,,,,,,0.25,6560.4221,,
2010-11-22,,,,,,,,,,,,,,,,,,,,0.21,,,,,,,0.25,,,
2010-11-23,2.31,2.65,2.8,0.49,4.2,0.7,2.1,1.58,,,,,-0.477,0.0147,,,,,,0.19,81.24,82.34,,,,,0.25,,,
2010-11-24,2.32,2.62,2.77,0.45,4.18,0.69,2.08,1.54,,,,,,,,,,,,0.2,80.79,82.37,,,,,0.25,,,
2010-11-25,2.4,2.77,2.93,0.53,4.29,0.8,2.13,1.59,,,,,,,,,,,,0.2,83.21,84.53,,,,,0.25,,,
2010-11-26,,,,,,,,,,,,,,,,,,,,0.2,,,,,,,0.25,,,
2010-11-27,2.36,2.71,2.87,0.51,4.21,0.75,2.12,1.6,,,,,,,,,,,,0.2,83.87,84.78,,,,,0.25,,,
2010-11-28,,,,,,,,,,,2346001.0,1011124.0,,,,,,,,0.2,,,,,,,0.25,6559.4478,,
2010-11-29,,,,,,,,,,,,,,,,,,,,0.2,,,,,,,0.25,,,
2010-11-30,2.32,2.66,2.84,0.52,4.16,0.73,2.11,1.58,,,,,-0.479,0.0372,,,,,,0.2,85.73,85.9,,,,,0.25,,,
2010-12-01,2.36,2.64,2.81,0.45,4.12,0.74,2.07,1.54,,,,,,,,,,,8790.3,0.2,84.12,86.02,8458.420454545456,3.714,0.2,,0.25,,,
2010-12-02,2.44,2.81,2.97,0.53,4.24,0.83,2.14,1.6,,,,,,,,,,,,0.2,86.75,88.56,,,,,0.25,,,
2010-12-03,2.46,2.85,3.01,0.55,4.27,0.84,2.17,1.64,,,,,,,,,,,,0.19,87.98,89.37,,,,,0.25,,,
2010-12-04,2.54,2.89,3.03,0.49,4.32,0.86,2.17,1.62,,,,,,,,,,,,0.18,89.18,90.65,,,,,0.25,,,
2010-12-05,,,,,,,,,,,2346920.0,1003827.0,,,,,,,,0.18,,,,,,,0.25,6563.8113,,
2010-12-06,,,,,,,,,,,,,,,,,,,,0.18,,,,,,,0.25,,,
2010-12-07,2.53,2.8,2.95,0.42,4.25,0.79,2.16,1.6,,,,,-0.485,-0.0084,,,,,,0.18,89.33,91.25,,,,,0.25,,,
2010-12-08,2.61,3.01,3.15,0.54,4.39,0.92,2.23,1.67,,,,,,,,9.3,,,,0.17,88.69,90.78,,,,,0.25,,,
2010-12-09,2.63,3.11,3.26,0.63,4.45,1.07,2.19,1.68,,,,,,,,,,,,0.17,88.3,89.74,,,,,0.25,,,
2010-12-10,2.59,3.09,3.23,0.64,4.41,1.09,2.14,1.65,,,,,,,,,,,,0.16,88.35,89.93,,,,,0.25,,,
2010-12-11,2.68,3.19,3.32,0.64,4.43,1.16,2.16,1.65,,,,,,,,,,,,0.16,87.81,89.54,,,,,0.25,,,
2010-12-12,,,,,,,,,,,2382294.0,1050689.0,,,,,,,,0.16,,,,,,,0.25,6570.7163,,
2010-12-13,,,,,,,,,,,,,,,,,,,,0.16,,,,,,,0.25,,,
2010-12-14,2.68,3.14,3.29,0.61,4.39,1.11,2.18,1.66,,,,,-0.497,-0.2841,,,,,,0.17,88.62,90.4,,,,,0.25,,,
2010-12-15,2.83,3.34,3.49,0.66,4.54,1.27,2.22,1.69,,,,,,,,,,74.5,,0.19,88.33,90.63,,,,,0.25,,,
2010-12-16,2.85,3.39,3.53,0.68,4.59,1.22,2.31,1.77,,,,,,,220.472,,,,,0.2,88.66,91.33,,,,,0.25,,,
2010-12-17,2.81,3.34,3.47,0.66,4.57,1.15,2.32,1.78,,,,,,,,,93.6787,,,0.2,87.71,91.09,,,,,0.25,,,
2010-12-18,2.72,3.22,3.33,0.61,4.41,1.05,2.28,1.75,,,,,,,,,,,,0.2,88.02,91.11,,,,,0.25,,,
2010-12-19,,,,,,,,,,,2385754.0,1053748.0,,,,,,,,0.2,,,,,,,0.25,6561.5911,,
2010-12-20,,,,,,,,,,,,,,,,,,,,0.2,,,,,,,0.25,,,
2010-12-21,2.74,3.22,3.36,0.62,4.44,1.07,2.29,1.75,,,,,-0.512,-0.1965,,,,,,0.21,88.68,91.31,,,,,0.25,,,
2010-12-22,2.72,3.21,3.35,0.63,4.44,1.06,2.29,1.77,,,,,,,,,,,,0.2,89.3,93.11,,,,,0.25,,,
2010-12-23,2.71,3.22,3.36,0.65,4.45,1.03,2.33,1.81,,,,,,,,,,,,0.19,89.83,93.55,,,,,0.25,,,
2010-12-24,2.74,3.27,3.41,0.67,4.47,1.08,2.33,1.83,,,,,,,,,,,,0.19,90.84,93.63,,,,,0.25,,,
2010-12-25,,,,,,,,,,,,,,,,,,,,0.19,,,,,,,0.25,,,
2010-12-26,,,,,,,,,,,2427921.0,1013048.0,,,,,,,,0.19,,,,,,,0.25,6543.0919,,
2010-12-27,,,,,,,,,,,,,,,,,,,,0.19,,,,,,,0.25,,,
2010-12-28,2.65,3.19,3.36,0.71,4.42,1.06,2.3,1.83,,,,,-0.532,-0.2376,,,,,,0.19,90.99,93.08,,,,,0.25,,,
2010-12-29,2.75,3.35,3.5,0.75,4.53,1.17,2.33,1.84,,,,,,,,,,,,0.18,91.48,93.52,,,,,0.25,,,
2010-12-30,2.71,3.22,3.35,0.64,4.41,1.06,2.29,1.81,,,,,,,,,,,,0.18,91.13,93.52,,,,-10.5,0.25,,91.61134,93.49246709493504
2010-12-31,2.72,3.26,3.38,0.66,4.43,1.08,2.3,1.82,,,,,,,,,,,8822.0,0.19,89.85,92.5,9152.857142857143,4.245714285714286,0.18,,0.25,,,
2011-01-01,2.69,3.18,3.3,0.61,4.34,1.0,2.3,1.83,,,,,,,,,,,,0.13,91.38,93.23,,,,,0.25,,,
2011-01-02,,,,,,,,,,,2420570.0,1027089.0,,,,,,,,0.13,,,,,,,0.25,6539.9925,,
2011-01-03,,,,,,,,,,,,,,,,,,,,0.13,,,,,,,0.25,,,
2011-01-04,2.75,3.21,3.36,0.61,4.39,1.05,2.31,1.82,,,,,-0.553,-0.2358,,,,,,0.19,91.59,95.82,,,,,0.25,,,
2011-01-05,2.73,3.22,3.36,0.63,4.44,1.01,2.35,1.86,,,,,,,,,,,,0.18,89.39,93.52,,,,,0.25,,,
2011-01-06,2.79,3.36,3.5,0.71,4.55,1.08,2.42,1.94,,,,,,,,,,,,0.18,90.3,95.07,,,,,0.25,,,
2011-01-07,2.76,3.29,3.44,0.68,4.53,1.03,2.41,1.96,,,,,,,,,,,,0.17,88.37,94.95,,,,,0.25,,,
2011-01-08,2.74,3.2,3.34,0.6,4.48,0.98,2.36,1.91,,,,,,,,9.1,,,,0.17,88.07,94.25,,,,,0.25,,,
2011-01-09,,,,,,,,,,,2436064.0,1001783.0,,,,,,,,0.17,,,,,,,0.25,6519.889,,
2011-01-10,,,,,,,,,,,,,,,,,,,,0.17,,,,,,,0.25,,,
2011-01-11,2.73,3.17,3.32,0.59,4.47,0.96,2.36,1.91,,,,,-0.575,-0.3193,,,,,,0.17,89.24,95.05,,,,,0.25,,,
2011-01-12,2.77,3.22,3.37,0.6,4.49,0.97,2.4,2.0,,,,,,,,,,,,0.17,91.11,96.8,,,,,0.25,,,
2011-01-13,2.79,3.25,3.4,0.61,4.52,0.98,2.42,2.0,,,,,,,,,,,,0.16,91.85,97.86,,,,,0.25,,,
2011-01-14,2.75,3.19,3.34,0.59,4.5,0.97,2.37,1.95,,,,,,,,,,,,0.16,91.39,97.86,,,,,0.25,,,
2011-01-15,2.76,3.2,3.35,0.59,4.53,1.0,2.35,1.93,,,,,,,,,,74.2,,0.16,91.53,97.86,,,,,0.25,,,
2011-01-16,,,,,,,,,,,2468131.0,1066028.0,,,221.187,,,,,0.16,,,,,,,0.25,6545.4214,,
2011-01-17,,,,,,,,,,,,,,,,,93.4814,,,0.16,,,,,,,0.25,,,
2011-01-18,,,,,,,,,,,,,-0.595,-0.3016,,,,,,0.16,,,,,,,0.25,,,
2011-01-19,2.79,3.23,3.39,0.6,4.56,0.99,2.4,1.95,,,,,,,,,,,,0.19,91.38,97.83,,,,,0.25,,,
2011-01-20,2.77,3.21,3.37,0.6,4.53,0.99,2.38,1.94,,,,,,,,,,,,0.18,90.85,98.42,,,,,0.25,,,
2011-01-21,2.82,3.31,3.47,0.65,4.6,1.22,2.25,1.9,,,,,,,,,,,,0.18,88.56,96.27,,,,,0.25,,,
2011-01-22,2.81,3.28,3.44,0.63,4.57,1.2,2.24,1.92,,,,,,,,,,,,0.17,88.22,96.84,,,,,0.25,,,
2011-01-23,,,,,,,,,,,2425164.0,1071206.0,,,,,,,,0.17,,,,,,,0.25,6525.4219,,
2011-01-24,,,,,,,,,,,,,,,,,,,,0.17,,,,,,,0.25,,,
2011-01-25,2.78,3.27,3.43,0.65,4.55,1.18,2.25,1.93,,,,,-0.612,-0.318,,,,,,0.18,86.74,96.76,,,,,0.25,,,
2011-01-26,2.73,3.19,3.35,0.62,4.48,1.11,2.24,1.94,,,,,,,,,,,,0.17,85.08,96.76,,,,,0.25,,,
2011-01-27,2.83,3.29,3.45,0.62,4.59,1.16,2.29,1.96,,,,,,,,,,,,0.17,86.15,96.04,,,,,0.25,,,
2011-01-28,2.83,3.27,3.42,0.59,4.57,1.16,2.26,1.9,,,,,,,,,,,,0.17,84.45,96.48,,,,,0.25,,,
2011-01-29,2.82,3.21,3.36,0.54,4.53,1.09,2.27,1.93,,,,,,,,,,,,0.17,88.15,97.06,,,,,0.25,,,
2011-01-30,,,,,,,,,,,2443527.0,1078051.0,,,,,,,,0.17,,,,,,,0.25,6506.4048,,
2011-01-31,,,,,,,,,,,,,,,,,,,8844.5,0.17,,,9533.2,4.492,0.28,,0.25,,,
2011-02-01,2.84,3.27,3.42,0.58,4.58,1.08,2.34,1.96,,,,,-0.624,-0.2597,,,,,,0.17,90.99,98.97,,,,,0.25,,,
2011-02-02,2.87,3.33,3.48,0.61,4.62,1.11,2.37,2.01,,,,,,,,,,,,0.18,89.54,100.4,,,,,0.25,,,
2011-02-03,2.85,3.36,3.52,0.67,4.64,1.16,2.36,2.01,,,,,,,,,,,,0.18,89.78,101.3,,,,,0.25,,,
2011-02-04,2.87,3.44,3.58,0.71,4.67,1.23,2.35,2.0,,,,,,,,,,,,0.17,89.42,101.69,,,,,0.25,,,
2011-02-05,2.91,3.53,3.68,0.77,4.73,1.3,2.38,1.99,,,,,,,,,,,,0.17,87.87,99.43,,,,,0.25,,,
2011-02-06,,,,,,,,,,,2469419.0,1087983.0,,,,,,,,0.17,,,,,,,0.25,6512.792,,
2011-02-07,,,,,,,,,,,,,,,,,,,,0.17,,,,,,,0.25,,,
2011-02-08,2.9,3.52,3.68,0.78,4.71,1.32,2.36,1.98,,,,,-0.628,-0.3815,,9.0,,,,0.17,86.3,99.44,,,,,0.25,,,
2011-02-09,2.89,3.6,3.75,0.86,4.76,1.39,2.36,1.95,,,,,,,,,,,,0.16,85.85,99.25,,,,,0.25,,,
2011-02-10,2.84,3.51,3.65,0.81,4.71,1.34,2.31,1.94,,,,,,,,,,,,0.15,85.59,100.16,,,,,0.25,,,
2011-02-11,2.85,3.58,3.7,0.85,4.75,1.39,2.31,1.92,,,,,,,,,,,,0.15,85.44,100.74,,,,,0.25,,,
2011-02-12,2.79,3.52,3.64,0.85,4.71,1.36,2.28,1.88,,,,,,,,,,,,0.15,84.39,99.93,,,,,0.25,,,
2011-02-13,,,,,,,,,,,2500481.0,1152388.0,,,,,,,,0.15,,,,,,,0.25,6506.2728,,
2011-02-14,,,,,,,,,,,,,,,,,,,,0.15,,,,,,,0.25,,,
2011-02-15,2.75,3.49,3.62,0.87,4.67,1.34,2.28,1.86,,,,,-0.626,-0.4565,,,,77.5,,0.15,83.66,103.12,,,,,0.25,,,
2011-02-16,2.77,3.48,3.61,0.84,4.66,1.33,2.28,1.91,,,,,,,221.898,,,,,0.16,83.13,102.48,,,,,0.25,,,
2011-02-17,2.76,3.5,3.62,0.86,4.67,1.37,2.25,1.94,,,,,,,,,93.1102,,,0.15,83.8,102.78,,,,,0.25,,,
2011-02-18,2.78,3.49,3.58,0.8,4.66,1.31,2.27,1.97,,,,,,,,,,,,0.15,85.05,103.45,,,,,0.25,,,
2011-02-19,2.81,3.49,3.59,0.78,4.7,1.25,2.34,2.04,,,,,,,,,,,,0.15,85.03,102.2,,,,,0.25,,,
2011-02-20,,,,,,,,,,,2508868.0,1224078.0,,,,,,,,0.15,,,,,,,0.25,6489.133,,
2011-02-21,,,,,,,,,,,,,,,,,,,,0.15,,,,,,,0.25,,,
2011-02-22,,,,,,,,,,,,,-0.616,-0.302,,,,,,0.15,,,,,,,0.25,,,
2011-02-23,2.72,3.34,3.46,0.74,4.6,1.12,2.34,2.09,,,,,,,,,,,,0.15,92.65,106.82,,,,,0.25,,,
2011-02-24,2.75,3.37,3.49,0.74,4.59,1.1,2.39,2.2,,,,,,,,,,,,0.15,96.04,109.77,,,,,0.25,,,
2011-02-25,2.73,3.33,3.46,0.73,4.54,1.05,2.41,2.2,,,,,,,,,,,,0.15,95.83,113.91,,,,,0.25,,,
2011-02-26,2.7,3.29,3.42,0.72,4.51,1.02,2.4,2.17,,,,,,,,,,,,0.15,96.52,111.47,,,,,0.25,,,
2011-02-27,,,,,,,,,,,2533221.0,1265869.0,,,,,,,,0.15,,,,,,,0.25,6489.7062,,
2011-02-28,,,,,,,,,,,,,,,,,,,,0.15,,,,,,,0.25,,,
2011-03-01,2.73,3.27,3.42,0.69,4.49,1.03,2.39,2.15,,,,,-0.601,-0.0818,,,,,,0.16,97.1,112.27,,,,,0.25,,,
2011-03-02,2.75,3.27,3.41,0.66,4.48,1.0,2.41,2.17,,,,,,,,,,,,0.15,99.63,113.34,,,,,0.25,,,
2011-03-03,2.77,3.33,3.46,0.69,4.54,1.01,2.45,2.25,,,,,,,,,,,8909.9,0.16,102.27,116.89,9880.9375,4.092105263157895,0.44,,0.25,,,
2011-03-04,2.79,3.45,3.58,0.79,4.64,1.09,2.49,2.27,,,,,,,,,,,,0.15,101.92,114.42,,,,,0.25,,,
2011-03-05,2.81,3.37,3.49,0.68,4.6,1.0,2.49,2.24,,,,,,,,,,,,0.15,104.34,115.71,,,,,0.25,,,
2011-03-06,,,,,,,,,,,2545119.0,1292382.0,,,,,,,,0.15,,,,,,,0.25,6488.1016,,
2011-03-07,,,,,,,,,,,,,,,,,,,,0.15,,,,,,,0.25,,,
2011-03-08,2.81,3.4,3.51,0.7,4.61,1.0,2.51,2.26,,,,,-0.587,-0.2295,,9.0,,,,0.14,105.37,116.58,,,,,0.25,,,
2011-03-09,2.83,3.45,3.56,0.73,4.66,1.01,2.55,2.31,,,,,,,,,,,,0.14,105.06,112.32,,,,,0.25,,,
2011-03-10,2.78,3.38,3.48,0.7,4.6,0.98,2.5,2.25,,,,,,,,,,,,0.14,104.39,115.19,,,,,0.25,,,
2011-03-11,2.72,3.29,3.37,0.65,4.53,0.91,2.46,2.22,,,,,,,,,,,,0.14,102.73,114.07,,,,,0.25,,,
2011-03-12,2.76,3.32,3.4,0.64,4.54,0.96,2.44,2.17,,,,,,,,,,,,0.13,101.14,114.07,,,,,0.25,,,
2011-03-13,,,,,,,,,,,2577076.0,1358776.0,,,,,,,,0.13,,,,,,,0.25,6485.7598,,
2011-03-14,,,,,,,,,,,,,,,,,,,,0.13,,,,,,,0.25,,,
2011-03-15,2.75,3.27,3.36,0.61,4.52,0.93,2.43,2.15,,,,,-0.576,-0.2341,,,,67.5,,0.14,101.2,112.95,,,,,0.25,,,
2011-03-16,2.7,3.23,3.33,0.63,4.47,0.93,2.4,2.16,,,,,,,223.046,,,,,0.14,97.23,111.11,,,,,0.25,,,
2011-03-17,2.64,3.12,3.22,0.58,4.38,0.85,2.37,2.09,,,,,,,,,94.0788,,,0.14,97.99,110.96,,,,,0.25,,,
2011-03-18,2.65,3.17,3.25,0.6,4.42,0.82,2.43,2.18,,,,,,,,,,,,0.14,101.47,114.18,,,,,0.25,,,
2011-03-19,2.67,3.21,3.28,0.61,4.43,0.85,2.43,2.18,,,,,,,,,,,,0.15,101.06,114.13,,,,,0.25,,,
2011-03-20,,,,,,,,,,,2583046.0,1395330.0,,,,,,,,0.15,,,,,,,0.25,6475.0472,,
2011-03-21,,,,,,,,,,,,,,,,,,,,0.15,,,,,,,0.25,,,
2011-03-22,2.67,3.24,3.34,0.67,4.45,0.9,2.44,2.2,,,,,-0.57,0.0925,,,,,,0.14,102.36,114.92,,,,,0.25,,,
2011-03-23,2.66,3.24,3.34,0.68,4.44,0.95,2.39,2.19,,,,,,,,,,,,0.14,104.53,115.63,,,,,0.25,,,
2011-03-24,2.67,3.27,3.36,0.69,4.44,0.98,2.38,2.16,,,,,,,,,,,,0.14,105.21,115.65,,,,,0.25,,,
2011-03-25,2.7,3.33,3.42,0.72,4.48,0.95,2.47,2.22,,,,,,,,,,,,0.13,105.04,115.41,,,,,0.25,,,
2011-03-26,2.67,3.37,3.46,0.79,4.51,1.02,2.44,2.19,,0.31,,,,,,,,,,0.13,104.89,115.45,,,,,0.25,,,
2011-03-27,,,,,,,,,,,2601341.0,1391980.0,,,,,,,,0.13,,,,,,,0.25,6476.3681,,
2011-03-28,,,,,,,,,,,,,,,,,,,,0.13,,,,,,,0.25,,,
2011-03-29,2.66,3.36,3.47,0.81,4.51,1.01,2.46,2.18,,,,,-0.575,-0.3264,,,,,,0.13,103.54,115.95,,,,,0.25,,,
2011-03-30,2.69,3.4,3.5,0.81,4.54,1.03,2.47,2.2,,,,,,,,,,,,0.13,104.34,115.58,,,,,0.25,,,
2011-03-31,2.67,3.37,3.47,0.8,4.52,1.0,2.47,2.19,,0.77,,,,,,,,,8967.7,0.13,103.8,115.35,9503.358695652174,3.972173913043478,0.28,,0.25,,,
2011-04-01,2.67,3.38,3.47,0.8,4.51,0.99,2.48,2.21,,,,,,,,,,,,0.1,106.19,116.94,,,,-10.5,0.25,,92.95614,90.0345486859544
2011-04-02,2.66,3.39,3.46,0.8,4.48,0.94,2.52,2.25,,,,,,,,,,,,0.11,107.55,118.63,,,,,0.25,,,
2011-04-03,,,,,,,,,,,2622523.0,1450291.0,,,,,,,,0.11,,,,,,,0.25,6476.7905,,
2011-04-04,,,,,,,,,,,,,,,,,,,,0.11,,,,,,,0.25,,,
2011-04-05,2.68,3.39,3.45,0.77,4.49,0.91,2.54,2.29,,,,,-0.585,-0.3442,,,,,,0.09,108.14,120.07,,,,,0.25,,,
2011-04-06,2.66,3.43,3.5,0.84,4.51,0.94,2.56,2.32,,,,,,,,,,,,0.09,107.82,122.87,,,,,0.25,,,
2011-04-07,2.71,3.5,3.56,0.85,4.58,0.99,2.57,2.34,,,,,,,,,,,,0.1,108.38,123.01,,,,,0.25,,,
2011-04-08,2.77,3.54,3.58,0.81,4.63,0.99,2.59,2.33,,,,,,,,9.1,,,,0.1,109.82,122.9,,,,,0.25,,,
2011-04-09,2.76,3.55,3.59,0.83,4.63,0.95,2.64,2.38,,,,,,,,,,,,0.09,112.27,126.3,,,,,0.25,,,
2011-04-10,,,,,,,,,,,2648676.0,1472385.0,,,,,,,,0.09,,,,,,,0.25,6487.7232,,
2011-04-11,,,,,,,,,,,,,,,,,,,,0.09,,,,,,,0.25,,,
2011-04-12,2.74,3.54,3.59,0.85,4.64,0.96,2.63,2.38,,,,,-0.599,-0.4178,,,,,,0.09,109.5,126.46,,,,,0.25,,,
2011-04-13,2.75,3.47,3.52,0.77,4.58,0.9,2.62,2.32,,,,,,,,,,,,0.08,105.75,121.33,,,,,0.25,,,
2011-04-14,2.74,3.43,3.49,0.75,4.55,0.88,2.61,2.3,,,,,,,,,,,,0.08,106.6,122.7,,,,,0.5,,,
2011-04-15,2.74,3.44,3.51,0.77,4.53,0.89,2.62,2.25,,,,,,,,,,69.8,,0.09,107.73,122.74,,,,,0.5,,,
2011-04-16,2.72,3.36,3.43,0.71,4.47,0.82,2.61,2.23,,,,,,,224.093,,,,,0.12,109.17,124.63,,,,,0.5,,,
2011-04-17,,,,,,,,,,,2665408.0,1522249.0,,,,,93.7749,,,0.12,,,,,,,0.5,6474.7426,,
2011-04-18,,,,,,,,,,,,,,,,,,,,0.12,,,,,,,0.5,,,
2011-04-19,2.71,3.33,3.4,0.69,4.45,0.8,2.6,2.19,,,,,-0.612,-0.377,,,,,,0.1,106.7,121.69,,,,,0.5,,,
2011-04-20,2.71,3.33,3.39,0.68,4.43,0.76,2.63,2.24,,,,,,,,,,,,0.11,107.18,121.35,,,,,0.5,,,
2011-04-21,2.74,3.37,3.43,0.69,4.47,0.82,2.61,2.27,,,,,,,,,,,,0.1,110.84,124.26,,,,,0.5,,,
2011-04-22,2.74,3.36,3.42,0.68,4.47,0.83,2.59,2.29,,,,,,,,,,,,0.1,111.72,123.64,,,,,0.5,,,
2011-04-23,,,,,,,,,,,,,,,,,,,,0.1,,,,,,,0.5,,,
2011-04-24,,,,,,,,,,,2685782.0,1486650.0,,,,,,,,0.1,,,,,,,0.5,6492.9202,,
2011-04-25,,,,,,,,,,,,,,,,,,,,0.1,,,,,,,0.5,,,
2011-04-26,2.72,3.32,3.39,0.67,4.46,0.79,2.6,2.3,,,,,-0.622,-0.3964,,,,,,0.1,111.68,,,,,,0.5,,,
2011-04-27,2.69,3.27,3.34,0.65,4.39,0.76,2.58,2.32,,,,,,,,,,,,0.09,111.72,124.55,,,,,0.5,,,
2011-04-28,2.74,3.33,3.39,0.65,4.45,0.81,2.58,2.37,,,,,,,,,,,,0.09,112.31,124.94,,,,,0.5,,,
2011-04-29,2.72,3.3,3.34,0.62,4.42,0.78,2.56,2.41,,,,,,,,,,,,0.09,112.38,126.59,,,,,0.5,,,
2011-04-30,2.71,3.28,3.32,0.61,4.4,0.75,2.57,2.45,,,,,,,,,,,,0.09,113.39,,,,,,0.5,,,
2011-05-01,,,,,,,,,,,2690985.0,1471501.0,,,,,,,9033.6,0.09,,,9482.75,4.2355,0.56,,0.5,6487.1111,,
2011-05-02,,,,,,,,,,,,,,,,,,,,0.09,,,,,,,0.5,,,
2011-05-03,2.7,3.26,3.31,0.61,4.38,0.75,2.56,2.44,,,,,-0.626,-0.5144,,,,,,0.09,113.03,126.64,,,,,0.5,,,
2011-05-04,2.67,3.25,3.28,0.61,4.36,0.73,2.55,2.42,,,,,,,,,,,,0.09,110.6,124.01,,,,,0.5,,,
2011-05-05,2.65,3.22,3.25,0.6,4.33,0.7,2.55,2.41,,,,,,,,,,,,0.09,108.79,121.55,,,,,0.5,,,
2011-05-06,2.6,3.16,3.18,0.58,4.26,0.7,2.48,2.28,,,,,,,,,,,,0.09,99.89,111.93,,,,,0.5,,,
2011-05-07,2.62,3.17,3.19,0.57,4.29,0.71,2.48,2.25,,,,,,,,,,,,0.09,96.87,113.69,,,,,0.5,,,
2011-05-08,,,,,,,,,,,2718757.0,1467320.0,,,,9.0,,,,0.09,,,,,,,0.5,6487.7093,,
2011-05-09,,,,,,,,,,,,,,,,,,,,0.09,,,,,,,0.5,,,
2011-05-10,2.6,3.14,3.17,0.57,4.3,0.69,2.48,2.29,,,,,-0.624,-0.3286,,,,,,0.09,100.32,113.21,,,,,0.5,,,
2011-05-11,2.64,3.2,3.23,0.59,4.34,0.74,2.49,2.31,,,,,,,,,,,,0.09,103.39,117.82,,,,,0.5,,,
2011-05-12,2.63,3.16,3.19,0.56,4.31,0.76,2.43,2.2,,,,,,,,,,,,0.09,97.88,115.66,,,,,0.5,,,
2011-05-13,2.65,3.2,3.22,0.57,4.37,0.79,2.43,2.2,,,,,,,,,,,,0.09,98.53,112.87,,,,,0.5,,,
2011-05-14,2.61,3.15,3.18,0.57,4.32,0.79,2.39,2.15,,,,,,,,,,,,0.09,99.21,113.08,,,,,0.5,,,
2011-05-15,,,,,,,,,,,2744498.0,1517084.0,,,,,,74.3,,0.09,,,,,,,0.5,6496.4392,,
2011-05-16,,,,,,,,,,,,,,,224.806,,,,,0.09,,,,,,,0.5,,,
2011-05-17,2.61,3.11,3.15,0.54,4.28,0.81,2.34,2.12,,,,,-0.615,-0.3496,,,93.888,,,0.1,96.91,113.72,,,,,0.5,,,
2011-05-18,2.57,3.08,3.12,0.55,4.23,0.82,2.3,2.08,,,,,,,,,,,,0.09,96.4,109.39,,,,,0.5,,,
2011-05-19,2.6,3.13,3.18,0.58,4.29,0.82,2.36,2.14,,,,,,,,,,,,0.1,99.52,112.54,,,,,0.5,,,
2011-05-20,2.62,3.12,3.17,0.55,4.3,0.91,2.26,2.1,,,,,,,,,,,,0.09,97.99,113.2,,,,,0.5,,,
2011-05-21,2.6,3.1,3.15,0.55,4.3,0.85,2.3,2.07,,,,,,,,,,,,0.1,99.15,111.25,,,,,0.5,,,
2011-05-22,,,,,,,,,,,2758009.0,1547236.0,,,,,,,,0.1,,,,,,,0.5,6476.8855,,
2011-05-23,,,,,,,,,,,,,,,,,,,,0.1,,,,,,,0.5,,,
2011-05-24,2.58,3.07,3.13,0.55,4.27,0.84,2.29,2.03,,,,,-0.604,-0.3101,,,,,,0.1,97.06,110.13,,,,,0.5,,,
2011-05-25,2.56,3.06,3.12,0.56,4.26,0.79,2.33,2.07,,,,,,,,,,,,0.1,99.13,112.52,,,,,0.5,,,
2011-05-26,2.59,3.07,3.13,0.54,4.28,0.8,2.33,2.08,,,,,,,,,,,,0.09,100.78,114.47,,,,,0.5,,,
2011-05-27,2.59,3.02,3.07,0.48,4.23,0.76,2.31,2.06,,,,,,,,,,,,0.09,100.18,115.06,,,,,0.5,,,
2011-05-28,2.59,3.02,3.07,0.48,4.24,0.79,2.28,2.03,,,,,,,,,,,,0.1,100.58,114.85,,,,,0.5,,,
2011-05-29,,,,,,,,,,,2774996.0,1571447.0,,,,,,,,0.1,,,,,,,0.5,6487.3491,,
2011-05-30,,,,,,,,,,,,,,,,,,,,0.1,,,,,,,0.5,,,
2011-05-31,,,,,,,,,,,,,-0.591,-0.2739,,,,,9109.4,0.1,,,8931.675,4.313809523809524,0.44,,0.5,,,
2011-06-01,2.6,2.99,3.05,0.45,4.22,0.8,2.25,2.0,,,,,,,,,,,,0.1,102.7,117.18,,,,,0.5,,,
2011-06-02,2.52,2.91,2.96,0.44,4.15,0.74,2.22,1.99,,,,,,,,,,,,0.1,100.3,116.15,,,,,0.5,,,
2011-06-03,2.59,3.0,3.04,0.45,4.25,0.78,2.26,2.02,,,,,,,,,,,,0.1,100.41,114.3,,,,,0.5,,,
2011-06-04,2.57,2.95,2.99,0.42,4.22,0.75,2.24,2.03,,,,,,,,,,,,0.11,100.28,115.09,,,,,0.5,,,
2011-06-05,,,,,,,,,,,2788723.0,1599810.0,,,,,,,,0.11,,,,,,,0.5,6498.3308,,
2011-06-06,,,,,,,,,,,,,,,,,,,,0.11,,,,,,,0.5,,,
2011-06-07,2.58,2.96,3.01,0.43,4.25,0.76,2.25,2.03,,,,,-0.578,-0.1998,,,,,,0.1,99.07,115.4,,,,,0.5,,,
2011-06-08,2.62,2.96,3.01,0.39,4.27,0.76,2.25,2.04,,,,,,,,9.1,,,,0.09,99.18,116.14,,,,,0.5,,,
2011-06-09,2.59,2.94,2.98,0.39,4.2,0.76,2.22,2.01,,,,,,,,,,,,0.09,100.77,118.43,,,,,0.5,,,
2011-06-10,2.58,2.96,3.01,0.43,4.22,0.8,2.21,2.03,,0.28,,,,,,,,,,0.09,101.95,119.95,,,,,0.5,,,
2011-06-11,2.58,2.94,2.99,0.41,4.18,0.79,2.2,1.99,,,,,,,,,,,,0.09,99.3,118.71,,,,,0.5,,,
2011-06-12,,,,,,,,,,,2811206.0,1630850.0,,,,,,,,0.09,,,,,,,0.5,6488.1668,,
2011-06-13,,,,,,,,,,,,,,,,,,,,0.09,,,,,,,0.5,,,
2011-06-14,2.6,2.95,3.0,0.4,4.2,0.8,2.2,1.99,,,,,-0.566,-0.1354,,,,,,0.1,97.2,120.49,,,,,0.5,,,
2011-06-15,2.66,3.06,3.11,0.45,4.3,0.83,2.28,2.04,,,,,,,,,,71.5,,0.1,99.37,120.35,,,,,0.5,,,
2011-06-16,2.6,2.93,2.98,0.38,4.19,0.74,2.24,1.99,,0.749,,,,,224.806,,,,,0.1,94.83,114.67,,,,,0.5,,,
2011-06-17,2.55,2.88,2.93,0.38,4.16,0.73,2.2,1.95,,,,,,,,,94.172,,,0.1,94.95,114.69,,,,,0.5,,,
2011-06-18,2.56,2.9,2.94,0.38,4.19,0.75,2.19,1.9,,,,,,,,,,,,0.1,93.02,113.74,,,,,0.5,,,
2011-06-19,,,,,,,,,,,2827549.0,1650065.0,,,,,,,,0.1,,,,,,,0.5,6498.6284,,
2011-06-20,,,,,,,,,,,,,,,,,,,,0.1,,,,,,,0.5,,,
2011-06-21,2.59,2.94,2.97,0.38,4.19,0.79,2.18,1.89,,,,,-0.558,-0.1269,,,,,,0.09,93.23,112.21,,,,,0.5,,,
2011-06-22,2.59,2.96,2.99,0.4,4.21,0.78,2.21,1.91,,,,,,,,,,,,0.09,93.7,112.02,,,,,0.5,,,
2011-06-23,2.62,2.99,3.01,0.39,4.22,0.82,2.19,1.9,,,,,,,,,,,,0.09,94.96,113.59,,,,,0.5,,,
2011-06-24,2.58,2.92,2.93,0.35,4.17,0.71,2.22,1.81,,,,,,,,,,,,0.08,90.7,108.27,,,,,0.5,,,
2011-06-25,2.53,2.86,2.88,0.35,4.17,0.64,2.24,1.79,,,,,,,,,,,,0.08,90.89,104.79,,,,,0.5,,,
2011-06-26,,,,,,,,,,,2856403.0,1590364.0,,,,,,,,0.08,,,,,,,0.5,6503.0219,,
2011-06-27,,,,,,,,,,,,,,,,,,,,0.08,,,,,,,0.5,,,
2011-06-28,2.54,2.93,2.95,0.41,4.28,0.67,2.28,1.8,,,,,-0.551,-0.1115,,,,,,0.08,90.65,104.57,,,,,0.5,,,
2011-06-29,2.57,3.02,3.05,0.48,4.33,0.73,2.32,1.88,,,,,,,,,,,,0.08,92.9,107.57,,,,,0.5,,,
2011-06-30,2.67,3.12,3.14,0.47,4.39,0.74,2.4,2.0,,,,,,,,,,,,0.07,94.85,111.49,,,,-16.4,0.5,,92.1938,89.7431268820444
2011-07-01,2.73,3.15,3.18,0.45,4.38,0.75,2.43,2.03,,,,,,,,,,,9184.2,0.07,95.3,111.71,9066.852272727272,4.537386363636364,0.24,,0.5,,,
2011-07-02,2.72,3.2,3.22,0.5,4.4,0.77,2.45,2.05,,,,,,,,,,,,0.08,94.81,109.82,,,,,0.5,,,
2011-07-03,,,,,,,,,,,2865251.0,1617276.0,,,,,,,,0.08,,,,,,,0.5,6497.023,,
2011-07-04,,,,,,,,,,,,,,,,,,,,0.08,,,,,,,0.5,,,
2011-07-05,,,,,,,,,,,,,-0.543,-0.3939,,,,,,0.08,,,,,,,0.5,,,
2011-07-06,2.72,3.14,3.16,0.44,4.39,0.77,2.39,2.03,,,,,,,,,,,,0.08,96.92,113.21,,,,,0.5,,,
2011-07-07,2.69,3.11,3.12,0.43,4.35,0.74,2.38,2.03,,,,,,,,,,,,0.07,96.67,113.55,,,,,0.5,,,
2011-07-08,2.68,3.14,3.17,0.49,4.37,0.75,2.42,2.1,,,,,,,,9.0,,,,0.07,98.7,117.4,,,,,0.5,,,
2011-07-09,2.63,3.0,3.03,0.4,4.27,0.69,2.34,2.01,,,,,,,,,,,,0.07,96.2,117.4,,,,,0.5,,,
2011-07-10,,,,,,,,,,,2870103.0,1650630.0,,,,,,,,0.07,,,,,,,0.5,6503.1186,,
2011-07-11,,,,,,,,,,,,,,,,,,,,0.07,,,,,,,0.5,,,
2011-07-12,2.57,2.91,2.94,0.37,4.2,0.63,2.31,2.01,,,,,-0.531,-0.3537,,,,,,0.07,95.16,117.35,,,,,0.5,,,
2011-07-13,2.55,2.89,2.92,0.37,4.19,0.6,2.32,2.01,,,,,,,,,,,,0.06,97.41,117.36,,,,,0.5,,,
2011-07-14,2.55,2.91,2.92,0.37,4.17,0.59,2.33,1.99,,,,,,,,,,,,0.06,98.04,118.46,,,,,0.75,,,
2011-07-15,2.6,2.97,2.98,0.38,4.25,0.68,2.3,1.98,,,,,,,,,,63.7,,0.06,95.75,117.38,,,,,0.75,,,
2011-07-16,2.57,2.92,2.94,0.37,4.26,0.61,2.33,1.98,,,,,,,225.395,,,,,0.06,97.24,118.06,,,,,0.75,,,
2011-07-17,,,,,,,,,,,2878074.0,1679080.0,,,,,94.636,,,0.06,,,,,,,0.75,6513.9088,,
2011-07-18,,,,,,,,,,,,,,,,,,,,0.06,,,,,,,0.75,,,
2011-07-19,2.57,2.92,2.94,0.37,4.29,0.58,2.36,2.0,,,,,-0.509,-0.0047,,,,,,0.06,95.94,117.05,,,,,0.75,,,
2011-07-20,2.52,2.88,2.91,0.39,4.19,0.54,2.37,2.02,,,,,,,,,,,,0.06,97.49,118.18,,,,,0.75,,,
2011-07-21,2.56,2.94,2.96,0.4,4.25,0.62,2.34,2.01,,,,,,,,,,,,0.06,98.11,118.52,,,,,0.75,,,
2011-07-22,2.63,2.98,3.03,0.4,4.31,0.68,2.35,2.04,,,,,,,,,,,,0.06,98.96,118.25,,,,,0.75,,,
2011-07-23,2.59,2.94,2.99,0.4,4.26,0.61,2.38,2.03,,,,,,,,,,,,0.06,99.53,118.99,,,,,0.75,,,
2011-07-24,,,,,,,,,,,2871301.0,1636929.0,,,,,,,,0.06,,,,,,,0.75,6513.6915,,
2011-07-25,,,,,,,,,,,,,,,,,,,,0.06,,,,,,,0.75,,,
2011-07-26,2.61,2.98,3.03,0.42,4.31,0.58,2.45,2.06,,,,,-0.476,-0.287,,,,,,0.06,98.97,118.27,,,,,0.75,,,
2011-07-27,2.58,2.92,2.99,0.41,4.28,0.57,2.42,2.01,,,,,,,,,,,,0.06,99.61,118.14,,,,,0.75,,,
2011-07-28,2.57,2.93,3.01,0.44,4.29,0.56,2.45,2.1,,,,,,,,,,,,0.07,97.4,117.99,,,,,0.75,,,
2011-07-29,2.56,2.91,2.98,0.42,4.26,0.52,2.46,2.11,,,,,,,,,,,,0.08,97.48,118.16,,,,,0.75,,,
2011-07-30,2.46,2.72,2.82,0.36,4.12,0.38,2.44,2.07,,,,,,,,,,,,0.11,95.68,115.93,,,,,0.75,,,
2011-07-31,,,,,,,,,,,2863576.0,1652667.0,,,,,,,9346.9,0.11,,,9650.464285714286,4.4225,0.22,,0.75,6523.3677,,
2011-08-01,,,,,,,,,,,,,,,,,,,,0.11,,,,,,,0.75,,,
2011-08-02,2.39,2.67,2.77,0.38,4.07,0.33,2.44,2.07,,,,,-0.428,-0.2617,,,,,,0.17,94.98,116.37,,,,,0.75,,,
2011-08-03,2.33,2.6,2.66,0.33,3.93,0.29,2.37,1.99,,,,,,,,,,,,0.16,93.78,116.02,,,,,0.75,,,
2011-08-04,2.31,2.62,2.64,0.33,3.89,0.36,2.28,1.87,,,,,,,,,,,,0.12,91.87,113.74,,,,,0.75,,,
2011-08-05,2.2,2.45,2.47,0.27,3.7,0.24,2.23,1.79,,,,,,,,,,,,0.09,86.75,110.22,,,,,0.75,,,
2011-08-06,2.3,2.57,2.58,0.28,3.82,0.32,2.26,1.82,,,,,,,,,,,,0.08,86.89,106.92,,,,,0.75,,,
2011-08-07,,,,,,,,,,,2867215.0,1624803.0,,,,,,,,0.08,,,,,,,0.75,6519.9952,,
2011-08-08,,,,,,,,,,,,,,,,9.0,,,,0.08,,,,,,,0.75,,,
2011-08-09,2.13,2.35,2.4,0.27,3.68,0.2,2.2,1.74,,,,,-0.367,0.36,,,,,,0.11,81.27,103.06,,,,,0.75,,,
2011-08-10,2.01,2.17,2.2,0.19,3.56,0.0,2.2,1.75,,,,,,,,,,,,0.1,79.32,103.63,,,,,0.75,,,
2011-08-11,1.98,2.15,2.17,0.19,3.54,-0.13,2.3,1.95,,,,,,,,,,,,0.1,83.05,103.84,,,,,0.75,,,
2011-08-12,2.15,2.31,2.34,0.19,3.82,0.06,2.28,1.86,,,,,,,,,,,,0.09,85.48,107.82,,,,,0.75,,,
2011-08-13,2.04,2.22,2.24,0.2,3.72,-0.02,2.26,1.84,,,,,,,,,,,,0.1,85.19,108.17,,,,,0.75,,,
2011-08-14,,,,,,,,,,,2872423.0,1649269.0,,,,,,,,0.1,,,,,,,0.75,6534.3634,,
2011-08-15,,,,,,,,,,,,,,,,,,55.8,,0.1,,,,,,,0.75,,,
2011-08-16,2.1,2.27,2.29,0.19,3.75,0.06,2.23,1.8,,,,,-0.299,1.3344,226.106,,,,,0.1,87.88,108.89,,,,,0.75,,,
2011-08-17,2.03,2.2,2.23,0.2,3.67,0.05,2.18,1.74,,0.02,,,,,,,95.2749,,,0.09,86.65,109.69,,,,,0.75,,,
2011-08-18,1.98,2.16,2.17,0.19,3.57,0.01,2.16,1.73,,,,,,,,,,,,0.09,87.58,111.37,,,,,0.75,,,
2011-08-19,1.88,2.07,2.08,0.2,3.45,0.09,1.99,1.62,,0.624,,,,,,,,,,0.09,82.38,108.36,,,,,0.75,,,
2011-08-20,1.87,2.05,2.07,0.2,3.39,0.02,2.05,1.7,,,,,,,,,,,,0.09,82.33,109.37,,,,,0.75,,,
2011-08-21,,,,,,,,,,,2857906.0,1621140.0,,,,,,,,0.09,,,,,,,0.75,6536.8996,,
2011-08-22,,,,,,,,,,,,,,,,,,,,0.09,,,,,,,0.75,,,
2011-08-23,1.88,2.09,2.1,0.22,3.42,0.03,2.07,1.73,,,,,-0.239,0.5413,,,,,,0.09,84.42,108.83,,,,,0.75,,,
2011-08-24,1.93,2.14,2.15,0.22,3.47,0.13,2.02,1.66,,,,,,,,,,,,0.08,85.35,110.35,,,,,0.75,,,
2011-08-25,2.06,2.27,2.29,0.23,3.63,0.25,2.04,1.65,,,,,,,,,,,,0.08,84.99,111.91,,,,,0.75,,,
2011-08-26,2.01,2.22,2.23,0.22,3.6,0.13,2.1,1.68,,,,,,,,,,,,0.08,85.15,111.91,,,,,0.75,,,
2011-08-27,1.99,2.18,2.19,0.2,3.54,0.15,2.04,1.64,,,,,,,,,,,,0.09,85.37,112.29,,,,,0.75,,,
2011-08-28,,,,,,,,,,,2859433.0,1605613.0,,,,,,,,0.09,,,,,,,0.75,6537.4415,,
2011-08-29,,,,,,,,,,,,,,,,,,,,0.09,,,,,,,0.75,,,
2011-08-30,2.08,2.26,2.28,0.2,3.63,0.22,2.06,1.67,,,,,-0.184,0.878,,,,,,0.09,87.27,,,,,,0.75,,,
2011-08-31,1.99,2.18,2.19,0.2,3.53,0.14,2.05,1.67,,,,,,,,,,,9532.5,0.08,88.9,115.59,8997.988636363636,4.053913043478261,0.2,,0.75,,,
2011-09-01,2.03,2.21,2.23,0.2,3.6,0.18,2.05,1.72,,,,,,,,,,,,0.08,88.81,116.48,,,,,0.75,,,
2011-09-02,1.96,2.13,2.15,0.19,3.51,0.07,2.08,1.72,,,,,,,,,,,,0.08,88.93,116.43,,,,,0.75,,,
2011-09-03,1.82,2.0,2.02,0.2,3.32,0.0,2.02,1.72,,,,,,,,,,,,0.08,86.45,115.92,,,,,0.75,,,
2011-09-04,,,,,,,,,,,2853888.0,1611435.0,,,,,,,,0.08,,,,,,,0.75,6541.2775,,
2011-09-05,,,,,,,,,,,,,,,,,,,,0.08,,,,,,,0.75,,,
2011-09-06,,,,,,,,,,,,,-0.143,0.5224,,,,,,0.08,,,,,,,0.75,,,
2011-09-07,1.77,1.96,1.98,0.21,3.26,0.05,1.93,1.63,,,,,,,,,,,,0.09,85.99,113.29,,,,,0.75,,,
2011-09-08,1.84,2.03,2.05,0.21,3.36,0.09,1.96,1.67,,,,,,,,9.0,,,,0.09,89.34,117.5,,,,,0.75,,,
2011-09-09,1.81,1.98,2.0,0.19,3.32,0.0,2.0,1.73,,,,,,,,,,,,0.09,89.05,117.99,,,,,0.75,,,
2011-09-10,1.76,1.92,1.93,0.17,3.26,-0.03,1.96,1.65,,,,,,,,,,,,0.09,87.24,115.1,,,,,0.75,,,
2011-09-11,,,,,,,,,,,2858660.0,1615771.0,,,,,,,,0.09,,,,,,,0.75,6544.3113,,
2011-09-12,,,,,,,,,,,,,,,,,,,,0.09,,,,,,,0.75,,,
2011-09-13,1.73,1.93,1.94,0.21,3.24,0.0,1.94,1.63,,,,,-0.113,0.9233,,,,,,0.09,88.19,114.75,,,,,0.75,,,
2011-09-14,1.79,1.99,2.0,0.21,3.32,0.07,1.93,1.61,,,,,,,,,,,,0.09,90.21,114.08,,,,,0.75,,,
2011-09-15,1.84,2.02,2.03,0.19,3.32,0.12,1.91,1.58,,,,,,,,,,59.5,,0.08,88.91,113.1,,,,,0.75,,,
2011-09-16,1.88,2.08,2.09,0.21,3.36,0.13,1.96,1.73,,,,,,,226.597,,,,,0.09,89.4,116.71,,,,,0.75,,,
2011-09-17,1.9,2.07,2.08,0.18,3.34,0.13,1.95,1.69,,,,,,,,,95.1961,,,0.09,87.96,116.26,,,,,0.75,,,
2011-09-18,,,,,,,,,,,2863540.0,1617860.0,,,,,,,,0.09,,,,,,,0.75,6534.3218,,
2011-09-19,,,,,,,,,,,,,,,,,,,,0.09,,,,,,,0.75,,,
2011-09-20,1.81,1.96,1.97,0.16,3.22,0.09,1.88,1.61,,,,,-0.097,0.7804,,,,,,0.09,85.7,112.89,,,,,0.75,,,
2011-09-21,1.77,1.94,1.95,0.18,3.2,0.04,1.91,1.67,,,,,,,,,,,,0.09,86.92,114.39,,,,,0.75,,,
2011-09-22,1.67,1.87,1.88,0.21,3.03,0.02,1.86,1.66,,,,,,,,,,,,0.08,85.77,114.26,,,,,0.75,,,
2011-09-23,1.52,1.72,1.72,0.2,2.78,0.01,1.71,1.49,,,,,,,,,,,,0.08,80.29,109.21,,,,,0.75,,,
2011-09-24,1.61,1.83,1.84,0.23,2.89,0.1,1.74,1.48,,,,,,,,,,,,0.08,79.58,109.17,,,,,0.75,,,
2011-09-25,,,,,,,,,,,2857747.0,1567602.0,,,,,,,,0.08,,,,,,,0.75,6538.6225,,
2011-09-26,,,,,,,,,,,,,,,,,,,,0.08,,,,,,,0.75,,,
2011-09-27,1.66,1.89,1.91,0.25,2.99,0.12,1.79,1.48,,,,,-0.09,1.12,,,,,,0.08,79.97,107.9,,,,,0.75,,,
2011-09-28,1.75,1.99,2.0,0.25,3.08,0.12,1.88,1.57,,,,,,,,,,,,0.08,84.18,109.54,,,,,0.75,,,
2011-09-29,1.76,2.01,2.03,0.27,3.1,0.16,1.87,1.57,,,,,,,,,,,,0.08,80.94,108.52,,,,-21.8,0.75,,94.52098,89.6827732540157
2011-09-30,1.72,1.97,1.99,0.27,3.03,0.17,1.82,1.54,,,,,,,,,,,,0.08,81.87,107.08,,,,,0.75,,,
2011-10-01,1.67,1.9,1.92,0.25,2.9,0.17,1.75,1.5,,,,,,,,,,,9553.3,0.06,78.93,105.42,8300.136363636364,3.89,0.24,,0.75,,,
2011-10-02,,,,,,,,,,,2850921.0,1576801.0,,,,,,,,0.06,,,,,,,0.75,6548.9396,,
2011-10-03,,,,,,,,,,,,,,,,,,,,0.06,,,,,,,0.75,,,
2011-10-04,1.56,1.78,1.8,0.24,2.76,0.07,1.73,1.48,,,,,-0.093,1.1519,,,,,,0.08,77.34,103.61,,,,,0.75,,,
2011-10-05,1.56,1.8,1.81,0.25,2.77,0.05,1.76,1.49,,,,,,,,,,,,0.07,75.4,101.84,,,,,0.75,,,
2011-10-06,1.67,1.92,1.92,0.25,2.87,0.12,1.8,1.5,,,,,,,,,,,,0.07,79.41,103.77,,,,,0.75,,,
2011-10-07,1.72,2.0,2.01,0.29,2.96,0.13,1.88,1.58,,,,,,,,,,,,0.07,82.32,104.38,,,,,0.75,,,
2011-10-08,1.8,2.09,2.1,0.3,3.02,0.16,1.94,1.63,,,,,,,,8.8,,,,0.07,82.7,106.56,,,,,0.75,,,
2011-10-09,,,,,,,,,,,2859701.0,1604285.0,,,,,,,,0.07,,,,,,,0.75,6559.8083,,
2011-10-10,,,,,,,,,,,,,,,,,,,,0.07,,,,,,,0.75,,,
2011-10-11,,,,,,,,,,,,,-0.105,1.392,,,,,,0.07,85.14,109.49,,,,,0.75,,,
2011-10-12,1.86,2.16,2.18,0.32,3.11,0.23,1.95,1.65,,,,,,,,,,,,0.07,85.54,109.22,,,,,0.75,,,
2011-10-13,1.95,2.22,2.24,0.29,3.19,0.26,1.98,1.67,,,,,,,,,,,,0.07,85.3,112.44,,,,,0.75,,,
2011-10-14,1.9,2.17,2.19,0.29,3.15,0.27,1.92,1.61,,,,,,,,,,,,0.07,83.96,112.45,,,,,0.75,,,
2011-10-15,1.98,2.24,2.26,0.28,3.22,0.28,1.98,1.66,,,,,,,,,,60.8,,0.07,86.8,114.33,,,,,0.75,,,
2011-10-16,,,,,,,,,,,2860822.0,1624516.0,,,226.75,,,,,0.07,,,,,,,0.75,6567.5505,,
2011-10-17,,,,,,,,,,,,,,,,,95.8568,,,0.07,,,,,,,0.75,,,
2011-10-18,1.9,2.14,2.18,0.28,3.13,0.24,1.94,1.66,,,,,-0.126,0.4752,,,,,,0.07,86.38,112.92,,,,,0.75,,,
2011-10-19,1.91,2.15,2.19,0.28,3.17,0.22,1.97,1.72,,,,,,,,,,,,0.07,88.34,112.08,,,,,0.75,,,
2011-10-20,1.9,2.15,2.18,0.28,3.17,0.23,1.95,1.71,,,,,,,,,,,,0.07,86.11,111.76,,,,,0.75,,,
2011-10-21,1.92,2.17,2.2,0.28,3.19,0.22,1.98,1.72,,,,,,,,,,,,0.07,86.07,109.0,,,,,0.75,,,
2011-10-22,1.93,2.21,2.23,0.3,3.26,0.23,2.0,1.74,,,,,,,,,,,,0.07,87.19,111.6,,,,,0.75,,,
2011-10-23,,,,,,,,,,,2852390.0,1600008.0,,,,,,,,0.07,,,,,,,0.75,6569.8409,,
2011-10-24,,,,,,,,,,,,,,,,,,,,0.07,,,,,,,0.75,,,
2011-10-25,1.95,2.23,2.25,0.3,3.27,0.23,2.02,1.76,,,,,-0.144,0.6809,,,,,,0.07,91.12,111.67,,,,,0.75,,,
2011-10-26,1.88,2.13,2.14,0.26,3.13,0.12,2.02,1.76,,,,,,,,,,,,0.07,92.98,112.11,,,,,0.75,,,
2011-10-27,1.95,2.21,2.23,0.28,3.22,0.15,2.08,1.83,,,,,,,,,,,,0.08,90.2,110.43,,,,,0.75,,,
2011-10-28,2.11,2.4,2.42,0.31,3.45,0.24,2.18,1.94,,,,,,,,,,,,0.07,93.96,112.45,,,,,0.75,,,
2011-10-29,2.06,2.33,2.34,0.28,3.36,0.19,2.15,1.93,,,,,,,,,,,,0.07,93.32,110.01,,,,,0.75,,,
2011-10-30,,,,,,,,,,,2845685.0,1568317.0,,,,,,,,0.07,,,,,,,0.75,6574.608,,
2011-10-31,,,,,,,,,,,,,,,,,,,9586.2,0.07,,,7394.190476190476,3.563809523809524,0.26,,0.75,,,
2011-11-01,1.92,2.16,2.17,0.25,3.16,0.08,2.09,1.88,,,,,-0.158,0.3186,,,,,,0.09,93.19,108.43,,,,,0.75,,,
2011-11-02,1.78,2.0,2.01,0.23,2.99,-0.04,2.05,1.82,,,,,,,,,,,,0.08,92.19,106.97,,,,,0.75,,,
2011-11-03,1.8,2.02,2.03,0.23,3.03,-0.07,2.1,1.91,,,,,,,,,,,,0.08,92.51,110.82,,,,,0.75,,,
2011-11-04,1.85,2.08,2.09,0.24,3.1,0.0,2.09,1.91,,,,,,,,,,,,0.09,94.07,110.76,,,,,0.75,,,
2011-11-05,1.84,2.05,2.06,0.22,3.09,-0.06,2.12,1.93,,,,,,,,,,,,0.08,94.26,112.22,,,,,0.75,,,
2011-11-06,,,,,,,,,,,2822034.0,1571930.0,,,,,,,,0.08,,,,,,,0.75,6590.6414,,
2011-11-07,,,,,,,,,,,,,,,,,,,,0.08,,,,,,,0.75,,,
2011-11-08,1.79,2.03,2.04,0.25,3.05,-0.1,2.14,1.94,,,,,-0.161,0.8763,,8.6,,,,0.08,95.52,114.75,,,,,0.75,,,
2011-11-09,1.85,2.09,2.1,0.25,3.13,-0.03,2.13,1.89,,,,,,,,,,,,0.08,96.8,115.61,,,,,0.75,,,
2011-11-10,1.76,1.99,2.0,0.24,3.03,-0.04,2.04,1.87,,,,,,,,,,,,0.08,95.74,115.29,,,,,0.5,,,
2011-11-11,1.8,2.03,2.04,0.24,3.12,-0.04,2.08,1.88,,,,,,,,,,,,0.08,97.78,113.32,,,,,0.5,,,
2011-11-12,,,,,,,,,,,,,,,,,,,,0.08,98.99,114.43,,,,,0.5,,,
2011-11-13,,,,,,,,,,,2839786.0,1568521.0,,,,,,,,0.08,,,,,,,0.5,6603.5937,,
2011-11-14,,,,,,,,,,,,,,,,,,,,0.08,,,,,,,0.5,,,
2011-11-15,1.8,2.03,2.04,0.24,3.09,-0.01,2.05,1.84,,,,,-0.155,0.7941,,,,63.7,,0.08,98.14,112.57,,,,,0.5,,,
2011-11-16,1.8,2.05,2.06,0.26,3.1,0.04,2.02,1.76,,,,,,,227.169,,,,,0.09,99.37,111.9,,,,,0.5,,,
2011-11-17,1.75,2.0,2.01,0.26,3.05,0.05,1.96,1.68,,,,,,,,,95.8485,,,0.08,102.59,111.91,,,,,0.5,,,
2011-11-18,1.69,1.94,1.96,0.27,2.98,0.06,1.9,1.59,,,,,,,,,,,,0.08,98.82,109.25,,,,,0.5,,,
2011-11-19,1.72,2.0,2.01,0.29,2.99,0.05,1.96,1.64,,,,,,,,,,,,0.08,97.67,107.82,,,,,0.5,,,
2011-11-20,,,,,,,,,,,2831576.0,1583716.0,,,,,,,,0.08,,,,,,,0.5,6613.662,,
2011-11-21,,,,,,,,,,,,,,,,,,,,0.08,,,,,,,0.5,,,
2011-11-22,1.7,1.95,1.97,0.27,2.96,0.07,1.9,1.59,,,,,-0.144,1.0376,,,,,,0.08,96.73,105.98,,,,,0.5,,,
2011-11-23,1.68,1.92,1.94,0.26,2.91,0.05,1.89,1.6,,,,,,,,,,,,0.08,97.76,107.77,,,,,0.5,,,
2011-11-24,1.63,1.87,1.89,0.26,2.82,-0.01,1.9,1.61,,,,,,,,,,,,0.09,96.16,106.83,,,,,0.5,,,
2011-11-25,,,,,,,,,,,,,,,,,,,,0.09,,,,,,,0.5,,,
2011-11-26,1.69,1.95,1.97,0.28,2.92,0.05,1.92,1.64,,,,,,,,,,,,0.07,96.91,106.08,,,,,0.5,,,
2011-11-27,,,,,,,,,,,2821980.0,1505201.0,,,,,,,,0.07,,,,,,,0.5,6593.7962,,
2011-11-28,,,,,,,,,,,,,,,,,,,,0.07,,,,,,,0.5,,,
2011-11-29,1.71,1.94,1.97,0.26,2.93,0.02,1.95,1.66,,,,,-0.133,1.2497,,,,,,0.08,98.21,109.38,,,,,0.5,,,
2011-11-30,1.73,1.98,2.0,0.27,2.96,0.01,1.99,1.7,,,,,,,,,,,,0.08,99.79,111.25,,,,,0.5,,,
2011-12-01,1.83,2.07,2.08,0.25,3.06,0.03,2.05,1.76,,,,,,,,,,,9639.5,0.1,100.36,111.22,7581.022727272727,3.264,0.36,,0.5,,,
2011-12-02,1.84,2.1,2.11,0.27,3.12,0.06,2.05,1.76,,,,,,,,,,,,0.08,100.2,108.83,,,,,0.5,,,
2011-12-03,1.8,2.03,2.05,0.25,3.03,0.0,2.05,1.76,,,,,,,,,,,,0.08,100.97,109.59,,,,,0.5,,,
2011-12-04,,,,,,,,,,,2814235.0,1520197.0,,,,,,,,0.08,,,,,,,0.5,6602.1379,,
2011-12-05,,,,,,,,,,,,,,,,,,,,0.08,,,,,,,0.5,,,
2011-12-06,1.77,2.03,2.04,0.27,3.02,-0.01,2.05,1.77,,,,,-0.132,0.6884,,,,,,0.08,100.94,110.18,,,,,0.5,,,
2011-12-07,1.83,2.07,2.08,0.25,3.09,0.01,2.07,1.83,,,,,,,,,,,,0.08,101.25,110.16,,,,,0.5,,,
2011-12-08,1.78,2.0,2.02,0.24,3.04,-0.01,2.03,1.71,,,,,,,,8.5,,,,0.08,100.45,110.07,,,,,0.5,,,
2011-12-09,1.77,1.98,1.99,0.22,3.0,0.01,1.98,1.65,,,,,,,,,,,,0.07,98.35,108.23,,,,,0.5,,,
2011-12-10,1.85,2.06,2.07,0.22,3.1,0.05,2.02,1.64,,,,,,,,,,,,0.07,99.4,107.91,,,,,0.5,,,
2011-12-11,,,,,,,,,,,2820691.0,1546608.0,,,,,,,,0.07,,,,,,,0.5,6612.1498,,
2011-12-12,,,,,,,,,,,,,,,,,,,,0.07,,,,,,,0.5,,,
2011-12-13,1.79,2.02,2.03,0.24,3.06,-0.01,2.04,1.64,,,,,-0.138,0.6394,,,,,,0.07,97.77,107.82,,,,,0.5,,,
2011-12-14,1.72,1.95,1.96,0.24,2.98,-0.05,2.01,1.65,,,,,,,,,,,,0.07,100.24,109.25,,,,,0.5,,,
2011-12-15,1.67,1.91,1.92,0.25,2.91,-0.04,1.96,1.6,,,,,,,,,,69.9,,0.07,94.92,105.72,,,,,0.25,,,
2011-12-16,1.66,1.92,1.92,0.26,2.92,-0.01,1.93,1.61,,,,,,,227.223,,,,,0.07,93.84,104.52,,,,,0.25,,,
2011-12-17,1.62,1.86,1.86,0.24,2.86,-0.05,1.91,1.58,,,,,,,,,96.3571,,,0.07,93.55,104.0,,,,,0.25,,,
2011-12-18,,,,,,,,,,,2902488.0,1601495.0,,,,,,,,0.07,,,,,,,0.25,6606.7009,,
2011-12-19,,,,,,,,,,,,,,,,,,,,0.07,,,,,,,0.25,,,
2011-12-20,1.58,1.81,1.82,0.24,2.79,-0.12,1.94,1.64,,,,,-0.15,0.9094,,,,,,0.07,93.86,104.55,,,,,0.25,,,
2011-12-21,1.68,1.93,1.94,0.26,2.93,-0.1,2.04,1.72,,,,,,,,,,,,0.07,97.16,107.8,,,,,0.25,,,
2011-12-22,1.7,1.97,1.98,0.28,3.0,-0.07,2.05,1.7,,,,,,,,,,,,0.07,98.54,108.0,,,,,0.25,,,
2011-12-23,1.69,1.96,1.97,0.28,2.99,-0.07,2.04,1.64,,,,,,,,,,,,0.07,99.42,108.98,,,,,0.25,,,
2011-12-24,1.75,2.02,2.03,0.28,3.05,-0.04,2.07,1.68,,,,,,,,,,,,0.08,99.72,109.28,,,,,0.25,,,
2011-12-25,,,,,,,,,,,2916085.0,1509961.0,,,,,,,,0.08,,,,,,,0.25,6600.0873,,
2011-12-26,,,,,,,,,,,,,,,,,,,,0.08,,,,,,,0.25,,,
2011-12-27,,,,,,,,,,,,,-0.174,0.6571,,,,,,0.08,,,,,,,0.25,,,
2011-12-28,1.72,2.0,2.02,0.3,3.04,-0.02,2.04,1.65,,,,,,,,,,,,0.07,101.29,,,,,,0.25,,,
2011-12-29,1.65,1.92,1.93,0.28,2.91,-0.07,2.0,1.63,,,,,,,,,,,,0.07,99.44,107.54,,,,,0.25,,,
2011-12-30,1.63,1.89,1.91,0.28,2.9,-0.05,1.96,1.61,,,,,,,,,,,,0.07,99.68,106.89,,,,-5.9,0.25,,96.09072,89.62130422170904
2011-12-31,1.64,1.87,1.89,0.25,2.89,-0.07,1.96,1.59,,,,,,,,,,,9683.5,0.04,98.83,108.09,7558.875,3.162857142857143,0.22,,0.25,,,
2012-01-01,,,,,,,,,,,2926095.0,1534135.0,,,,,,,,0.04,,,,,,,0.25,6615.3322,,
2012-01-02,,,,,,,,,,,,,,,,,,,,0.04,,,,,,,0.25,,,
2012-01-03,,,,,,,,,,,,,-0.206,0.6635,,,,,,0.04,,,,,,,0.25,,,
2012-01-04,1.7,1.95,1.97,0.27,2.98,-0.04,2.01,1.66,,,,,,,,,,,,0.07,102.96,111.12,,,,,0.25,,,
2012-01-05,1.75,1.98,2.0,0.25,3.03,-0.08,2.08,1.71,,,,,,,,,,,,0.07,103.22,113.37,,,,,0.25,,,
2012-01-06,1.75,2.0,2.02,0.27,3.06,-0.1,2.12,1.74,,,,,,,,,,,,0.07,101.81,113.59,,,,,0.25,,,
2012-01-07,1.73,1.96,1.98,0.25,3.02,-0.11,2.09,1.71,,,,,,,,,,,,0.07,101.56,111.96,,,,,0.25,,,
2012-01-08,,,,,,,,,,,2917689.0,1564841.0,,,,8.3,,,,0.07,,,,,,,0.25,6637.3247,,
2012-01-09,,,,,,,,,,,,,,,,,,,,0.07,,,,,,,0.25,,,
2012-01-10,1.72,1.97,1.98,0.26,3.02,-0.13,2.11,1.73,,,,,-0.245,0.5441,,,,,,0.08,101.31,111.07,,,,,0.25,,,
2012-01-11,1.76,1.98,2.0,0.24,3.04,-0.08,2.08,1.7,,,,,,,,,,,,0.08,102.24,113.3,,,,,0.25,,,
2012-01-12,1.69,1.91,1.93,0.24,2.96,-0.1,2.03,1.67,,,,,,,,,,,,0.08,100.89,111.66,,,,,0.25,,,
2012-01-13,1.72,1.91,1.94,0.22,2.97,-0.1,2.04,1.69,,,,,,,,,,,,0.08,99.03,112.97,,,,,0.25,,,
2012-01-14,1.65,1.86,1.89,0.24,2.91,-0.14,2.03,1.69,,,,,,,,,,,,0.09,98.69,109.88,,,,,0.25,,,
2012-01-15,,,,,,,,,,,2899149.0,1572456.0,,,,,,75.0,,0.09,,,,,,,0.25,6645.0356,,
2012-01-16,,,,,,,,,,,,,,,227.842,,,,,0.09,,,,,,,0.25,,,
2012-01-17,,,,,,,,,,,,,-0.289,0.5743,,,96.9318,,,0.09,,,,,,,0.25,,,
2012-01-18,1.66,1.84,1.87,0.21,2.89,-0.17,2.04,1.7,,,,,,,,,,,,0.09,100.7,110.55,,,,,0.25,,,
2012-01-19,1.68,1.89,1.92,0.24,2.96,-0.15,2.07,1.73,,,,,,,,,,,,0.09,100.61,109.81,,,,,0.25,,,
2012-01-20,1.75,1.96,2.01,0.26,3.05,0.0,2.01,1.75,,,,,,,,,,,,0.1,100.32,109.54,,,,,0.25,,,
2012-01-21,1.79,2.0,2.05,0.26,3.1,0.01,2.04,1.76,,,,,,,,,,,,0.09,98.15,108.5,,,,,0.25,,,
2012-01-22,,,,,,,,,,,2919423.0,1593378.0,,,,,,,,0.09,,,,,,,0.25,6633.7528,,
2012-01-23,,,,,,,,,,,,,,,,,,,,0.09,,,,,,,0.25,,,
2012-01-24,1.83,2.05,2.09,0.26,3.15,0.02,2.07,1.77,,,,,-0.333,0.4362,,,,,,0.09,99.47,109.46,,,,,0.25,,,
2012-01-25,1.84,2.04,2.08,0.24,3.15,-0.01,2.09,1.81,,,,,,,,,,,,0.09,98.84,108.38,,,,,0.25,,,
2012-01-26,1.79,1.97,2.01,0.22,3.13,-0.12,2.13,1.83,,,,,,,,,,,,0.08,99.23,108.48,,,,,0.25,,,
2012-01-27,1.74,1.91,1.96,0.22,3.1,-0.16,2.12,1.86,,,,,,,,,,,,0.08,99.76,109.08,,,,,0.25,,,
2012-01-28,1.71,1.87,1.93,0.22,3.07,-0.18,2.11,1.88,,,,,,,,,,,,0.09,99.47,110.5,,,,,0.25,,,
2012-01-29,,,,,,,,,,,2919545.0,1529646.0,,,,,,,,0.09,,,,,,,0.25,6630.4377,,
2012-01-30,,,,,,,,,,,,,,,,,,,,0.09,,,,,,,0.25,,,
2012-01-31,1.65,1.82,1.87,0.22,2.99,-0.24,2.11,1.87,,,,,-0.373,0.3253,,,,,9753.3,0.09,98.75,110.24,8061.916666666667,2.67727,0.18,,0.25,,,
2012-02-01,1.61,1.77,1.83,0.22,2.94,-0.28,2.11,1.88,,,,,,,,,,,,0.11,98.46,110.26,,,,,0.25,,,
2012-02-02,1.64,1.81,1.87,0.23,3.01,-0.28,2.15,1.89,,,,,,,,,,,,0.11,97.63,111.96,,,,,0.25,,,
2012-02-03,1.63,1.78,1.86,0.23,3.01,-0.3,2.16,1.89,,,,,,,,,,,,0.11,96.36,110.96,,,,,0.25,,,
2012-02-04,1.74,1.89,1.97,0.23,3.13,-0.21,2.18,1.88,,,,,,,,,,,,0.11,97.8,112.56,,,,,0.25,,,
2012-02-05,,,,,,,,,,,2924947.0,1572710.0,,,,,,,,0.11,,,,,,,0.25,6708.5274,,
2012-02-06,,,,,,,,,,,,,,,,,,,,0.11,,,,,,,0.25,,,
2012-02-07,1.69,1.85,1.93,0.24,3.08,-0.26,2.19,1.91,,,,,-0.404,0.2999,,,,,,0.11,96.89,115.47,,,,,0.25,,,
2012-02-08,1.75,1.92,2.0,0.25,3.14,-0.21,2.21,1.95,,,,,,,,8.3,,,,0.11,98.55,116.86,,,,,0.25,,,
2012-02-09,1.74,1.92,2.01,0.27,3.14,-0.21,2.22,1.91,,,,,,,,,,,,0.11,98.8,117.18,,,,,0.25,,,
2012-02-10,1.77,1.95,2.04,0.27,3.2,-0.17,2.21,1.91,,,,,,,,,,,,0.11,99.88,118.4,,,,,0.25,,,
2012-02-11,1.69,1.87,1.96,0.27,3.11,-0.24,2.2,1.88,,,,,,,,,,,,0.12,98.68,118.13,,,,,0.25,,,
2012-02-12,,,,,,,,,,,2928275.0,1600651.0,,,,,,,,0.12,,,,,,,0.25,6703.8181,,
2012-02-13,,,,,,,,,,,,,,,,,,,,0.12,,,,,,,0.25,,,
2012-02-14,1.7,1.88,1.99,0.29,3.14,-0.22,2.21,1.97,,,,,-0.427,0.0971,,,,,,0.12,100.39,118.73,,,,,0.25,,,
2012-02-15,1.63,1.8,1.92,0.29,3.06,-0.27,2.19,1.92,,,,,,,,,,75.3,,0.12,100.82,118.3,,,,,0.25,,,
2012-02-16,1.64,1.82,1.93,0.29,3.09,-0.26,2.19,1.9,,,,,,,228.329,,,,,0.12,101.82,120.25,,,,,0.25,,,
2012-02-17,1.7,1.89,1.99,0.29,3.14,-0.24,2.23,1.93,,,,,,,,,97.2435,,,0.11,102.33,121.0,,,,,0.25,,,
2012-02-18,1.72,1.92,2.01,0.29,3.16,-0.23,2.24,1.93,,,,,,,,,,,,0.09,103.27,120.69,,,,,0.25,,,
2012-02-19,,,,,,,,,,,2937893.0,1634172.0,,,,,,,,0.09,,,,,,,0.25,6700.8522,,
2012-02-20,,,,,,,,,,,,,,,,,,,,0.09,,,,,,,0.25,,,
2012-02-21,,,,,,,,,,,,,-0.443,0.2056,,,,,,0.09,,,,,,,0.25,,,
2012-02-22,1.74,1.97,2.05,0.31,3.2,-0.22,2.27,1.98,,,,,,,,,,,,0.1,105.88,120.85,,,,,0.25,,,
2012-02-23,1.72,1.92,2.01,0.29,3.15,-0.27,2.28,1.99,,,,,,,,,,,,0.08,105.99,123.07,,,,,0.25,,,
2012-02-24,1.68,1.9,1.99,0.31,3.13,-0.3,2.29,2.04,,,,,,,,,,,,0.08,107.44,124.53,,,,,0.25,,,
2012-02-25,1.67,1.88,1.98,0.31,3.1,-0.29,2.27,2.03,,,,,,,,,,,,0.09,109.39,124.89,,,,,0.25,,,
2012-02-26,,,,,,,,,,,2932813.0,1621626.0,,,,,,,,0.09,,,,,,,0.25,6694.7997,,
2012-02-27,,,,,,,,,,,,,,,,,,,,0.09,,,,,,,0.25,,,
2012-02-28,1.62,1.8,1.92,0.3,3.04,-0.32,2.24,2.02,,,,,-0.455,0.0696,,,,,,0.1,108.49,126.46,,,,,0.25,,,
2012-02-29,1.64,1.84,1.94,0.3,3.07,-0.31,2.25,1.99,,,,,,,,,,,,0.1,106.59,124.02,,,,,0.25,,,
2012-03-01,1.68,1.9,1.98,0.3,3.08,-0.28,2.26,1.99,,,,,,,,,,,,0.1,107.08,122.23,,,,,0.25,,,
2012-03-02,1.73,1.95,2.03,0.3,3.15,-0.23,2.26,1.99,,0.1,,,,,,,,,9806.3,0.11,108.76,125.76,8441.488095238095,2.50486,0.34,,0.25,,,
2012-03-03,1.71,1.92,1.99,0.28,3.11,-0.24,2.23,1.95,,,,,,,,,,,,0.11,106.68,125.93,,,,,0.25,,,
2012-03-04,,,,,,,,,,,2925722.0,1607919.0,,,,,,,,0.11,,,,,,,0.25,6715.866,,
2012-03-05,,,,,,,,,,,,,,,,,,,,0.11,,,,,,,0.25,,,
2012-03-06,1.69,1.92,2.0,0.31,3.13,-0.2,2.2,1.94,,,,,-0.465,0.0523,,,,,,0.11,106.7,126.68,,,,,0.25,,,
2012-03-07,1.66,1.88,1.96,0.3,3.08,-0.21,2.17,1.92,,,,,,,,,,,,0.11,104.71,125.03,,,,,0.25,,,
2012-03-08,1.68,1.9,1.98,0.3,3.12,-0.22,2.2,1.98,,0.99,,,,,,8.2,,,,0.11,106.16,125.37,,,,,0.25,,,
2012-03-09,1.71,1.95,2.03,0.32,3.18,-0.21,2.24,2.01,,,,,,,,,,,,0.11,106.65,127.96,,,,,0.25,,,
2012-03-10,1.71,1.95,2.04,0.33,3.19,-0.24,2.28,2.07,,,,,,,,,,,,0.12,107.4,128.08,,,,,0.25,,,
2012-03-11,,,,,,,,,,,2884747.0,1591922.0,,,,,,,,0.12,,,,,,,0.25,6717.8824,,
2012-03-12,,,,,,,,,,,,,,,,,,,,0.12,,,,,,,0.25,,,
2012-03-13,1.71,1.95,2.04,0.33,3.17,-0.24,2.28,2.06,,,,,-0.473,0.1713,,,,,,0.12,106.34,127.27,,,,,0.25,,,
2012-03-14,1.79,2.06,2.14,0.35,3.26,-0.2,2.34,2.13,,,,,,,,,,,,0.12,106.7,128.14,,,,,0.25,,,
2012-03-15,1.89,2.2,2.29,0.4,3.43,-0.07,2.36,2.15,,,,,,,,,,76.2,,0.13,105.49,126.98,,,,,0.25,,,
2012-03-16,1.92,2.21,2.29,0.37,3.41,-0.08,2.37,2.13,,,,,,,228.807,,,,,0.14,105.19,123.63,,,,,0.25,,,
2012-03-17,1.94,2.22,2.31,0.37,3.41,-0.09,2.4,2.12,,,,,,,,,96.74,,,0.15,107.03,125.09,,,,,0.25,,,
2012-03-18,,,,,,,,,,,2893560.0,1579394.0,,,,,,,,0.15,,,,,,,0.25,6714.787,,
2012-03-19,,,,,,,,,,,,,,,,,,,,0.15,,,,,,,0.25,,,
2012-03-20,2.0,2.29,2.39,0.39,3.48,-0.03,2.42,2.13,,,,,-0.48,-0.2036,,,,,,0.15,108.09,125.76,,,,,0.25,,,
2012-03-21,1.97,2.28,2.38,0.41,3.46,-0.04,2.42,2.15,,,,,,,,,,,,0.15,105.68,124.38,,,,,0.25,,,
2012-03-22,1.92,2.22,2.31,0.39,3.38,-0.08,2.39,2.11,,,,,,,,,,,,0.15,106.87,123.89,,,,,0.25,,,
2012-03-23,1.92,2.21,2.29,0.37,3.37,-0.08,2.37,2.06,,,,,,,,,,,,0.14,104.98,122.49,,,,,0.25,,,
2012-03-24,1.88,2.17,2.25,0.37,3.31,-0.11,2.36,2.04,,,,,,,,,,,,0.14,106.43,125.21,,,,,0.25,,,
2012-03-25,,,,,,,,,,,2892646.0,1523382.0,,,,,,,,0.14,,,,,,,0.25,6706.0752,,
2012-03-26,,,,,,,,,,,,,,,,,,,,0.14,,,,,,,0.25,,,
2012-03-27,1.9,2.17,2.26,0.36,3.33,-0.08,2.34,2.02,,,,,-0.483,-0.0758,,,,,,0.14,107.07,125.85,,,,,0.25,,,
2012-03-28,1.87,2.11,2.2,0.33,3.29,-0.13,2.33,2.01,,,,,,,,,,,,0.14,107.32,125.25,,,,,0.25,,,
2012-03-29,1.87,2.12,2.21,0.34,3.31,-0.11,2.32,2.03,,,,,,,,,,,,0.13,105.4,124.41,,,,,0.25,,,
2012-03-30,1.85,2.11,2.18,0.33,3.27,-0.13,2.31,1.99,,,,,,,,,,,,0.13,102.79,123.23,,,,,0.25,,,
2012-03-31,1.9,2.16,2.23,0.33,3.35,-0.09,2.32,2.02,,,,,,,,,,,9849.3,0.09,103.03,123.41,8470.784090909092,2.163636363636364,0.7,5.4,0.25,,97.12308,85.66107930687618
2012-04-01,,,,,,,,,,,2878137.0,1526338.0,,,,,,,,0.09,,,,,,,0.25,6716.5965,,
2012-04-02,,,,,,,,,,,,,,,,,,,,0.09,,,,,,,0.25,,,
2012-04-03,1.89,2.14,2.22,0.33,3.35,-0.14,2.36,2.04,,,,,-0.482,0.0287,,,,,,0.15,105.25,124.44,,,,,0.25,,,
2012-04-04,1.94,2.22,2.3,0.36,3.41,-0.06,2.36,2.04,,,,,,,,,,,,0.15,104.02,,,,,,0.25,,,
2012-04-05,1.9,2.17,2.25,0.35,3.37,-0.05,2.3,1.96,,,,,,,,,,,,0.15,101.53,123.04,,,,,0.25,,,
2012-04-06,1.84,2.11,2.19,0.35,3.32,-0.08,2.27,1.95,,,,,,,,,,,,0.15,103.29,123.58,,,,,0.25,,,
2012-04-07,1.75,2.0,2.07,0.32,3.21,-0.16,2.23,1.85,,,,,,,,,,,,0.12,,,,,,,0.25,,,
2012-04-08,,,,,,,,,,,2865478.0,1548610.0,,,,8.2,,,,0.12,,,,,,,0.25,6720.1583,,
2012-04-09,,,,,,,,,,,,,,,,,,,,0.12,,,,,,,0.25,,,
2012-04-10,1.74,1.97,2.06,0.32,3.18,-0.17,2.23,1.84,,,,,-0.475,0.0708,,,,,,0.16,102.45,,,,,,0.25,,,
2012-04-11,1.73,1.92,2.01,0.28,3.13,-0.24,2.25,1.87,,,,,,,,,,,,0.15,101.12,121.89,,,,,0.25,,,
2012-04-12,1.75,1.96,2.05,0.3,3.18,-0.25,2.3,1.95,,,,,,,,,,,,0.16,102.66,120.41,,,,,0.25,,,
2012-04-13,1.79,1.99,2.08,0.29,3.22,-0.22,2.3,1.91,,,,,,,,,,,,0.15,103.69,120.57,,,,,0.25,,,
2012-04-14,1.75,1.93,2.02,0.27,3.14,-0.25,2.27,1.91,,,,,,,,,,,,0.15,102.84,120.62,,,,,0.25,,,
2012-04-15,,,,,,,,,,,2867200.0,1550552.0,,,,,,76.4,,0.15,,,,,,,0.25,6739.6144,,
2012-04-16,,,,,,,,,,,,,,,229.187,,,,,0.15,,,,,,,0.25,,,
2012-04-17,1.73,1.92,2.0,0.27,3.12,-0.26,2.26,1.89,,,,,-0.463,0.2911,,,97.4359,,,0.15,102.92,118.23,,,,,0.25,,,
2012-04-18,1.76,1.95,2.03,0.27,3.15,-0.26,2.29,1.91,,,,,,,,,,,,0.16,104.23,117.41,,,,,0.25,,,
2012-04-19,1.73,1.93,2.0,0.27,3.13,-0.26,2.26,1.87,,,,,,,,,,,,0.15,102.65,115.18,,,,,0.25,,,
2012-04-20,1.71,1.91,1.98,0.27,3.12,-0.21,2.19,1.91,,,,,,,,,,,,0.13,102.38,117.0,,,,,0.25,,,
2012-04-21,1.7,1.91,1.99,0.29,3.12,-0.24,2.23,1.96,,,,,,,,,,,,0.12,103.58,118.08,,,,,0.25,,,
2012-04-22,,,,,,,,,,,2875470.0,1562988.0,,,,,,,,0.12,,,,,,,0.25,6743.5872,,
2012-04-23,,,,,,,,,,,,,,,,,,,,0.12,,,,,,,0.25,,,
2012-04-24,1.69,1.88,1.96,0.27,3.08,-0.26,2.22,1.95,,,,,-0.449,0.043,,,,,,0.13,102.68,116.66,,,,,0.25,,,
2012-04-25,1.73,1.91,2.0,0.27,3.12,-0.25,2.25,2.01,,,,,,,,,,,,0.14,103.1,117.74,,,,,0.25,,,
2012-04-26,1.75,1.92,2.01,0.26,3.15,-0.24,2.25,2.02,,,,,,,,,,,,0.15,103.72,117.45,,,,,0.25,,,
2012-04-27,1.72,1.89,1.98,0.26,3.13,-0.29,2.27,2.04,,,,,,,,,,,,0.14,104.56,119.33,,,,,0.25,,,
2012-04-28,1.7,1.87,1.96,0.26,3.12,-0.3,2.26,2.06,,,,,,,,,,,,0.13,104.86,119.3,,,,,0.25,,,
2012-04-29,,,,,,,,,,,2866561.0,1539135.0,,,,,,,,0.13,,,,,,,0.25,6736.506,,
2012-04-30,,,,,,,,,,,,,,,,,,,,0.13,,,,,,,0.25,,,
2012-05-01,1.68,1.85,1.95,0.27,3.12,-0.3,2.25,2.06,,,,,-0.428,-0.0012,,,,,9905.0,0.16,104.89,118.66,8285.526315789473,1.94875,0.32,,0.25,,,
2012-05-02,1.71,1.89,1.98,0.27,3.16,-0.28,2.26,2.06,,,,,,,,,,,,0.16,106.17,119.57,,,,,0.25,,,
2012-05-03,1.69,1.88,1.96,0.27,3.11,-0.28,2.24,2.04,,,,,,,,,,,,0.15,105.25,117.57,,,,,0.25,,,
2012-05-04,1.68,1.87,1.96,0.28,3.12,-0.27,2.23,2.01,,,,,,,,,,,,0.15,102.56,115.91,,,,,0.25,,,
2012-05-05,1.64,1.84,1.91,0.27,3.07,-0.3,2.21,1.93,,,,,,,,,,,,0.16,98.49,111.66,,,,,0.25,,,
2012-05-06,,,,,,,,,,,2864280.0,1492460.0,,,,,,,,0.16,,,,,,,0.25,6754.5256,,
2012-05-07,,,,,,,,,,,,,,,,,,,,0.16,,,,,,,0.25,,,
2012-05-08,1.65,1.82,1.92,0.27,3.07,-0.27,2.19,1.94,,,,,-0.403,-0.0578,,8.2,,,,0.16,97.86,,,,,,0.25,,,
2012-05-09,1.61,1.79,1.88,0.27,3.03,-0.28,2.16,1.95,,,,,,,,,,,,0.16,97.13,110.48,,,,,0.25,,,
2012-05-10,1.6,1.78,1.87,0.27,3.03,-0.27,2.14,1.94,,,,,,,,,,,,0.15,96.8,111.89,,,,,0.25,,,
2012-05-11,1.62,1.79,1.89,0.27,3.07,-0.25,2.14,1.96,,,,,,,,,,,,0.15,97.1,112.24,,,,,0.25,,,
2012-05-12,1.57,1.74,1.84,0.27,3.02,-0.28,2.12,1.91,,,,,,,,,,,,0.15,96.03,112.5,,,,,0.25,,,
2012-05-13,,,,,,,,,,,2864150.0,1497049.0,,,,,,,,0.15,,,,,,,0.25,6763.5682,,
2012-05-14,,,,,,,,,,,,,,,,,,,,0.15,,,,,,,0.25,,,
2012-05-15,1.49,1.68,1.78,0.29,2.95,-0.33,2.11,1.91,,,,,-0.372,0.1123,,,,79.3,,0.16,94.75,110.79,,,,,0.25,,,
2012-05-16,1.47,1.67,1.76,0.29,2.91,-0.36,2.12,1.92,,,,,,,228.713,,,,,0.16,93.97,111.4,,,,,0.25,,,
2012-05-17,1.46,1.66,1.76,0.3,2.9,-0.33,2.09,1.89,,,,,,,,,97.6609,,,0.16,92.78,109.8,,,,,0.25,,,
2012-05-18,1.38,1.6,1.7,0.32,2.8,-0.35,2.05,1.87,,,,,,,,,,,,0.16,92.53,109.31,,,,,0.25,,,
2012-05-19,1.39,1.63,1.71,0.32,2.8,-0.39,2.1,1.85,,,,,,,,,,,,0.16,91.51,108.03,,,,,0.25,,,
2012-05-20,,,,,,,,,,,2850984.0,1501657.0,,,,,,,,0.16,,,,,,,0.25,6766.8889,,
2012-05-21,,,,,,,,,,,,,,,,,,,,0.16,,,,,,,0.25,,,
2012-05-22,1.45,1.66,1.75,0.3,2.8,-0.41,2.16,1.86,,,,,-0.34,0.4593,,,,,,0.16,92.57,109.02,,,,,0.25,,,
2012-05-23,1.49,1.7,1.79,0.3,2.88,-0.38,2.17,1.87,,,,,,,,,,,,0.16,91.44,109.76,,,,,0.25,,,
2012-05-24,1.45,1.64,1.73,0.28,2.81,-0.41,2.14,1.8,,,,,,,,,,,,0.15,89.4,106.88,,,,,0.25,,,
2012-05-25,1.48,1.67,1.77,0.29,2.86,-0.37,2.14,1.79,,,,,,,,,,,,0.15,90.36,107.2,,,,,0.25,,,
2012-05-26,1.45,1.66,1.75,0.3,2.85,-0.38,2.13,1.78,,,,,,,,,,,,0.15,90.64,107.86,,,,,0.25,,,
2012-05-27,,,,,,,,,,,2859495.0,1513160.0,,,,,,,,0.15,,,,,,,0.25,6761.3546,,
2012-05-28,,,,,,,,,,,,,,,,,,,,0.15,,,,,,,0.25,,,
2012-05-29,,,,,,,,,,,,,-0.314,0.3657,,,,,,0.15,,,,,,,0.25,,,
2012-05-30,1.44,1.65,1.74,0.3,2.85,-0.37,2.11,1.76,,,,,,,,,,,,0.16,90.75,107.55,,,,,0.25,,,
2012-05-31,1.36,1.56,1.63,0.27,2.72,-0.45,2.08,1.71,,,,,,,,,,,9951.9,0.16,87.79,103.85,7896.909090909091,2.432727272727273,0.3,,0.25,,,
2012-06-01,1.32,1.52,1.59,0.27,2.67,-0.5,2.09,1.72,,,,,,,,,,,,0.16,86.52,103.86,,,,,0.25,,,
2012-06-02,1.22,1.4,1.47,0.25,2.53,-0.59,2.06,1.65,,,,,,,,,,,,0.16,83.17,98.63,,,,,0.25,,,
2012-06-03,,,,,,,,,,,2842654.0,1522910.0,,,,,,,,0.16,,,,,,,0.25,6766.3465,,
2012-06-04,,,,,,,,,,,,,,,,,,,,0.16,,,,,,,0.25,,,
2012-06-05,1.28,1.45,1.53,0.25,2.56,-0.56,2.09,1.69,,,,,-0.294,0.4638,,,,,,0.17,83.95,97.74,,,,,0.25,,,
2012-06-06,1.32,1.49,1.57,0.25,2.63,-0.56,2.13,1.71,,,,,,,,,,,,0.17,84.31,98.65,,,,,0.25,,,
2012-06-07,1.4,1.57,1.66,0.26,2.73,-0.5,2.16,1.73,,,,,,,,,,,,0.16,85.05,101.14,,,,,0.25,,,
2012-06-08,1.39,1.57,1.66,0.27,2.75,-0.49,2.15,1.77,,,,,,,,8.2,,,,0.16,84.78,100.05,,,,,0.25,,,
2012-06-09,1.37,1.56,1.65,0.28,2.77,-0.5,2.15,1.79,,,,,,,,,,,,0.17,84.08,97.57,,,,,0.25,,,
2012-06-10,,,,,,,,,,,2852018.0,1527474.0,,,,,,,,0.17,,,,,,,0.25,6790.2041,,
2012-06-11,,,,,,,,,,,,,,,,,,,,0.17,,,,,,,0.25,,,
2012-06-12,1.33,1.51,1.6,0.27,2.71,-0.53,2.13,1.79,,,,,-0.287,0.4352,,,,,,0.17,82.58,98.6,,,,,0.25,,,
2012-06-13,1.37,1.57,1.67,0.3,2.77,-0.48,2.15,1.81,,,,,,,,,,,,0.16,83.35,96.59,,,,,0.25,,,
2012-06-14,1.31,1.51,1.61,0.3,2.7,-0.51,2.12,1.8,,,,,,,,,,,,0.17,82.56,97.29,,,,,0.25,,,
2012-06-15,1.34,1.53,1.64,0.3,2.73,-0.47,2.11,1.79,,,,,,,,,,73.2,,0.17,83.83,96.46,,,,,0.25,,,
2012-06-16,1.31,1.51,1.6,0.29,2.7,-0.54,2.14,1.86,,,,,,,228.524,,,,,0.18,84.03,97.13,,,,,0.25,,,
2012-06-17,,,,,,,,,,,2869071.0,1549830.0,,,,,97.6663,,,0.18,,,,,,,0.25,6775.7633,,
2012-06-18,,,,,,,,,,,,,,,,,,,,0.18,,,,,,,0.25,,,
2012-06-19,1.3,1.49,1.59,0.29,2.67,-0.54,2.13,1.85,,,,,-0.291,0.2207,,,,,,0.17,83.26,95.21,,,,,0.25,,,
2012-06-20,1.34,1.55,1.64,0.3,2.73,-0.53,2.17,1.87,,,,,,,,,,,,0.17,83.99,95.14,,,,,0.25,,,
2012-06-21,1.33,1.56,1.65,0.32,2.72,-0.51,2.16,1.88,,,,,,,,,,,,0.16,81.06,93.5,,,,,0.25,,,
2012-06-22,1.31,1.54,1.63,0.32,2.68,-0.47,2.1,1.77,,,,,,,,,,,,0.17,77.91,89.22,,,,,0.25,,,
2012-06-23,1.38,1.6,1.69,0.31,2.75,-0.42,2.11,1.74,,,,,,,,,,,,0.17,79.33,89.22,,,,,0.25,,,
2012-06-24,,,,,,,,,,,2870846.0,1496509.0,,,,,,,,0.17,,,,,,,0.25,6779.9832,,
2012-06-25,,,,,,,,,,,,,,,,,,,,0.17,,,,,,,0.25,,,
2012-06-26,1.32,1.53,1.63,0.31,2.69,-0.47,2.1,1.7,,,,,-0.305,0.0578,,,,,,0.17,78.76,88.69,,,,,0.25,,,
2012-06-27,1.35,1.56,1.66,0.31,2.71,-0.45,2.11,1.7,,,,,,,,,,,,0.16,79.34,90.19,,,,,0.25,,,
2012-06-28,1.34,1.56,1.65,0.31,2.7,-0.45,2.1,1.68,,,,,,,,,,,,0.15,80.27,92.06,,,,,0.25,,,
2012-06-29,1.29,1.51,1.6,0.31,2.67,-0.48,2.08,1.64,,,,,,,,,,,,0.15,77.72,91.02,,,,,0.25,,,
2012-06-30,1.34,1.58,1.67,0.33,2.76,-0.46,2.13,1.72,,,,,,,,,,,,0.09,85.04,94.17,,,,-6.9,0.25,,97.82763,85.48782911230809
2012-07-01,,,,,,,,,,,2863547.0,1461231.0,,,,,,,10023.7,0.09,,,7428.289473684211,2.458571428571429,0.38,,0.25,6777.8911,,
2012-07-02,,,,,,,,,,,,,,,,,,,,0.09,,,,,,,0.25,,,
2012-07-03,1.31,1.51,1.61,0.3,2.69,-0.5,2.11,1.71,,,,,-0.324,0.1259,,,,,,0.18,83.72,95.28,,,,,0.25,,,
2012-07-04,1.35,1.56,1.65,0.3,2.74,-0.48,2.13,1.77,,,,,,,,,,,,0.17,87.74,99.89,,,,,0.25,,,
2012-07-05,,,,,,,,,,,,,,,,,,,,0.17,,,,,,,0.25,,,
2012-07-06,1.34,1.54,1.62,0.28,2.72,-0.51,2.13,1.8,,,,,,,,,,,,0.17,87.11,101.54,,,,,0.25,,,
2012-07-07,1.3,1.49,1.57,0.27,2.66,-0.53,2.1,1.76,,,,,,,,,,,,0.17,84.37,98.5,,,,,0.25,,,
2012-07-08,,,,,,,,,,,2865858.0,1500156.0,,,,8.2,,,,0.17,,,,,,,0.25,6781.1183,,
2012-07-09,,,,,,,,,,,,,,,,,,,,0.17,,,,,,,0.25,,,
2012-07-10,1.26,1.44,1.53,0.27,2.62,-0.57,2.1,1.77,,,,,-0.346,0.0375,,,,,,0.17,85.93,99.94,,,,,0.25,,,
2012-07-11,1.26,1.44,1.53,0.27,2.6,-0.59,2.12,1.79,,,,,,,,,,,,0.17,83.92,99.15,,,,,0.25,,,
2012-07-12,1.27,1.44,1.54,0.27,2.6,-0.57,2.11,1.79,,,,,,,,,,,,0.17,85.88,99.23,,,,,0.0,,,
2012-07-13,1.25,1.4,1.5,0.25,2.57,-0.58,2.08,1.76,,,,,,,,,,,,0.18,86.02,99.18,,,,,0.0,,,
2012-07-14,1.27,1.42,1.52,0.25,2.58,-0.59,2.11,1.78,,,,,,,,,,,,0.19,87.15,101.91,,,,,0.0,,,
2012-07-15,,,,,,,,,,,2866279.0,1514001.0,,,,,,72.3,,0.19,,,,,,,0.0,6789.8765,,
2012-07-16,,,,,,,,,,,,,,,228.59,,,,,0.19,,,,,,,0.0,,,
2012-07-17,1.26,1.4,1.5,0.24,2.56,-0.61,2.11,1.78,,,,,-0.369,0.1391,,,97.8713,,,0.18,88.41,102.1,,,,,0.0,,,
2012-07-18,1.28,1.43,1.53,0.25,2.59,-0.59,2.12,1.78,,,,,,,,,,,,0.17,89.07,104.21,,,,,0.0,,,
2012-07-19,1.3,1.43,1.52,0.22,2.59,-0.6,2.12,1.79,,,,,,,,,,,,0.16,89.88,105.92,,,,,0.0,,,
2012-07-20,1.32,1.45,1.54,0.22,2.61,-0.62,2.16,1.82,,,,,,,,,,,,0.13,92.78,107.79,,,,,0.0,,,
2012-07-21,1.27,1.4,1.49,0.22,2.55,-0.67,2.16,1.77,,,,,,,,,,,,0.13,91.56,106.98,,,,,0.0,,,
2012-07-22,,,,,,,,,,,2855807.0,1543311.0,,,,,,,,0.13,,,,,,,0.0,6785.6998,,
2012-07-23,,,,,,,,,,,,,,,,,,,,0.13,,,,,,,0.0,,,
2012-07-24,1.25,1.37,1.47,0.22,2.52,-0.68,2.15,1.75,,,,,-0.393,-0.022,,,,,,0.14,87.77,103.91,,,,,0.0,,,
2012-07-25,1.22,1.34,1.44,0.22,2.47,-0.68,2.12,1.7,,,,,,,,,,,,0.15,88.28,103.57,,,,,0.0,,,
2012-07-26,1.21,1.33,1.43,0.22,2.46,-0.67,2.1,1.68,,,,,,,,,,,,0.15,88.8,102.35,,,,,0.0,,,
2012-07-27,1.22,1.34,1.45,0.23,2.49,-0.66,2.11,1.71,,,,,,,,,,,,0.14,89.4,104.77,,,,,0.0,,,
2012-07-28,1.33,1.47,1.58,0.25,2.63,-0.61,2.19,1.79,,,,,,,,,,,,0.14,90.13,106.3,,,,,0.0,,,
2012-07-29,,,,,,,,,,,2846757.0,1551501.0,,,,,,,,0.14,,,,,,,0.0,6793.1789,,
2012-07-30,,,,,,,,,,,,,,,,,,,,0.14,,,,,,,0.0,,,
2012-07-31,1.3,1.42,1.53,0.23,2.58,-0.64,2.17,1.78,,,,,-0.414,0.1148,,,,,10076.0,0.14,89.8,106.54,7584.261363636364,2.954004761904762,0.38,,0.0,,,
2012-08-01,1.28,1.4,1.51,0.23,2.56,-0.69,2.2,1.83,,,,,,,,,,,,0.13,88.08,105.93,,,,,0.0,,,
2012-08-02,1.32,1.46,1.56,0.24,2.6,-0.67,2.23,1.85,,,,,,,,,,,,0.14,88.99,106.78,,,,,0.0,,,
2012-08-03,1.27,1.42,1.51,0.24,2.55,-0.69,2.2,1.83,,,,,,,,,,,,0.14,87.22,107.55,,,,,0.0,,,
2012-08-04,1.36,1.51,1.6,0.24,2.65,-0.66,2.26,1.87,,,,,,,,,,,,0.14,91.4,109.57,,,,,0.0,,,
2012-08-05,,,,,,,,,,,2851118.0,1561819.0,,,,,,,,0.14,,,,,,,0.0,6805.4788,,
2012-08-06,,,,,,,,,,,,,,,,,,,,0.14,,,,,,,0.0,,,
2012-08-07,1.35,1.49,1.59,0.24,2.65,-0.68,2.27,1.89,,,,,-0.434,-0.1297,,,,,,0.14,92.3,110.01,,,,,0.0,,,
2012-08-08,1.39,1.55,1.66,0.27,2.72,-0.65,2.31,1.95,,,,,,,,8.1,,,,0.13,93.68,112.39,,,,,0.0,,,
2012-08-09,1.39,1.57,1.68,0.29,2.75,-0.61,2.29,1.92,,,,,,,,,,,,0.13,93.39,113.42,,,,,0.0,,,
2012-08-10,1.4,1.58,1.69,0.29,2.78,-0.58,2.27,1.92,,,,,,,,,,,,0.13,93.39,113.52,,,,,0.0,,,
2012-08-11,1.38,1.55,1.65,0.27,2.74,-0.6,2.25,1.9,,,,,,,,,,,,0.13,92.94,113.13,,,,,0.0,,,
2012-08-12,,,,,,,,,,,2856181.0,1553199.0,,,,,,,,0.13,,,,,,,0.0,6817.232,,
2012-08-13,,,,,,,,,,,,,,,,,,,,0.13,,,,,,,0.0,,,
2012-08-14,1.38,1.54,1.65,0.27,2.74,-0.58,2.23,1.9,,,,,-0.452,-0.1721,,,,,,0.13,92.76,114.48,,,,,0.0,,,
2012-08-15,1.46,1.62,1.73,0.27,2.82,-0.53,2.26,1.91,,,,,,,,,,74.3,,0.13,93.4,113.9,,,,,0.0,,,
2012-08-16,1.53,1.71,1.8,0.27,2.9,-0.45,2.25,1.89,,,,,,,229.918,,,,,0.13,94.35,115.51,,,,,0.0,,,
2012-08-17,1.54,1.74,1.83,0.29,2.96,-0.42,2.25,1.9,,,,,,,,,97.4525,,,0.13,95.66,116.12,,,,,0.0,,,
2012-08-18,1.52,1.72,1.81,0.29,2.93,-0.43,2.24,1.86,,,,,,,,,,,,0.13,96.0,115.2,,,,,0.0,,,
2012-08-19,,,,,,,,,,,2833317.0,1555394.0,,,,,,,,0.13,,,,,,,0.0,6810.9867,,
2012-08-20,,,,,,,,,,,,,,,,,,,,0.13,,,,,,,0.0,,,
2012-08-21,1.53,1.71,1.82,0.29,2.93,-0.43,2.25,1.84,,,,,-0.47,-0.1047,,,,,,0.13,96.03,115.5,,,,,0.0,,,
2012-08-22,1.49,1.69,1.8,0.31,2.9,-0.45,2.25,1.86,,,,,,,,,,,,0.13,96.55,116.03,,,,,0.0,,,
2012-08-23,1.45,1.6,1.71,0.26,2.82,-0.55,2.26,1.88,,,,,,,,,,,,0.13,96.89,115.77,,,,,0.0,,,
2012-08-24,1.42,1.57,1.68,0.26,2.79,-0.62,2.3,1.96,,,,,,,,,,,,0.13,95.87,117.45,,,,,0.0,,,
2012-08-25,1.4,1.58,1.68,0.28,2.79,-0.6,2.28,1.94,,,,,,,,,,,,0.13,95.78,115.76,,,,,0.0,,,
2012-08-26,,,,,,,,,,,2825661.0,1511753.0,,,,,,,,0.13,,,,,,,0.0,6805.2599,,
2012-08-27,,,,,,,,,,,,,,,,,,,,0.13,,,,,,,0.0,,,
2012-08-28,1.37,1.54,1.65,0.28,2.76,-0.64,2.29,1.97,,,,,-0.487,-0.1544,,,,,,0.13,95.54,113.74,,,,,0.0,,,
2012-08-29,1.37,1.54,1.64,0.27,2.75,-0.68,2.32,1.98,,,,,,,,,,,,0.13,96.3,112.62,,,,,0.0,,,
2012-08-30,1.39,1.54,1.66,0.27,2.77,-0.64,2.3,1.95,,,,,,,,,,,,0.13,95.5,112.53,,,,,0.0,,,
2012-08-31,1.36,1.53,1.63,0.27,2.75,-0.63,2.26,1.92,,,,,,,,,,,10147.8,0.14,94.61,112.28,7510.431818181818,2.840547826086957,0.48,,0.0,,,
2012-09-01,1.35,1.48,1.57,0.22,2.68,-0.68,2.25,1.95,,,,,,,,,,,,0.13,96.47,113.93,,,,,0.0,,,
2012-09-02,,,,,,,,,,,2812806.0,1502317.0,,,,,,,,0.13,,,,,,,0.0,6819.4067,,
2012-09-03,,,,,,,,,,,,,,,,,,,,0.13,,,,,,,0.0,,,
2012-09-04,,,,,,,,,,,,,-0.503,-0.0635,,,,,,0.13,,,,,,,0.0,,,
2012-09-05,1.36,1.49,1.59,0.23,2.69,-0.68,2.27,1.97,,,,,,,,,,,,0.14,95.34,114.98,,,,,0.0,,,
2012-09-06,1.35,1.49,1.6,0.25,2.7,-0.69,2.29,1.98,,,,,,,,,,,,0.16,95.37,113.32,,,,,0.0,,,
2012-09-07,1.41,1.57,1.68,0.27,2.8,-0.63,2.31,2.01,,,,,,,,,,,,0.16,95.58,114.5,,,,,0.0,,,
2012-09-08,1.42,1.56,1.67,0.25,2.81,-0.68,2.35,2.03,,0.06,,,,,,7.8,,,,0.15,96.41,113.64,,,,,0.0,,,
2012-09-09,,,,,,,,,,,2822169.0,1518165.0,,,,,,,,0.15,,,,,,,0.0,6822.0693,,
2012-09-10,,,,,,,,,,,,,,,,,,,,0.15,,,,,,,0.0,,,
2012-09-11,1.43,1.58,1.68,0.25,2.83,-0.68,2.36,2.08,,,,,-0.52,-0.1943,,,,,,0.15,96.52,113.84,,,,,0.0,,,
2012-09-12,1.45,1.6,1.7,0.25,2.84,-0.68,2.38,2.11,,,,,,,,,,,,0.15,97.03,114.86,,,,,0.0,,,
2012-09-13,1.52,1.67,1.77,0.25,2.92,-0.61,2.38,2.12,,,,,,,,,,,,0.15,97.02,114.86,,,,,0.0,,,
2012-09-14,1.51,1.65,1.75,0.24,2.95,-0.72,2.47,2.23,,,,,,,,,,,,0.15,98.3,116.0,,,,,0.0,,,
2012-09-15,1.61,1.77,1.88,0.27,3.09,-0.76,2.64,2.39,,,,,,,,,,78.3,,0.16,98.94,117.48,,,,,0.0,,,
2012-09-16,,,,,,,,,,,2823448.0,1505899.0,,,231.015,,,,,0.16,,,,,,,0.0,6838.1029,,
2012-09-17,,,,,,,,,,,,,,,,,97.381,,,0.16,,,,,,,0.0,,,
2012-09-18,1.6,1.74,1.85,0.25,3.03,-0.74,2.59,2.31,,,,,-0.538,-0.4744,,,,,,0.16,96.51,116.7,,,,,0.0,,,
2012-09-19,1.57,1.72,1.82,0.25,3.0,-0.73,2.55,2.23,,,,,,,,,,,,0.16,95.25,113.29,,,,,0.0,,,
2012-09-20,1.52,1.68,1.79,0.27,2.97,-0.75,2.54,2.19,,,,,,,,,,,,0.15,91.97,108.49,,,,,0.0,,,
2012-09-21,1.53,1.69,1.8,0.27,2.96,-0.7,2.5,2.21,,,,,,,,,,,,0.16,92.14,109.41,,,,,0.0,,,
2012-09-22,1.5,1.66,1.77,0.27,2.95,-0.71,2.48,2.18,,,,,,,,,,,,0.15,92.64,111.27,,,,,0.0,,,
2012-09-23,,,,,,,,,,,2821574.0,1453315.0,,,,,,,,0.15,,,,,,,0.0,6829.6321,,
2012-09-24,,,,,,,,,,,,,,,,,,,,0.15,,,,,,,0.0,,,
2012-09-25,1.47,1.63,1.74,0.27,2.91,-0.73,2.47,2.15,,,,,-0.553,-0.5225,,,,,,0.16,91.68,109.2,,,,,0.0,,,
2012-09-26,1.43,1.59,1.7,0.27,2.86,-0.74,2.44,2.15,,,,,,,,,,,,0.15,91.07,110.77,,,,,0.0,,,
2012-09-27,1.38,1.53,1.64,0.26,2.79,-0.77,2.41,2.09,,,,,,,,,,,,0.15,89.92,108.99,,,,,0.0,,,
2012-09-28,1.41,1.57,1.66,0.25,2.83,-0.78,2.44,2.11,,,,,,,,,,,,0.14,91.89,111.45,,,,,0.0,,,
2012-09-29,1.42,1.55,1.65,0.23,2.82,-0.77,2.42,2.11,,,,,,,,,,,,0.09,92.18,111.36,,,,-9.5,0.0,,98.44787,85.5405486051083
2012-09-30,,,,,,,,,,,2804457.0,1424890.0,,,,,,,,0.09,,,,,,,0.0,6820.76,,
2012-10-01,,,,,,,,,,,,,,,,,,,10228.4,0.09,,,8087.7425,2.852105263157895,0.26,,0.0,,,
2012-10-02,1.39,1.55,1.64,0.25,2.81,-0.78,2.42,2.11,,,,,-0.565,-0.21,,,,,,0.15,92.44,112.58,,,,,0.0,,,
2012-10-03,1.41,1.55,1.64,0.23,2.81,-0.83,2.47,2.12,,,,,,,,,,,,0.16,91.88,112.49,,,,,0.0,,,
2012-10-04,1.41,1.55,1.64,0.23,2.82,-0.83,2.47,2.18,,,,,,,,,,,,0.16,88.19,109.32,,,,,0.0,,,
2012-10-05,1.47,1.6,1.7,0.23,2.89,-0.86,2.56,2.25,,,,,,,,,,,,0.15,91.69,110.48,,,,,0.0,,,
2012-10-06,1.48,1.64,1.75,0.27,2.96,-0.82,2.57,2.28,,,,,,,,,,,,0.15,89.87,112.17,,,,,0.0,,,
2012-10-07,,,,,,,,,,,2808512.0,1446881.0,,,,,,,,0.15,,,,,,,0.0,6830.3418,,
2012-10-08,,,,,,,,,,,,,,,,7.8,,,,0.15,,,,,,,0.0,,,
2012-10-09,,,,,,,,,,,,,-0.575,-0.429,,,,,,0.15,89.43,112.6,,,,,0.0,,,
2012-10-10,1.49,1.64,1.74,0.25,2.93,-0.81,2.55,2.27,,,,,,,,,,,,0.16,92.42,114.32,,,,,0.0,,,
2012-10-11,1.45,1.62,1.72,0.27,2.89,-0.8,2.52,2.23,,,,,,,,,,,,0.16,91.24,116.11,,,,,0.0,,,
2012-10-12,1.42,1.6,1.7,0.28,2.86,-0.77,2.47,2.19,,,,,,,,,,,,0.16,92.19,116.18,,,,,0.0,,,
2012-10-13,1.42,1.58,1.69,0.27,2.83,-0.78,2.47,2.15,,,,,,,,,,,,0.16,91.83,115.17,,,,,0.0,,,
2012-10-14,,,,,,,,,,,2811623.0,1469565.0,,,,,,,,0.16,,,,,,,0.0,6842.482,,
2012-10-15,,,,,,,,,,,,,,,,,,82.6,,0.16,,,,,,,0.0,,,
2012-10-16,1.43,1.59,1.7,0.27,2.85,-0.78,2.48,2.19,,,,,-0.582,-0.4622,231.638,,,,,0.16,91.84,115.0,,,,,0.0,,,
2012-10-17,1.48,1.66,1.75,0.27,2.91,-0.71,2.46,2.18,,,,,,,,,97.7193,,,0.16,92.07,115.0,,,,,0.0,,,
2012-10-18,1.53,1.72,1.83,0.3,2.98,-0.65,2.48,2.22,,,,,,,,,,,,0.15,92.04,113.49,,,,,0.0,,,
2012-10-19,1.57,1.76,1.86,0.29,3.02,-0.66,2.52,2.22,,,,,,,,,,,,0.15,92.0,112.58,,,,,0.0,,,
2012-10-20,1.49,1.69,1.79,0.3,2.94,-0.71,2.5,2.19,,,,,,,,,,,,0.16,90.0,111.89,,,,,0.0,,,
2012-10-21,,,,,,,,,,,2846920.0,1483095.0,,,,,,,,0.16,,,,,,,0.0,6829.9718,,
2012-10-22,,,,,,,,,,,,,,,,,,,,0.16,,,,,,,0.0,,,
2012-10-23,1.51,1.73,1.83,0.32,2.95,-0.7,2.53,2.18,,,,,-0.585,-0.5995,,,,,,0.15,88.3,109.62,,,,,0.0,,,
2012-10-24,1.5,1.68,1.79,0.29,2.91,-0.71,2.5,2.15,,,,,,,,,,,,0.15,86.65,107.53,,,,,0.0,,,
2012-10-25,1.51,1.69,1.8,0.29,2.93,-0.69,2.49,2.13,,,,,,,,,,,,0.17,85.39,107.66,,,,,0.0,,,
2012-10-26,1.55,1.75,1.86,0.31,2.98,-0.63,2.49,2.13,,,,,,,,,,,,0.16,85.59,107.64,,,,,0.0,,,
2012-10-27,1.48,1.66,1.78,0.3,2.92,-0.69,2.47,2.08,,,,,,,,,,,,0.16,85.84,108.9,,,,,0.0,,,
2012-10-28,,,,,,,,,,,2840964.0,1477350.0,,,,,,,,0.16,,,,,,,0.0,6823.0092,,
2012-10-29,,,,,,,,,,,,,,,,,,,,0.16,,,,,,,0.0,,,
2012-10-30,1.44,1.6,1.74,0.3,2.87,-0.73,2.47,2.09,,,,,-0.584,-0.3434,,,,,,0.17,85.52,109.33,,,,,0.0,,,
2012-10-31,,,,,,,,,,,,,,,,,,,10294.4,0.17,85.65,109.4,8062.032608695652,3.319130434782609,0.16,,0.0,,,
2012-11-01,1.42,1.61,1.72,0.3,2.85,-0.78,2.5,2.12,,,,,,,,,,,,0.18,86.23,109.89,,,,,0.0,,,
2012-11-02,1.45,1.66,1.75,0.3,2.89,-0.77,2.52,2.13,,,,,,,,,,,,0.17,87.05,108.84,,,,,0.0,,,
2012-11-03,1.47,1.66,1.75,0.28,2.91,-0.73,2.48,2.12,,,,,,,,,,,,0.16,84.9,106.79,,,,,0.0,,,
2012-11-04,,,,,,,,,,,2823137.0,1494414.0,,,,,,,,0.16,,,,,,,0.0,6852.3512,,
2012-11-05,,,,,,,,,,,,,,,,,,,,0.16,,,,,,,0.0,,,
2012-11-06,1.44,1.61,1.72,0.28,2.88,-0.75,2.47,2.07,,,,,-0.582,-0.329,,,,,,0.17,85.64,105.59,,,,,0.0,,,
2012-11-07,1.48,1.68,1.78,0.3,2.92,-0.72,2.5,2.12,,,,,,,,,,,,0.16,88.62,109.27,,,,,0.0,,,
2012-11-08,1.41,1.58,1.68,0.27,2.83,-0.8,2.48,2.08,,,,,,,,7.7,,,,0.16,84.5,108.21,,,,,0.0,,,
2012-11-09,1.35,1.52,1.62,0.27,2.77,-0.85,2.47,2.07,,,,,,,,,,,,0.16,85.07,107.23,,,,,0.0,,,
2012-11-10,1.34,1.52,1.61,0.27,2.75,-0.83,2.44,2.05,,,,,,,,,,,,0.16,86.08,108.61,,,,,0.0,,,
2012-11-11,,,,,,,,,,,2830791.0,1509945.0,,,,,,,,0.16,,,,,,,0.0,6883.7219,,
2012-11-12,,,,,,,,,,,,,,,,,,,,0.16,,,,,,,0.0,,,
2012-11-13,,,,,,,,,,,,,-0.579,-0.304,,,,,,0.16,85.56,110.23,,,,,0.0,,,
2012-11-14,1.32,1.48,1.59,0.27,2.72,-0.84,2.43,2.04,,,,,,,,,,,,0.16,85.38,108.82,,,,,0.0,,,
2012-11-15,1.34,1.49,1.59,0.25,2.73,-0.81,2.4,2.02,,,,,,,,,,82.7,,0.16,86.32,109.66,,,,,0.0,,,
2012-11-16,1.34,1.5,1.58,0.24,2.72,-0.8,2.38,2.0,,,,,,,231.249,,,,,0.16,85.45,110.07,,,,,0.0,,,
2012-11-17,1.34,1.52,1.58,0.24,2.73,-0.81,2.39,2.01,,,,,,,,,98.0777,,,0.16,86.62,106.81,,,,,0.0,,,
2012-11-18,,,,,,,,,,,2877244.0,1483331.0,,,,,,,,0.16,,,,,,,0.0,6877.8407,,
2012-11-19,,,,,,,,,,,,,,,,,,,,0.16,,,,,,,0.0,,,
2012-11-20,1.36,1.52,1.61,0.25,2.76,-0.78,2.39,2.03,,,,,-0.578,-0.191,,,,,,0.16,89.05,110.06,,,,,0.0,,,
2012-11-21,1.39,1.58,1.66,0.27,2.82,-0.74,2.4,2.05,,,,,,,,,,,,0.16,86.46,110.01,,,,,0.0,,,
2012-11-22,1.42,1.59,1.69,0.27,2.83,-0.71,2.4,2.05,,,,,,,,,,,,0.16,87.08,110.81,,,,,0.0,,,
2012-11-23,,,,,,,,,,,,,,,,,,,,0.16,,,,,,,0.0,,,
2012-11-24,1.41,1.6,1.7,0.29,2.83,-0.72,2.42,2.06,,,,,,,,,,,,0.16,87.01,110.14,,,,,0.0,,,
2012-11-25,,,,,,,,,,,2871161.0,1503622.0,,,,,,,,0.16,,,,,,,0.0,6866.8064,,
2012-11-26,,,,,,,,,,,,,,,,,,,,0.16,,,,,,,0.0,,,
2012-11-27,1.39,1.56,1.66,0.27,2.8,-0.73,2.39,2.04,,,,,-0.581,-0.5329,,,,,,0.16,87.28,110.18,,,,,0.0,,,
2012-11-28,1.37,1.54,1.64,0.27,2.79,-0.74,2.38,2.02,,,,,,,,,,,,0.16,86.81,109.33,,,,,0.0,,,
2012-11-29,1.36,1.53,1.63,0.27,2.79,-0.75,2.38,1.99,,,,,,,,,,,,0.16,86.1,108.26,,,,,0.0,,,
2012-11-30,1.37,1.53,1.62,0.25,2.79,-0.78,2.4,2.0,,,,,,,,,,,,0.16,87.64,110.47,,,,,0.0,,,
2012-12-01,1.37,1.54,1.62,0.25,2.81,-0.79,2.41,2.01,,1.18,,,,,,,,,10365.6,0.16,88.54,110.84,7711.227272727273,3.5395,0.18,,0.0,,,
2012-12-02,,,,,,,,,,,2851362.0,1485795.0,,,,,,,,0.16,,,,,,,0.0,6863.0419,,
2012-12-03,,,,,,,,,,,,,,,,,,,,0.16,,,,,,,0.0,,,
2012-12-04,1.38,1.53,1.63,0.25,2.8,-0.81,2.44,2.04,,,,,-0.585,-0.4747,,,,,,0.16,88.69,111.27,,,,,0.0,,,
2012-12-05,1.37,1.52,1.62,0.25,2.78,-0.83,2.45,2.04,,,,,,,,,,,,0.17,88.04,109.99,,,,,0.0,,,
2012-12-06,1.35,1.5,1.6,0.25,2.78,-0.85,2.45,2.06,,,,,,,,,,,,0.16,87.36,108.96,,,,,0.0,,,
2012-12-07,1.34,1.49,1.59,0.25,2.76,-0.87,2.46,2.06,,,,,,,,,,,,0.16,85.47,108.01,,,,,0.0,,,
2012-12-08,1.39,1.55,1.64,0.25,2.81,-0.86,2.5,2.1,,,,,,,,7.9,,,,0.16,85.45,107.16,,,,,0.0,,,
2012-12-09,,,,,,,,,,,2859807.0,1526122.0,,,,,,,,0.16,,,,,,,0.0,6861.1734,,
2012-12-10,,,,,,,,,,,,,,,,,,,,0.16,,,,,,,0.0,,,
2012-12-11,1.39,1.54,1.63,0.24,2.8,-0.87,2.5,2.05,,,,,-0.593,-0.5183,,,,,,0.16,85.14,108.25,,,,,0.0,,,
2012-12-12,1.42,1.58,1.66,0.24,2.83,-0.84,2.5,2.07,,,,,,,,,,,,0.17,85.36,107.6,,,,,0.0,,,
2012-12-13,1.47,1.65,1.72,0.25,2.9,-0.79,2.51,2.12,,,,,,,,,,,,0.17,86.35,110.17,,,,,0.0,,,
2012-12-14,1.47,1.68,1.74,0.27,2.9,-0.73,2.47,2.12,,,,,,,,,,,,0.16,85.39,110.18,,,,,0.0,,,
2012-12-15,1.48,1.68,1.72,0.24,2.87,-0.74,2.46,2.11,,,,,,,,,,72.9,,0.17,86.32,109.28,,,,,0.0,,,
2012-12-16,,,,,,,,,,,2917260.0,1520217.0,,,231.221,,,,,0.17,,,,,,,0.0,6862.692,,
2012-12-17,,,,,,,,,,,,,,,,,98.3101,,,0.17,,,,,,,0.0,,,
2012-12-18,1.53,1.73,1.78,0.25,2.94,-0.7,2.48,2.11,,,,,-0.603,-0.5787,,,,,,0.16,86.71,109.35,,,,,0.0,,,
2012-12-19,1.56,1.78,1.84,0.28,3.0,-0.67,2.51,2.14,,,,,,,,,,,,0.17,87.46,109.96,,,,,0.0,,,
2012-12-20,1.54,1.77,1.82,0.28,2.99,-0.66,2.48,2.13,,,,,,,,,,,,0.17,89.09,109.95,,,,,0.0,,,
2012-12-21,1.53,1.75,1.81,0.28,2.98,-0.69,2.5,2.16,,,,,,,,,,,,0.17,89.76,110.57,,,,,0.0,,,
2012-12-22,1.51,1.71,1.77,0.26,2.93,-0.71,2.48,2.1,,,,,,,,,,,,0.17,88.2,109.13,,,,,0.0,,,
2012-12-23,,,,,,,,,,,2920231.0,1517220.0,,,,,,,,0.17,,,,,,,0.0,6892.7848,,
2012-12-24,,,,,,,,,,,,,,,,,,,,0.17,,,,,,,0.0,,,
2012-12-25,1.53,1.73,1.79,0.26,2.94,-0.69,2.48,2.13,,,,,-0.615,-0.5637,,,,,,0.18,88.29,108.44,,,,,0.0,,,
2012-12-26,,,,,,,,,,,,,,,,,,,,0.18,,,,,,,0.0,,,
2012-12-27,1.51,1.68,1.77,0.26,2.94,-0.71,2.48,2.11,,,,,,,,,,,,0.17,90.71,110.72,,,,,0.0,,,
2012-12-28,1.48,1.66,1.74,0.26,2.89,-0.73,2.47,2.11,,,,,,,,,,,,0.17,90.91,110.04,,,,,0.0,,,
2012-12-29,1.46,1.72,1.73,0.27,2.88,-0.73,2.46,2.06,,,,,,,,,,,,0.17,90.66,110.05,,,,,0.0,,,
2012-12-30,,,,,,,,,,,2907300.0,1503482.0,,,,,,,,0.17,,,,,,-7.6,0.0,6902.8335,100.07497,85.37028230061001
2012-12-31,,,,,,,,,,,,,,,,,,,10485.4,0.17,,,7966.486842105263,3.338235,0.3,,0.0,,,
2013-01-01,1.53,1.73,1.78,0.25,2.95,-0.67,2.45,2.09,,,,,-0.626,-0.3622,,,,,,0.09,91.83,110.8,,,,,0.0,,,
2013-01-02,,,,,,,,,,,,,,,,,,,,0.09,,,,,,,0.0,,,
2013-01-03,1.59,1.78,1.86,0.27,3.04,-0.62,2.48,2.12,,,,,,,,,,,,0.17,93.14,112.98,,,,,0.0,,,
2013-01-04,1.65,1.84,1.92,0.27,3.12,-0.54,2.46,2.11,,,,,,,,,,,,0.17,92.97,113.03,,,,,0.0,,,
2013-01-05,1.66,1.86,1.93,0.27,3.1,-0.55,2.48,2.13,,,,,,,,,,,,0.16,93.12,112.58,,,,,0.0,,,
2013-01-06,,,,,,,,,,,2917189.0,1503866.0,,,,,,,,0.16,,,,,,,0.0,6933.2498,,
2013-01-07,,,,,,,,,,,,,,,,,,,,0.16,,,,,,,0.0,,,
2013-01-08,1.65,1.85,1.92,0.27,3.1,-0.6,2.52,2.16,,,,,-0.64,-0.6293,,8.0,,,,0.16,93.2,112.49,,,,,0.0,,,
2013-01-09,1.64,1.82,1.89,0.25,3.06,-0.6,2.49,2.15,,,,,,,,,,,,0.15,93.21,113.03,,,,,0.0,,,
2013-01-10,1.64,1.82,1.88,0.24,3.06,-0.64,2.52,2.18,,,,,,,,,,,,0.14,93.08,113.07,,,,,0.0,,,
2013-01-11,1.65,1.85,1.91,0.26,3.08,-0.62,2.53,2.2,,,,,,,,,,,,0.14,93.81,112.97,,,,,0.0,,,
2013-01-12,1.63,1.82,1.89,0.26,3.05,-0.63,2.52,2.18,,,,,,,,,,,,0.14,93.6,110.3,,,,,0.0,,,
2013-01-13,,,,,,,,,,,2928728.0,1543024.0,,,,,,,,0.14,,,,,,,0.0,6924.8061,,
2013-01-14,,,,,,,,,,,,,,,,,,,,0.14,,,,,,,0.0,,,
2013-01-15,1.63,1.81,1.89,0.26,3.05,-0.66,2.55,2.12,,,,,-0.653,-0.6141,,,,73.8,,0.14,94.27,111.32,,,,,0.0,,,
2013-01-16,1.6,1.77,1.86,0.26,3.02,-0.66,2.52,2.2,,,,,,,231.679,,,,,0.15,93.26,111.72,,,,,0.0,,,
2013-01-17,1.58,1.76,1.84,0.26,3.01,-0.65,2.49,2.18,,,,,,,,,98.3342,,,0.14,94.28,110.97,,,,,0.0,,,
2013-01-18,1.61,1.82,1.89,0.28,3.06,-0.64,2.53,2.19,,,,,,,,,,,,0.14,95.49,111.01,,,,,0.0,,,
2013-01-19,1.61,1.79,1.87,0.26,3.03,-0.66,2.53,2.2,,,,,,,,,,,,0.14,95.61,111.71,,,,,0.0,,,
2013-01-20,,,,,,,,,,,2963812.0,1584948.0,,,,,,,,0.14,,,,,,,0.0,6912.2316,,
2013-01-21,,,,,,,,,,,,,,,,,,,,0.14,,,,,,,0.0,,,
2013-01-22,,,,,,,,,,,,,-0.662,-0.63,,,,,,0.14,,,,,,,0.0,,,
2013-01-23,1.6,1.78,1.86,0.26,3.02,-0.68,2.54,2.15,,,,,,,,,,,,0.14,96.09,112.72,,,,,0.0,,,
2013-01-24,1.6,1.78,1.86,0.26,3.02,-0.66,2.52,2.21,,,,,,,,,,,,0.13,95.06,113.68,,,,,0.0,,,
2013-01-25,1.65,1.8,1.88,0.23,3.04,-0.62,2.5,2.22,,,,,,,,,,,,0.15,95.35,114.59,,,,,0.0,,,
2013-01-26,1.7,1.9,1.98,0.28,3.14,-0.56,2.54,2.21,,,,,,,,,,,,0.14,95.15,113.88,,,,,0.0,,,
2013-01-27,,,,,,,,,,,3011697.0,1586337.0,,,,,,,,0.14,,,,,,,0.0,6912.757,,
2013-01-28,,,,,,,,,,,,,,,,,,,,0.14,,,,,,,0.0,,,
2013-01-29,1.71,1.93,2.0,0.29,3.15,-0.55,2.55,2.24,,,,,-0.669,-0.6636,,,,,,0.14,95.95,113.92,,,,,0.0,,,
2013-01-30,1.73,1.96,2.03,0.3,3.18,-0.53,2.56,2.27,,,,,,,,,,,,0.12,97.62,115.22,,,,,0.0,,,
2013-01-31,1.76,1.96,2.03,0.27,3.19,-0.54,2.57,2.26,,,,,,,,,,,10502.3,0.12,97.98,115.42,8053.738636363636,3.338571428571429,0.3,,0.0,,,
2013-02-01,1.75,1.95,2.02,0.27,3.17,-0.57,2.59,2.33,,,,,,,,,,,,0.15,97.65,115.55,,,,,0.0,,,
2013-02-02,1.77,1.98,2.04,0.27,3.21,-0.55,2.59,2.34,,,,,,,,,,,,0.14,97.46,115.55,,,,,0.0,,,
2013-02-03,,,,,,,,,,,3008704.0,1632732.0,,,,,,,,0.14,,,,,,,0.0,6936.5728,,
2013-02-04,,,,,,,,,,,,,,,,,,,,0.14,,,,,,,0.0,,,
2013-02-05,1.75,1.93,2.0,0.25,3.17,-0.59,2.59,2.32,,,,,-0.672,-0.5689,,,,,,0.13,96.21,116.06,,,,,0.0,,,
2013-02-06,1.77,1.97,2.04,0.27,3.21,-0.55,2.59,2.32,,,,,,,,,,,,0.13,96.68,117.03,,,,,0.0,,,
2013-02-07,1.73,1.93,2.0,0.27,3.18,-0.58,2.58,2.32,,,,,,,,,,,,0.13,96.44,116.61,,,,,0.0,,,
2013-02-08,1.74,1.92,1.99,0.25,3.17,-0.58,2.57,2.29,,,,,,,,7.7,,,,0.13,95.84,117.17,,,,,0.0,,,
2013-02-09,1.74,1.92,1.99,0.25,3.17,-0.57,2.56,2.21,,,,,,,,,,,,0.14,95.71,118.9,,,,,0.0,,,
2013-02-10,,,,,,,,,,,3014975.0,1654331.0,,,,,,,,0.14,,,,,,,0.0,6946.8423,,
2013-02-11,,,,,,,,,,,,,,,,,,,,0.14,,,,,,,0.0,,,
2013-02-12,1.72,1.9,1.99,0.27,3.16,-0.58,2.57,2.26,,,,,-0.674,-0.5275,,,,,,0.14,97.01,118.29,,,,,0.0,,,
2013-02-13,1.73,1.93,2.02,0.29,3.19,-0.57,2.59,2.2,,,,,,,,,,,,0.13,97.48,117.89,,,,,0.0,,,
2013-02-14,1.76,1.95,2.05,0.29,3.23,-0.54,2.59,2.26,,,,,,,,,,,,0.14,97.03,118.43,,,,,0.0,,,
2013-02-15,1.73,1.89,2.0,0.27,3.17,-0.56,2.56,2.22,,,,,,,,,,77.6,,0.14,97.3,118.48,,,,,0.0,,,
2013-02-16,1.72,1.91,2.01,0.29,3.18,-0.53,2.54,2.19,,,,,,,232.937,,,,,0.16,95.95,117.4,,,,,0.0,,,
2013-02-17,,,,,,,,,,,3074225.0,1683304.0,,,,,98.7941,,,0.16,,,,,,,0.0,6942.2317,,
2013-02-18,,,,,,,,,,,,,,,,,,,,0.16,,,,,,,0.0,,,
2013-02-19,,,,,,,,,,,,,-0.675,-0.6641,,,,,,0.16,,,,,,,0.0,,,
2013-02-20,1.74,1.91,2.03,0.29,3.21,-0.52,2.55,2.2,,,,,,,,,,,,0.15,96.69,117.04,,,,,0.0,,,
2013-02-21,1.75,1.9,2.02,0.27,3.2,-0.52,2.54,2.19,,,,,,,,,,,,0.15,94.92,116.23,,,,,0.0,,,
2013-02-22,1.73,1.86,1.99,0.26,3.17,-0.54,2.53,2.19,,,,,,,,,,,,0.16,92.79,114.19,,,,,0.0,,,
2013-02-23,1.7,1.84,1.97,0.27,3.15,-0.57,2.54,2.2,,,,,,,,,,,,0.16,93.12,113.74,,,,,0.0,,,
2013-02-24,,,,,,,,,,,3095150.0,1667383.0,,,,,,,,0.16,,,,,,,0.0,6932.4882,,
2013-02-25,,,,,,,,,,,,,,,,,,,,0.16,,,,,,,0.0,,,
2013-02-26,1.63,1.76,1.88,0.25,3.08,-0.62,2.5,2.19,,,,,-0.676,-0.6198,,,,,,0.15,92.74,114.55,,,,,0.0,,,
2013-02-27,1.63,1.74,1.88,0.25,3.08,-0.62,2.5,2.18,,,,,,,,,,,,0.14,92.63,112.96,,,,,0.0,,,
2013-02-28,1.64,1.8,1.91,0.27,3.11,-0.61,2.52,2.18,,,,,,,,,,,,0.14,92.84,112.24,,,,,0.0,,,
2013-03-01,1.64,1.78,1.89,0.25,3.1,-0.64,2.53,2.18,,,,,,,,,,,,0.14,92.03,112.2,,,,,0.0,,,
2013-03-02,1.61,1.75,1.86,0.25,3.06,-0.67,2.53,2.2,,,,,,,,,,,,0.14,90.71,110.14,,,,,0.0,,,
2013-03-03,,,,,,,,,,,3090600.0,1683532.0,,,,,,,10523.0,0.14,,,8060.925,3.3055,0.32,,0.0,6943.1996,,
2013-03-04,,,,,,,,,,,,,,,,,,,,0.14,,,,,,,0.0,,,
2013-03-05,1.64,1.77,1.88,0.24,3.08,-0.65,2.53,2.22,,,,,-0.677,-0.5048,,,,,,0.16,90.13,109.9,,,,,0.0,,,
2013-03-06,1.65,1.82,1.9,0.25,3.1,-0.65,2.55,2.26,,,,,,,,,,,,0.15,90.88,110.42,,,,,0.0,,,
2013-03-07,1.7,1.85,1.95,0.25,3.15,-0.61,2.56,2.27,,,,,,,,,,,,0.15,90.47,110.27,,,,,0.0,,,
2013-03-08,1.75,1.9,2.0,0.25,3.2,-0.56,2.56,2.22,,,,,,,,7.5,,,,0.16,91.53,110.42,,,,,0.0,,,
2013-03-09,1.79,1.96,2.06,0.27,3.25,-0.5,2.56,2.18,,,,,,,,,,,,0.15,92.01,108.91,,,,,0.0,,,
2013-03-10,,,,,,,,,,,3108805.0,1748067.0,,,,,,,,0.15,,,,,,,0.0,6945.3242,,
2013-03-11,,,,,,,,,,,,,,,,,,,,0.15,,,,,,,0.0,,,
2013-03-12,1.8,1.97,2.07,0.27,3.26,-0.5,2.57,2.28,,,,,-0.68,-0.749,,,,,,0.16,92.07,108.64,,,,,0.0,,,
2013-03-13,1.76,1.93,2.03,0.27,3.22,-0.52,2.55,2.27,,,,,,,,,,,,0.15,92.44,108.48,,,,,0.0,,,
2013-03-14,1.77,1.95,2.04,0.27,3.22,-0.52,2.56,2.29,,,,,,,,,,,,0.14,92.47,107.51,,,,,0.0,,,
2013-03-15,1.77,1.94,2.04,0.27,3.25,-0.53,2.57,2.31,,,,,,,,,,78.6,,0.15,93.03,108.1,,,,,0.0,,,
2013-03-16,1.76,1.92,2.01,0.25,3.22,-0.55,2.56,2.3,,,,,,,232.282,,,,,0.16,93.49,109.32,,,,,0.0,,,
2013-03-17,,,,,,,,,,,3165396.0,1760956.0,,,,,99.1921,,,0.16,,,,,,,0.0,6940.9622,,
2013-03-18,,,,,,,,,,,,,,,,,,,,0.16,,,,,,,0.0,,,
2013-03-19,1.7,1.89,1.96,0.26,3.18,-0.6,2.56,2.26,,,,,-0.683,-0.7849,,,,,,0.16,93.71,108.54,,,,,0.0,,,
2013-03-20,1.68,1.85,1.92,0.24,3.13,-0.61,2.53,2.25,,,,,,,,,,,,0.15,92.44,106.91,,,,,0.0,,,
2013-03-21,1.7,1.89,1.96,0.26,3.19,-0.57,2.53,2.25,,,,,,,,,,,,0.15,93.21,108.27,,,,,0.0,,,
2013-03-22,1.68,1.88,1.95,0.27,3.15,-0.57,2.52,2.22,,,,,,,,,,,,0.16,92.46,106.41,,,,,0.0,,,
2013-03-23,1.67,1.86,1.93,0.26,3.13,-0.6,2.53,2.23,,,,,,,,,,,,0.15,93.41,106.51,,,,,0.0,,,
2013-03-24,,,,,,,,,,,3206888.0,1753364.0,,,,,,,,0.15,,,,,,,0.0,6934.9906,,
2013-03-25,,,,,,,,,,,,,,,,,,,,0.15,,,,,,,0.0,,,
2013-03-26,1.69,1.85,1.93,0.24,3.14,-0.6,2.53,2.24,,,,,-0.687,-0.5693,,,,,,0.15,94.55,106.66,,,,,0.0,,,
2013-03-27,1.67,1.85,1.92,0.25,3.13,-0.61,2.53,2.21,,,,,,,,,,,,0.14,95.99,107.1,,,,,0.0,,,
2013-03-28,1.62,1.78,1.87,0.25,3.09,-0.64,2.51,2.22,,,,,,,,,,,,0.12,96.53,108.51,,,,,0.0,,,
2013-03-29,1.62,1.8,1.87,0.25,3.1,-0.64,2.51,2.24,,,,,,,,,,,,0.13,97.24,108.46,,,,,0.0,,,
2013-03-30,,,,,,,,,,,,,,,,,,,,0.09,,,,,,,0.0,,,
2013-03-31,,,,,,,,,,,3202256.0,1776369.0,,,,,,,10578.7,0.09,,,7652.375,3.784285714285714,0.28,,0.0,6946.945,,
2013-04-01,,,,,,,,,,,,,,,,,,,,0.09,,,,,,-7.4,0.0,,100.73997,81.99871746834768
2013-04-02,1.63,1.78,1.86,0.23,3.08,-0.65,2.51,2.23,,,,,-0.693,-0.6226,,,,,,0.16,97.1,108.76,,,,,0.0,,,
2013-04-03,1.63,1.81,1.88,0.25,3.1,-0.63,2.51,2.22,,,,,,,,,,,,0.15,97.23,109.66,,,,,0.0,,,
2013-04-04,1.59,1.77,1.83,0.24,3.05,-0.65,2.48,2.18,,0.12,,,,,,,,,,0.14,95.02,107.82,,,,,0.0,,,
2013-04-05,1.56,1.71,1.78,0.22,2.99,-0.7,2.48,2.13,,,,,,,,,,,,0.14,93.26,105.09,,,,,0.0,,,
2013-04-06,1.48,1.65,1.72,0.24,2.87,-0.74,2.46,2.1,,1.19,,,,,,,,,,0.15,92.76,103.98,,,,,0.0,,,
2013-04-07,,,,,,,,,,,3215432.0,1801101.0,,,,,,,,0.15,,,,,,,0.0,6960.0071,,
2013-04-08,,,,,,,,,,,,,,,,7.6,,,,0.15,,,,,,,0.0,,,
2013-04-09,1.52,1.69,1.76,0.24,2.91,-0.69,2.45,2.14,,,,,-0.701,-0.5474,,,,,,0.15,93.36,103.16,,,,,0.0,,,
2013-04-10,1.54,1.72,1.78,0.24,2.94,-0.67,2.45,2.06,,,,,,,,,,,,0.15,94.18,104.08,,,,,0.0,,,
2013-04-11,1.6,1.77,1.84,0.24,3.01,-0.6,2.44,2.1,,,,,,,,,,,,0.15,94.59,104.8,,,,,0.0,,,
2013-04-12,1.58,1.75,1.82,0.24,3.01,-0.65,2.47,2.12,,,,,,,,,,,,0.15,93.44,103.62,,,,,0.0,,,
2013-04-13,1.53,1.69,1.75,0.22,2.92,-0.68,2.43,2.11,,,,,,,,,,,,0.15,91.23,100.58,,,,,0.0,,,
2013-04-14,,,,,,,,,,,3227762.0,1843724.0,,,,,,,,0.15,,,,,,,0.0,6977.1291,,
2013-04-15,,,,,,,,,,,,,,,,,,76.4,,0.15,,,,,,,0.0,,,
2013-04-16,1.5,1.66,1.72,0.22,2.88,-0.69,2.41,2.02,,,,,-0.711,-0.719,231.797,,,,,0.15,88.75,99.32,,,,,0.0,,,
2013-04-17,1.51,1.69,1.75,0.24,2.91,-0.65,2.4,2.02,,,,,,,,,99.1065,,,0.15,88.73,97.88,,,,,0.0,,,
2013-04-18,1.49,1.67,1.73,0.24,2.89,-0.64,2.37,1.98,,,,,,,,,,,,0.15,86.65,96.84,,,,,0.0,,,
2013-04-19,1.48,1.67,1.72,0.24,2.87,-0.55,2.27,2.0,,,,,,,,,,,,0.15,87.83,97.48,,,,,0.0,,,
2013-04-20,1.49,1.68,1.73,0.24,2.88,-0.59,2.32,2.04,,,,,,,,,,,,0.15,88.04,98.94,,,,,0.0,,,
2013-04-21,,,,,,,,,,,3295109.0,1855933.0,,,,,,,,0.15,,,,,,,0.0,6967.8198,,
2013-04-22,,,,,,,,,,,,,,,,,,,,0.15,,,,,,,0.0,,,
2013-04-23,1.48,1.67,1.72,0.24,2.88,-0.63,2.35,2.04,,,,,-0.722,-0.4849,,,,,,0.15,88.81,99.07,,,,,0.0,,,
2013-04-24,1.51,1.69,1.74,0.23,2.9,-0.64,2.38,2.04,,,,,,,,,,,,0.14,89.21,99.25,,,,,0.0,,,
2013-04-25,1.5,1.67,1.73,0.23,2.89,-0.65,2.38,2.07,,,,,,,,,,,,0.13,91.07,100.71,,,,,0.0,,,
2013-04-26,1.51,1.69,1.74,0.23,2.91,-0.66,2.4,2.12,,,,,,,,,,,,0.13,93.27,101.62,,,,,0.0,,,
2013-04-27,1.48,1.65,1.7,0.22,2.87,-0.68,2.38,2.11,,,,,,,,,,,,0.13,92.63,102.39,,,,,0.0,,,
2013-04-28,,,,,,,,,,,3318649.0,1818122.0,,,,,,,,0.13,,,,,,,0.0,6967.3702,,
2013-04-29,,,,,,,,,,,,,,,,,,,,0.13,,,,,,,0.0,,,
2013-04-30,1.5,1.65,1.7,0.2,2.88,-0.67,2.37,2.1,,,,,-0.733,-0.6826,,,,,,0.13,94.09,102.88,,,,,0.0,,,
2013-05-01,1.48,1.65,1.7,0.22,2.88,-0.64,2.34,2.06,,,,,,,,,,,10608.9,0.14,93.22,101.53,7221.161904761905,4.161363636363636,0.36,,0.0,,,
2013-05-02,1.46,1.6,1.66,0.2,2.83,-0.64,2.3,1.98,,,,,,,,,,,,0.14,90.74,98.34,,,,,0.0,,,
2013-05-03,1.46,1.61,1.66,0.2,2.82,-0.62,2.28,1.99,,,,,,,,,,,,0.15,93.7,100.32,,,,,0.0,,,
2013-05-04,1.56,1.73,1.78,0.22,2.96,-0.53,2.31,2.03,,,,,,,,,,,,0.14,95.25,104.6,,,,,0.0,,,
2013-05-05,,,,,,,,,,,3317194.0,1831841.0,,,,,,,,0.14,,,,,,,0.0,6985.5261,,
2013-05-06,,,,,,,,,,,,,,,,,,,,0.14,,,,,,,0.0,,,
2013-05-07,1.58,1.76,1.8,0.22,2.98,-0.51,2.31,2.05,,,,,-0.742,-0.6612,,,,,,0.14,95.8,105.0,,,,,0.0,,,
2013-05-08,1.6,1.78,1.82,0.22,3.0,-0.5,2.32,2.05,,,,,,,,7.5,,,,0.12,95.28,105.18,,,,,0.0,,,
2013-05-09,1.59,1.77,1.81,0.22,2.99,-0.48,2.29,2.03,,,,,,,,,,,,0.12,96.24,103.79,,,,,0.0,,,
2013-05-10,1.59,1.77,1.81,0.22,3.01,-0.5,2.31,2.02,,,,,,,,,,,,0.12,96.09,103.59,,,,,0.0,,,
2013-05-11,1.64,1.86,1.9,0.26,3.1,-0.45,2.35,2.05,,,,,,,,,,,,0.12,95.81,101.31,,,,,0.0,,,
2013-05-12,,,,,,,,,,,3324615.0,1853217.0,,,,,,,,0.12,,,,,,,0.0,6972.7275,,
2013-05-13,,,,,,,,,,,,,,,,,,,,0.12,,,,,,,0.0,,,
2013-05-14,1.68,1.87,1.92,0.24,3.13,-0.41,2.33,2.02,,,,,-0.746,-0.7667,,,,,,0.12,94.76,102.17,,,,,0.0,,,
2013-05-15,1.7,1.91,1.96,0.26,3.17,-0.37,2.33,2.03,,,,,,,,,,84.5,,0.11,93.96,102.7,,,,,0.0,,,
2013-05-16,1.68,1.9,1.94,0.26,3.16,-0.36,2.3,2.01,,,,,,,231.893,,,,,0.12,93.95,101.57,,,,,0.0,,,
2013-05-17,1.64,1.84,1.87,0.23,3.09,-0.4,2.27,1.97,,,,,,,,,99.1839,,,0.11,94.85,104.27,,,,,0.0,,,
2013-05-18,1.69,1.91,1.95,0.26,3.17,-0.31,2.26,1.98,,,,,,,,,,,,0.1,95.72,103.83,,,,,0.0,,,
2013-05-19,,,,,,,,,,,3354269.0,1917007.0,,,,,,,,0.1,,,,,,,0.0,6984.5311,,
2013-05-20,,,,,,,,,,,,,,,,,,,,0.1,,,,,,,0.0,,,
2013-05-21,1.71,1.92,1.97,0.26,3.18,-0.31,2.28,2.0,,,,,-0.742,-0.6122,,,,,,0.1,96.29,104.55,,,,,0.0,,,
2013-05-22,1.68,1.9,1.94,0.26,3.14,-0.34,2.28,1.99,,,,,,,,,,,,0.09,95.55,103.1,,,,,0.0,,,
2013-05-23,1.77,1.99,2.03,0.26,3.21,-0.24,2.27,1.97,,,,,,,,,,,,0.08,93.98,102.14,,,,,0.0,,,
2013-05-24,1.76,1.97,2.02,0.26,3.2,-0.24,2.26,1.93,,,,,,,,,,,,0.08,94.12,100.46,,,,,0.0,,,
2013-05-25,1.75,1.97,2.01,0.26,3.18,-0.26,2.27,1.93,,,,,,,,,,,,0.09,93.84,101.24,,,,,0.0,,,
2013-05-26,,,,,,,,,,,3398713.0,1961690.0,,,,,,,,0.09,,,,,,,0.0,6980.5278,,
2013-05-27,,,,,,,,,,,,,,,,,,,,0.09,,,,,,,0.0,,,
2013-05-28,,,,,,,,,,,,,-0.732,-0.5291,,,,,,0.09,,,,,,,0.0,,,
2013-05-29,1.86,2.1,2.15,0.29,3.31,-0.14,2.29,1.96,,,,,,,,,,,,0.09,94.65,103.77,,,,,0.0,,,
2013-05-30,1.83,2.08,2.13,0.3,3.27,-0.1,2.23,1.91,,,,,,,,,,,,0.08,93.13,102.14,,,,,0.0,,,
2013-05-31,1.82,2.09,2.13,0.31,3.28,-0.05,2.18,1.83,,,,,,,,,,,10646.5,0.08,93.57,101.79,7248.714285714286,4.074347826086957,0.36,,0.0,,,
2013-06-01,1.86,2.12,2.16,0.3,3.3,-0.05,2.21,1.87,,,,,,,,,,,,0.09,91.93,100.43,,,,,0.0,,,
2013-06-02,,,,,,,,,,,3385128.0,1979200.0,,,,,,,,0.09,,,,,,,0.0,6979.2081,,
2013-06-03,,,,,,,,,,,,,,,,,,,,0.09,,,,,,,0.0,,,
2013-06-04,1.83,2.08,2.13,0.3,3.27,-0.07,2.2,1.89,,,,,-0.715,-0.3659,,,,,,0.1,93.41,101.63,,,,,0.0,,,
2013-06-05,1.82,2.1,2.14,0.32,3.3,-0.05,2.19,1.92,,,,,,,,,,,,0.11,93.36,102.04,,,,,0.0,,,
2013-06-06,1.8,2.05,2.1,0.3,3.25,-0.06,2.16,1.88,,,,,,,,,,,,0.09,93.66,103.51,,,,,0.0,,,
2013-06-07,1.78,2.03,2.08,0.3,3.23,-0.05,2.13,1.87,,,,,,,,,,,,0.1,94.71,103.37,,,,,0.0,,,
2013-06-08,1.85,2.13,2.17,0.32,3.33,0.03,2.14,1.89,,,,,,,,7.5,,,,0.09,96.11,104.07,,,,,0.0,,,
2013-06-09,,,,,,,,,,,3400183.0,2018582.0,,,,,,,,0.09,,,,,,,0.0,6994.0369,,
2013-06-10,,,,,,,,,,,,,,,,,,,,0.09,,,,,,,0.0,,,
2013-06-11,1.9,2.17,2.22,0.32,3.36,0.11,2.11,1.85,,,,,-0.696,-0.0839,,,,,,0.09,95.82,103.87,,,,,0.0,,,
2013-06-12,1.86,2.15,2.2,0.34,3.33,0.13,2.07,1.83,,,,,,,,,,,,0.09,95.5,101.5,,,,,0.0,,,
2013-06-13,1.91,2.2,2.25,0.34,3.37,0.21,2.04,1.81,,,,,,,,,,,,0.08,95.98,103.11,,,,,0.0,,,
2013-06-14,1.87,2.14,2.19,0.32,3.33,0.15,2.04,1.8,,,,,,,,,,,,0.09,96.66,103.38,,,,,0.0,,,
2013-06-15,1.85,2.09,2.14,0.29,3.28,0.09,2.05,1.82,,,,,,,,,,84.1,,0.1,97.83,105.1,,,,,0.0,,,
2013-06-16,,,,,,,,,,,3410842.0,2031047.0,,,232.445,,,,,0.1,,,,,,,0.0,7007.5022,,
2013-06-17,,,,,,,,,,,,,,,,,99.3897,,,0.1,,,,,,,0.0,,,
2013-06-18,1.92,2.14,2.19,0.27,3.35,0.15,2.04,1.8,,,,,-0.678,-0.145,,,,,,0.11,97.86,105.8,,,,,0.0,,,
2013-06-19,1.93,2.15,2.2,0.27,3.34,0.14,2.06,1.84,,,,,,,,,,,,0.12,98.46,105.21,,,,,0.0,,,
2013-06-20,2.02,2.28,2.33,0.31,3.41,0.29,2.04,1.83,,,,,,,,,,,,0.1,98.24,105.56,,,,,0.0,,,
2013-06-21,2.08,2.36,2.41,0.33,3.49,0.46,1.95,1.74,,,,,,,,,,,,0.1,94.89,102.72,,,,,0.0,,,
2013-06-22,2.14,2.47,2.52,0.38,3.56,0.59,1.93,1.66,,,,,,,,,,,,0.1,93.81,100.36,,,,,0.0,,,
2013-06-23,,,,,,,,,,,3470530.0,1994315.0,,,,,,,,0.1,,,,,,,0.0,7005.4659,,
2013-06-24,,,,,,,,,,,,,,,,,,,,0.1,,,,,,,0.0,,,
2013-06-25,2.15,2.51,2.57,0.42,3.56,0.64,1.93,1.62,,,,,-0.663,-0.1163,,,,,,0.1,95.07,99.8,,,,,0.0,,,
2013-06-26,2.17,2.54,2.6,0.43,3.6,0.64,1.96,1.65,,,,,,,,,,,,0.09,95.25,101.51,,,,,0.0,,,
2013-06-27,2.16,2.49,2.55,0.39,3.58,0.6,1.95,1.67,,,,,,,,,,,,0.09,95.47,100.62,,,,,0.0,,,
2013-06-28,2.13,2.43,2.49,0.36,3.54,0.5,1.99,1.73,,,,,,,,,,,,0.09,97.0,102.74,,,,,0.0,,,
2013-06-29,2.16,2.48,2.52,0.36,3.52,0.53,1.99,1.76,,,,,,,,,,,,0.07,96.36,102.49,,,,,0.0,,,
2013-06-30,,,,,,,,,,,3478672.0,1981754.0,,,,,,,,0.07,,,,,,-19.1,0.0,6996.3171,100.05758,82.13258652275456
2013-07-01,,,,,,,,,,,,,,,,,,,10705.6,0.07,,,7000.2375,3.806,0.5,,0.0,,,
2013-07-02,2.16,2.46,2.5,0.34,3.48,0.48,2.02,1.8,,,,,-0.656,0.0728,,,,,,0.1,97.94,103.19,,,,,0.0,,,
2013-07-03,2.14,2.45,2.48,0.34,3.47,0.44,2.04,1.82,,,,,,,,,,,,0.1,99.65,103.96,,,,,0.0,,,
2013-07-04,2.16,2.47,2.52,0.36,3.49,0.48,2.04,1.83,,,,,,,,,,,,0.1,101.92,106.12,,,,,0.0,,,
2013-07-05,,,,,,,,,,,,,,,,,,,,0.1,,,,,,,0.0,,,
2013-07-06,2.33,2.69,2.73,0.4,3.68,0.66,2.07,1.87,,,,,,,,,,,,0.1,103.09,107.46,,,,,0.0,,,
2013-07-07,,,,,,,,,,,3492742.0,2023336.0,,,,,,,,0.1,,,,,,,0.0,7004.8348,,
2013-07-08,,,,,,,,,,,,,,,,7.3,,,,0.1,,,,,,,0.0,,,
2013-07-09,2.28,2.6,2.65,0.37,3.63,0.58,2.07,1.87,,,,,-0.657,-0.1423,,,,,,0.1,103.03,107.75,,,,,0.0,,,
2013-07-10,2.28,2.61,2.65,0.37,3.64,0.59,2.06,1.86,,,,,,,,,,,,0.1,103.46,107.9,,,,,0.0,,,
2013-07-11,2.32,2.66,2.7,0.38,3.68,0.64,2.06,1.87,,,,,,,,,,,,0.09,106.41,108.43,,,,,0.0,,,
2013-07-12,2.26,2.56,2.6,0.34,3.64,0.56,2.04,1.82,,,,,,,,,,,,0.09,104.77,108.18,,,,,0.0,,,
2013-07-13,2.24,2.57,2.61,0.37,3.64,0.55,2.06,1.84,,,,,,,,,,,,0.09,105.85,109.03,,,,,0.0,,,
2013-07-14,,,,,,,,,,,3504095.0,2070591.0,,,,,,,,0.09,,,,,,,0.0,7006.1567,,
2013-07-15,,,,,,,,,,,,,,,,,,85.1,,0.09,,,,,,,0.0,,,
2013-07-16,2.23,2.53,2.57,0.34,3.61,0.47,2.1,1.86,,,,,-0.664,-0.3043,232.9,,,,,0.09,106.2,109.05,,,,,0.0,,,
2013-07-17,2.21,2.52,2.55,0.34,3.58,0.41,2.14,1.89,,,,,,,,,99.0814,,,0.09,105.88,109.29,,,,,0.0,,,
2013-07-18,2.2,2.49,2.52,0.32,3.57,0.38,2.14,1.9,,,,,,,,,,,,0.09,106.39,109.67,,,,,0.0,,,
2013-07-19,2.24,2.53,2.56,0.32,3.63,0.38,2.18,1.89,,,,,,,,,,,,0.09,107.94,109.71,,,,,0.0,,,
2013-07-20,2.18,2.47,2.5,0.32,3.56,0.29,2.21,1.91,,,,,,,,,,,,0.09,108.0,109.34,,,,,0.0,,,
2013-07-21,,,,,,,,,,,3537861.0,2092289.0,,,,,,,,0.09,,,,,,,0.0,7020.4698,,
2013-07-22,,,,,,,,,,,,,,,,,,,,0.09,,,,,,,0.0,,,
2013-07-23,2.18,2.46,2.5,0.32,3.55,0.28,2.22,1.91,,,,,-0.675,-0.5043,,,,,,0.09,106.61,108.82,,,,,0.0,,,
2013-07-24,2.2,2.51,2.53,0.33,3.58,0.33,2.2,1.9,,,,,,,,,,,,0.09,107.13,109.27,,,,,0.0,,,
2013-07-25,2.27,2.58,2.61,0.34,3.65,0.44,2.17,1.87,,,,,,,,,,,,0.09,105.41,108.23,,,,,0.0,,,
2013-07-26,2.29,2.59,2.61,0.32,3.65,0.44,2.17,1.83,,,,,,,,,,,,0.09,105.47,108.1,,,,,0.0,,,
2013-07-27,2.27,2.55,2.58,0.31,3.61,0.43,2.15,1.83,,,,,,,,,,,,0.09,104.76,107.57,,,,,0.0,,,
2013-07-28,,,,,,,,,,,3574574.0,2094920.0,,,,,,,,0.09,,,,,,,0.0,7015.8612,,
2013-07-29,,,,,,,,,,,,,,,,,,,,0.09,,,,,,,0.0,,,
2013-07-30,2.28,2.58,2.61,0.33,3.66,0.45,2.16,1.81,,,,,-0.686,-0.4846,,,,,,0.08,104.61,108.1,,,,,0.0,,,
2013-07-31,2.3,2.59,2.63,0.33,3.67,0.46,2.17,1.82,,,,,,,,,,,10743.0,0.09,103.14,107.47,6906.641304347826,3.64304347826087,0.56,,0.0,,,
2013-08-01,2.29,2.56,2.6,0.31,3.64,0.38,2.22,1.87,,,,,,,,,,,,0.09,105.1,107.89,,,,,0.0,,,
2013-08-02,2.39,2.7,2.74,0.35,3.77,0.48,2.26,1.94,,,,,,,,,,,,0.08,107.93,109.94,,,,,0.0,,,
2013-08-03,2.33,2.59,2.63,0.3,3.69,0.42,2.21,1.91,,,,,,,,,,,,0.09,106.94,109.63,,,,,0.0,,,
2013-08-04,,,,,,,,,,,3571797.0,2154522.0,,,,,,,,0.09,,,,,,,0.0,7020.3863,,
2013-08-05,,,,,,,,,,,,,,,,,,,,0.09,,,,,,,0.0,,,
2013-08-06,2.35,2.62,2.67,0.32,3.73,0.42,2.25,1.92,,,,,-0.694,-0.3607,,,,,,0.08,106.61,109.81,,,,,0.0,,,
2013-08-07,2.35,2.63,2.67,0.32,3.73,0.39,2.28,1.94,,,,,,,,,,,,0.09,105.32,108.77,,,,,0.0,,,
2013-08-08,2.29,2.56,2.61,0.32,3.68,0.35,2.26,1.93,,2.26,,,,,,7.2,,,,0.09,104.41,108.39,,,,,0.0,,,
2013-08-09,2.28,2.53,2.58,0.3,3.65,0.34,2.24,1.9,,,,,,,,,,,,0.09,103.45,107.32,,,,,0.0,,,
2013-08-10,2.25,2.52,2.57,0.32,3.63,0.33,2.24,1.91,,,,,,,,,,,,0.08,106.04,108.49,,,,,0.0,,,
2013-08-11,,,,,,,,,,,3585359.0,2171441.0,,,,,,,,0.08,,,,,,,0.0,7016.4667,,
2013-08-12,,,,,,,,,,,,,,,,,,,,0.08,,,,,,,0.0,,,
2013-08-13,2.29,2.55,2.61,0.32,3.67,0.37,2.24,1.91,,,,,-0.697,-0.4046,,,,,,0.08,106.19,109.28,,,,,0.0,,,
2013-08-14,2.37,2.65,2.71,0.34,3.75,0.48,2.23,1.92,,2.32,,,,,,,,,,0.08,106.78,110.69,,,,,0.0,,,
2013-08-15,2.37,2.66,2.71,0.34,3.75,0.5,2.21,1.86,,1.21,,,,,,,,82.1,,0.09,106.89,110.26,,,,,0.0,,,
2013-08-16,2.41,2.72,2.77,0.36,3.81,0.6,2.17,1.83,,,,,,,233.456,,,,,0.08,107.43,111.58,,,,,0.0,,,
2013-08-17,2.48,2.79,2.84,0.36,3.86,0.68,2.16,1.79,,,,,,,,,99.6543,,,0.09,107.58,111.82,,,,,0.0,,,
2013-08-18,,,,,,,,,,,3646323.0,2175545.0,,,,,,,,0.09,,,,,,,0.0,7009.1671,,
2013-08-19,,,,,,,,,,,,,,,,,,,,0.09,,,,,,,0.0,,,
2013-08-20,2.52,2.82,2.88,0.36,3.89,0.75,2.13,1.76,,5.0,,,-0.696,-0.3694,,,,,,0.09,107.14,111.41,,,,,0.0,,,
2013-08-21,2.46,2.78,2.82,0.36,3.86,0.67,2.15,1.78,,5.0,,,,,,,,,,0.09,104.9,110.74,,,,,0.0,,,
2013-08-22,2.49,2.83,2.87,0.38,3.9,0.73,2.14,1.77,,,,,,,,,,,,0.08,103.93,110.82,,,,,0.0,,,
2013-08-23,2.48,2.87,2.9,0.42,3.88,0.79,2.11,1.77,,,,,,,,,,,,0.09,104.93,110.51,,,,,0.0,,,
2013-08-24,2.42,2.79,2.82,0.4,3.8,0.69,2.13,1.82,,,,,,,,,,,,0.08,106.48,112.12,,,,,0.0,,,
2013-08-25,,,,,,,,,,,3645668.0,2193671.0,,,,,,,,0.08,,,,,,,0.0,7016.4853,,
2013-08-26,,,,,,,,,,,,,,,,,,,,0.08,,,,,,,0.0,,,
2013-08-27,2.38,2.75,2.79,0.41,3.77,0.64,2.15,1.82,,,,,-0.691,-0.1915,,,,,,0.08,105.88,112.23,,,,,0.0,,,
2013-08-28,2.34,2.67,2.72,0.38,3.7,0.57,2.15,1.86,,,,,,,,,,,,0.07,109.11,115.21,,,,,0.0,,,
2013-08-29,2.38,2.75,2.78,0.4,3.75,0.63,2.15,1.85,,,,,,,,,,,,0.07,110.17,116.27,,,,,0.0,,,
2013-08-30,2.36,2.73,2.75,0.39,3.7,0.65,2.1,1.8,,,,,,,,,,,,0.08,108.51,116.91,,,,,0.0,,,
2013-08-31,2.39,2.75,2.78,0.39,3.7,0.68,2.1,1.78,,,,,,,,,,,10803.6,0.07,107.98,115.97,7186.25,3.412272727272727,0.3,,0.0,,,
2013-09-01,,,,,,,,,,,3644456.0,2222481.0,,,,,,,,0.07,,,,,,,0.0,7014.2525,,
2013-09-02,,,,,,,,,,,,,,,,,,,,0.07,,,,,,,0.0,,,
2013-09-03,,,,,,,,,,,,,-0.687,-0.1599,,,,,,0.07,,,,,,,0.0,,,
2013-09-04,2.43,2.84,2.86,0.43,3.79,0.76,2.1,1.76,,,,,,,,,,,,0.09,108.67,115.49,,,,,0.0,,,
2013-09-05,2.44,2.88,2.9,0.46,3.8,0.83,2.07,1.74,,,,,,,,,,,,0.08,107.29,115.65,,,,,0.0,,,
2013-09-06,2.46,2.96,2.98,0.52,3.88,0.92,2.06,1.71,,,,,,,,,,,,0.08,108.5,115.81,,,,,0.0,,,
2013-09-07,2.48,2.92,2.94,0.46,3.87,0.87,2.07,1.71,,,,,,,,,,,,0.08,110.62,117.15,,,,,0.0,,,
2013-09-08,,,,,,,,,,,3654182.0,2266587.0,,,,7.2,,,,0.08,,,,,,,0.0,7028.3282,,
2013-09-09,,,,,,,,,,,,,,,,,,,,0.08,,,,,,,0.0,,,
2013-09-10,2.45,2.88,2.9,0.45,3.84,0.84,2.06,1.69,,,,,-0.685,-0.2482,,,,,,0.08,109.62,115.2,,,,,0.0,,,
2013-09-11,2.46,2.94,2.96,0.5,3.88,0.86,2.1,1.74,,,,,,,,,,,,0.08,107.48,112.1,,,,,0.0,,,
2013-09-12,2.46,2.91,2.93,0.47,3.85,0.8,2.13,1.76,,,,,,,,,,,,0.08,107.65,112.37,,,,,0.0,,,
2013-09-13,2.47,2.91,2.92,0.45,3.85,0.81,2.11,1.75,,,,,,,,,,,,0.08,108.72,113.11,,,,,0.0,,,
2013-09-14,2.45,2.89,2.9,0.45,3.84,0.8,2.1,1.75,,,,,,,,,,,,0.08,108.31,113.31,,,,,0.0,,,
2013-09-15,,,,,,,,,,,3662035.0,2265831.0,,,,,,77.5,,0.08,,,,,,,0.0,7033.0639,,
2013-09-16,,,,,,,,,,,,,,,233.544,,,,,0.08,,,,,,,0.0,,,
2013-09-17,2.47,2.86,2.88,0.41,3.87,0.76,2.12,1.76,,,,,-0.687,-0.3219,,,100.161,,,0.08,106.54,110.86,,,,,0.0,,,
2013-09-18,2.47,2.85,2.86,0.39,3.84,0.7,2.16,1.79,,,,,,,,,,,,0.08,105.36,109.05,,,,,0.0,,,
2013-09-19,2.35,2.68,2.69,0.34,3.75,0.49,2.2,1.84,,,,,,,,,,,,0.08,108.23,109.09,,,,,0.0,,,
2013-09-20,2.42,2.75,2.76,0.34,3.8,0.55,2.21,1.83,,,,,,,,,,,,0.09,106.26,110.66,,,,,0.0,,,
2013-09-21,2.41,2.74,2.75,0.34,3.77,0.52,2.23,1.85,,,,,,,,,,,,0.08,104.7,110.22,,,,,0.0,,,
2013-09-22,,,,,,,,,,,3722192.0,2293383.0,,,,,,,,0.08,,,,,,,0.0,7037.0349,,
2013-09-23,,,,,,,,,,,,,,,,,,,,0.08,,,,,,,0.0,,,
2013-09-24,2.37,2.7,2.72,0.35,3.73,0.46,2.26,1.84,,11.809,,,-0.692,-0.4411,,,,,,0.09,103.62,108.56,,,,,0.0,,,
2013-09-25,2.32,2.65,2.67,0.35,3.67,0.48,2.19,1.77,,12.711,,,,,,,,,,0.09,103.22,107.68,,,,,0.0,,,
2013-09-26,2.27,2.61,2.63,0.36,3.65,0.45,2.18,1.79,,6.244,,,,,,,,,,0.08,102.68,109.46,,,,,0.0,,,
2013-09-27,2.32,2.66,2.66,0.34,3.69,0.47,2.19,1.77,,9.403,,,,,,,,,,0.08,103.1,108.86,,,,,0.0,,,
2013-09-28,2.3,2.62,2.64,0.34,3.68,0.46,2.18,1.76,,16.622,,,,,,,,,,0.08,102.86,109.45,,,,,0.0,,,
2013-09-29,,,,,,,,,,,3734018.0,2278603.0,,,,,,,,0.08,,,,,,-18.1,0.0,7032.3189,98.72797,82.45624656596966
2013-09-30,,,,,,,,,,,,,,,,,,,,0.08,,,,,,,0.0,,,
2013-10-01,2.31,2.62,2.64,0.33,3.69,0.45,2.19,1.74,,58.157,,,-0.7,-0.336,,,,,10865.8,0.06,102.36,107.85,7159.269047619048,3.615714285714286,0.32,,0.0,,,
2013-10-02,2.33,2.64,2.66,0.33,3.72,0.46,2.2,1.77,,4.507,,,,,,,,,,0.08,102.09,107.32,,,,,0.0,,,
2013-10-03,2.32,2.61,2.63,0.31,3.7,0.43,2.2,1.8,,2.702,,,,,,,,,,0.07,104.15,109.09,,,,,0.0,,,
2013-10-04,2.29,2.59,2.62,0.33,3.71,0.43,2.19,1.77,,2.256,,,,,,,,,,0.08,103.29,109.49,,,,,0.0,,,
2013-10-05,2.33,2.63,2.66,0.33,3.73,0.46,2.2,1.79,,1.381,,,,,,,,,,0.08,103.83,109.42,,,,,0.0,,,
2013-10-06,,,,,,,,,,,3747387.0,2311359.0,,,,,,,,0.08,,,,,,,0.0,7054.7492,,
2013-10-07,,,,,,,,,,,,,,,,,,,,0.08,,,,,,,0.0,,,
2013-10-08,2.28,2.62,2.65,0.37,3.7,0.45,2.2,1.79,,0.755,,,-0.71,-0.2552,,7.2,,,,0.08,103.07,109.66,,,,,0.0,,,
2013-10-09,2.26,2.61,2.66,0.4,3.7,0.48,2.18,1.76,,0.725,,,,,,,,,,0.08,103.54,110.56,,,,,0.0,,,
2013-10-10,2.31,2.63,2.68,0.37,3.73,0.47,2.21,1.78,,0.425,,,,,,,,,,0.09,101.63,109.02,,,,,0.0,,,
2013-10-11,2.36,2.66,2.71,0.35,3.75,0.5,2.21,1.81,,1.997,,,,,,,,,,0.09,103.08,111.63,,,,,0.0,,,
2013-10-12,2.35,2.62,2.7,0.35,3.74,0.5,2.2,1.79,,1.421,,,,,,,,,,0.1,102.17,110.65,,,,,0.0,,,
2013-10-13,,,,,,,,,,,3758663.0,2359390.0,,,,,,,,0.1,,,,,,,0.0,7046.8597,,
2013-10-14,,,,,,,,,,,,,,,,,,,,0.1,,,,,,,0.0,,,
2013-10-15,,,,,,,,,,,,,-0.722,-0.3881,,,,73.2,,0.1,102.46,110.13,,,,,0.0,,,
2013-10-16,2.38,2.61,2.75,0.37,3.78,0.54,2.21,1.79,,2.096,,,,,233.669,,,,,0.1,101.15,110.67,,,,,0.0,,,
2013-10-17,2.35,2.59,2.69,0.34,3.72,0.5,2.19,1.79,,2.97,,,,,,,100.082,,,0.11,102.34,110.79,,,,,0.0,,,
2013-10-18,2.28,2.56,2.61,0.33,3.66,0.45,2.16,1.77,,3.122,,,,,,,,,,0.1,100.72,109.55,,,,,0.0,,,
2013-10-19,2.27,2.56,2.6,0.33,3.65,0.42,2.18,1.78,,4.221,,,,,,,,,,0.1,100.87,109.4,,,,,0.0,,,
2013-10-20,,,,,,,,,,,3813599.0,2370944.0,,,,,,,,0.1,,,,,,,0.0,7068.4716,,
2013-10-21,,,,,,,,,,,,,,,,,,,,0.1,,,,,,,0.0,,,
2013-10-22,2.3,2.59,2.63,0.33,3.68,0.44,2.19,1.79,,4.876,,,-0.736,-0.5519,,,,,,0.09,99.28,109.47,,,,,0.0,,,
2013-10-23,2.23,2.5,2.54,0.31,3.61,0.37,2.17,1.76,,8.37,,,,,,,,,,0.08,97.63,109.57,,,,,0.0,,,
2013-10-24,2.2,2.47,2.51,0.31,3.59,0.36,2.15,1.76,,15.74,,,,,,,,,,0.08,96.9,107.74,,,,,0.0,,,
2013-10-25,2.2,2.5,2.53,0.33,3.61,0.36,2.17,1.77,,4.949,,,,,,,,,,0.08,96.65,106.63,,,,,0.0,,,
2013-10-26,2.21,2.49,2.53,0.32,3.6,0.34,2.19,1.77,,3.283,,,,,,,,,,0.08,97.4,105.7,,,,,0.0,,,
2013-10-27,,,,,,,,,,,3839033.0,2357446.0,,,,,,,,0.08,,,,,,,0.0,7061.4666,,
2013-10-28,,,,,,,,,,,,,,,,,,,,0.08,,,,,,,0.0,,,
2013-10-29,2.22,2.5,2.54,0.32,3.61,0.35,2.19,1.79,,2.148,,,-0.749,-0.5714,,,,,,0.08,98.74,108.29,,,,,0.0,,,
2013-10-30,2.22,2.49,2.53,0.31,3.62,0.35,2.18,1.76,,1.872,,,,,,,,,,0.08,98.29,108.04,,,,,0.0,,,
2013-10-31,2.22,2.51,2.55,0.33,3.63,0.37,2.18,1.77,,5.456,,,,,,,,,10989.2,0.08,96.81,108.41,7203.021739130435,3.655217391304348,0.34,,0.0,,,
2013-11-01,2.26,2.53,2.57,0.31,3.63,0.4,2.17,1.74,,13.89,,,,,,,,,,0.07,96.29,107.53,,,,,0.0,,,
2013-11-02,2.32,2.61,2.65,0.33,3.69,0.5,2.15,1.7,,4.65,,,,,,,,,,0.08,94.56,105.78,,,,,0.0,,,
2013-11-03,,,,,,,,,,,3843396.0,2424917.0,,,,,,,,0.08,,,,,,,0.0,7070.9494,,
2013-11-04,,,,,,,,,,,,,,,,,,,,0.08,,,,,,,0.0,,,
2013-11-05,2.31,2.58,2.63,0.32,3.7,0.5,2.13,1.71,,4.088,,,-0.761,-0.5256,,,,,,0.08,94.58,104.85,,,,,0.0,,,
2013-11-06,2.37,2.64,2.69,0.32,3.76,0.55,2.14,1.72,,2.425,,,,,,,,,,0.08,93.4,105.01,,,,,0.0,,,
2013-11-07,2.37,2.62,2.67,0.3,3.77,0.48,2.19,1.77,,6.715,,,,,,,,,,0.08,94.74,105.46,,,,,0.0,,,
2013-11-08,2.34,2.58,2.63,0.29,3.71,0.46,2.17,1.76,,1.075,,,,,,6.9,,,,0.08,94.25,103.08,,,,,0.0,,,
2013-11-09,2.45,2.71,2.77,0.32,3.84,0.59,2.18,1.77,,1.48,,,,,,,,,,0.08,94.56,104.29,,,,,0.0,,,
2013-11-10,,,,,,,,,,,3851623.0,2440588.0,,,,,,,,0.08,,,,,,,0.0,7072.7138,,
2013-11-11,,,,,,,,,,,,,,,,,,,,0.08,,,,,,,0.0,,,
2013-11-12,,,,,,,,,,,,,-0.771,-0.5103,,,,,,0.08,95.13,105.76,,,,,0.0,,,
2013-11-13,2.46,2.72,2.8,0.34,3.86,0.62,2.18,1.79,,4.4,,,,,,,,,,0.08,93.12,106.29,,,,,0.0,,,
2013-11-14,2.43,2.67,2.75,0.32,3.83,0.58,2.17,1.79,,3.97,,,,,,,,,,0.08,93.91,106.9,,,,,0.0,,,
2013-11-15,2.4,2.61,2.69,0.29,3.79,0.51,2.18,1.8,,1.341,,,,,,,,75.1,,0.09,93.76,108.29,,,,,0.0,,,
2013-11-16,2.4,2.63,2.71,0.31,3.8,0.53,2.18,1.8,,0.345,,,,,234.1,,,,,0.09,93.8,108.25,,,,,0.0,,,
2013-11-17,,,,,,,,,,,3907424.0,2449114.0,,,,,100.3158,,,0.09,,,,,,,0.0,7080.6888,,
2013-11-18,,,,,,,,,,,,,,,,,,,,0.09,,,,,,,0.0,,,
2013-11-19,2.36,2.58,2.67,0.31,3.76,0.48,2.19,1.8,,2.32,,,-0.779,-0.5641,,,,,,0.09,93.03,108.8,,,,,0.0,,,
2013-11-20,2.42,2.63,2.71,0.29,3.8,0.53,2.18,1.77,,5.07,,,,,,,,,,0.09,93.35,108.29,,,,,0.0,,,
2013-11-21,2.52,2.72,2.8,0.28,3.9,0.64,2.16,1.75,,6.121,,,,,,,,,,0.09,93.34,108.27,,,,,0.0,,,
2013-11-22,2.5,2.72,2.79,0.29,3.89,0.6,2.19,1.76,,5.571,,,,,,,,,,0.09,95.35,109.9,,,,,0.0,,,
2013-11-23,2.44,2.68,2.75,0.31,3.84,0.56,2.19,1.76,,3.345,,,,,,,,,,0.09,94.53,111.36,,,,,0.0,,,
2013-11-24,,,,,,,,,,,3906620.0,2473552.0,,,,,,,,0.09,,,,,,,0.0,7078.0865,,
2013-11-25,,,,,,,,,,,,,,,,,,,,0.09,,,,,,,0.0,,,
2013-11-26,2.44,2.66,2.74,0.3,3.83,0.56,2.18,1.75,,3.37,,,-0.785,-0.6399,,,,,,0.09,93.86,110.83,,,,,0.0,,,
2013-11-27,2.42,2.64,2.71,0.29,3.8,0.54,2.17,1.71,,3.95,,,,,,,,,,0.09,93.41,112.04,,,,,0.0,,,
2013-11-28,2.46,2.67,2.74,0.28,3.81,0.58,2.16,1.71,,5.721,,,,,,,,,,0.09,92.05,111.32,,,,,0.0,,,
2013-11-29,,,,,,,,,,,,,,,,,,,,0.09,,,,,,,0.0,,,
2013-11-30,2.47,2.69,2.75,0.28,3.82,0.6,2.15,1.69,,22.018,,,,,,,,,,0.07,92.55,111.07,,,,,0.0,,,
2013-12-01,,,,,,,,,,,3925876.0,2466785.0,,,,,,,10999.8,0.07,,,7070.654761904762,3.651428571428571,0.28,,0.0,7092.5936,,
2013-12-02,,,,,,,,,,,,,,,,,,,,0.07,,,,,,,0.0,,,
2013-12-03,2.51,2.76,2.81,0.3,3.86,0.66,2.15,1.7,,8.02,,,-0.79,-0.5727,,,,,,0.09,93.61,111.49,,,,,0.0,,,
2013-12-04,2.51,2.73,2.79,0.28,3.84,0.64,2.15,1.69,,7.12,,,,,,,,,,0.09,95.83,113.06,,,,,0.0,,,
2013-12-05,2.54,2.78,2.84,0.3,3.9,0.73,2.11,1.64,,11.095,,,,,,,,,,0.09,96.97,113.27,,,,,0.0,,,
2013-12-06,2.58,2.82,2.88,0.3,3.92,0.76,2.12,1.66,,5.696,,,,,,,,,,0.09,97.14,112.07,,,,,0.0,,,
2013-12-07,2.58,2.82,2.88,0.3,3.9,0.77,2.11,1.65,,7.42,,,,,,,,,,0.09,97.48,111.5,,,,,0.0,,,
2013-12-08,,,,,,,,,,,3932626.0,2492609.0,,,,6.7,,,,0.09,,,,,,,0.0,7087.3621,,
2013-12-09,,,,,,,,,,,,,,,,,,,,0.09,,,,,,,0.0,,,
2013-12-10,2.56,2.79,2.86,0.3,3.88,0.74,2.12,1.63,,10.845,,,-0.793,-0.4521,,,,,,0.09,97.1,110.07,,,,,0.0,,,
2013-12-11,2.51,2.74,2.81,0.3,3.83,0.69,2.12,1.64,,14.22,,,,,,,,,,0.09,98.32,108.91,,,,,0.0,,,
2013-12-12,2.55,2.79,2.86,0.31,3.87,0.71,2.15,1.65,,34.461,,,,,,,,,,0.08,97.25,109.47,,,,,0.0,,,
2013-12-13,2.55,2.82,2.89,0.34,3.91,0.75,2.14,1.65,,26.12,,,,,,,,,,0.09,97.21,108.99,,,,,0.0,,,
2013-12-14,2.54,2.81,2.88,0.34,3.88,0.72,2.16,1.66,,17.515,,,,,,,,,,0.08,96.27,108.08,,,,,0.0,,,
2013-12-15,,,,,,,,,,,3993955.0,2524024.0,,,,,,82.5,,0.08,,,,,,,0.0,7096.5505,,
2013-12-16,,,,,,,,,,,,,,,234.719,,,,,0.08,,,,,,,0.0,,,
2013-12-17,2.55,2.82,2.89,0.34,3.9,0.71,2.18,1.68,,6.146,,,-0.795,-0.4985,,,100.5175,,,0.09,97.18,110.3,,,,,0.0,,,
2013-12-18,2.51,2.78,2.85,0.34,3.88,0.67,2.18,1.69,,14.07,,,,,,,,,,0.09,96.99,108.91,,,,,0.0,,,
2013-12-19,2.57,2.82,2.89,0.32,3.9,0.72,2.17,1.67,,11.105,,,,,,,,,,0.09,97.59,109.56,,,,,0.0,,,
2013-12-20,2.59,2.88,2.94,0.35,3.91,0.79,2.15,1.75,,15.391,,,,,,,,,,0.09,98.4,110.78,,,,,0.0,,,
2013-12-21,2.52,2.82,2.89,0.37,3.82,0.73,2.16,1.64,,26.525,,,,,,,,,,0.09,99.11,112.15,,,,,0.0,,,
2013-12-22,,,,,,,,,,,4008062.0,2521300.0,,,,,,,,0.09,,,,,,,0.0,7097.7637,,
2013-12-23,,,,,,,,,,,,,,,,,,,,0.09,,,,,,,0.0,,,
2013-12-24,2.56,2.87,2.94,0.38,3.85,0.76,2.18,1.67,,28.761,,,-0.797,-0.5623,,,,,,0.09,98.62,111.58,,,,,0.0,,,
2013-12-25,2.61,2.92,2.99,0.38,3.9,0.8,2.19,1.68,,42.245,,,,,,,,,,0.08,98.87,111.57,,,,,0.0,,,
2013-12-26,,,,,,,,,,,,,,,,,,,,0.08,,,,,,,0.0,,,
2013-12-27,2.58,2.93,3.0,0.42,3.92,0.8,2.2,1.7,,46.97,,,,,,,,,,0.08,99.18,111.65,,,,,0.0,,,
2013-12-28,2.62,2.95,3.02,0.4,3.94,0.8,2.22,1.68,,94.995,,,,,,,,,,0.08,99.94,112.06,,,,,0.0,,,
2013-12-29,,,,,,,,,,,4032575.0,2474155.0,,,,,,,,0.08,,,,,,,0.0,7112.2193,,
2013-12-30,,,,,,,,,,,,,,,,,,,,0.08,,,,,,-8.3,0.0,,99.79118,83.46403209587294
2013-12-31,2.6,2.92,2.99,0.39,3.9,0.76,2.23,1.64,,102.573,,,-0.797,-0.6753,,,,,11062.4,0.08,98.9,110.47,7214.9,4.283636363636364,0.42,,0.0,,,
2014-01-01,2.66,2.97,3.04,0.38,3.96,0.8,2.24,1.69,,197.755,,,,,,,,,,0.07,98.17,109.95,,,,,0.0,,,
2014-01-02,,,,,,,,,,,,,,,,,,,,0.07,,,,,,,0.0,,,
2014-01-03,2.61,2.93,3.0,0.39,3.92,0.74,2.26,1.71,,83.725,,,,,,,,,,0.08,95.14,107.94,,,,,0.0,,,
2014-01-04,2.6,2.94,3.01,0.41,3.93,0.75,2.26,1.69,,56.682,,,,,,,,,,0.08,93.66,106.57,,,,,0.0,,,
2014-01-05,,,,,,,,,,,4023640.0,2374633.0,,,,,,,,0.08,,,,,,,0.0,7112.7248,,
2014-01-06,,,,,,,,,,,,,,,,,,,,0.08,,,,,,,0.0,,,
2014-01-07,2.58,2.93,2.98,0.4,3.9,0.72,2.26,1.75,,77.265,,,-0.795,-0.5566,,,,,,0.08,93.12,106.71,,,,,0.0,,,
2014-01-08,2.56,2.92,2.96,0.4,3.88,0.7,2.26,1.83,,60.261,,,,,,6.6,,,,0.07,93.31,107.01,,,,,0.0,,,
2014-01-09,2.58,2.96,3.01,0.43,3.9,0.72,2.29,1.76,,43.545,,,,,,,,,,0.07,91.9,107.42,,,,,0.0,,,
2014-01-10,2.53,2.93,2.97,0.44,3.88,0.66,2.31,1.83,,51.2,,,,,,,,,,0.07,91.36,107.49,,,,,0.0,,,
2014-01-11,2.49,2.83,2.88,0.39,3.8,0.59,2.29,1.75,,49.565,,,,,,,,,,0.07,92.39,106.44,,,,,0.0,,,
2014-01-12,,,,,,,,,,,4028185.0,2453039.0,,,,,,,,0.07,,,,,,,0.0,7113.5684,,
2014-01-13,,,,,,,,,,,,,,,,,,,,0.07,,,,,,,0.0,,,
2014-01-14,2.45,2.81,2.84,0.39,3.77,0.57,2.27,1.71,,60.47,,,-0.792,-0.6334,,,,,,0.07,91.45,108.02,,,,,0.0,,,
2014-01-15,2.49,2.84,2.88,0.39,3.8,0.62,2.26,1.76,,54.16,,,,,,,,81.2,,0.07,92.15,107.12,,,,,0.0,,,
2014-01-16,2.49,2.86,2.9,0.41,3.81,0.62,2.28,1.72,,46.752,,,,,235.288,,,,,0.07,93.78,108.09,,,,,0.0,,,
2014-01-17,2.45,2.82,2.86,0.41,3.77,0.61,2.25,1.74,,67.829,,,,,,,100.1599,,,0.07,93.54,107.46,,,,,0.0,,,
2014-01-18,2.44,2.79,2.84,0.4,3.75,0.58,2.26,1.72,,73.016,,,,,,,,,,0.07,93.96,108.45,,,,,0.0,,,
2014-01-19,,,,,,,,,,,4071528.0,2527883.0,,,,,,,,0.07,,,,,,,0.0,7114.5918,,
2014-01-20,,,,,,,,,,,,,,,,,,,,0.07,,,,,,,0.0,,,
2014-01-21,,,,,,,,,,,,,-0.788,-0.6373,,,,,,0.07,,108.01,,,,,0.0,,,
2014-01-22,2.45,2.81,2.85,0.4,3.74,0.59,2.26,1.71,,82.42,,,,,,,,,,0.07,94.51,109.17,,,,,0.0,,,
2014-01-23,2.43,2.83,2.87,0.44,3.75,0.62,2.25,1.79,,93.711,,,,,,,,,,0.07,96.35,109.69,,,,,0.0,,,
2014-01-24,2.4,2.75,2.79,0.39,3.68,0.66,2.13,1.72,,84.917,,,,,,,,,,0.07,97.23,109.69,,,,,0.0,,,
2014-01-25,2.38,2.71,2.75,0.37,3.64,0.61,2.14,1.68,,72.495,,,,,,,,,,0.07,96.66,109.14,,,,,0.0,,,
2014-01-26,,,,,,,,,,,4097914.0,2522890.0,,,,,,,,0.07,,,,,,,0.0,7135.187,,
2014-01-27,,,,,,,,,,,,,,,,,,,,0.07,,,,,,,0.0,,,
2014-01-28,2.41,2.73,2.78,0.37,3.67,0.64,2.14,1.72,,85.68,,,-0.784,-0.5225,,,,,,0.07,95.82,108.72,,,,,0.0,,,
2014-01-29,2.39,2.72,2.77,0.38,3.68,0.62,2.15,1.71,,94.53,,,,,,,,,,0.07,97.49,109.1,,,,,0.0,,,
2014-01-30,2.33,2.65,2.69,0.36,3.62,0.55,2.14,1.72,,94.276,,,,,,,,,,0.07,97.34,108.83,,,,,0.0,,,
2014-01-31,2.36,2.7,2.72,0.36,3.65,0.57,2.15,1.76,,98.32,,,,,,,,,11127.5,0.07,98.25,109.36,7291.465909090909,4.528260869565217,0.42,,0.0,,,
2014-02-01,2.33,2.65,2.67,0.34,3.61,0.53,2.14,1.72,,102.139,,,,,,,,,,0.07,97.55,108.16,,,,,0.0,,,
2014-02-02,,,,,,,,,,,4102138.0,2519198.0,,,,,,,,0.07,,,,,,,0.0,7140.041,,
2014-02-03,,,,,,,,,,,,,,,,,,,,0.07,,,,,,,0.0,,,
2014-02-04,2.31,2.56,2.61,0.3,3.55,0.47,2.14,1.7,,69.923,,,-0.782,-0.3307,,,,,,0.07,96.44,106.55,,,,,0.0,,,
2014-02-05,2.33,2.58,2.64,0.31,3.59,0.51,2.13,1.77,,105.798,,,,,,,,,,0.07,97.24,107.04,,,,,0.0,,,
2014-02-06,2.38,2.63,2.7,0.32,3.66,0.56,2.14,1.78,,100.382,,,,,,,,,,0.07,97.4,106.81,,,,,0.0,,,
2014-02-07,2.4,2.66,2.73,0.33,3.67,0.57,2.16,1.82,,101.917,,,,,,,,,,0.07,97.84,108.15,,,,,0.0,,,
2014-02-08,2.41,2.63,2.71,0.3,3.67,0.53,2.18,1.77,,101.109,,,,,,6.7,,,,0.06,99.98,110.12,,,,,0.0,,,
2014-02-09,,,,,,,,,,,4109285.0,2542276.0,,,,,,,,0.06,,,,,,,0.0,7158.1458,,
2014-02-10,,,,,,,,,,,,,,,,,,,,0.06,,,,,,,0.0,,,
2014-02-11,2.38,2.63,2.7,0.32,3.66,0.51,2.19,1.79,,112.214,,,-0.783,-0.3559,,,,,,0.07,100.12,110.18,,,,,0.0,,,
2014-02-12,2.4,2.7,2.75,0.35,3.69,0.56,2.19,1.8,,98.871,,,,,,,,,,0.06,99.96,109.21,,,,,0.0,,,
2014-02-13,2.45,2.75,2.8,0.35,3.72,0.59,2.21,1.83,,94.026,,,,,,,,,,0.07,100.38,108.62,,,,,0.0,,,
2014-02-14,2.41,2.7,2.73,0.32,3.7,0.56,2.17,1.77,,101.186,,,,,,,,,,0.06,100.27,108.98,,,,,0.0,,,
2014-02-15,2.43,2.73,2.75,0.32,3.69,0.59,2.16,1.67,,87.715,,,,,,,,81.6,,0.06,100.31,108.63,,,,,0.0,,,
2014-02-16,,,,,,,,,,,4119474.0,2589669.0,,,235.547,,,,,0.06,,,,,,,0.0,7179.9699,,
2014-02-17,,,,,,,,,,,,,,,,,100.9168,,,0.06,,,,,,,0.0,,,
2014-02-18,,,,,,,,,,,,,-0.786,-0.6939,,,,,,0.06,,,,,,,0.0,,,
2014-02-19,2.4,2.66,2.71,0.31,3.68,0.57,2.14,1.79,,70.834,,,,,,,,,,0.07,102.54,110.14,,,,,0.0,,,
2014-02-20,2.4,2.67,2.73,0.33,3.71,0.6,2.13,1.78,,83.299,,,,,,,,,,0.07,103.46,110.37,,,,,0.0,,,
2014-02-21,2.42,2.71,2.76,0.34,3.73,0.63,2.13,1.78,,84.254,,,,,,,,,,0.07,103.2,109.42,,,,,0.0,,,
2014-02-22,2.4,2.68,2.73,0.33,3.69,0.61,2.12,1.74,,104.045,,,,,,,,,,0.07,102.53,109.03,,,,,0.0,,,
2014-02-23,,,,,,,,,,,4149224.0,2616352.0,,,,,,,,0.07,,,,,,,0.0,7199.0948,,
2014-02-24,,,,,,,,,,,,,,,,,,,,0.07,,,,,,,0.0,,,
2014-02-25,2.4,2.7,2.75,0.35,3.7,0.59,2.16,1.78,,96.142,,,-0.79,-0.5758,,,,,,0.07,103.17,109.76,,,,,0.0,,,
2014-02-26,2.36,2.65,2.7,0.34,3.66,0.55,2.15,1.78,,103.735,,,,,,,,,,0.07,102.2,109.19,,,,,0.0,,,
2014-02-27,2.34,2.62,2.67,0.33,3.63,0.51,2.16,1.76,,130.111,,,,,,,,,,0.07,102.93,109.39,,,,,0.0,,,
2014-02-28,2.32,2.61,2.65,0.33,3.6,0.49,2.16,1.81,,120.886,,,,,,,,,,0.07,102.68,108.54,,,,,0.0,,,
2014-03-01,2.33,2.61,2.66,0.33,3.59,0.49,2.17,1.79,,114.479,,,,,,,,,,0.06,102.88,108.98,,,,,0.0,,,
2014-03-02,,,,,,,,,,,4159972.0,2599898.0,,,,,,,,0.06,,,,,,,0.0,7199.8866,,
2014-03-03,,,,,,,,,,,,,,,,,,,11191.9,0.06,,,7149.2125,5.1635,0.16,,0.0,,,
2014-03-04,2.28,2.55,2.6,0.32,3.55,0.44,2.16,1.78,,80.225,,,-0.794,-0.6551,,,,,,0.07,105.34,111.26,,,,,0.0,,,
2014-03-05,2.37,2.65,2.7,0.33,3.64,0.52,2.18,1.79,,66.129,,,,,,,,,,0.07,103.64,109.17,,,,,0.0,,,
2014-03-06,2.37,2.64,2.7,0.33,3.64,0.52,2.18,1.8,,76.183,,,,,,,,,,0.08,101.75,108.15,,,,,0.0,,,
2014-03-07,2.37,2.69,2.74,0.37,3.68,0.53,2.21,1.84,,55.489,,,,,,,,,,0.08,101.82,107.99,,,,,0.0,,,
2014-03-08,2.42,2.74,2.8,0.38,3.72,0.57,2.23,1.83,,57.908,,,,,,6.7,,,,0.08,102.82,109.14,,,,,0.0,,,
2014-03-09,,,,,,,,,,,4171762.0,2629608.0,,,,,,,,0.08,,,,,,,0.0,7222.1101,,
2014-03-10,,,,,,,,,,,,,,,,,,,,0.08,,,,,,,0.0,,,
2014-03-11,2.42,2.74,2.79,0.37,3.73,0.57,2.22,1.88,,71.89,,,-0.797,-0.6283,,,,,,0.08,101.39,108.27,,,,,0.0,,,
2014-03-12,2.4,2.72,2.77,0.37,3.7,0.57,2.2,1.86,,72.275,,,,,,,,,,0.08,100.29,108.35,,,,,0.0,,,
2014-03-13,2.36,2.68,2.73,0.37,3.66,0.54,2.19,1.82,,66.2,,,,,,,,,,0.08,98.29,107.88,,,,,0.0,,,
2014-03-14,2.32,2.61,2.66,0.34,3.6,0.49,2.17,1.75,,70.357,,,,,,,,,,0.08,98.57,107.48,,,,,0.0,,,
2014-03-15,2.29,2.6,2.65,0.36,3.59,0.48,2.17,1.74,,54.253,,,,,,,,80.0,,0.08,99.23,108.08,,,,,0.0,,,
2014-03-16,,,,,,,,,,,4181361.0,2652021.0,,,236.028,,,,,0.08,,,,,,,0.0,7225.5681,,
2014-03-17,,,,,,,,,,,,,,,,,101.8942,,,0.08,,,,,,,0.0,,,
2014-03-18,2.32,2.64,2.7,0.38,3.63,0.52,2.18,1.8,,48.592,,,-0.797,-0.5628,,,,,,0.08,98.43,106.99,,,,,0.0,,,
2014-03-19,2.32,2.63,2.68,0.36,3.62,0.5,2.18,1.77,,78.606,,,,,,,,,,0.08,100.08,106.79,,,,,0.0,,,
2014-03-20,2.31,2.72,2.78,0.47,3.66,0.62,2.16,1.73,,76.145,,,,,,,,,,0.08,100.71,105.95,,,,,0.0,,,
2014-03-21,2.34,2.73,2.79,0.45,3.67,0.66,2.13,1.75,,80.564,,,,,,,,,,0.08,99.68,105.73,,,,,0.0,,,
2014-03-22,2.3,2.69,2.75,0.45,3.61,0.61,2.14,1.79,,96.847,,,,,,,,,,0.08,99.97,107.2,,,,,0.0,,,
2014-03-23,,,,,,,,,,,4222081.0,2644893.0,,,,,,,,0.08,,,,,,,0.0,7241.3535,,
2014-03-24,,,,,,,,,,,,,,,,,,,,0.08,,,,,,,0.0,,,
2014-03-25,2.27,2.68,2.74,0.47,3.57,0.59,2.15,1.79,,79.629,,,-0.796,-0.61,,,,,,0.09,100.05,106.59,,,,,0.0,,,
2014-03-26,2.28,2.7,2.75,0.47,3.59,0.61,2.14,1.7,,94.432,,,,,,,,,,0.09,99.66,107.01,,,,,0.0,,,
2014-03-27,2.26,2.66,2.71,0.45,3.55,0.57,2.14,1.75,,101.944,,,,,,,,,,0.08,100.61,105.9,,,,,0.0,,,
2014-03-28,2.24,2.65,2.69,0.45,3.52,0.56,2.13,1.73,,112.832,,,,,,,,,,0.08,101.25,106.58,,,,,0.0,,,
2014-03-29,2.28,2.69,2.73,0.45,3.55,0.6,2.13,1.72,,128.162,,,,,,,,,,0.08,101.73,106.64,,,,,0.0,,,
2014-03-30,,,,,,,,,,,4226971.0,2612237.0,,,,,,,,0.08,,,,,,,0.0,7242.9539,,
2014-03-31,,,,,,,,,,,,,,,,,,,11228.8,0.08,,,6650.035714285714,4.484761904761905,0.14,,0.0,,,
2014-04-01,2.29,2.68,2.73,0.44,3.56,0.6,2.13,1.7,,242.069,,,-0.793,-0.6297,,,,,,0.06,101.57,105.95,,,,-13.7,0.0,,102.34617,79.97819756504455
2014-04-02,2.33,2.73,2.77,0.44,3.6,0.63,2.14,1.71,,113.017,,,,,,,,,,0.08,99.69,105.7,,,,,0.0,,,
2014-04-03,2.35,2.8,2.82,0.47,3.65,0.68,2.14,1.72,,106.045,,,,,,,,,,0.09,99.6,103.37,,,,,0.0,,,
2014-04-04,2.34,2.78,2.8,0.46,3.62,0.66,2.14,1.68,,96.38,,,,,,,,,,0.08,100.29,104.88,,,,,0.0,,,
2014-04-05,2.31,2.71,2.74,0.43,3.59,0.61,2.13,1.71,,95.244,,,,,,,,,,0.08,101.16,106.41,,,,,0.0,,,
2014-04-06,,,,,,,,,,,4236441.0,2581373.0,,,,,,,,0.08,,,,,,,0.0,7251.5275,,
2014-04-07,,,,,,,,,,,,,,,,,,,,0.08,,,,,,,0.0,,,
2014-04-08,2.3,2.68,2.71,0.41,3.56,0.59,2.12,1.61,,94.739,,,-0.79,-0.6215,,6.2,,,,0.09,100.43,104.89,,,,,0.0,,,
2014-04-09,2.29,2.66,2.69,0.4,3.54,0.58,2.11,1.71,,94.435,,,,,,,,,,0.08,102.57,105.83,,,,,0.0,,,
2014-04-10,2.34,2.67,2.71,0.37,3.57,0.57,2.14,1.7,,89.023,,,,,,,,,,0.08,103.55,107.39,,,,,0.0,,,
2014-04-11,2.28,2.61,2.65,0.37,3.52,0.51,2.14,1.69,,93.958,,,,,,,,,,0.08,103.37,107.1,,,,,0.0,,,
2014-04-12,2.26,2.59,2.63,0.37,3.48,0.5,2.13,1.64,,80.874,,,,,,,,,,0.09,103.68,107.34,,,,,0.0,,,
2014-04-13,,,,,,,,,,,4244188.0,2684341.0,,,,,,,,0.09,,,,,,,0.0,7257.4262,,
2014-04-14,,,,,,,,,,,,,,,,,,,,0.09,,,,,,,0.0,,,
2014-04-15,2.28,2.61,2.65,0.37,3.48,0.52,2.13,1.71,,75.823,,,-0.787,-0.5181,,,,84.1,,0.09,104.05,107.68,,,,,0.0,,,
2014-04-16,2.25,2.6,2.64,0.39,3.46,0.5,2.14,1.68,,64.907,,,,,236.468,,,,,0.1,103.7,109.1,,,,,0.0,,,
2014-04-17,2.26,2.61,2.65,0.39,3.45,0.48,2.17,1.73,,71.744,,,,,,,101.9928,,,0.09,103.71,109.71,,,,,0.0,,,
2014-04-18,2.3,2.7,2.73,0.43,3.52,0.52,2.21,1.95,,,,,,,,,,,,0.09,104.33,109.79,,,,,0.0,,,
2014-04-19,,,,,,,,,,,,,,,,,,,,0.1,,,,,,,0.0,,,
2014-04-20,,,,,,,,,,,4283967.0,2724744.0,,,,,,,,0.1,,,,,,,0.0,7275.1833,,
2014-04-21,,,,,,,,,,,,,,,,,,,,0.1,,,,,,,0.0,,,
2014-04-22,2.31,2.69,2.73,0.42,3.52,0.53,2.2,1.97,,129.837,,,-0.785,-0.6125,,,,,,0.1,104.35,109.69,,,,,0.0,,,
2014-04-23,2.28,2.7,2.73,0.45,3.5,0.52,2.21,1.98,,159.202,,,,,,,,,,0.1,101.69,108.54,,,,,0.0,,,
2014-04-24,2.27,2.68,2.7,0.43,3.47,0.49,2.21,1.98,,147.951,,,,,,,,,,0.1,101.47,108.48,,,,,0.0,,,
2014-04-25,2.27,2.69,2.7,0.43,3.46,0.49,2.21,1.99,,153.847,,,,,,,,,,0.1,102.2,109.79,,,,,0.0,,,
2014-04-26,2.25,2.65,2.68,0.43,3.45,0.48,2.2,1.96,,166.168,,,,,,,,,,0.09,100.85,109.53,,,,,0.0,,,
2014-04-27,,,,,,,,,,,4296339.0,2641132.0,,,,,,,,0.09,,,,,,,0.0,7280.2327,,
2014-04-28,,,,,,,,,,,,,,,,,,,,0.09,,,,,,,0.0,,,
2014-04-29,2.26,2.67,2.7,0.44,3.47,0.52,2.18,1.95,,180.822,,,-0.784,-0.7212,,,,,,0.09,101.13,109.12,,,,,0.0,,,
2014-04-30,2.27,2.69,2.71,0.44,3.49,0.53,2.18,1.95,,183.327,,,,,,,,,,0.1,101.56,109.89,,,,,0.0,,,
2014-05-01,2.25,2.64,2.67,0.42,3.47,0.49,2.18,1.96,,208.222,,,,,,,,,11276.0,0.09,100.07,108.63,6673.5625,4.614090909090909,0.24,,0.0,,,
2014-05-02,2.22,2.6,2.63,0.41,3.41,0.43,2.2,1.96,,175.868,,,,,,,,,,0.09,99.69,108.63,,,,,0.0,,,
2014-05-03,2.18,2.58,2.6,0.42,3.37,0.41,2.19,1.95,,185.246,,,,,,,,,,0.09,100.09,109.48,,,,,0.0,,,
2014-05-04,,,,,,,,,,,4296049.0,2609418.0,,,,,,,,0.09,,,,,,,0.0,7293.7369,,
2014-05-05,,,,,,,,,,,,,,,,,,,,0.09,,,,,,,0.0,,,
2014-05-06,2.2,2.6,2.63,0.43,3.41,0.45,2.18,1.92,,199.895,,,-0.785,-0.6591,,,,,,0.09,99.74,109.48,,,,,0.0,,,
2014-05-07,2.18,2.58,2.61,0.43,3.38,0.45,2.16,1.91,,198.721,,,,,,,,,,0.09,99.81,108.3,,,,,0.0,,,
2014-05-08,2.21,2.59,2.62,0.41,3.4,0.42,2.2,1.92,,193.706,,,,,,6.3,,,,0.08,101.06,108.17,,,,,0.0,,,
2014-05-09,2.21,2.58,2.61,0.4,3.45,0.42,2.19,1.93,,192.03,,,,,,,,,,0.08,100.52,108.19,,,,,0.0,,,
2014-05-10,2.22,2.59,2.62,0.4,3.47,0.44,2.18,1.92,,186.455,,,,,,,,,,0.08,100.32,108.26,,,,,0.0,,,
2014-05-11,,,,,,,,,,,4303143.0,2597621.0,,,,,,,,0.08,,,,,,,0.0,7296.4293,,
2014-05-12,,,,,,,,,,,,,,,,,,,,0.08,,,,,,,0.0,,,
2014-05-13,2.25,2.63,2.66,0.41,3.49,0.48,2.18,1.91,,188.963,,,-0.788,-0.6638,,,,,,0.08,100.89,108.37,,,,,0.0,,,
2014-05-14,2.22,2.58,2.61,0.39,3.45,0.45,2.16,1.89,,204.839,,,,,,,,,,0.09,102.01,108.78,,,,,0.0,,,
2014-05-15,2.15,2.51,2.54,0.39,3.37,0.37,2.17,1.92,,183.187,,,,,,,,81.9,,0.08,102.63,109.87,,,,,0.0,,,
2014-05-16,2.12,2.47,2.5,0.38,3.33,0.31,2.19,1.96,,192.416,,,,,236.918,,,,,0.09,101.74,109.74,,,,,0.0,,,
2014-05-17,2.14,2.49,2.52,0.38,3.34,0.34,2.18,1.94,,203.54,,,,,,,102.3836,,,0.09,102.31,110.9,,,,,0.0,,,
2014-05-18,,,,,,,,,,,4336649.0,2630836.0,,,,,,,,0.09,,,,,,,0.0,7306.065,,
2014-05-19,,,,,,,,,,,,,,,,,,,,0.09,,,,,,,0.0,,,
2014-05-20,2.18,2.51,2.54,0.36,3.39,0.37,2.17,1.93,,201.974,,,-0.792,-0.6971,,,,,,0.09,102.95,110.84,,,,,0.0,,,
2014-05-21,2.17,2.49,2.52,0.35,3.38,0.35,2.17,1.92,,212.512,,,,,,,,,,0.09,102.8,110.35,,,,,0.0,,,
2014-05-22,2.17,2.5,2.54,0.37,3.42,0.36,2.18,1.95,,220.722,,,,,,,,,,0.09,104.31,111.32,,,,,0.0,,,
2014-05-23,2.19,2.53,2.56,0.37,3.43,0.35,2.21,1.97,,209.095,,,,,,,,,,0.09,104.03,110.89,,,,,0.0,,,
2014-05-24,2.17,2.5,2.54,0.37,3.4,0.32,2.22,1.97,,182.124,,,,,,,,,,0.09,105.01,110.19,,,,,0.0,,,
2014-05-25,,,,,,,,,,,4327560.0,2657729.0,,,,,,,,0.09,,,,,,,0.0,7318.781,,
2014-05-26,,,,,,,,,,,,,,,,,,,,0.09,,,,,,,0.0,,,
2014-05-27,,,,,,,,,,,,,-0.798,-0.7038,,,,,,0.09,,110.01,,,,,0.0,,,
2014-05-28,2.13,2.48,2.52,0.39,3.37,0.31,2.21,1.95,,185.923,,,,,,,,,,0.09,104.78,109.81,,,,,0.0,,,
2014-05-29,2.07,2.4,2.44,0.37,3.29,0.22,2.22,1.94,,171.269,,,,,,,,,,0.09,103.37,109.09,,,,,0.0,,,
2014-05-30,2.08,2.41,2.45,0.37,3.31,0.22,2.23,1.96,,155.686,,,,,,,,,,0.09,104.26,109.98,,,,,0.0,,,
2014-05-31,2.11,2.44,2.48,0.37,3.33,0.26,2.22,1.93,,164.726,,,,,,,,,11343.1,0.08,103.4,109.21,6891.125,4.528636363636364,0.24,,0.0,,,
2014-06-01,,,,,,,,,,,4322654.0,2629199.0,,,,,,,,0.08,,,,,,,0.0,7327.4908,,
2014-06-02,,,,,,,,,,,,,,,,,,,,0.08,,,,,,,0.0,,,
2014-06-03,2.15,2.5,2.54,0.39,3.38,0.32,2.22,1.93,,129.721,,,-0.804,-0.7659,,,,,,0.09,103.07,109.34,,,,,0.0,,,
2014-06-04,2.19,2.56,2.6,0.41,3.43,0.41,2.19,1.92,,130.952,,,,,,,,,,0.1,103.34,108.87,,,,,0.0,,,
2014-06-05,2.2,2.57,2.61,0.41,3.45,0.44,2.17,1.9,,127.401,,,,,,,,,,0.09,103.27,109.07,,,,,0.0,,,
2014-06-06,2.19,2.55,2.59,0.4,3.44,0.41,2.18,1.92,,103.755,,,,,,,,,,0.09,103.17,108.43,,,,,0.0,,,
2014-06-07,2.19,2.56,2.6,0.41,3.44,0.4,2.2,1.93,,101.903,,,,,,,,,,0.09,103.32,109.21,,,,,0.0,,,
2014-06-08,,,,,,,,,,,4330917.0,2679071.0,,,,6.1,,,,0.09,,,,,,,0.0,7333.6344,,
2014-06-09,,,,,,,,,,,,,,,,,,,,0.09,,,,,,,0.0,,,
2014-06-10,2.19,2.58,2.62,0.43,3.45,0.41,2.21,1.95,,105.036,,,-0.807,-0.7807,,,,,,0.09,105.09,110.55,,,,,0.0,,,
2014-06-11,2.19,2.6,2.64,0.45,3.47,0.43,2.21,1.94,,106.527,,,,,,,,,,0.09,105.02,109.18,,,,,0.0,,,
2014-06-12,2.21,2.61,2.65,0.44,3.47,0.43,2.22,1.94,,110.875,,,,,,,,,,0.09,105.04,109.83,,,,,-0.1,,,
2014-06-13,2.16,2.54,2.58,0.42,3.41,0.39,2.19,1.95,,104.237,,,,,,,,,,0.09,107.2,112.18,,,,,-0.1,,,
2014-06-14,2.15,2.56,2.6,0.45,3.41,0.41,2.19,1.93,,67.629,,,,,,,,,,0.1,107.49,113.15,,,,,-0.1,,,
2014-06-15,,,,,,,,,,,4340904.0,2709510.0,,,,,,82.5,,0.1,,,,,,,-0.1,7353.1655,,
2014-06-16,,,,,,,,,,,,,,,237.231,,,,,0.1,,,,,,,-0.1,,,
2014-06-17,2.12,2.57,2.61,0.49,3.4,0.41,2.2,1.92,,53.376,,,-0.807,-0.7995,,,102.735,,,0.1,107.52,113.42,,,,,-0.1,,,
2014-06-18,2.15,2.62,2.66,0.51,3.44,0.43,2.23,1.97,,53.362,,,,,,,,,,0.1,106.95,114.02,,,,,-0.1,,,
2014-06-19,2.13,2.58,2.61,0.48,3.43,0.38,2.23,1.98,,88.388,,,,,,,,,,0.1,106.64,114.25,,,,,-0.1,,,
2014-06-20,2.16,2.62,2.64,0.48,3.47,0.39,2.25,2.02,,95.938,,,,,,,,,,0.1,107.08,115.19,,,,,-0.1,,,
2014-06-21,2.13,2.61,2.63,0.5,3.44,0.35,2.28,2.02,,109.656,,,,,,,,,,0.1,107.95,114.55,,,,,-0.1,,,
2014-06-22,,,,,,,,,,,4368168.0,2703925.0,,,,,,,,0.1,,,,,,,-0.1,7360.2847,,
2014-06-23,,,,,,,,,,,,,,,,,,,,0.1,,,,,,,-0.1,,,
2014-06-24,2.15,2.6,2.63,0.48,3.45,0.35,2.28,2.03,,120.333,,,-0.803,-0.8098,,,,,,0.1,106.83,113.62,,,,,-0.1,,,
2014-06-25,2.1,2.56,2.59,0.49,3.41,0.31,2.28,2.05,,107.244,,,,,,,,,,0.1,106.64,113.74,,,,,-0.1,,,
2014-06-26,2.09,2.54,2.57,0.48,3.38,0.29,2.28,2.03,,119.673,,,,,,,,,,0.1,107.04,112.84,,,,,-0.1,,,
2014-06-27,2.07,2.49,2.53,0.46,3.35,0.26,2.27,2.02,,137.105,,,,,,,,,,0.1,106.49,112.61,,,,,-0.1,,,
2014-06-28,2.09,2.51,2.54,0.45,3.36,0.27,2.27,2.03,,140.898,,,,,,,,,,0.1,106.46,112.62,,,,,-0.1,,,
2014-06-29,,,,,,,,,,,4368348.0,2640303.0,,,,,,,,0.1,,,,,,,-0.1,7365.7986,,
2014-06-30,,,,,,,,,,,,,,,,,,,,0.1,,,,,,-11.1,-0.1,,100.6513,80.39510169311042
2014-07-01,2.06,2.49,2.53,0.47,3.34,0.27,2.26,2.0,,339.481,,,-0.796,-0.7985,,,,,11398.4,0.09,106.07,111.03,6821.142857142857,4.593333333333333,0.18,,-0.1,,,
2014-07-02,2.11,2.56,2.58,0.47,3.4,0.32,2.26,2.0,,150.572,,,,,,,,,,0.1,106.06,110.84,,,,,-0.1,,,
2014-07-03,2.15,2.62,2.64,0.49,3.46,0.38,2.26,2.01,,148.492,,,,,,,,,,0.1,105.18,110.18,,,,,-0.1,,,
2014-07-04,2.13,2.64,2.65,0.52,3.47,0.37,2.28,2.03,,136.039,,,,,,,,,,0.09,104.76,108.98,,,,,-0.1,,,
2014-07-05,,,,,,,,,,,,,,,,,,,,0.09,,,,,,,-0.1,,,
2014-07-06,,,,,,,,,,,4377031.0,2578697.0,,,,,,,,0.09,,,,,,,-0.1,7391.2858,,
2014-07-07,,,,,,,,,,,,,,,,,,,,0.09,,,,,,,-0.1,,,
2014-07-08,2.11,2.59,2.63,0.52,3.44,0.36,2.27,2.01,,143.02,,,-0.787,-0.7715,,6.2,,,,0.1,104.19,108.7,,,,,-0.1,,,
2014-07-09,2.07,2.55,2.58,0.51,3.38,0.31,2.27,1.99,,136.387,,,,,,,,,,0.09,104.06,107.65,,,,,-0.1,,,
2014-07-10,2.06,2.54,2.57,0.51,3.37,0.28,2.29,1.98,,144.921,,,,,,,,,,0.09,102.93,106.84,,,,,-0.1,,,
2014-07-11,2.09,2.53,2.55,0.46,3.38,0.27,2.28,2.0,,125.926,,,,,,,,,,0.09,103.61,106.2,,,,,-0.1,,,
2014-07-12,2.05,2.51,2.53,0.48,3.34,0.25,2.28,1.99,,113.623,,,,,,,,,,0.09,101.48,105.77,,,,,-0.1,,,
2014-07-13,,,,,,,,,,,4383401.0,2622832.0,,,,,,,,0.09,,,,,,,-0.1,7387.5209,,
2014-07-14,,,,,,,,,,,,,,,,,,,,0.09,,,,,,,-0.1,,,
2014-07-15,2.07,2.52,2.55,0.48,3.36,0.28,2.27,1.99,,108.675,,,-0.775,-0.7193,,,,81.8,,0.09,101.73,104.73,,,,,-0.1,,,
2014-07-16,2.07,2.54,2.56,0.49,3.37,0.31,2.25,1.96,,96.922,,,,,237.498,,,,,0.09,100.56,104.73,,,,,-0.1,,,
2014-07-17,2.05,2.53,2.55,0.5,3.35,0.32,2.23,1.95,,105.841,,,,,,,102.9632,,,0.09,101.88,105.41,,,,,-0.1,,,
2014-07-18,2.0,2.45,2.47,0.47,3.27,0.24,2.23,1.97,,94.361,,,,,,,,,,0.09,103.84,106.04,,,,,-0.1,,,
2014-07-19,1.99,2.48,2.5,0.51,3.29,0.26,2.24,1.96,,113.503,,,,,,,,,,0.09,103.83,106.03,,,,,-0.1,,,
2014-07-20,,,,,,,,,,,4398201.0,2639685.0,,,,,,,,0.09,,,,,,,-0.1,7396.784,,
2014-07-21,,,,,,,,,,,,,,,,,,,,0.09,,,,,,,-0.1,,,
2014-07-22,1.98,2.46,2.49,0.51,3.26,0.25,2.24,1.97,,113.836,,,-0.763,-0.6627,,,,,,0.1,105.34,105.71,,,,,-0.1,,,
2014-07-23,1.99,2.45,2.48,0.49,3.25,0.25,2.23,1.93,,127.244,,,,,,,,,,0.09,104.59,106.48,,,,,-0.1,,,
2014-07-24,1.98,2.45,2.48,0.5,3.26,0.25,2.23,1.92,,136.74,,,,,,,,,,0.09,103.81,106.85,,,,,-0.1,,,
2014-07-25,1.99,2.49,2.52,0.53,3.3,0.25,2.27,1.93,,87.923,,,,,,,,,,0.09,102.76,105.78,,,,,-0.1,,,
2014-07-26,1.95,2.45,2.48,0.53,3.24,0.2,2.28,1.95,,90.379,,,,,,,,,,0.09,105.23,106.89,,,,,-0.1,,,
2014-07-27,,,,,,,,,,,4410746.0,2792302.0,,,,,,,,0.09,,,,,,,-0.1,7403.5371,,
2014-07-28,,,,,,,,,,,,,,,,,,,,0.09,,,,,,,-0.1,,,
2014-07-29,1.96,2.46,2.5,0.54,3.26,0.22,2.28,1.95,,103.848,,,-0.753,-0.6891,,,,,,0.09,105.68,106.7,,,,,-0.1,,,
2014-07-30,1.93,2.45,2.47,0.54,3.22,0.2,2.27,1.94,,118.021,,,,,,,,,,0.09,104.91,106.98,,,,,-0.1,,,
2014-07-31,2.01,2.53,2.57,0.56,3.31,0.29,2.28,1.96,,115.757,,,,,,,,,11452.5,0.09,104.29,106.47,7113.380434782609,4.041739130434783,0.24,,-0.1,,,
2014-08-01,2.05,2.55,2.58,0.53,3.32,0.29,2.29,1.97,,156.374,,,,,,,,,,0.08,98.23,104.94,,,,,-0.1,,,
2014-08-02,2.05,2.49,2.52,0.47,3.29,0.25,2.27,1.92,,101.035,,,,,,,,,,0.09,97.86,103.45,,,,,-0.1,,,
2014-08-03,,,,,,,,,,,4406637.0,2809004.0,,,,,,,,0.09,,,,,,,-0.1,7414.9764,,
2014-08-04,,,,,,,,,,,,,,,,,,,,0.09,,,,,,,-0.1,,,
2014-08-05,2.04,2.47,2.51,0.47,3.3,0.26,2.25,1.9,,114.198,,,-0.745,-0.5644,,,,,,0.09,98.26,103.63,,,,,-0.1,,,
2014-08-06,2.02,2.46,2.49,0.47,3.28,0.25,2.24,1.9,,118.152,,,,,,,,,,0.09,97.34,102.82,,,,,-0.1,,,
2014-08-07,2.01,2.46,2.49,0.48,3.27,0.24,2.25,1.9,,123.782,,,,,,,,,,0.09,96.93,104.17,,,,,-0.1,,,
2014-08-08,1.99,2.4,2.43,0.44,3.23,0.19,2.24,1.89,,128.981,,,,,,6.1,,,,0.09,97.34,104.02,,,,,-0.1,,,
2014-08-09,1.99,2.41,2.44,0.45,3.23,0.19,2.25,1.86,,127.846,,,,,,,,,,0.09,97.61,103.36,,,,,-0.1,,,
2014-08-10,,,,,,,,,,,4410111.0,2789330.0,,,,,,,,0.09,,,,,,,-0.1,7429.2861,,
2014-08-11,,,,,,,,,,,,,,,,,,,,0.09,,,,,,,-0.1,,,
2014-08-12,1.97,2.4,2.44,0.47,3.24,0.19,2.25,1.86,,128.408,,,-0.74,-0.3928,,,,,,0.09,98.09,103.47,,,,,-0.1,,,
2014-08-13,2.01,2.43,2.46,0.45,3.27,0.22,2.24,1.87,,130.713,,,,,,,,,,0.09,97.36,101.68,,,,,-0.1,,,
2014-08-14,2.0,2.39,2.43,0.43,3.24,0.2,2.23,1.88,,135.622,,,,,,,,,,0.09,97.57,102.27,,,,,-0.1,,,
2014-08-15,1.98,2.36,2.4,0.42,3.2,0.19,2.21,1.84,,121.978,,,,,,,,82.5,,0.09,95.54,101.15,,,,,-0.1,,,
2014-08-16,1.92,2.31,2.34,0.42,3.13,0.16,2.18,1.83,,116.783,,,,,237.46,,,,,0.09,97.3,101.13,,,,,-0.1,,,
2014-08-17,,,,,,,,,,,4431923.0,2786792.0,,,,,102.7688,,,0.09,,,,,,,-0.1,7435.7945,,
2014-08-18,,,,,,,,,,,,,,,,,,,,0.09,,,,,,,-0.1,,,
2014-08-19,1.95,2.36,2.39,0.44,3.2,0.21,2.18,1.85,,135.842,,,-0.739,-0.6652,,,,,,0.09,96.44,99.37,,,,,-0.1,,,
2014-08-20,1.94,2.37,2.4,0.46,3.21,0.23,2.17,1.81,,143.128,,,,,,,,,,0.09,94.35,99.74,,,,,-0.1,,,
2014-08-21,1.94,2.39,2.43,0.49,3.22,0.26,2.17,1.83,,150.444,,,,,,,,,,0.09,96.4,99.92,,,,,-0.1,,,
2014-08-22,1.92,2.39,2.41,0.49,3.19,0.24,2.17,1.8,,145.418,,,,,,,,,,0.09,93.97,100.28,,,,,-0.1,,,
2014-08-23,1.87,2.37,2.4,0.53,3.16,0.26,2.14,1.79,,130.543,,,,,,,,,,0.09,93.61,100.09,,,,,-0.1,,,
2014-08-24,,,,,,,,,,,4412924.0,2790174.0,,,,,,,,0.09,,,,,,,-0.1,7464.4807,,
2014-08-25,,,,,,,,,,,,,,,,,,,,0.09,,,,,,,-0.1,,,
2014-08-26,1.86,2.35,2.39,0.53,3.13,0.24,2.15,1.78,,152.159,,,-0.738,-0.7248,,,,,,0.09,95.39,100.49,,,,,-0.1,,,
2014-08-27,1.87,2.36,2.39,0.52,3.15,0.25,2.14,1.83,,156.973,,,,,,,,,,0.09,95.78,100.5,,,,,-0.1,,,
2014-08-28,1.86,2.33,2.37,0.51,3.11,0.23,2.14,1.8,,179.845,,,,,,,,,,0.09,95.82,100.4,,,,,-0.1,,,
2014-08-29,1.84,2.31,2.34,0.5,3.08,0.21,2.13,1.77,,157.845,,,,,,,,,,0.09,96.44,100.71,,,,,-0.1,,,
2014-08-30,1.87,2.32,2.35,0.48,3.09,0.23,2.12,1.76,,172.59,,,,,,,,,,0.07,97.86,101.12,,,,,-0.1,,,
2014-08-31,,,,,,,,,,,4413736.0,2778794.0,,,,,,,11477.8,0.07,,,7001.8375,3.899047619047619,0.22,,-0.1,7457.7742,,
2014-09-01,,,,,,,,,,,,,,,,,,,,0.07,,,,,,,-0.1,,,
2014-09-02,,,,,,,,,,,,,-0.735,-0.6618,,,,,,0.07,,,,,,,-0.1,,,
2014-09-03,1.89,2.39,2.42,0.53,3.17,0.27,2.15,1.76,,143.468,,,,,,,,,,0.09,92.92,100.21,,,,,-0.1,,,
2014-09-04,1.89,2.38,2.41,0.52,3.15,0.24,2.17,1.77,,151.016,,,,,,,,,,0.09,95.5,100.88,,,,,-0.1,,,
2014-09-05,1.91,2.42,2.45,0.54,3.21,0.28,2.17,1.76,,160.534,,,,,,,,,,0.09,94.51,101.21,,,,,-0.1,,,
2014-09-06,1.94,2.43,2.46,0.52,3.23,0.31,2.15,1.77,,160.186,,,,,,,,,,0.09,93.32,99.51,,,,,-0.1,,,
2014-09-07,,,,,,,,,,,4415587.0,2777409.0,,,,,,,,0.09,,,,,,,-0.1,7469.1279,,
2014-09-08,,,,,,,,,,,,,,,,5.9,,,,0.09,,,,,,,-0.1,,,
2014-09-09,1.94,2.46,2.48,0.54,3.23,0.35,2.13,1.74,,180.493,,,-0.729,-0.611,,,,,,0.09,92.64,99.53,,,,,-0.1,,,
2014-09-10,1.94,2.48,2.5,0.56,3.23,0.39,2.11,1.71,,168.607,,,,,,,,,,0.09,92.73,98.08,,,,,-0.1,,,
2014-09-11,1.96,2.52,2.54,0.58,3.26,0.44,2.1,1.69,,160.299,,,,,,,,,,0.09,91.71,96.26,,,,,-0.2,,,
2014-09-12,1.96,2.52,2.54,0.58,3.27,0.42,2.12,1.76,,167.4,,,,,,,,,,0.09,92.89,96.42,,,,,-0.2,,,
2014-09-13,2.04,2.6,2.62,0.58,3.35,0.49,2.13,1.75,,148.338,,,,,,,,,,0.09,92.18,96.31,,,,,-0.2,,,
2014-09-14,,,,,,,,,,,4421408.0,2787045.0,,,,,,,,0.09,,,,,,,-0.2,7469.9281,,
2014-09-15,,,,,,,,,,,,,,,,,,84.6,,0.09,,,,,,,-0.2,,,
2014-09-16,2.02,2.58,2.6,0.58,3.34,0.47,2.13,1.73,,135.916,,,-0.718,-0.5164,237.477,,,,,0.09,92.86,96.43,,,,,-0.2,,,
2014-09-17,2.05,2.58,2.6,0.55,3.36,0.48,2.12,1.75,,147.752,,,,,,,103.0641,,,0.09,94.91,97.39,,,,,-0.2,,,
2014-09-18,2.03,2.6,2.62,0.59,3.37,0.56,2.06,1.63,,156.936,,,,,,,,,,0.09,94.33,97.7,,,,,-0.2,,,
2014-09-19,2.04,2.61,2.63,0.59,3.36,0.61,2.02,1.56,,168.148,,,,,,,,,,0.09,93.07,96.82,,,,,-0.2,,,
2014-09-20,2.0,2.57,2.59,0.59,3.29,0.56,2.03,1.56,,169.519,,,,,,,,,,0.09,92.43,96.75,,,,,-0.2,,,
2014-09-21,,,,,,,,,,,4449588.0,2797996.0,,,,,,,,0.09,,,,,,,-0.2,7483.5998,,
2014-09-22,,,,,,,,,,,,,,,,,,,,0.09,,,,,,,-0.2,,,
2014-09-23,1.99,2.56,2.57,0.58,3.28,0.58,1.99,1.6,,178.327,,,-0.702,-0.5224,,,,,,0.09,91.46,95.37,,,,,-0.2,,,
2014-09-24,1.97,2.53,2.54,0.57,3.25,0.52,2.02,1.63,,174.426,,,,,,,,,,0.09,91.55,94.87,,,,,-0.2,,,
2014-09-25,1.98,2.55,2.57,0.59,3.28,0.54,2.03,1.66,,162.317,,,,,,,,,,0.09,93.6,94.53,,,,,-0.2,,,
2014-09-26,1.96,2.51,2.52,0.56,3.22,0.5,2.02,1.62,,158.09,,,,,,,,,,0.09,93.59,95.2,,,,,-0.2,,,
2014-09-27,1.95,2.53,2.54,0.59,3.22,0.57,1.97,1.59,,172.96,,,,,,,,,,0.09,95.55,95.08,,,,,-0.2,,,
2014-09-28,,,,,,,,,,,4459050.0,2732580.0,,,,,,,,0.09,,,,,,,-0.2,7486.1895,,
2014-09-29,,,,,,,,,,,,,,,,,,,,0.09,,,,,,-10.7,-0.2,,100.11145,80.36194654456393
2014-09-30,1.92,2.48,2.5,0.58,3.18,0.55,1.95,1.61,,194.566,,,-0.685,-0.3524,,,,,,0.08,94.53,95.7,,,,,-0.2,,,
2014-10-01,1.94,2.5,2.52,0.58,3.21,0.55,1.97,1.56,,300.0,,,,,,,,,11520.7,0.07,91.17,94.67,6872.215909090909,3.926363636363636,0.26,,-0.2,,,
2014-10-02,1.89,2.4,2.42,0.53,3.12,0.46,1.96,1.6,,212.481,,,,,,,,,,0.09,90.74,94.57,,,,,-0.2,,,
2014-10-03,1.91,2.43,2.44,0.53,3.15,0.49,1.95,1.57,,179.039,,,,,,,,,,0.09,91.02,91.29,,,,,-0.2,,,
2014-10-04,1.88,2.44,2.45,0.57,3.13,0.52,1.93,1.56,,184.682,,,,,,,,,,0.09,89.76,90.8,,,,,-0.2,,,
2014-10-05,,,,,,,,,,,4450260.0,2705717.0,,,,,,,,0.09,,,,,,,-0.2,7488.0057,,
2014-10-06,,,,,,,,,,,,,,,,,,,,0.09,,,,,,,-0.2,,,
2014-10-07,1.89,2.41,2.43,0.54,3.12,0.5,1.93,1.55,,185.508,,,-0.669,-0.3054,,,,,,0.09,90.33,90.65,,,,,-0.2,,,
2014-10-08,1.84,2.34,2.36,0.52,3.06,0.44,1.92,1.52,,184.514,,,,,,5.7,,,,0.09,88.89,90.9,,,,,-0.2,,,
2014-10-09,1.89,2.34,2.35,0.46,3.07,0.39,1.96,1.54,,182.531,,,,,,,,,,0.09,87.29,90.25,,,,,-0.2,,,
2014-10-10,1.88,2.33,2.34,0.46,3.07,0.37,1.97,1.52,,167.77,,,,,,,,,,0.08,85.76,90.47,,,,,-0.2,,,
2014-10-11,1.86,2.3,2.31,0.45,3.03,0.35,1.96,1.52,,161.647,,,,,,,,,,0.09,85.87,88.66,,,,,-0.2,,,
2014-10-12,,,,,,,,,,,4455403.0,2749347.0,,,,,,,,0.09,,,,,,,-0.2,7482.9629,,
2014-10-13,,,,,,,,,,,,,,,,,,,,0.09,,,,,,,-0.2,,,
2014-10-14,,,,,,,,,,,,,-0.657,-0.2856,,,,,,0.09,85.73,87.82,,,,,-0.2,,,
2014-10-15,1.82,2.19,2.21,0.39,2.95,0.29,1.92,1.41,,151.111,,,,,,,,86.9,,0.09,81.72,86.36,,,,,-0.2,,,
2014-10-16,1.81,2.13,2.15,0.34,2.92,0.29,1.86,1.37,,121.915,,,,,237.43,,,,,0.09,81.82,84.02,,,,,-0.2,,,
2014-10-17,1.82,2.14,2.17,0.35,2.94,0.28,1.89,1.37,,115.559,,,,,,,103.0764,,,0.09,82.33,84.02,,,,,-0.2,,,
2014-10-18,1.83,2.2,2.22,0.39,2.98,0.3,1.92,1.43,,122.148,,,,,,,,,,0.09,82.8,85.27,,,,,-0.2,,,
2014-10-19,,,,,,,,,,,4474360.0,2793290.0,,,,,,,,0.09,,,,,,,-0.2,7496.9566,,
2014-10-20,,,,,,,,,,,,,,,,,,,,0.09,,,,,,,-0.2,,,
2014-10-21,1.83,2.18,2.2,0.37,2.96,0.29,1.91,1.45,,137.408,,,-0.649,0.1635,,,,,,0.09,82.76,84.42,,,,,-0.2,,,
2014-10-22,1.85,2.21,2.23,0.38,3.0,0.33,1.9,1.42,,124.658,,,,,,,,,,0.09,83.25,85.17,,,,,-0.2,,,
2014-10-23,1.84,2.23,2.25,0.41,3.01,0.34,1.91,1.47,,135.424,,,,,,,,,,0.09,80.52,86.38,,,,,-0.2,,,
2014-10-24,1.88,2.28,2.29,0.41,3.05,0.38,1.91,1.43,,137.137,,,,,,,,,,0.09,82.81,85.94,,,,,-0.2,,,
2014-10-25,1.88,2.28,2.29,0.41,3.05,0.39,1.9,1.46,,103.501,,,,,,,,,,0.09,81.27,86.0,,,,,-0.2,,,
2014-10-26,,,,,,,,,,,4481616.0,2688613.0,,,,,,,,0.09,,,,,,,-0.2,7519.85,,
2014-10-27,,,,,,,,,,,,,,,,,,,,0.09,,,,,,,-0.2,,,
2014-10-28,1.86,2.25,2.27,0.41,3.04,0.38,1.89,1.44,,116.857,,,-0.65,-0.4451,,,,,,0.09,81.26,85.64,,,,,-0.2,,,
2014-10-29,1.88,2.28,2.3,0.42,3.06,0.39,1.91,1.47,,118.038,,,,,,,,,,0.09,81.36,85.57,,,,,-0.2,,,
2014-10-30,1.86,2.31,2.34,0.48,3.06,0.42,1.92,1.47,,134.69,,,,,,,,,,0.09,82.25,86.91,,,,,-0.2,,,
2014-10-31,1.84,2.31,2.32,0.48,3.04,0.42,1.9,1.49,,142.244,,,,,,,,,11596.5,0.09,81.06,85.5,6737.478260869565,3.801304347826087,0.32,,-0.2,,,
2014-11-01,1.85,2.34,2.35,0.5,3.07,0.43,1.92,1.53,,186.282,,,,,,,,,,0.07,80.53,84.17,,,,,-0.2,,,
2014-11-02,,,,,,,,,,,4486754.0,2629809.0,,,,,,,,0.07,,,,,,,-0.2,7513.1775,,
2014-11-03,,,,,,,,,,,,,,,,,,,,0.07,,,,,,,-0.2,,,
2014-11-04,1.84,2.34,2.36,0.52,3.07,0.43,1.93,1.55,,122.566,,,-0.655,-0.4707,,,,,,0.09,78.77,84.9,,,,,-0.2,,,
2014-11-05,1.83,2.32,2.35,0.52,3.05,0.43,1.92,1.49,,124.919,,,,,,,,,,0.1,77.15,82.12,,,,,-0.2,,,
2014-11-06,1.84,2.33,2.36,0.52,3.06,0.43,1.93,1.54,,122.9,,,,,,,,,,0.09,78.71,82.88,,,,,-0.2,,,
2014-11-07,1.85,2.36,2.39,0.54,3.09,0.45,1.94,1.58,,110.247,,,,,,,,,,0.09,77.87,82.08,,,,,-0.2,,,
2014-11-08,1.81,2.29,2.32,0.51,3.04,0.38,1.94,1.59,,106.216,,,,,,5.8,,,,0.09,78.71,83.2,,,,,-0.2,,,
2014-11-09,,,,,,,,,,,4486585.0,2561062.0,,,,,,,,0.09,,,,,,,-0.2,7519.1533,,
2014-11-10,,,,,,,,,,,,,,,,,,,,0.09,,,,,,,-0.2,,,
2014-11-11,1.83,2.36,2.38,0.55,3.09,0.44,1.94,1.58,,100.452,,,-0.662,-0.4362,,,,,,0.09,77.43,82.9,,,,,-0.2,,,
2014-11-12,,,,,,,,,,,,,,,,,,,,0.09,77.85,80.94,,,,,-0.2,,,
2014-11-13,1.82,2.35,2.37,0.55,3.09,0.46,1.91,1.53,,111.681,,,,,,,,,,0.09,77.16,80.42,,,,,-0.2,,,
2014-11-14,1.82,2.33,2.35,0.53,3.08,0.47,1.88,1.48,,110.881,,,,,,,,,,0.09,74.13,77.74,,,,,-0.2,,,
2014-11-15,1.78,2.3,2.32,0.54,3.04,0.43,1.89,1.45,,99.376,,,,,,,,88.8,,0.09,75.91,77.51,,,,,-0.2,,,
2014-11-16,,,,,,,,,,,4488895.0,2568099.0,,,236.983,,,,,0.09,,,,,,,-0.2,7543.9069,,
2014-11-17,,,,,,,,,,,,,,,,,103.7126,,,0.09,,,,,,,-0.2,,,
2014-11-18,1.8,2.31,2.34,0.54,3.06,0.48,1.86,1.42,,115.555,,,-0.666,-0.4248,,,,,,0.1,75.64,76.86,,,,,-0.2,,,
2014-11-19,1.79,2.3,2.32,0.53,3.05,0.48,1.84,1.42,,158.321,,,,,,,,,,0.11,74.55,77.23,,,,,-0.2,,,
2014-11-20,1.82,2.35,2.36,0.54,3.08,0.53,1.83,1.39,,167.377,,,,,,,,,,0.1,74.55,77.21,,,,,-0.2,,,
2014-11-21,1.81,2.32,2.34,0.53,3.05,0.49,1.85,1.41,,163.034,,,,,,,,,,0.1,75.63,77.61,,,,,-0.2,,,
2014-11-22,1.78,2.3,2.31,0.53,3.02,0.45,1.86,1.44,,162.469,,,,,,,,,,0.1,76.52,79.2,,,,,-0.2,,,
2014-11-23,,,,,,,,,,,4492759.0,2520171.0,,,,,,,,0.1,,,,,,,-0.2,7550.7966,,
2014-11-24,,,,,,,,,,,,,,,,,,,,0.1,,,,,,,-0.2,,,
2014-11-25,1.77,2.28,2.3,0.53,3.01,0.44,1.86,1.43,,133.559,,,-0.666,-0.2988,,,,,,0.1,75.74,79.62,,,,,-0.2,,,
2014-11-26,1.76,2.25,2.27,0.51,2.97,0.42,1.85,1.47,,146.679,,,,,,,,,,0.1,74.04,77.62,,,,,-0.2,,,
2014-11-27,1.71,2.22,2.24,0.53,2.95,0.42,1.82,1.44,,148.284,,,,,,,,,,0.1,73.7,77.39,,,,,-0.2,,,
2014-11-28,,,,,,,,,,,,,,,,,,,,0.1,,,,,,,-0.2,,,
2014-11-29,1.71,2.16,2.18,0.47,2.89,0.39,1.79,1.39,,173.91,,,,,,,,,,0.08,65.94,71.89,,,,,-0.2,,,
2014-11-30,,,,,,,,,,,4485931.0,2486574.0,,,,,,,,0.08,,,,,,,-0.2,7574.4951,,
2014-12-01,,,,,,,,,,,,,,,,,,,11638.9,0.08,,,6712.85,4.2395,0.32,,-0.2,,,
2014-12-02,1.73,2.19,2.22,0.49,2.95,0.43,1.79,1.39,,154.58,,,-0.659,-0.3975,,,,,,0.13,68.98,70.87,,,,,-0.2,,,
2014-12-03,1.73,2.25,2.28,0.55,3.0,0.51,1.77,1.36,,153.531,,,,,,,,,,0.12,66.99,71.13,,,,,-0.2,,,
2014-12-04,1.72,2.28,2.29,0.57,2.99,0.5,1.79,1.38,,166.328,,,,,,,,,,0.12,67.3,70.13,,,,,-0.2,,,
2014-12-05,1.7,2.23,2.25,0.55,2.94,0.48,1.77,1.36,,142.641,,,,,,,,,,0.12,66.73,68.48,,,,,-0.2,,,
2014-12-06,1.66,2.29,2.31,0.65,2.97,0.56,1.75,1.35,,145.545,,,,,,,,,,0.12,65.89,68.0,,,,,-0.2,,,
2014-12-07,,,,,,,,,,,4486190.0,2449444.0,,,,,,,,0.12,,,,,,,-0.2,7568.8306,,
2014-12-08,,,,,,,,,,,,,,,,5.6,,,,0.12,,,,,,,-0.2,,,
2014-12-09,1.62,2.23,2.26,0.64,2.9,0.55,1.71,1.24,,104.199,,,-0.646,-0.2822,,,,,,0.12,63.13,65.64,,,,,-0.2,,,
2014-12-10,1.58,2.18,2.22,0.64,2.87,0.49,1.73,1.34,,94.442,,,,,,,,,,0.12,63.74,66.11,,,,,-0.2,,,
2014-12-11,1.59,2.15,2.18,0.59,2.83,0.47,1.71,1.27,,105.322,,,,,,,,,,0.12,60.99,63.32,,,,,-0.2,,,
2014-12-12,1.57,2.16,2.19,0.62,2.84,0.49,1.7,1.27,,99.829,,,,,,,,,,0.12,60.01,63.65,,,,,-0.2,,,
2014-12-13,1.54,2.08,2.1,0.56,2.75,0.46,1.64,1.2,,86.425,,,,,,,,,,0.12,57.81,61.67,,,,,-0.2,,,
2014-12-14,,,,,,,,,,,4488865.0,2433138.0,,,,,,,,0.12,,,,,,,-0.2,7583.2815,,
2014-12-15,,,,,,,,,,,,,,,,,,93.6,,0.12,,,,,,,-0.2,,,
2014-12-16,1.52,2.08,2.12,0.6,2.74,0.5,1.62,1.17,,34.587,,,-0.626,-0.0016,236.252,,,,,0.11,55.96,61.09,,,,,-0.2,,,
2014-12-17,1.49,2.04,2.07,0.58,2.69,0.42,1.65,1.21,,40.717,,,,,,,103.7044,,,0.12,55.97,60.26,,,,,-0.2,,,
2014-12-18,1.52,2.11,2.14,0.62,2.74,0.49,1.65,1.22,,31.783,,,,,,,,,,0.13,56.43,59.84,,,,,-0.2,,,
2014-12-19,1.55,2.18,2.22,0.67,2.82,0.57,1.65,1.2,,59.473,,,,,,,,,,0.13,54.18,58.81,,,,,-0.2,,,
2014-12-20,1.5,2.13,2.17,0.67,2.77,0.49,1.68,1.27,,66.423,,,,,,,,,,0.13,56.91,58.87,,,,,-0.2,,,
2014-12-21,,,,,,,,,,,4502247.0,2786907.0,,,,,,,,0.13,,,,,,,-0.2,7593.4336,,
2014-12-22,,,,,,,,,,,,,,,,,,,,0.13,,,,,,,-0.2,,,
2014-12-23,1.46,2.12,2.17,0.71,2.75,0.47,1.7,1.29,,59.159,,,-0.603,0.0926,,,,,,0.13,55.25,58.31,,,,,-0.2,,,
2014-12-24,1.53,2.23,2.26,0.73,2.85,0.56,1.7,1.3,,55.574,,,,,,,,,,0.13,56.78,59.07,,,,,-0.2,,,
2014-12-25,1.54,2.26,2.27,0.73,2.83,0.59,1.68,1.26,,53.237,,,,,,,,,,0.13,55.7,58.67,,,,,-0.2,,,
2014-12-26,,,,,,,,,,,,,,,,,,,,0.13,,,,,,,-0.2,,,
2014-12-27,1.52,2.24,2.25,0.73,2.81,0.58,1.67,1.26,,41.492,,,,,,,,,,0.13,54.59,58.72,,,,,-0.2,,,
2014-12-28,,,,,,,,,,,4509462.0,2681801.0,,,,,,,,0.13,,,,,,,-0.2,7623.2614,,
2014-12-29,,,,,,,,,,,,,,,,,,,,0.13,,,,,,,-0.2,,,
2014-12-30,1.5,2.19,2.22,0.72,2.78,0.57,1.65,1.22,,29.172,,,-0.581,-0.4783,,,,,,0.13,53.46,57.86,,,,-10.5,-0.2,,101.2805,80.74242430696057
2014-12-31,1.51,2.17,2.2,0.69,2.76,0.56,1.64,1.21,,39.621,,,,,,,,,11721.2,0.13,54.14,55.6,6446.452380952381,3.486521739130435,0.62,,-0.2,,,
2015-01-01,1.5,2.13,2.17,0.67,2.75,0.49,1.68,1.27,,171.12,,,,,,,,,,0.06,53.45,55.27,,,,,-0.2,,,
2015-01-02,,,,,,,,,,,,,,,,,,,,0.06,,,,,,,-0.2,,,
2015-01-03,1.46,2.1,2.12,0.66,2.69,0.41,1.71,1.3,,42.186,,,,,,,,,,0.12,52.72,55.38,,,,,-0.2,,,
2015-01-04,,,,,,,,,,,4497660.0,2574784.0,,,,,,,,0.12,,,,,,,-0.2,7628.5212,,
2015-01-05,,,,,,,,,,,,,,,,,,,,0.12,,,,,,,-0.2,,,
2015-01-06,1.36,2.01,2.04,0.68,2.6,0.4,1.64,1.25,,164.177,,,-0.559,-0.0985,,,,,,0.12,50.05,51.08,,,,,-0.2,,,
2015-01-07,1.32,1.94,1.97,0.65,2.52,0.41,1.56,1.16,,149.885,,,,,,,,,,0.12,47.98,50.12,,,,,-0.2,,,
2015-01-08,1.34,1.93,1.96,0.62,2.52,0.39,1.57,1.16,,143.749,,,,,,5.7,,,,0.12,48.69,49.06,,,,,-0.2,,,
2015-01-09,1.41,2.0,2.03,0.62,2.59,0.41,1.62,1.21,,124.293,,,,,,,,,,0.12,48.8,49.43,,,,,-0.2,,,
2015-01-10,1.39,1.96,1.98,0.59,2.55,0.36,1.62,1.2,,116.195,,,,,,,,,,0.12,48.35,47.64,,,,,-0.2,,,
2015-01-11,,,,,,,,,,,4499524.0,2600598.0,,,,,,,,0.12,,,,,,,-0.2,7639.8454,,
2015-01-12,,,,,,,,,,,,,,,,,,,,0.12,,,,,,,-0.2,,,
2015-01-13,1.36,1.89,1.92,0.56,2.49,0.35,1.57,1.16,,118.125,,,-0.541,0.1606,,,,,,0.12,46.06,46.9,,,,,-0.2,,,
2015-01-14,1.37,1.88,1.91,0.54,2.49,0.37,1.54,1.05,,107.316,,,,,,,,,,0.12,45.92,45.13,,,,,-0.2,,,
2015-01-15,1.35,1.82,1.86,0.51,2.47,0.29,1.57,1.18,,95.4,,,,,,,,98.1,,0.12,48.49,45.82,,,,,-0.2,,,
2015-01-16,1.33,1.74,1.77,0.44,2.4,0.19,1.58,1.18,,96.517,,,,,234.747,,,,,0.12,46.37,47.66,,,,,-0.2,,,
2015-01-17,1.34,1.8,1.83,0.49,2.44,0.23,1.6,1.19,,135.836,,,,,,,102.8905,,,0.13,48.49,47.38,,,,,-0.2,,,
2015-01-18,,,,,,,,,,,4516077.0,2753903.0,,,,,,,,0.13,,,,,,,-0.2,7657.5115,,
2015-01-19,,,,,,,,,,,,,,,,,,,,0.13,,,,,,,-0.2,,,
2015-01-20,,,,,,,,,,,,,-0.526,0.1632,,,,,,0.13,,,,,,,-0.2,,,
2015-01-21,1.29,1.79,1.82,0.53,2.39,0.23,1.59,1.19,,147.499,,,,,,,,,,0.12,46.79,46.49,,,,,-0.2,,,
2015-01-22,1.34,1.84,1.87,0.53,2.44,0.26,1.61,1.17,,167.769,,,,,,,,,,0.12,47.85,46.5,,,,,-0.2,,,
2015-01-23,1.37,1.87,1.9,0.53,2.46,0.29,1.61,1.19,,168.182,,,,,,,,,,0.12,45.93,46.09,,,,,-0.2,,,
2015-01-24,1.29,1.79,1.81,0.52,2.38,0.21,1.6,1.21,,129.836,,,,,,,,,,0.12,45.26,46.69,,,,,-0.2,,,
2015-01-25,,,,,,,,,,,4512936.0,2722392.0,,,,,,,,0.12,,,,,,,-0.2,7675.5531,,
2015-01-26,,,,,,,,,,,,,,,,,,,,0.12,,,,,,,-0.2,,,
2015-01-27,1.29,1.8,1.83,0.54,2.4,0.22,1.61,1.24,,132.698,,,-0.517,-0.0091,,,,,,0.12,44.8,46.07,,,,,-0.2,,,
2015-01-28,1.29,1.81,1.83,0.54,2.4,0.17,1.66,1.29,,136.677,,,,,,,,,,0.11,45.84,46.55,,,,,-0.2,,,
2015-01-29,1.23,1.71,1.73,0.5,2.29,0.12,1.61,1.24,,163.553,,,,,,,,,,0.12,44.08,47.07,,,,,-0.2,,,
2015-01-30,1.26,1.74,1.77,0.51,2.33,0.15,1.62,1.31,,148.784,,,,,,,,,,0.11,44.12,46.61,,,,,-0.2,,,
2015-01-31,1.21,1.66,1.68,0.47,2.25,0.03,1.65,1.29,,190.842,,,,,,,,,11806.2,0.06,47.79,47.52,5830.535714285714,2.936363636363636,2.06,,-0.2,,,
2015-02-01,,,,,,,,,,,4500064.0,2665153.0,,,,,,,,0.06,,,,,,,-0.2,7672.8024,,
2015-02-02,,,,,,,,,,,,,,,,,,,,0.06,,,,,,,-0.2,,,
2015-02-03,1.19,1.66,1.68,0.49,2.25,0.03,1.65,1.32,,132.913,,,-0.514,0.0176,,,,,,0.12,49.25,51.74,,,,,-0.2,,,
2015-02-04,1.27,1.77,1.79,0.52,2.37,0.09,1.7,1.4,,142.006,,,,,,,,,,0.12,53.04,54.41,,,,,-0.2,,,
2015-02-05,1.29,1.8,1.81,0.52,2.39,0.1,1.71,1.35,,145.65,,,,,,,,,,0.11,48.45,55.07,,,,,-0.2,,,
2015-02-06,1.31,1.81,1.83,0.52,2.42,0.13,1.7,1.38,,124.667,,,,,,,,,,0.12,50.48,55.98,,,,,-0.2,,,
2015-02-07,1.3,1.93,1.95,0.65,2.51,0.24,1.71,1.36,,121.983,,,,,,,,,,0.11,51.66,55.88,,,,,-0.2,,,
2015-02-08,,,,,,,,,,,4500348.0,2684263.0,,,,5.5,,,,0.11,,,,,,,-0.2,7674.5733,,
2015-02-09,,,,,,,,,,,,,,,,,,,,0.11,,,,,,,-0.2,,,
2015-02-10,1.31,1.95,1.96,0.65,2.52,0.25,1.71,1.36,,118.986,,,-0.515,-0.1654,,,,,,0.12,52.99,57.0,,,,,-0.2,,,
2015-02-11,1.34,2.0,2.01,0.67,2.58,0.31,1.7,1.32,,122.277,,,,,,,,,,0.12,50.06,55.79,,,,,-0.2,,,
2015-02-12,1.33,1.99,2.0,0.67,2.57,0.32,1.68,1.32,,126.752,,,,,,,,,,0.12,48.8,53.48,,,,,-0.2,,,
2015-02-13,1.38,1.97,1.99,0.61,2.58,0.33,1.66,1.37,,113.479,,,,,,,,,,0.12,51.17,56.23,,,,,-0.2,,,
2015-02-14,1.36,2.01,2.02,0.66,2.63,0.34,1.68,1.32,,92.532,,,,,,,,,,0.12,52.66,60.33,,,,,-0.2,,,
2015-02-15,,,,,,,,,,,4501685.0,2536607.0,,,,,,95.4,,0.12,,,,,,,-0.2,7692.7671,,
2015-02-16,,,,,,,,,,,,,,,235.342,,,,,0.12,,,,,,,-0.2,,,
2015-02-17,,,,,,,,,,,,,-0.519,-0.2586,,,102.2335,,,0.12,,61.57,,,,,-0.2,,,
2015-02-18,1.44,2.12,2.14,0.7,2.73,0.43,1.71,1.33,,111.325,,,,,,,,,,0.12,53.56,60.78,,,,,-0.2,,,
2015-02-19,1.45,2.05,2.07,0.62,2.7,0.36,1.71,1.32,,157.273,,,,,,,,,,0.12,52.13,60.72,,,,,-0.2,,,
2015-02-20,1.44,2.09,2.11,0.67,2.73,0.37,1.74,1.35,,133.105,,,,,,,,,,0.12,51.12,58.78,,,,,-0.2,,,
2015-02-21,1.46,2.11,2.13,0.67,2.73,0.38,1.75,1.37,,157.518,,,,,,,,,,0.12,49.95,60.99,,,,,-0.2,,,
2015-02-22,,,,,,,,,,,4496851.0,2457419.0,,,,,,,,0.12,,,,,,,-0.2,7715.5109,,
2015-02-23,,,,,,,,,,,,,,,,,,,,0.12,,,,,,,-0.2,,,
2015-02-24,1.42,2.04,2.06,0.64,2.66,0.34,1.72,1.34,,152.311,,,-0.525,-0.24,,,,,,0.11,49.56,59.78,,,,,-0.2,,,
2015-02-25,1.39,1.97,1.99,0.6,2.6,0.27,1.72,1.33,,124.802,,,,,,,,,,0.11,48.48,60.33,,,,,-0.2,,,
2015-02-26,1.35,1.94,1.96,0.61,2.56,0.24,1.72,1.36,,149.75,,,,,,,,,,0.11,50.25,59.77,,,,,-0.2,,,
2015-02-27,1.37,2.0,2.03,0.66,2.63,0.24,1.79,1.49,,130.583,,,,,,,,,,0.11,47.65,61.39,,,,,-0.2,,,
2015-02-28,1.37,1.98,2.0,0.63,2.6,0.17,1.83,1.49,,155.001,,,,,,,,,,0.06,49.84,61.89,,,,,-0.2,,,
2015-03-01,,,,,,,,,,,4486725.0,2328963.0,,,,,,,,0.06,,,,,,,-0.2,7744.7949,,
2015-03-02,,,,,,,,,,,,,,,,,,,,0.06,,,,,,,-0.2,,,
2015-03-03,1.42,2.06,2.08,0.66,2.68,0.25,1.83,1.54,,118.208,,,-0.532,-0.2136,,,,,11920.7,0.12,49.59,60.75,5729.275,2.7565,2.42,,-0.2,,,
2015-03-04,1.44,2.1,2.12,0.68,2.71,0.26,1.86,1.57,,110.872,,,,,,,,,,0.12,50.43,61.18,,,,,-0.2,,,
2015-03-05,1.46,2.11,2.12,0.66,2.72,0.25,1.87,1.61,,95.1,,,,,,,,,,0.11,51.53,59.18,,,,,-0.2,,,
2015-03-06,1.46,2.09,2.11,0.65,2.71,0.27,1.84,1.53,,73.924,,,,,,,,,,0.11,50.76,60.33,,,,,-0.2,,,
2015-03-07,1.51,2.23,2.24,0.73,2.83,0.41,1.83,1.55,,80.862,,,,,,,,,,0.12,49.61,59.15,,,,,-0.2,,,
2015-03-08,,,,,,,,,,,4487583.0,2522095.0,,,,5.4,,,,0.12,,,,,,,-0.2,7757.2535,,
2015-03-09,,,,,,,,,,,,,,,,,,,,0.12,,,,,,,-0.2,,,
2015-03-10,1.5,2.18,2.2,0.7,2.8,0.44,1.76,1.47,,85.648,,,-0.537,-0.2636,,,,,,0.12,49.95,58.67,,,,,-0.2,,,
2015-03-11,1.44,2.12,2.14,0.7,2.73,0.41,1.73,1.36,,84.535,,,,,,,,,,0.12,48.42,55.95,,,,,-0.2,,,
2015-03-12,1.41,2.08,2.11,0.7,2.69,0.39,1.72,1.45,,84.389,,,,,,,,,,0.11,48.06,56.46,,,,,-0.2,,,
2015-03-13,1.43,2.07,2.1,0.67,2.69,0.39,1.71,1.41,,132.708,,,,,,,,,,0.11,47.12,56.66,,,,,-0.2,,,
2015-03-14,1.45,2.1,2.13,0.68,2.7,0.44,1.69,1.4,,98.042,,,,,,,,,,0.11,44.88,54.8,,,,,-0.2,,,
2015-03-15,,,,,,,,,,,4489279.0,2688257.0,,,,,,93.0,,0.11,,,,,,,-0.2,7770.358,,
2015-03-16,,,,,,,,,,,,,,,235.976,,,,,0.11,,,,,,,-0.2,,,
2015-03-17,1.44,2.05,2.1,0.66,2.67,0.45,1.65,1.27,,112.056,,,-0.541,-0.1038,,,101.8914,,,0.12,43.93,52.0,,,,,-0.2,,,
2015-03-18,1.36,2.01,2.06,0.7,2.61,0.42,1.64,1.34,,106.3,,,,,,,,,,0.12,43.39,52.17,,,,,-0.2,,,
2015-03-19,1.36,1.9,1.93,0.57,2.51,0.23,1.7,1.33,,151.424,,,,,,,,,,0.11,44.63,52.59,,,,,-0.2,,,
2015-03-20,1.35,1.95,1.98,0.63,2.54,0.19,1.79,1.49,,83.108,,,,,,,,,,0.12,44.02,52.96,,,,,-0.2,,,
2015-03-21,1.33,1.92,1.93,0.6,2.5,0.17,1.76,1.5,,91.207,,,,,,,,,,0.12,46.0,53.88,,,,,-0.2,,,
2015-03-22,,,,,,,,,,,4495888.0,2782935.0,,,,,,,,0.12,,,,,,,-0.2,7798.6656,,
2015-03-23,,,,,,,,,,,,,,,,,,,,0.12,,,,,,,-0.2,,,
2015-03-24,1.32,1.89,1.92,0.6,2.51,0.17,1.75,1.48,,99.572,,,-0.544,-0.1256,,,,,,0.12,47.4,53.82,,,,,-0.2,,,
2015-03-25,1.3,1.86,1.88,0.58,2.46,0.11,1.77,1.53,,60.115,,,,,,,,,,0.11,47.03,53.61,,,,,-0.2,,,
2015-03-26,1.34,1.89,1.93,0.59,2.5,0.12,1.81,1.56,,65.389,,,,,,,,,,0.12,48.75,54.18,,,,,-0.2,,,
2015-03-27,1.4,1.98,2.01,0.61,2.6,0.21,1.8,1.57,,80.866,,,,,,,,,,0.11,51.41,57.02,,,,,-0.2,,,
2015-03-28,1.37,1.91,1.95,0.58,2.53,0.19,1.76,1.54,,69.638,,,,,,,,,,0.12,48.83,56.44,,,,,-0.2,,,
2015-03-29,,,,,,,,,,,4480603.0,2706627.0,,,,,,,,0.12,,,,,,,-0.2,7804.0527,,
2015-03-30,,,,,,,,,,,,,,,,,,,,0.12,,,,,,,-0.2,,,
2015-03-31,1.38,1.92,1.96,0.58,2.55,0.23,1.73,1.49,,29.522,,,-0.546,-0.1924,,,,,11919.1,0.12,48.66,53.99,5939.670454545455,2.746363636363636,2.18,,-0.2,,,
2015-04-01,1.38,1.91,1.94,0.56,2.54,0.18,1.76,1.51,,202.235,,,,,,,,,,0.06,47.72,53.69,,,,-5.5,-0.2,,100.49009,77.57707570374419
2015-04-02,1.32,1.84,1.87,0.55,2.47,0.07,1.8,1.58,,31.623,,,,,,,,,,0.12,50.12,55.73,,,,,-0.2,,,
2015-04-03,1.37,1.9,1.92,0.55,2.53,0.11,1.81,1.56,,,,,,,,,,,,0.12,49.13,55.73,,,,,-0.2,,,
2015-04-04,1.36,1.83,1.85,0.49,2.49,0.02,1.83,1.58,,,,,,,,,,,,0.12,,,,,,,-0.2,,,
2015-04-05,,,,,,,,,,,4481799.0,2667344.0,,,,,,,,0.12,,,,,,,-0.2,7830.0111,,
2015-04-06,,,,,,,,,,,,,,,,,,,,0.12,,,,,,,-0.2,,,
2015-04-07,1.41,1.89,1.92,0.51,2.57,0.07,1.85,1.6,,119.369,,,-0.548,-0.1776,,,,,,0.13,52.08,55.73,,,,,-0.2,,,
2015-04-08,1.37,1.87,1.89,0.52,2.52,0.04,1.85,1.6,,125.88,,,,,,5.4,,,,0.12,53.95,57.55,,,,,-0.2,,,
2015-04-09,1.38,1.89,1.92,0.54,2.53,0.08,1.84,1.58,,96.443,,,,,,,,,,0.12,50.44,56.42,,,,,-0.2,,,
2015-04-10,1.41,1.94,1.97,0.56,2.61,0.13,1.84,1.59,,87.069,,,,,,,,,,0.12,50.79,56.04,,,,,-0.2,,,
2015-04-11,1.39,1.94,1.96,0.57,2.58,0.14,1.82,1.56,,90.933,,,,,,,,,,0.12,51.63,56.82,,,,,-0.2,,,
2015-04-12,,,,,,,,,,,4483419.0,2744497.0,,,,,,,,0.12,,,,,,,-0.2,7827.3234,,
2015-04-13,,,,,,,,,,,,,,,,,,,,0.12,,,,,,,-0.2,,,
2015-04-14,1.4,1.91,1.94,0.54,2.58,0.14,1.8,1.55,,89.878,,,-0.55,-0.3546,,,,,,0.13,51.95,57.14,,,,,-0.2,,,
2015-04-15,1.37,1.88,1.9,0.53,2.54,0.1,1.8,1.55,,75.874,,,,,,,,95.9,,0.13,53.3,57.69,,,,,-0.2,,,
2015-04-16,1.4,1.89,1.91,0.51,2.55,0.07,1.84,1.59,,69.829,,,,,236.222,,,,,0.13,56.25,59.32,,,,,-0.2,,,
2015-04-17,1.4,1.88,1.9,0.5,2.56,0.05,1.85,1.58,,78.293,,,,,,,101.3355,,,0.13,56.69,60.13,,,,,-0.2,,,
2015-04-18,1.36,1.86,1.87,0.51,2.51,-0.02,1.89,1.65,,103.383,,,,,,,,,,0.13,55.71,61.31,,,,,-0.2,,,
2015-04-19,,,,,,,,,,,4485366.0,2793314.0,,,,,,,,0.13,,,,,,,-0.2,7842.8063,,
2015-04-20,,,,,,,,,,,,,,,,,,,,0.13,,,,,,,-0.2,,,
2015-04-21,1.35,1.87,1.9,0.55,2.56,0.01,1.89,1.6,,111.416,,,-0.551,-0.3433,,,,,,0.13,56.37,61.2,,,,,-0.2,,,
2015-04-22,1.37,1.89,1.92,0.55,2.58,0.06,1.86,1.59,,114.8,,,,,,,,,,0.13,55.58,60.12,,,,,-0.2,,,
2015-04-23,1.42,1.96,1.99,0.57,2.66,0.12,1.87,1.6,,114.148,,,,,,,,,,0.13,56.17,60.12,,,,,-0.2,,,
2015-04-24,1.41,1.93,1.96,0.55,2.63,0.07,1.89,1.7,,113.993,,,,,,,,,,0.13,56.59,62.66,,,,,-0.2,,,
2015-04-25,1.39,1.9,1.93,0.54,2.62,0.04,1.89,1.71,,73.512,,,,,,,,,,0.13,55.98,62.96,,,,,-0.2,,,
2015-04-26,,,,,,,,,,,4489695.0,2679047.0,,,,,,,,0.13,,,,,,,-0.2,7842.6862,,
2015-04-27,,,,,,,,,,,,,,,,,,,,0.13,,,,,,,-0.2,,,
2015-04-28,1.4,1.92,1.94,0.54,2.61,0.03,1.91,1.71,,82.79,,,-0.553,-0.3924,,,,,,0.13,55.56,62.86,,,,,-0.2,,,
2015-04-29,1.44,1.98,2.0,0.56,2.68,0.11,1.89,1.69,,87.169,,,,,,,,,,0.13,57.05,62.61,,,,,-0.2,,,
2015-04-30,1.5,2.05,2.06,0.56,2.76,0.14,1.92,1.7,,92.224,,,,,,,,,,0.13,58.55,63.97,,,,,-0.2,,,
2015-05-01,1.47,2.04,2.05,0.58,2.75,0.11,1.94,1.72,,130.464,,,,,,,,,11953.4,0.08,59.62,63.9,6042.0875,2.596363636363636,1.6,,-0.2,,,
2015-05-02,1.52,2.11,2.12,0.6,2.82,0.18,1.94,1.72,,86.212,,,,,,,,,,0.13,59.1,64.13,,,,,-0.2,,,
2015-05-03,,,,,,,,,,,4471499.0,2593777.0,,,,,,,,0.13,,,,,,,-0.2,7852.8961,,
2015-05-04,,,,,,,,,,,,,,,,,,,,0.13,,,,,,,-0.2,,,
2015-05-05,1.56,2.14,2.16,0.6,2.88,0.24,1.92,1.69,,92.311,,,-0.554,-0.3744,,,,,,0.13,58.92,64.62,,,,,-0.2,,,
2015-05-06,1.57,2.18,2.19,0.62,2.9,0.25,1.94,1.72,,93.162,,,,,,,,,,0.13,60.38,65.44,,,,,-0.2,,,
2015-05-07,1.6,2.23,2.25,0.65,2.98,0.34,1.91,1.69,,84.722,,,,,,,,,,0.13,60.93,66.22,,,,,-0.2,,,
2015-05-08,1.55,2.17,2.18,0.63,2.9,0.3,1.88,1.66,,94.505,,,,,,5.6,,,,0.13,58.99,64.93,,,,,-0.2,,,
2015-05-09,1.57,2.15,2.16,0.59,2.9,0.28,1.88,1.66,,91.484,,,,,,,,,,0.13,59.41,63.82,,,,,-0.2,,,
2015-05-10,,,,,,,,,,,4472703.0,2595402.0,,,,,,,,0.13,,,,,,,-0.2,7856.1747,,
2015-05-11,,,,,,,,,,,,,,,,,,,,0.13,,,,,,,-0.2,,,
2015-05-12,1.66,2.26,2.28,0.62,3.03,0.4,1.88,1.64,,87.331,,,-0.553,-0.3195,,,,,,0.13,59.23,62.82,,,,,-0.2,,,
2015-05-13,1.67,2.25,2.28,0.61,3.02,0.4,1.88,1.65,,81.378,,,,,,,,,,0.13,60.72,65.09,,,,,-0.2,,,
2015-05-14,1.68,2.25,2.27,0.59,3.07,0.41,1.86,1.67,,92.129,,,,,,,,,,0.13,60.5,66.33,,,,,-0.2,,,
2015-05-15,1.67,2.22,2.23,0.56,3.03,0.36,1.87,1.65,,61.513,,,,,,,,90.7,,0.13,59.89,65.58,,,,,-0.2,,,
2015-05-16,1.59,2.12,2.14,0.55,2.93,0.31,1.83,1.62,,76.249,,,,,237.001,,,,,0.13,59.73,64.69,,,,,-0.2,,,
2015-05-17,,,,,,,,,,,4501188.0,2619317.0,,,,,100.8883,,,0.13,,,,,,,-0.2,7867.9205,,
2015-05-18,,,,,,,,,,,,,,,,,,,,0.13,,,,,,,-0.2,,,
2015-05-19,1.65,2.21,2.23,0.58,3.02,0.37,1.86,1.64,,135.397,,,-0.554,-0.288,,,,,,0.13,59.44,65.15,,,,,-0.2,,,
2015-05-20,1.64,2.25,2.27,0.63,3.05,0.42,1.85,1.62,,131.9,,,,,,,,,,0.12,57.3,63.48,,,,,-0.2,,,
2015-05-21,1.66,2.24,2.26,0.6,3.06,0.38,1.88,1.65,,154.345,,,,,,,,,,0.12,58.96,63.52,,,,,-0.2,,,
2015-05-22,1.59,2.17,2.19,0.6,2.98,0.35,1.84,1.63,,141.963,,,,,,,,,,0.12,60.18,64.7,,,,,-0.2,,,
2015-05-23,1.57,2.19,2.21,0.64,2.99,0.34,1.87,1.65,,105.844,,,,,,,,,,0.13,58.88,64.7,,,,,-0.2,,,
2015-05-24,,,,,,,,,,,4480384.0,2635118.0,,,,,,,,0.13,,,,,,,-0.2,7888.2302,,
2015-05-25,,,,,,,,,,,,,,,,,,,,0.13,,,,,,,-0.2,,,
2015-05-26,,,,,,,,,,,,,-0.554,-0.2846,,,,,,0.13,,,,,,,-0.2,,,
2015-05-27,1.5,2.12,2.14,0.64,2.89,0.32,1.82,1.59,,111.048,,,,,,,,,,0.12,57.29,61.65,,,,,-0.2,,,
2015-05-28,1.5,2.13,2.14,0.64,2.88,0.34,1.8,1.54,,128.828,,,,,,,,,,0.12,57.51,61.35,,,,,-0.2,,,
2015-05-29,1.51,2.12,2.13,0.62,2.89,0.33,1.8,1.53,,135.3,,,,,,,,,,0.12,57.69,60.12,,,,,-0.2,,,
2015-05-30,1.51,2.11,2.12,0.61,2.88,0.32,1.8,1.57,,160.201,,,,,,,,,,0.08,60.25,63.16,,,,,-0.2,,,
2015-05-31,,,,,,,,,,,4463981.0,2510791.0,,,,,,,11981.9,0.08,,,6294.776315789474,2.857619047619048,1.72,,-0.2,7898.1685,,
2015-06-01,,,,,,,,,,,,,,,,,,,,0.08,,,,,,,-0.2,,,
2015-06-02,1.55,2.17,2.19,0.64,2.94,0.39,1.8,1.55,,115.206,,,-0.554,-0.1782,,,,,,0.12,60.24,62.87,,,,,-0.2,,,
2015-06-03,1.63,2.26,2.27,0.64,3.02,0.44,1.83,1.59,,105.031,,,,,,,,,,0.12,61.3,63.14,,,,,-0.2,,,
2015-06-04,1.69,2.36,2.38,0.69,3.11,0.55,1.83,1.59,,95.389,,,,,,,,,,0.13,59.67,62.78,,,,,-0.2,,,
2015-06-05,1.65,2.29,2.31,0.66,3.03,0.5,1.81,1.59,,96.429,,,,,,,,,,0.13,58.0,60.34,,,,,-0.2,,,
2015-06-06,1.68,2.38,2.41,0.73,3.11,0.55,1.86,1.64,,83.637,,,,,,,,,,0.13,59.11,60.36,,,,,-0.2,,,
2015-06-07,,,,,,,,,,,4465360.0,2444765.0,,,,,,,,0.13,,,,,,,-0.2,7901.6235,,
2015-06-08,,,,,,,,,,,,,,,,5.3,,,,0.13,,,,,,,-0.2,,,
2015-06-09,1.69,2.37,2.39,0.7,3.11,0.54,1.85,1.63,,83.323,,,-0.553,-0.1902,,,,,,0.13,58.15,61.33,,,,,-0.2,,,
2015-06-10,1.7,2.4,2.42,0.72,3.15,0.56,1.86,1.65,,76.043,,,,,,,,,,0.13,60.15,63.23,,,,,-0.2,,,
2015-06-11,1.75,2.48,2.5,0.75,3.22,0.63,1.87,1.66,,80.453,,,,,,,,,,0.13,61.36,64.68,,,,,-0.2,,,
2015-06-12,1.66,2.38,2.39,0.73,3.11,0.56,1.83,1.63,,90.833,,,,,,,,,,0.13,60.74,63.76,,,,,-0.2,,,
2015-06-13,1.65,2.37,2.39,0.74,3.1,0.55,1.84,1.64,,81.745,,,,,,,,,,0.13,59.96,63.19,,,,,-0.2,,,
2015-06-14,,,,,,,,,,,4468005.0,2654281.0,,,,,,,,0.13,,,,,,,-0.2,7918.7535,,
2015-06-15,,,,,,,,,,,,,,,,,,96.1,,0.13,,,,,,,-0.2,,,
2015-06-16,1.64,2.34,2.36,0.72,3.09,0.51,1.85,1.64,,104.635,,,-0.552,-0.2019,237.657,,,,,0.13,59.53,60.99,,,,,-0.2,,,
2015-06-17,1.61,2.31,2.32,0.71,3.06,0.44,1.88,1.67,,113.979,,,,,,,100.571,,,0.14,60.01,60.75,,,,,-0.2,,,
2015-06-18,1.65,2.31,2.32,0.67,3.09,0.42,1.9,1.69,,110.708,,,,,,,,,,0.14,59.89,60.75,,,,,-0.2,,,
2015-06-19,1.69,2.34,2.35,0.66,3.14,0.46,1.89,1.67,,151.135,,,,,,,,,,0.14,60.41,61.37,,,,,-0.2,,,
2015-06-20,1.61,2.25,2.26,0.65,3.05,0.4,1.86,1.63,,158.541,,,,,,,,,,0.13,59.62,59.41,,,,,-0.2,,,
2015-06-21,,,,,,,,,,,4487817.0,2621304.0,,,,,,,,0.13,,,,,,,-0.2,7928.2357,,
2015-06-22,,,,,,,,,,,,,,,,,,,,0.13,,,,,,,-0.2,,,
2015-06-23,1.69,2.36,2.37,0.68,3.16,0.47,1.9,1.65,,171.906,,,-0.549,-0.15,,,,,,0.13,60.01,60.54,,,,,-0.2,,,
2015-06-24,1.72,2.41,2.42,0.7,3.2,0.5,1.92,1.67,,181.548,,,,,,,,,,0.13,61.05,61.67,,,,,-0.2,,,
2015-06-25,1.7,2.37,2.38,0.68,3.16,0.48,1.9,1.64,,136.642,,,,,,,,,,0.13,60.01,61.63,,,,,-0.2,,,
2015-06-26,1.72,2.39,2.4,0.68,3.16,0.49,1.91,1.63,,64.918,,,,,,,,,,0.13,59.59,60.24,,,,,-0.2,,,
2015-06-27,1.77,2.48,2.49,0.72,3.25,0.57,1.92,1.66,,86.539,,,,,,,,,,0.13,59.41,60.14,,,,,-0.2,,,
2015-06-28,,,,,,,,,,,4495055.0,2530324.0,,,,,,,,0.13,,,,,,,-0.2,7941.549,,
2015-06-29,,,,,,,,,,,,,,,,,,,,0.13,,,,,,,-0.2,,,
2015-06-30,1.69,2.31,2.33,0.64,3.09,0.46,1.87,1.59,,45.063,,,-0.547,-0.3093,,,,,,0.14,58.34,59.03,,,,-5.3,-0.2,,99.30094,78.27861164252528
2015-07-01,1.71,2.34,2.35,0.64,3.11,0.48,1.87,1.61,,192.602,,,,,,,,,12020.9,0.08,59.48,60.31,5833.011363636364,2.768636363636364,1.38,,-0.2,,,
2015-07-02,1.74,2.42,2.43,0.69,3.2,0.54,1.89,1.6,,93.411,,,,,,,,,,0.13,56.94,61.65,,,,,-0.2,,,
2015-07-03,1.76,2.39,2.4,0.64,3.19,0.49,1.91,1.62,,176.063,,,,,,,,,,0.13,56.93,61.73,,,,,-0.2,,,
2015-07-04,,,,,,,,,,,,,,,,,,,,0.13,,59.06,,,,,-0.2,,,
2015-07-05,,,,,,,,,,,4479130.0,2457406.0,,,,,,,,0.13,,,,,,,-0.2,7958.6151,,
2015-07-06,,,,,,,,,,,,,,,,,,,,0.13,,,,,,,-0.2,,,
2015-07-07,1.7,2.28,2.3,0.6,3.08,0.43,1.87,1.57,,169.851,,,-0.542,0.0818,,,,,,0.13,52.48,57.19,,,,,-0.2,,,
2015-07-08,1.69,2.25,2.27,0.58,3.04,0.4,1.87,1.57,,159.651,,,,,,5.2,,,,0.13,52.33,54.72,,,,,-0.2,,,
2015-07-09,1.67,2.2,2.22,0.55,2.99,0.39,1.83,1.54,,145.47,,,,,,,,,,0.13,51.61,55.7,,,,,-0.2,,,
2015-07-10,1.72,2.29,2.32,0.6,3.11,0.47,1.85,1.56,,129.671,,,,,,,,,,0.13,52.76,57.83,,,,,-0.2,,,
2015-07-11,1.77,2.41,2.42,0.65,3.2,0.55,1.87,1.58,,119.629,,,,,,,,,,0.13,52.74,57.72,,,,,-0.2,,,
2015-07-12,,,,,,,,,,,4481289.0,2555100.0,,,,,,,,0.13,,,,,,,-0.2,7953.2353,,
2015-07-13,,,,,,,,,,,,,,,,,,,,0.13,,,,,,,-0.2,,,
2015-07-14,1.75,2.42,2.44,0.69,3.21,0.58,1.86,1.56,,115.323,,,-0.537,-0.0005,,,,,,0.13,52.19,57.63,,,,,-0.2,,,
2015-07-15,1.75,2.4,2.41,0.66,3.2,0.56,1.85,1.55,,106.218,,,,,,,,93.1,,0.13,53.05,57.2,,,,,-0.2,,,
2015-07-16,1.72,2.34,2.36,0.64,3.13,0.52,1.84,1.53,,103.217,,,,,238.034,,,,,0.13,51.4,57.34,,,,,-0.2,,,
2015-07-17,1.69,2.34,2.36,0.67,3.11,0.52,1.84,1.52,,104.58,,,,,,,101.2228,,,0.14,50.9,57.31,,,,,-0.2,,,
2015-07-18,1.66,2.31,2.34,0.68,3.08,0.51,1.83,1.5,,116.519,,,,,,,,,,0.13,50.88,56.38,,,,,-0.2,,,
2015-07-19,,,,,,,,,,,4493605.0,2620137.0,,,,,,,,0.13,,,,,,,-0.2,7965.7101,,
2015-07-20,,,,,,,,,,,,,,,,,,,,0.13,,,,,,,-0.2,,,
2015-07-21,1.67,2.34,2.38,0.71,3.1,0.56,1.82,1.49,,126.57,,,-0.531,-0.3338,,,,,,0.14,50.11,56.42,,,,,-0.2,,,
2015-07-22,1.64,2.32,2.35,0.71,3.08,0.53,1.82,1.49,,110.141,,,,,,,,,,0.13,50.59,55.94,,,,,-0.2,,,
2015-07-23,1.58,2.29,2.33,0.75,3.04,0.53,1.8,1.48,,112.695,,,,,,,,,,0.13,49.27,56.36,,,,,-0.2,,,
2015-07-24,1.57,2.25,2.28,0.71,2.98,0.49,1.79,1.45,,112.052,,,,,,,,,,0.13,48.11,55.76,,,,,-0.2,,,
2015-07-25,1.57,2.23,2.27,0.7,2.96,0.51,1.76,1.4,,79.416,,,,,,,,,,0.13,47.98,54.29,,,,,-0.2,,,
2015-07-26,,,,,,,,,,,4500503.0,2631543.0,,,,,,,,0.13,,,,,,,-0.2,7973.0163,,
2015-07-27,,,,,,,,,,,,,,,,,,,,0.13,,,,,,,-0.2,,,
2015-07-28,1.55,2.18,2.23,0.68,2.93,0.5,1.73,1.35,,85.122,,,-0.521,-0.1725,,,,,,0.14,47.17,54.07,,,,,-0.2,,,
2015-07-29,1.57,2.21,2.26,0.69,2.96,0.51,1.75,1.38,,81.882,,,,,,,,,,0.14,47.97,54.3,,,,,-0.2,,,
2015-07-30,1.59,2.23,2.29,0.7,2.99,0.52,1.77,1.4,,86.429,,,,,,,,,,0.14,48.77,54.73,,,,,-0.2,,,
2015-07-31,1.56,2.21,2.28,0.72,2.96,0.51,1.77,1.4,,87.405,,,,,,,,,12063.5,0.14,48.53,54.29,5456.75,2.809130434782609,0.96,,-0.2,,,
2015-08-01,1.53,2.12,2.2,0.67,2.92,0.46,1.74,1.36,,131.978,,,,,,,,,,0.08,47.11,53.29,,,,,-0.2,,,
2015-08-02,,,,,,,,,,,4485480.0,2624646.0,,,,,,,,0.08,,,,,,,-0.2,7974.9128,,
2015-08-03,,,,,,,,,,,,,,,,,,,,0.08,,,,,,,-0.2,,,
2015-08-04,1.48,2.08,2.16,0.68,2.86,0.46,1.7,1.31,,95.005,,,-0.506,-0.0818,,,,,,0.14,45.25,49.49,,,,,-0.2,,,
2015-08-05,1.49,2.15,2.23,0.74,2.9,0.52,1.71,1.31,,88.841,,,,,,,,,,0.14,45.75,49.08,,,,,-0.2,,,
2015-08-06,1.55,2.2,2.28,0.73,2.94,0.58,1.7,1.31,,86.869,,,,,,,,,,0.14,45.13,49.04,,,,,-0.2,,,
2015-08-07,1.52,2.19,2.23,0.71,2.9,0.56,1.67,1.31,,93.508,,,,,,,,,,0.14,44.69,47.8,,,,,-0.2,,,
2015-08-08,1.45,2.12,2.18,0.73,2.83,0.52,1.66,1.28,,84.994,,,,,,5.1,,,,0.14,43.87,47.54,,,,,-0.2,,,
2015-08-09,,,,,,,,,,,4486329.0,2598529.0,,,,,,,,0.14,,,,,,,-0.2,7983.9099,,
2015-08-10,,,,,,,,,,,,,,,,,,,,0.14,,,,,,,-0.2,,,
2015-08-11,1.51,2.12,2.24,0.73,2.89,0.55,1.69,1.3,,81.806,,,-0.487,-0.1305,,,,,,0.14,44.94,48.3,,,,,-0.2,,,
2015-08-12,1.47,2.05,2.15,0.68,2.81,0.49,1.66,1.27,,78.367,,,,,,,,,,0.15,43.11,47.33,,,,,-0.2,,,
2015-08-13,1.47,2.04,2.14,0.67,2.84,0.52,1.62,1.27,,64.411,,,,,,,,,,0.15,43.22,48.29,,,,,-0.2,,,
2015-08-14,1.47,2.09,2.19,0.72,2.86,0.57,1.62,1.24,,77.057,,,,,,,,,,0.15,42.27,48.01,,,,,-0.2,,,
2015-08-15,1.47,2.11,2.2,0.73,2.84,0.58,1.62,1.25,,64.557,,,,,,,,91.9,,0.14,42.45,47.79,,,,,-0.2,,,
2015-08-16,,,,,,,,,,,4489250.0,2558957.0,,,238.033,,,,,0.14,,,,,,,-0.2,8004.0556,,
2015-08-17,,,,,,,,,,,,,,,,,101.0367,,,0.14,,,,,,,-0.2,,,
2015-08-18,1.44,2.06,2.16,0.72,2.81,0.58,1.58,1.22,,66.54,,,-0.466,-0.0378,,,,,,0.15,41.93,47.77,,,,,-0.2,,,
2015-08-19,1.46,2.13,2.2,0.74,2.87,0.62,1.58,1.21,,88.144,,,,,,,,,,0.15,42.58,47.0,,,,,-0.2,,,
2015-08-20,1.45,2.07,2.12,0.67,2.81,0.55,1.57,1.17,,84.36,,,,,,,,,,0.15,40.75,45.75,,,,,-0.2,,,
2015-08-21,1.4,2.07,2.09,0.69,2.76,0.53,1.56,1.17,,93.262,,,,,,,,,,0.15,41.0,45.63,,,,,-0.2,,,
2015-08-22,1.41,2.02,2.05,0.64,2.74,0.52,1.53,1.13,,92.353,,,,,,,,,,0.15,40.45,43.84,,,,,-0.2,,,
2015-08-23,,,,,,,,,,,4487208.0,2528568.0,,,,,,,,0.15,,,,,,,-0.2,8020.2926,,
2015-08-24,,,,,,,,,,,,,,,,,,,,0.15,,,,,,,-0.2,,,
2015-08-25,1.42,1.95,2.01,0.59,2.73,0.52,1.49,1.11,,73.813,,,-0.443,0.1885,,,,,,0.15,38.22,41.59,,,,,-0.2,,,
2015-08-26,1.45,2.05,2.12,0.67,2.84,0.59,1.53,1.15,,73.165,,,,,,,,,,0.15,39.15,41.86,,,,,-0.2,,,
2015-08-27,1.51,2.12,2.18,0.67,2.94,0.65,1.53,1.13,,68.719,,,,,,,,,,0.14,38.5,41.76,,,,,-0.2,,,
2015-08-28,1.5,2.12,2.18,0.68,2.93,0.6,1.58,1.2,,71.312,,,,,,,,,,0.14,42.47,44.46,,,,,-0.2,,,
2015-08-29,1.47,2.13,2.19,0.72,2.92,0.58,1.61,1.22,,73.547,,,,,,,,,,0.14,45.29,47.97,,,,,-0.2,,,
2015-08-30,,,,,,,,,,,4475105.0,2682256.0,,,,,,,,0.14,,,,,,,-0.2,8035.5246,,
2015-08-31,,,,,,,,,,,,,,,,,,,12110.1,0.14,,,5127.3,2.752857142857143,1.28,,-0.2,,,
2015-09-01,1.47,2.13,2.21,0.74,2.95,0.58,1.63,1.26,,149.694,,,-0.423,0.6832,,,,,,0.08,49.2,,,,,,-0.2,,,
2015-09-02,1.47,2.14,2.17,0.7,2.93,0.6,1.57,1.18,,84.778,,,,,,,,,,0.14,45.38,48.8,,,,,-0.2,,,
2015-09-03,1.48,2.17,2.2,0.72,2.97,0.64,1.56,1.19,,70.33,,,,,,,,,,0.14,46.3,47.67,,,,,-0.2,,,
2015-09-04,1.47,2.16,2.18,0.71,2.95,0.64,1.54,1.16,,67.183,,,,,,,,,,0.14,46.75,50.41,,,,,-0.2,,,
2015-09-05,1.42,2.11,2.13,0.71,2.89,0.62,1.51,1.14,,64.428,,,,,,,,,,0.14,46.02,48.59,,,,,-0.2,,,
2015-09-06,,,,,,,,,,,4475886.0,2682003.0,,,,,,,,0.14,,,,,,,-0.2,8044.4777,,
2015-09-07,,,,,,,,,,,,,,,,,,,,0.14,,,,,,,-0.2,,,
2015-09-08,,,,,,,,,,,,,-0.41,0.2981,,5.0,,,,0.14,,46.42,,,,,-0.2,,,
2015-09-09,1.46,2.14,2.2,0.74,2.97,0.67,1.53,1.15,,66.694,,,,,,,,,,0.14,45.92,48.88,,,,,-0.2,,,
2015-09-10,1.46,2.18,2.21,0.75,2.96,0.65,1.56,1.15,,68.129,,,,,,,,,,0.14,44.13,48.04,,,,,-0.2,,,
2015-09-11,1.48,2.21,2.23,0.75,2.98,0.64,1.59,1.21,,66.083,,,,,,,,,,0.14,45.85,47.77,,,,,-0.2,,,
2015-09-12,1.49,2.16,2.2,0.71,2.95,0.61,1.59,1.21,,70.782,,,,,,,,,,0.14,44.75,46.87,,,,,-0.2,,,
2015-09-13,,,,,,,,,,,4478213.0,2731228.0,,,,,,,,0.14,,,,,,,-0.2,8049.3611,,
2015-09-14,,,,,,,,,,,,,,,,,,,,0.14,,,,,,,-0.2,,,
2015-09-15,1.45,2.11,2.18,0.73,2.95,0.62,1.56,1.19,,72.809,,,-0.405,0.1923,,,,87.2,,0.14,44.07,45.87,,,,,-0.2,,,
2015-09-16,1.46,2.21,2.28,0.82,3.06,0.72,1.56,1.2,,73.117,,,,,237.498,,,,,0.14,44.58,45.91,,,,,-0.2,,,
2015-09-17,1.48,2.24,2.3,0.82,3.08,0.73,1.57,1.21,,82.181,,,,,,,100.7547,,,0.14,47.12,49.35,,,,,-0.2,,,
2015-09-18,1.51,2.2,2.21,0.7,3.02,0.63,1.58,1.24,,106.254,,,,,,,,,,0.14,46.93,48.27,,,,,-0.2,,,
2015-09-19,1.44,2.13,2.13,0.69,2.93,0.58,1.55,1.19,,131.757,,,,,,,,,,0.14,44.71,47.28,,,,,-0.2,,,
2015-09-20,,,,,,,,,,,4487809.0,2696511.0,,,,,,,,0.14,,,,,,,-0.2,8060.2814,,
2015-09-21,,,,,,,,,,,,,,,,,,,,0.14,,,,,,,-0.2,,,
2015-09-22,1.48,2.19,2.2,0.72,3.02,0.66,1.54,1.19,,134.575,,,-0.405,0.2062,,,,,,0.14,46.67,47.64,,,,,-0.2,,,
2015-09-23,1.45,2.14,2.14,0.69,2.94,0.63,1.51,1.15,,139.476,,,,,,,,,,0.14,46.17,46.69,,,,,-0.2,,,
2015-09-24,1.46,2.15,2.16,0.7,2.95,0.64,1.52,1.16,,144.297,,,,,,,,,,0.14,44.53,48.0,,,,,-0.2,,,
2015-09-25,1.46,2.12,2.13,0.67,2.91,0.64,1.49,1.11,,45.671,,,,,,,,,,0.14,44.94,47.06,,,,,-0.2,,,
2015-09-26,1.47,2.17,2.17,0.7,2.96,0.71,1.46,1.11,,63.966,,,,,,,,,,0.13,45.55,47.28,,,,,-0.2,,,
2015-09-27,,,,,,,,,,,4497484.0,2622865.0,,,,,,,,0.13,,,,,,,-0.2,8066.5751,,
2015-09-28,,,,,,,,,,,,,,,,,,,,0.13,,,,,,,-0.2,,,
2015-09-29,1.43,2.09,2.1,0.67,2.87,0.71,1.39,1.02,,101.855,,,-0.411,0.437,,,,,,0.13,44.4,46.04,,,,-7.0,-0.2,,98.63595,78.9418201694452
2015-09-30,1.41,2.04,2.05,0.64,2.85,0.66,1.39,1.03,,122.86,,,,,,,,,,0.13,45.24,47.58,,,,,-0.2,,,
2015-10-01,1.42,2.06,2.06,0.64,2.87,0.65,1.41,1.07,,199.614,,,,,,,,,12172.7,0.07,45.06,47.29,5217.25,2.638181818181818,1.16,,-0.2,,,
2015-10-02,1.41,2.05,2.05,0.64,2.85,0.59,1.46,1.13,,75.143,,,,,,,,,,0.13,44.75,47.48,,,,,-0.2,,,
2015-10-03,1.41,1.99,1.99,0.58,2.82,0.51,1.48,1.15,,173.162,,,,,,,,,,0.13,45.54,46.55,,,,,-0.2,,,
2015-10-04,,,,,,,,,,,4484111.0,2514321.0,,,,,,,,0.13,,,,,,,-0.2,8090.7945,,
2015-10-05,,,,,,,,,,,,,,,,,,,,0.13,,,,,,,-0.2,,,
2015-10-06,1.46,2.06,2.07,0.61,2.9,0.56,1.51,1.18,,156.558,,,-0.42,0.7105,,,,,,0.13,46.28,49.45,,,,,-0.2,,,
2015-10-07,1.44,2.05,2.05,0.61,2.88,0.53,1.52,1.22,,130.247,,,,,,,,,,0.13,48.53,51.34,,,,,-0.2,,,
2015-10-08,1.43,2.08,2.08,0.65,2.89,0.53,1.55,1.22,,115.434,,,,,,5.0,,,,0.13,47.86,51.66,,,,,-0.2,,,
2015-10-09,1.47,2.12,2.12,0.65,2.96,0.54,1.58,1.26,,121.144,,,,,,,,,,0.13,49.46,52.13,,,,,-0.2,,,
2015-10-10,1.47,2.11,2.12,0.65,2.94,0.58,1.54,1.22,,109.367,,,,,,,,,,0.13,49.67,52.08,,,,,-0.2,,,
2015-10-11,,,,,,,,,,,4486185.0,2632633.0,,,,,,,,0.13,,,,,,,-0.2,8098.4613,,
2015-10-12,,,,,,,,,,,,,,,,,,,,0.13,,,,,,,-0.2,,,
2015-10-13,,,,,,,,,,,,,-0.436,0.0865,,,,,,0.13,47.09,50.95,,,,,-0.2,,,
2015-10-14,1.42,2.05,2.06,0.64,2.89,0.54,1.52,1.18,,105.728,,,,,,,,,,0.13,46.7,48.94,,,,,-0.2,,,
2015-10-15,1.42,1.99,1.99,0.57,2.84,0.5,1.49,1.15,,90.184,,,,,,,,90.0,,0.13,46.63,48.25,,,,,-0.2,,,
2015-10-16,1.43,2.03,2.04,0.61,2.87,0.54,1.5,1.18,,100.247,,,,,237.733,,,,,0.13,46.38,47.87,,,,,-0.2,,,
2015-10-17,1.43,2.03,2.04,0.61,2.87,0.56,1.48,1.18,,123.637,,,,,,,100.2675,,,0.13,47.3,48.96,,,,,-0.2,,,
2015-10-18,,,,,,,,,,,4504704.0,2697180.0,,,,,,,,0.13,,,,,,,-0.2,8115.4011,,
2015-10-19,,,,,,,,,,,,,,,,,,,,0.13,,,,,,,-0.2,,,
2015-10-20,1.43,2.02,2.04,0.61,2.89,0.59,1.45,1.13,,136.36,,,-0.45,0.1665,,,,,,0.13,45.91,47.51,,,,,-0.2,,,
2015-10-21,1.42,2.06,2.08,0.66,2.92,0.6,1.48,1.16,,146.257,,,,,,,,,,0.13,45.84,46.93,,,,,-0.2,,,
2015-10-22,1.4,2.03,2.04,0.64,2.87,0.59,1.45,1.13,,151.082,,,,,,,,,,0.13,45.22,46.72,,,,,-0.2,,,
2015-10-23,1.43,2.04,2.04,0.61,2.87,0.57,1.47,1.14,,152.87,,,,,,,,,,0.12,44.9,46.59,,,,,-0.2,,,
2015-10-24,1.43,2.08,2.09,0.66,2.9,0.58,1.51,1.19,,125.635,,,,,,,,,,0.12,43.91,46.3,,,,,-0.2,,,
2015-10-25,,,,,,,,,,,4501372.0,2693306.0,,,,,,,,0.12,,,,,,,-0.2,8118.9365,,
2015-10-26,,,,,,,,,,,,,,,,,,,,0.12,,,,,,,-0.2,,,
2015-10-27,1.41,2.05,2.07,0.66,2.87,0.59,1.48,1.16,,134.597,,,-0.462,0.0404,,,,,,0.12,43.19,46.57,,,,,-0.2,,,
2015-10-28,1.4,2.02,2.05,0.65,2.86,0.57,1.48,1.15,,150.968,,,,,,,,,,0.12,43.21,45.54,,,,,-0.2,,,
2015-10-29,1.37,2.06,2.1,0.73,2.87,0.63,1.47,1.14,,155.316,,,,,,,,,,0.12,45.93,47.6,,,,,-0.2,,,
2015-10-30,1.44,2.12,2.19,0.75,2.96,0.67,1.52,1.19,,172.839,,,,,,,,,,0.12,46.02,48.04,,,,,-0.2,,,
2015-10-31,1.41,2.08,2.16,0.75,2.93,0.63,1.53,1.2,,225.326,,,,,,,,,12228.4,0.07,46.6,48.0,5216.090909090909,2.384545454545455,1.56,,-0.2,,,
2015-11-01,,,,,,,,,,,4489339.0,2657762.0,,,,,,,,0.07,,,,,,,-0.2,8121.0403,,
2015-11-02,,,,,,,,,,,,,,,,,,,,0.07,,,,,,,-0.2,,,
2015-11-03,1.43,2.12,2.2,0.77,2.95,0.65,1.55,1.23,,132.234,,,-0.471,0.0031,,,,,,0.12,46.12,47.91,,,,,-0.2,,,
2015-11-04,1.43,2.17,2.23,0.8,3.0,0.65,1.58,1.27,,117.622,,,,,,,,,,0.12,47.88,48.0,,,,,-0.2,,,
2015-11-05,1.41,2.2,2.25,0.84,3.0,0.68,1.57,1.26,,107.406,,,,,,,,,,0.12,46.32,46.96,,,,,-0.2,,,
2015-11-06,1.41,2.21,2.26,0.85,3.01,0.71,1.55,1.23,,87.664,,,,,,,,,,0.12,45.27,47.19,,,,,-0.2,,,
2015-11-07,1.44,2.26,2.34,0.9,3.09,0.75,1.59,1.25,,70.435,,,,,,,,,,0.12,44.32,46.09,,,,,-0.2,,,
2015-11-08,,,,,,,,,,,4489702.0,2642566.0,,,,5.1,,,,0.12,,,,,,,-0.2,8144.1695,,
2015-11-09,,,,,,,,,,,,,,,,,,,,0.12,,,,,,,-0.2,,,
2015-11-10,1.47,2.22,2.36,0.89,3.12,0.76,1.6,1.28,,80.894,,,-0.474,-0.0759,,,,,,0.12,43.87,45.38,,,,,-0.2,,,
2015-11-11,1.45,2.19,2.32,0.87,3.1,0.77,1.55,1.25,,83.13,,,,,,,,,,0.12,44.23,46.44,,,,,-0.2,,,
2015-11-12,,,,,,,,,,,,,,,,,,,,0.12,42.95,44.98,,,,,-0.2,,,
2015-11-13,1.43,2.18,2.32,0.89,3.09,0.78,1.54,1.24,,73.228,,,,,,,,,,0.12,41.74,44.98,,,,,-0.2,,,
2015-11-14,1.42,2.14,2.28,0.86,3.06,0.76,1.52,1.21,,60.117,,,,,,,,,,0.12,40.69,41.98,,,,,-0.2,,,
2015-11-15,,,,,,,,,,,4492012.0,2655976.0,,,,,,91.3,,0.12,,,,,,,-0.2,8166.7838,,
2015-11-16,,,,,,,,,,,,,,,238.017,,,,,0.12,,,,,,,-0.2,,,
2015-11-17,1.39,2.12,2.27,0.88,3.07,0.76,1.51,1.2,,67.873,,,-0.47,0.139,,,99.5298,,,0.13,41.68,40.28,,,,,-0.2,,,
2015-11-18,1.39,2.11,2.25,0.86,3.04,0.72,1.53,1.23,,86.157,,,,,,,,,,0.13,40.73,41.28,,,,,-0.2,,,
2015-11-19,1.37,2.15,2.27,0.9,3.04,0.71,1.56,1.25,,121.961,,,,,,,,,,0.12,40.75,41.45,,,,,-0.2,,,
2015-11-20,1.33,2.13,2.24,0.91,3.0,0.68,1.56,1.27,,120.822,,,,,,,,,,0.12,40.55,42.22,,,,,-0.2,,,
2015-11-21,1.33,2.14,2.26,0.93,3.02,0.66,1.6,1.31,,122.99,,,,,,,,,,0.12,39.39,42.49,,,,,-0.2,,,
2015-11-22,,,,,,,,,,,4486721.0,2634137.0,,,,,,,,0.12,,,,,,,-0.2,8174.2462,,
2015-11-23,,,,,,,,,,,,,,,,,,,,0.12,,,,,,,-0.2,,,
2015-11-24,1.31,2.11,2.25,0.94,3.0,0.64,1.61,1.33,,147.598,,,-0.461,0.1158,,,,,,0.12,39.27,43.7,,,,,-0.2,,,
2015-11-25,1.31,2.08,2.24,0.93,3.0,0.62,1.62,1.33,,95.918,,,,,,,,,,0.12,40.89,44.38,,,,,-0.2,,,
2015-11-26,1.3,2.04,2.23,0.93,3.0,0.62,1.61,1.31,,100.152,,,,,,,,,,0.12,41.22,43.56,,,,,-0.2,,,
2015-11-27,,,,,,,,,,,,,,,,,,,,0.12,,43.55,,,,,-0.2,,,
2015-11-28,1.3,2.04,2.22,0.92,3.0,0.62,1.6,1.31,,81.785,,,,,,,,,,0.12,40.57,43.07,,,,,-0.2,,,
2015-11-29,,,,,,,,,,,4477088.0,2553608.0,,,,,,,,0.12,,,,,,,-0.2,8187.0455,,
2015-11-30,,,,,,,,,,,,,,,,,,,,0.12,,,,,,,-0.2,,,
2015-12-01,1.27,1.99,2.21,0.94,2.98,0.62,1.59,1.3,,139.594,,,-0.446,0.0594,,,,,12322.7,0.08,40.43,43.73,4799.904761904762,2.275714285714286,2.34,,-0.2,,,
2015-12-02,1.24,1.94,2.15,0.91,2.91,0.58,1.57,1.29,,88.983,,,,,,,,,,0.13,40.58,42.97,,,,,-0.2,,,
2015-12-03,1.24,1.97,2.18,0.94,2.91,0.62,1.56,1.27,,84.184,,,,,,,,,,0.13,39.93,41.92,,,,,-0.2,,,
2015-12-04,1.37,2.12,2.33,0.96,3.07,0.72,1.61,1.33,,74.766,,,,,,,,,,0.13,41.08,42.0,,,,,-0.2,,,
2015-12-05,1.32,2.05,2.28,0.96,3.01,0.68,1.6,1.3,,69.292,,,,,,,,,,0.13,40.0,41.44,,,,,-0.2,,,
2015-12-06,,,,,,,,,,,4478069.0,2518901.0,,,,,,,,0.13,,,,,,,-0.2,8201.0745,,
2015-12-07,,,,,,,,,,,,,,,,,,,,0.13,,,,,,,-0.2,,,
2015-12-08,1.29,1.94,2.23,0.94,2.95,0.67,1.56,1.25,,77.805,,,-0.427,0.1382,,5.0,,,,0.13,37.64,39.69,,,,,-0.2,,,
2015-12-09,1.3,1.97,2.24,0.94,2.97,0.68,1.56,1.25,,75.817,,,,,,,,,,0.13,37.46,39.44,,,,,-0.2,,,
2015-12-10,1.29,1.96,2.22,0.93,2.97,0.69,1.53,1.21,,87.963,,,,,,,,,,0.14,37.16,39.04,,,,,-0.3,,,
2015-12-11,1.29,2.0,2.24,0.95,2.98,0.73,1.51,1.2,,86.714,,,,,,,,,,0.14,36.76,38.65,,,,,-0.3,,,
2015-12-12,1.25,1.9,2.13,0.88,2.87,0.67,1.46,1.17,,89.317,,,,,,,,,,0.14,35.65,36.99,,,,,-0.3,,,
2015-12-13,,,,,,,,,,,4480436.0,2523870.0,,,,,,,,0.14,,,,,,,-0.3,8214.3543,,
2015-12-14,,,,,,,,,,,,,,,,,,,,0.14,,,,,,,-0.3,,,
2015-12-15,1.26,1.97,2.23,0.97,2.96,0.78,1.45,1.17,,86.38,,,-0.405,0.4711,,,,92.6,,0.15,36.31,36.51,,,,,-0.3,,,
2015-12-16,1.3,2.03,2.28,0.98,3.0,0.8,1.48,1.22,,95.404,,,,,237.761,,,,,0.15,37.32,37.66,,,,,-0.3,,,
2015-12-17,1.28,2.03,2.3,1.02,3.02,0.84,1.46,1.2,,102.004,,,,,,,99.0417,,,0.15,35.55,36.96,,,,,-0.3,,,
2015-12-18,1.24,2.01,2.24,1.0,2.94,0.77,1.47,1.21,,105.185,,,,,,,,,,0.37,34.98,36.29,,,,,-0.3,,,
2015-12-19,1.22,2.0,2.19,0.97,2.9,0.73,1.46,1.21,,143.223,,,,,,,,,,0.37,34.72,36.76,,,,,-0.3,,,
2015-12-20,,,,,,,,,,,4489593.0,2535562.0,,,,,,,,0.37,,,,,,,-0.3,8227.4339,,
2015-12-21,,,,,,,,,,,,,,,,,,,,0.37,,,,,,,-0.3,,,
2015-12-22,1.24,1.96,2.2,0.96,2.92,0.75,1.45,1.19,,160.606,,,-0.383,0.5486,,,,,,0.36,34.55,35.34,,,,,-0.3,,,
2015-12-23,1.25,2.03,2.24,0.99,2.96,0.78,1.46,1.19,,185.35,,,,,,,,,,0.36,36.12,35.26,,,,,-0.3,,,
2015-12-24,1.26,2.07,2.27,1.01,3.0,0.76,1.51,1.25,,178.331,,,,,,,,,,0.36,36.76,35.79,,,,,-0.3,,,
2015-12-25,1.22,2.05,2.25,1.03,2.96,0.73,1.52,1.23,,161.879,,,,,,,,,,0.36,37.62,37.22,,,,,-0.3,,,
2015-12-26,,,,,,,,,,,,,,,,,,,,0.36,,,,,,,-0.3,,,
2015-12-27,,,,,,,,,,,4496523.0,2408573.0,,,,,,,,0.36,,,,,,,-0.3,8236.0514,,
2015-12-28,,,,,,,,,,,,,,,,,,,,0.36,,,,,,,-0.3,,,
2015-12-29,1.19,2.01,2.24,1.05,2.95,0.74,1.5,1.24,,177.196,,,-0.363,0.391,,,,,,0.36,36.36,37.08,,,,,-0.3,,,
2015-12-30,1.23,2.09,2.32,1.09,3.04,0.79,1.53,1.28,,222.513,,,,,,,,,,0.36,37.88,36.85,,,,7.4,-0.3,,102.64192,78.97701011205247
2015-12-31,1.23,2.1,2.31,1.08,3.04,0.77,1.54,1.28,,277.446,,,,,,,,,12393.6,0.35,36.59,35.65,4638.833333333333,2.042173913043478,1.82,,-0.3,,,
2016-01-01,1.21,2.11,2.27,1.06,3.01,0.73,1.54,1.31,,474.591,,,,,,,,,,0.2,37.13,36.61,,,,,-0.3,,,
2016-01-02,,,,,,,,,,,,,,,,,,,,0.2,,,,,,,-0.3,,,
2016-01-03,,,,,,,,,,,4486587.0,2306241.0,,,,,,,,0.2,,,,,,,-0.3,8241.5714,,
2016-01-04,,,,,,,,,,,,,,,,,,,,0.2,,,,,,,-0.3,,,
2016-01-05,1.22,2.02,2.24,1.02,2.98,0.69,1.55,1.31,,199.67,,,-0.346,0.327,,,,,,0.36,36.81,36.28,,,,,-0.3,,,
2016-01-06,1.21,2.05,2.25,1.04,3.01,0.69,1.56,1.31,,169.615,,,,,,,,,,0.36,35.97,35.56,,,,,-0.3,,,
2016-01-07,1.19,1.97,2.18,0.99,2.94,0.65,1.53,1.26,,126.584,,,,,,,,,,0.36,33.97,33.89,,,,,-0.3,,,
2016-01-08,1.2,1.96,2.16,0.96,2.92,0.66,1.5,1.25,,116.843,,,,,,4.8,,,,0.36,33.29,33.57,,,,,-0.3,,,
2016-01-09,1.19,1.93,2.13,0.94,2.91,0.65,1.48,1.23,,99.971,,,,,,,,,,0.36,33.2,31.67,,,,,-0.3,,,
2016-01-10,,,,,,,,,,,4486606.0,2121654.0,,,,,,,,0.36,,,,,,,-0.3,8261.1112,,
2016-01-11,,,,,,,,,,,,,,,,,,,,0.36,,,,,,,-0.3,,,
2016-01-12,1.23,1.96,2.17,0.94,2.96,0.72,1.45,1.19,,97.39,,,-0.331,0.7173,,,,,,0.36,31.42,30.14,,,,,-0.3,,,
2016-01-13,1.19,1.91,2.12,0.93,2.89,0.69,1.43,1.19,,86.191,,,,,,,,,,0.36,30.42,29.14,,,,,-0.3,,,
2016-01-14,1.17,1.86,2.08,0.91,2.85,0.65,1.43,1.18,,84.416,,,,,,,,,,0.36,30.42,28.58,,,,,-0.3,,,
2016-01-15,1.2,1.85,2.1,0.9,2.9,0.67,1.43,1.2,,78.422,,,,,,,,92.0,,0.36,31.22,28.84,,,,,-0.3,,,
2016-01-16,1.18,1.79,2.03,0.85,2.81,0.67,1.36,1.12,,90.534,,,,,237.652,,,,,0.36,29.45,28.8,,,,,-0.3,,,
2016-01-17,,,,,,,,,,,4501695.0,2421899.0,,,,,99.5607,,,0.36,,,,,,,-0.3,8265.5999,,
2016-01-18,,,,,,,,,,,,,,,,,,,,0.36,,,,,,,-0.3,,,
2016-01-19,,,,,,,,,,,,,-0.318,0.885,,,,,,0.36,,27.36,,,,,-0.3,,,
2016-01-20,1.18,1.8,2.06,0.88,2.82,0.68,1.38,1.16,,90.221,,,,,,,,,,0.36,28.47,27.36,,,,,-0.3,,,
2016-01-21,1.16,1.75,2.01,0.85,2.77,0.69,1.32,1.1,,106.627,,,,,,,,,,0.37,26.68,26.01,,,,,-0.3,,,
2016-01-22,1.18,1.74,2.02,0.84,2.79,0.74,1.28,1.08,,90.44,,,,,,,,,,0.37,29.55,27.59,,,,,-0.3,,,
2016-01-23,1.19,1.76,2.07,0.88,2.83,0.72,1.35,1.15,,60.316,,,,,,,,,,0.38,32.07,30.46,,,,,-0.3,,,
2016-01-24,,,,,,,,,,,4488840.0,2454769.0,,,,,,,,0.38,,,,,,,-0.3,8285.9584,,
2016-01-25,,,,,,,,,,,,,,,,,,,,0.38,,,,,,,-0.3,,,
2016-01-26,1.15,1.72,2.03,0.88,2.8,0.69,1.34,1.15,,80.17,,,-0.309,0.9982,,,,,,0.38,30.31,29.82,,,,,-0.3,,,
2016-01-27,1.16,1.7,2.01,0.85,2.79,0.65,1.36,1.17,,83.819,,,,,,,,,,0.38,29.54,30.94,,,,,-0.3,,,
2016-01-28,1.18,1.7,2.02,0.84,2.8,0.62,1.4,1.18,,89.304,,,,,,,,,,0.38,32.32,31.83,,,,,-0.3,,,
2016-01-29,1.17,1.65,2.0,0.83,2.79,0.58,1.42,1.2,,63.251,,,,,,,,,,0.38,33.21,33.01,,,,,-0.3,,,
2016-01-30,1.18,1.61,1.94,0.76,2.75,0.53,1.41,1.19,,114.573,,,,,,,,,,0.29,33.66,33.14,,,,,-0.3,,,
2016-01-31,,,,,,,,,,,4482349.0,2395752.0,,,,,,,12522.2,0.29,,,4471.7875,2.232380952380952,1.28,,-0.3,8301.462,,
2016-02-01,,,,,,,,,,,,,,,,,,,,0.29,,,,,,,-0.3,,,
2016-02-02,1.16,1.62,1.97,0.81,2.77,0.57,1.4,1.2,,76.79,,,-0.304,0.5529,,,,,,0.38,31.62,32.45,,,,,-0.3,,,
2016-02-03,1.12,1.53,1.87,0.75,2.67,0.51,1.36,1.14,,80.127,,,,,,,,,,0.38,29.9,30.98,,,,,-0.3,,,
2016-02-04,1.16,1.55,1.88,0.72,2.7,0.5,1.38,1.16,,62.461,,,,,,,,,,0.38,32.29,32.38,,,,,-0.3,,,
2016-02-05,1.17,1.58,1.87,0.7,2.7,0.51,1.36,1.13,,55.893,,,,,,,,,,0.38,31.63,32.76,,,,,-0.3,,,
2016-02-06,1.12,1.56,1.86,0.74,2.68,0.53,1.33,1.07,,50.888,,,,,,,,,,0.38,30.86,32.35,,,,,-0.3,,,
2016-02-07,,,,,,,,,,,4483495.0,2374971.0,,,,,,,,0.38,,,,,,,-0.3,8326.9295,,
2016-02-08,,,,,,,,,,,,,,,,4.9,,,,0.38,,,,,,,-0.3,,,
2016-02-09,1.09,1.43,1.75,0.66,2.56,0.52,1.23,0.97,,39.132,,,-0.302,0.7307,,,,,,0.38,29.71,31.64,,,,,-0.3,,,
2016-02-10,1.05,1.44,1.74,0.69,2.55,0.53,1.21,0.93,,44.123,,,,,,,,,,0.38,27.96,30.15,,,,,-0.3,,,
2016-02-11,1.0,1.4,1.71,0.71,2.53,0.5,1.21,0.95,,47.974,,,,,,,,,,0.38,27.54,29.64,,,,,-0.3,,,
2016-02-12,0.99,1.35,1.63,0.64,2.5,0.45,1.18,0.94,,44.482,,,,,,,,,,0.38,26.19,28.82,,,,,-0.3,,,
2016-02-13,1.03,1.44,1.74,0.71,2.6,0.49,1.25,1.03,,35.233,,,,,,,,,,0.38,29.32,31.8,,,,,-0.3,,,
2016-02-14,,,,,,,,,,,4486278.0,2441826.0,,,,,,,,0.38,,,,,,,-0.3,8331.985,,
2016-02-15,,,,,,,,,,,,,,,,,,91.7,,0.38,,,,,,,-0.3,,,
2016-02-16,,,,,,,,,,,,,-0.304,1.2713,237.336,,,,,0.38,,,,,,,-0.3,,,
2016-02-17,1.04,1.48,1.78,0.74,2.64,0.53,1.25,1.03,,34.728,,,,,,,99.0445,,,0.38,29.05,31.09,,,,,-0.3,,,
2016-02-18,1.07,1.51,1.81,0.74,2.68,0.53,1.28,1.04,,52.098,,,,,,,,,,0.37,30.68,33.21,,,,,-0.3,,,
2016-02-19,1.04,1.45,1.75,0.71,2.62,0.51,1.24,1.02,,71.581,,,,,,,,,,0.38,30.77,33.2,,,,,-0.3,,,
2016-02-20,1.0,1.45,1.76,0.76,2.61,0.5,1.26,1.06,,59.088,,,,,,,,,,0.38,29.59,31.66,,,,,-0.3,,,
2016-02-21,,,,,,,,,,,4483629.0,2478361.0,,,,,,,,0.38,,,,,,,-0.3,8340.3596,,
2016-02-22,,,,,,,,,,,,,,,,,,,,0.38,,,,,,,-0.3,,,
2016-02-23,0.99,1.44,1.77,0.78,2.62,0.46,1.31,1.11,,54.405,,,-0.313,0.5836,,,,,,0.38,31.37,33.59,,,,,-0.3,,,
2016-02-24,0.98,1.42,1.74,0.76,2.6,0.42,1.32,1.13,,64.808,,,,,,,,,,0.38,31.84,31.9,,,,,-0.3,,,
2016-02-25,1.0,1.42,1.75,0.75,2.61,0.39,1.36,1.15,,41.065,,,,,,,,,,0.38,30.35,31.5,,,,,-0.3,,,
2016-02-26,0.99,1.39,1.71,0.72,2.58,0.32,1.39,1.18,,43.818,,,,,,,,,,0.37,31.4,32.83,,,,,-0.3,,,
2016-02-27,0.96,1.43,1.76,0.8,2.63,0.35,1.41,1.2,,56.919,,,,,,,,,,0.37,31.65,35.76,,,,,-0.3,,,
2016-02-28,,,,,,,,,,,4489796.0,2421445.0,,,,,,,,0.37,,,,,,,-0.3,8344.1722,,
2016-02-29,,,,,,,,,,,,,,,,,,,,0.37,,,,,,,-0.3,,,
2016-03-01,0.96,1.41,1.74,0.78,2.61,0.32,1.42,1.23,,94.123,,,-0.326,0.5665,,,,,,0.29,32.74,35.92,,,,,-0.3,,,
2016-03-02,0.98,1.5,1.83,0.85,2.7,0.35,1.48,1.29,,38.763,,,,,,,,,12604.4,0.36,34.39,35.73,4598.619047619048,1.93047619047619,1.56,,-0.3,,,
2016-03-03,0.99,1.48,1.84,0.85,2.69,0.33,1.51,1.34,,44.546,,,,,,,,,,0.37,34.57,36.38,,,,,-0.3,,,
2016-03-04,0.98,1.55,1.83,0.85,2.65,0.3,1.53,1.36,,50.384,,,,,,,,,,0.37,34.56,35.75,,,,,-0.3,,,
2016-03-05,1.0,1.59,1.88,0.88,2.7,0.37,1.51,1.36,,51.368,,,,,,,,,,0.36,35.91,37.61,,,,,-0.3,,,
2016-03-06,,,,,,,,,,,4478485.0,2481508.0,,,,,,,,0.36,,,,,,,-0.3,8392.188,,
2016-03-07,,,,,,,,,,,,,,,,,,,,0.36,,,,,,,-0.3,,,
2016-03-08,1.0,1.59,1.91,0.91,2.71,0.43,1.48,1.36,,53.724,,,-0.341,0.2458,,5.0,,,,0.36,37.9,39.02,,,,,-0.3,,,
2016-03-09,0.95,1.54,1.83,0.88,2.63,0.37,1.46,1.33,,49.332,,,,,,,,,,0.36,36.67,39.16,,,,,-0.3,,,
2016-03-10,1.0,1.6,1.9,0.9,2.68,0.39,1.51,1.37,,47.346,,,,,,,,,,0.36,37.62,40.26,,,,,-0.3,,,
2016-03-11,1.0,1.61,1.93,0.93,2.7,0.45,1.48,1.35,,35.428,,,,,,,,,,0.36,37.77,38.63,,,,,-0.3,,,
2016-03-12,1.01,1.65,1.98,0.97,2.75,0.44,1.54,1.41,,39.73,,,,,,,,,,0.36,38.51,39.41,,,,,-0.3,,,
2016-03-13,,,,,,,,,,,4481083.0,2515893.0,,,,,,,,0.36,,,,,,,-0.3,8409.2616,,
2016-03-14,,,,,,,,,,,,,,,,,,,,0.36,,,,,,,-0.3,,,
2016-03-15,1.0,1.63,1.97,0.97,2.74,0.45,1.52,1.38,,40.518,,,-0.356,0.283,,,,91.0,,0.36,37.2,38.06,,,,,-0.3,,,
2016-03-16,0.99,1.63,1.97,0.98,2.73,0.47,1.5,1.35,,38.299,,,,,238.08,,,,,0.37,36.32,37.49,,,,,-0.3,,,
2016-03-17,1.07,1.63,1.94,0.87,2.73,0.36,1.58,1.45,,48.389,,,,,,,98.3096,,,0.37,38.43,38.38,,,,,-0.4,,,
2016-03-18,1.04,1.62,1.91,0.87,2.69,0.34,1.57,1.46,,34.869,,,,,,,,,,0.37,40.17,39.29,,,,,-0.4,,,
2016-03-19,1.04,1.58,1.88,0.84,2.68,0.27,1.61,1.47,,67.622,,,,,,,,,,0.37,39.47,39.26,,,,,-0.4,,,
2016-03-20,,,,,,,,,,,4486333.0,2499512.0,,,,,,,,0.37,,,,,,,-0.4,8413.2061,,
2016-03-21,,,,,,,,,,,,,,,,,,,,0.37,,,,,,,-0.4,,,
2016-03-22,1.05,1.61,1.92,0.87,2.72,0.28,1.64,1.5,,55.751,,,-0.37,0.1716,,,,,,0.37,39.91,39.91,,,,,-0.4,,,
2016-03-23,1.03,1.64,1.94,0.91,2.72,0.31,1.63,1.48,,68.284,,,,,,,,,,0.37,41.45,40.54,,,,,-0.4,,,
2016-03-24,1.01,1.58,1.88,0.87,2.65,0.3,1.58,1.44,,70.075,,,,,,,,,,0.37,38.28,38.84,,,,,-0.4,,,
2016-03-25,1.02,1.61,1.91,0.89,2.67,0.34,1.57,1.42,,,,,,,,,,,,0.37,38.14,38.33,,,,,-0.4,,,
2016-03-26,,,,,,,,,,,,,,,,,,,,0.37,,,,,,,-0.4,,,
2016-03-27,,,,,,,,,,,4492857.0,2422534.0,,,,,,,,0.37,,,,,,,-0.4,8423.2579,,
2016-03-28,,,,,,,,,,,,,,,,,,,,0.37,,,,,,,-0.4,,,
2016-03-29,1.0,1.6,1.89,0.89,2.66,0.33,1.56,1.4,,65.481,,,-0.379,0.175,,,,,,0.37,37.99,38.33,,,,,-0.4,,,
2016-03-30,1.03,1.58,1.81,0.78,2.6,0.2,1.61,1.47,,104.77,,,,,,,,,,0.37,36.91,36.75,,,,,-0.4,,,
2016-03-31,1.07,1.63,1.83,0.76,2.65,0.18,1.65,1.52,,127.119,,,,,,,,,12662.2,0.37,36.91,36.75,4953.797619047619,1.812608695652174,1.32,8.2,-0.4,,103.98904,76.93521369430309
2016-04-01,1.05,1.57,1.78,0.73,2.61,0.16,1.62,1.49,,303.849,,,,,,,,,,0.25,36.94,36.75,,,,,-0.4,,,
2016-04-02,1.03,1.56,1.79,0.76,2.62,0.17,1.62,1.49,,89.118,,,,,,,,,,0.37,35.36,36.42,,,,,-0.4,,,
2016-04-03,,,,,,,,,,,4482840.0,2408417.0,,,,,,,,0.37,,,,,,,-0.4,8433.2,,
2016-04-04,,,,,,,,,,,,,,,,,,,,0.37,,,,,,,-0.4,,,
2016-04-05,1.03,1.55,1.78,0.75,2.6,0.14,1.64,1.48,,65.692,,,-0.386,0.394,,,,,,0.37,34.3,36.05,,,,,-0.4,,,
2016-04-06,1.01,1.5,1.73,0.72,2.54,0.14,1.59,1.43,,44.369,,,,,,,,,,0.37,34.52,35.88,,,,,-0.4,,,
2016-04-07,1.03,1.53,1.76,0.73,2.58,0.17,1.59,1.43,,27.455,,,,,,,,,,0.37,37.74,37.77,,,,,-0.4,,,
2016-04-08,1.0,1.47,1.7,0.7,2.52,0.12,1.58,1.41,,34.065,,,,,,5.1,,,,0.37,37.3,37.15,,,,,-0.4,,,
2016-04-09,1.02,1.49,1.72,0.7,2.55,0.14,1.58,1.43,,21.618,,,,,,,,,,0.37,39.74,40.71,,,,,-0.4,,,
2016-04-10,,,,,,,,,,,4484069.0,2391977.0,,,,,,,,0.37,,,,,,,-0.4,8448.3169,,
2016-04-11,,,,,,,,,,,,,,,,,,,,0.37,,,,,,,-0.4,,,
2016-04-12,1.03,1.5,1.73,0.7,2.56,0.17,1.56,1.41,,22.151,,,-0.389,0.3512,,,,,,0.37,40.46,41.58,,,,,-0.4,,,
2016-04-13,1.05,1.57,1.79,0.74,2.61,0.22,1.57,1.39,,18.711,,,,,,,,,,0.37,42.12,43.02,,,,,-0.4,,,
2016-04-14,1.02,1.54,1.77,0.75,2.58,0.21,1.56,1.43,,16.61,,,,,,,,,,0.37,41.7,42.81,,,,,-0.4,,,
2016-04-15,1.03,1.58,1.8,0.77,2.61,0.24,1.56,1.42,,18.241,,,,,,,,89.0,,0.37,41.45,43.02,,,,,-0.4,,,
2016-04-16,1.02,1.54,1.76,0.74,2.56,0.2,1.56,1.42,,23.479,,,,,238.992,,,,,0.37,40.4,41.32,,,,,-0.4,,,
2016-04-17,,,,,,,,,,,4499729.0,2496830.0,,,,,98.6421,,,0.37,,,,,,,-0.4,8455.3513,,
2016-04-18,,,,,,,,,,,,,,,,,,,,0.37,,,,,,,-0.4,,,
2016-04-19,1.03,1.56,1.78,0.75,2.58,0.21,1.57,1.41,,38.607,,,-0.392,0.103,,,,,,0.37,39.74,41.64,,,,,-0.4,,,
2016-04-20,1.02,1.58,1.79,0.77,2.6,0.19,1.6,1.46,,40.049,,,,,,,,,,0.37,40.88,43.02,,,,,-0.4,,,
2016-04-21,1.05,1.62,1.85,0.8,2.66,0.23,1.62,1.49,,31.971,,,,,,,,,,0.37,42.72,43.09,,,,,-0.4,,,
2016-04-22,1.06,1.65,1.88,0.82,2.69,0.24,1.64,1.56,,36.555,,,,,,,,,,0.37,43.18,43.48,,,,,-0.4,,,
2016-04-23,1.05,1.66,1.89,0.84,2.7,0.25,1.64,1.56,,19.084,,,,,,,,,,0.37,42.76,43.97,,,,,-0.4,,,
2016-04-24,,,,,,,,,,,4490131.0,2470250.0,,,,,,,,0.37,,,,,,,-0.4,8475.0767,,
2016-04-25,,,,,,,,,,,,,,,,,,,,0.37,,,,,,,-0.4,,,
2016-04-26,1.06,1.66,1.91,0.85,2.72,0.26,1.65,1.56,,24.148,,,-0.393,-0.0136,,,,,,0.37,41.67,42.97,,,,,-0.4,,,
2016-04-27,1.08,1.7,1.94,0.86,2.76,0.27,1.67,1.56,,29.563,,,,,,,,,,0.37,42.52,43.94,,,,,-0.4,,,
2016-04-28,1.04,1.63,1.87,0.83,2.71,0.19,1.68,1.57,,31.432,,,,,,,,,,0.37,45.29,44.17,,,,,-0.4,,,
2016-04-29,1.06,1.62,1.84,0.78,2.68,0.12,1.72,1.61,,25.526,,,,,,,,,,0.37,46.03,45.6,,,,,-0.4,,,
2016-04-30,1.06,1.61,1.83,0.77,2.66,0.12,1.71,1.6,,65.558,,,,,,,,,,0.3,45.98,45.64,,,,,-0.4,,,
2016-05-01,,,,,,,,,,,4474665.0,2374158.0,,,,,,,12741.9,0.3,,,4872.738095238095,2.014285714285714,0.84,,-0.4,8485.2129,,
2016-05-02,,,,,,,,,,,,,,,,,,,,0.3,,,,,,,-0.4,,,
2016-05-03,1.08,1.66,1.88,0.8,2.71,0.2,1.68,1.58,,38.947,,,-0.392,0.0778,,,,,,0.37,44.75,45.82,,,,,-0.4,,,
2016-05-04,1.06,1.6,1.81,0.75,2.66,0.17,1.64,1.54,,38.536,,,,,,,,,,0.37,43.65,43.09,,,,,-0.4,,,
2016-05-05,1.04,1.6,1.79,0.75,2.64,0.16,1.63,1.52,,35.592,,,,,,,,,,0.37,43.77,43.08,,,,,-0.4,,,
2016-05-06,1.04,1.56,1.76,0.72,2.6,0.13,1.63,1.52,,30.222,,,,,,,,,,0.37,44.33,44.39,,,,,-0.4,,,
2016-05-07,1.05,1.6,1.79,0.74,2.62,0.18,1.61,1.51,,28.294,,,,,,,,,,0.37,44.58,44.6,,,,,-0.4,,,
2016-05-08,,,,,,,,,,,4477270.0,2361000.0,,,,4.8,,,,0.37,,,,,,,-0.4,8505.37,,
2016-05-09,,,,,,,,,,,,,,,,,,,,0.37,,,,,,,-0.4,,,
2016-05-10,1.05,1.53,1.77,0.72,2.61,0.18,1.59,1.5,,23.238,,,-0.391,0.283,,,,,,0.37,43.45,42.43,,,,,-0.4,,,
2016-05-11,1.05,1.53,1.77,0.72,2.61,0.15,1.62,1.53,,31.035,,,,,,,,,,0.37,44.68,44.01,,,,,-0.4,,,
2016-05-12,0.99,1.47,1.73,0.74,2.58,0.14,1.59,1.53,,31.533,,,,,,,,,,0.37,46.21,46.08,,,,,-0.4,,,
2016-05-13,0.99,1.48,1.75,0.76,2.6,0.15,1.6,1.53,,34.843,,,,,,,,,,0.37,46.64,46.43,,,,,-0.4,,,
2016-05-14,0.95,1.42,1.71,0.76,2.55,0.13,1.58,1.52,,17.088,,,,,,,,,,0.37,46.22,47.05,,,,,-0.4,,,
2016-05-15,,,,,,,,,,,4478411.0,2401680.0,,,,,,94.7,,0.37,,,,,,,-0.4,8517.9782,,
2016-05-16,,,,,,,,,,,,,,,239.557,,,,,0.37,,,,,,,-0.4,,,
2016-05-17,0.96,1.47,1.75,0.79,2.59,0.15,1.6,1.53,,20.123,,,-0.389,0.1912,,,98.4184,,,0.37,47.72,48.49,,,,,-0.4,,,
2016-05-18,0.94,1.48,1.76,0.82,2.59,0.15,1.61,1.56,,21.115,,,,,,,,,,0.37,48.29,48.71,,,,,-0.4,,,
2016-05-19,0.97,1.57,1.87,0.9,2.67,0.26,1.61,1.54,,63.92,,,,,,,,,,0.37,48.12,48.93,,,,,-0.4,,,
2016-05-20,0.96,1.54,1.85,0.89,2.64,0.29,1.56,1.51,,63.293,,,,,,,,,,0.37,48.16,47.01,,,,,-0.4,,,
2016-05-21,0.96,1.52,1.85,0.89,2.63,0.29,1.56,1.51,,60.342,,,,,,,,,,0.37,47.67,48.54,,,,,-0.4,,,
2016-05-22,,,,,,,,,,,4473741.0,2416214.0,,,,,,,,0.37,,,,,,,-0.4,8514.9817,,
2016-05-23,,,,,,,,,,,,,,,,,,,,0.37,,,,,,,-0.4,,,
2016-05-24,0.93,1.49,1.84,0.91,2.63,0.3,1.54,1.49,,78.109,,,-0.386,0.0837,,,,,,0.37,48.12,47.77,,,,,-0.4,,,
2016-05-25,0.94,1.51,1.86,0.92,2.65,0.31,1.55,1.51,,57.676,,,,,,,,,,0.37,48.04,48.42,,,,,-0.4,,,
2016-05-26,0.95,1.54,1.87,0.92,2.67,0.29,1.58,1.51,,65.797,,,,,,,,,,0.37,49.1,48.87,,,,,-0.4,,,
2016-05-27,0.96,1.52,1.83,0.87,2.64,0.25,1.58,1.51,,58.671,,,,,,,,,,0.37,49.0,49.52,,,,,-0.4,,,
2016-05-28,0.95,1.53,1.85,0.9,2.65,0.27,1.58,1.51,,40.472,,,,,,,,,,0.37,49.36,49.09,,,,,-0.4,,,
2016-05-29,,,,,,,,,,,4461111.0,2332537.0,,,,,,,,0.37,,,,,,,-0.4,8536.66,,
2016-05-30,,,,,,,,,,,,,,,,,,,,0.37,,,,,,,-0.4,,,
2016-05-31,,,,,,,,,,,,,-0.381,0.0059,,,,,12800.7,0.37,,,4694.5375,2.087272727272727,0.8,,-0.4,,,
2016-06-01,0.97,1.5,1.84,0.87,2.64,0.3,1.54,1.47,,102.627,,,,,,,,,,0.29,49.1,49.26,,,,,-0.4,,,
2016-06-02,0.94,1.55,1.85,0.91,2.63,0.31,1.54,1.47,,61.186,,,,,,,,,,0.37,49.07,48.81,,,,,-0.4,,,
2016-06-03,0.92,1.52,1.81,0.89,2.58,0.27,1.54,1.48,,62.973,,,,,,,,,,0.37,49.14,49.05,,,,,-0.4,,,
2016-06-04,0.93,1.41,1.71,0.78,2.52,0.19,1.52,1.45,,58.183,,,,,,,,,,0.37,48.69,48.5,,,,,-0.4,,,
2016-06-05,,,,,,,,,,,4461393.0,2393953.0,,,,,,,,0.37,,,,,,,-0.4,8546.7112,,
2016-06-06,,,,,,,,,,,,,,,,,,,,0.37,,,,,,,-0.4,,,
2016-06-07,0.93,1.45,1.73,0.8,2.55,0.19,1.54,1.49,,53.352,,,-0.375,0.1389,,,,,,0.37,49.71,48.94,,,,,-0.4,,,
2016-06-08,0.94,1.44,1.72,0.78,2.54,0.15,1.57,1.51,,49.906,,,,,,4.9,,,,0.37,50.37,49.76,,,,,-0.4,,,
2016-06-09,0.93,1.47,1.71,0.78,2.51,0.12,1.59,1.54,,41.445,,,,,,,,,,0.37,51.23,50.73,,,,,-0.4,,,
2016-06-10,0.91,1.42,1.68,0.77,2.48,0.12,1.56,1.53,,41.435,,,,,,,,,,0.37,50.52,50.59,,,,,-0.4,,,
2016-06-11,0.91,1.38,1.64,0.73,2.44,0.12,1.52,1.49,,40.5,,,,,,,,,,0.37,49.09,49.7,,,,,-0.4,,,
2016-06-12,,,,,,,,,,,4463542.0,2429639.0,,,,,,,,0.37,,,,,,,-0.4,8554.1427,,
2016-06-13,,,,,,,,,,,,,,,,,,,,0.37,,,,,,,-0.4,,,
2016-06-14,0.89,1.35,1.62,0.73,2.43,0.15,1.47,1.45,,46.016,,,-0.369,0.1686,,,,,,0.37,48.89,49.36,,,,,-0.4,,,
2016-06-15,0.88,1.35,1.62,0.74,2.43,0.17,1.45,1.45,,34.936,,,,,,,,93.5,,0.37,48.49,47.88,,,,,-0.4,,,
2016-06-16,0.91,1.34,1.6,0.69,2.43,0.13,1.47,1.47,,28.313,,,,,240.222,,,,,0.37,47.92,47.47,,,,,-0.4,,,
2016-06-17,0.87,1.3,1.57,0.7,2.39,0.15,1.42,1.42,,35.1,,,,,,,98.8833,,,0.38,46.14,45.66,,,,,-0.4,,,
2016-06-18,0.92,1.35,1.62,0.7,2.43,0.2,1.42,1.43,,58.606,,,,,,,,,,0.38,48.0,46.57,,,,,-0.4,,,
2016-06-19,,,,,,,,,,,4472817.0,2449153.0,,,,,,,,0.38,,,,,,,-0.4,8558.5374,,
2016-06-20,,,,,,,,,,,,,,,,,,,,0.38,,,,,,,-0.4,,,
2016-06-21,0.93,1.39,1.67,0.74,2.47,0.24,1.43,1.43,,67.757,,,-0.362,0.5815,,,,,,0.38,49.4,48.68,,,,,-0.4,,,
2016-06-22,0.95,1.44,1.71,0.76,2.5,0.28,1.43,1.41,,86.546,,,,,,,,,,0.38,48.95,48.18,,,,,-0.4,,,
2016-06-23,0.94,1.42,1.69,0.75,2.5,0.25,1.44,1.41,,90.386,,,,,,,,,,0.38,49.16,48.43,,,,,-0.4,,,
2016-06-24,0.96,1.43,1.74,0.78,2.55,0.24,1.5,1.47,,91.509,,,,,,,,,,0.39,49.34,48.63,,,,,-0.4,,,
2016-06-25,0.93,1.3,1.57,0.64,2.42,0.15,1.42,1.36,,87.498,,,,,,,,,,0.4,46.7,46.69,,,,,-0.4,,,
2016-06-26,,,,,,,,,,,4482009.0,2361897.0,,,,,,,,0.4,,,,,,,-0.4,8572.6781,,
2016-06-27,,,,,,,,,,,,,,,,,,,,0.4,,,,,,,-0.4,,,
2016-06-28,0.85,1.19,1.46,0.61,2.28,0.12,1.34,1.27,,116.639,,,-0.357,0.2658,,,,,,0.41,45.8,45.07,,,,,-0.4,,,
2016-06-29,0.85,1.2,1.46,0.61,2.27,0.09,1.37,1.32,,129.102,,,,,,,,,,0.41,47.93,46.29,,,,,-0.4,,,
2016-06-30,0.88,1.24,1.5,0.62,2.3,0.1,1.4,1.36,,143.206,,,,,,,,,,0.41,49.85,48.4,,,,11.6,-0.4,,103.58005,77.62574116320746
2016-07-01,0.91,1.23,1.49,0.58,2.3,0.09,1.4,1.38,,278.809,,,,,,,,,12849.3,0.3,48.27,48.05,4641.965909090909,2.623636363636364,0.26,,-0.4,,,
2016-07-02,0.87,1.18,1.46,0.59,2.24,0.03,1.43,1.43,,113.428,,,,,,,,,,0.41,49.02,47.65,,,,,-0.4,,,
2016-07-03,,,,,,,,,,,4466482.0,2256344.0,,,,,,,,0.41,,,,,,,-0.4,8605.2052,,
2016-07-04,,,,,,,,,,,,,,,,,,,,0.41,,,,,,,-0.4,,,
2016-07-05,,,,,,,,,,,,,-0.354,0.6009,,,,,,0.41,,48.02,,,,,-0.4,,,
2016-07-06,0.81,1.09,1.37,0.56,2.14,-0.03,1.4,1.39,,111.242,,,,,,,,,,0.4,46.73,45.64,,,,,-0.4,,,
2016-07-07,0.8,1.11,1.38,0.58,2.14,-0.05,1.43,1.41,,83.401,,,,,,,,,,0.4,47.37,45.7,,,,,-0.4,,,
2016-07-08,0.82,1.11,1.4,0.58,2.14,-0.03,1.43,1.41,,76.407,,,,,,4.8,,,,0.4,45.22,45.93,,,,,-0.4,,,
2016-07-09,0.76,1.09,1.37,0.61,2.11,-0.06,1.43,1.39,,67.516,,,,,,,,,,0.4,45.37,44.53,,,,,-0.4,,,
2016-07-10,,,,,,,,,,,4470605.0,2253410.0,,,,,,,,0.4,,,,,,,-0.4,8613.7972,,
2016-07-11,,,,,,,,,,,,,,,,,,,,0.4,,,,,,,-0.4,,,
2016-07-12,0.77,1.12,1.43,0.66,2.14,0.01,1.42,1.41,,61.876,,,-0.356,0.2226,,,,,,0.4,44.73,44.04,,,,,-0.4,,,
2016-07-13,0.84,1.24,1.53,0.69,2.24,0.07,1.46,1.46,,62.64,,,,,,,,,,0.4,46.82,46.72,,,,,-0.4,,,
2016-07-14,0.8,1.17,1.48,0.68,2.18,0.03,1.45,1.43,,48.357,,,,,,,,,,0.4,44.87,44.67,,,,,-0.4,,,
2016-07-15,0.85,1.21,1.53,0.68,2.25,0.08,1.45,1.44,,30.358,,,,,,,,90.0,,0.4,45.64,46.01,,,,,-0.4,,,
2016-07-16,0.89,1.28,1.6,0.71,2.3,0.11,1.49,1.44,,41.162,,,,,240.101,,,,,0.4,45.93,46.25,,,,,-0.4,,,
2016-07-17,,,,,,,,,,,4472202.0,2310766.0,,,,,98.9992,,,0.4,,,,,,,-0.4,8623.4551,,
2016-07-18,,,,,,,,,,,,,,,,,,,,0.4,,,,,,,-0.4,,,
2016-07-19,0.91,1.27,1.59,0.68,2.3,0.1,1.49,1.41,,80.813,,,-0.359,-0.093,,,,,,0.4,45.23,45.35,,,,,-0.4,,,
2016-07-20,0.86,1.25,1.56,0.7,2.27,0.12,1.44,1.39,,82.273,,,,,,,,,,0.4,44.64,45.7,,,,,-0.4,,,
2016-07-21,0.86,1.27,1.59,0.73,2.3,0.13,1.46,1.4,,79.368,,,,,,,,,,0.4,44.96,45.82,,,,,-0.4,,,
2016-07-22,0.87,1.25,1.57,0.7,2.29,0.05,1.52,1.38,,70.517,,,,,,,,,,0.4,43.96,44.99,,,,,-0.4,,,
2016-07-23,0.86,1.24,1.57,0.71,2.29,0.06,1.51,1.36,,44.897,,,,,,,,,,0.4,43.41,44.24,,,,,-0.4,,,
2016-07-24,,,,,,,,,,,4480973.0,2327654.0,,,,,,,,0.4,,,,,,,-0.4,8611.6046,,
2016-07-25,,,,,,,,,,,,,,,,,,,,0.4,,,,,,,-0.4,,,
2016-07-26,0.86,1.26,1.58,0.72,2.29,0.08,1.5,1.34,,49.132,,,-0.363,0.1008,,,,,,0.4,42.4,43.76,,,,,-0.4,,,
2016-07-27,0.82,1.26,1.57,0.75,2.28,0.07,1.5,1.33,,69.799,,,,,,,,,,0.4,42.16,43.56,,,,,-0.4,,,
2016-07-28,0.79,1.21,1.52,0.73,2.23,0.03,1.49,1.31,,67.687,,,,,,,,,,0.4,41.9,42.78,,,,,-0.4,,,
2016-07-29,0.8,1.27,1.52,0.72,2.23,0.0,1.52,1.33,,45.194,,,,,,,,,,0.4,41.13,41.87,,,,,-0.4,,,
2016-07-30,0.79,1.18,1.46,0.67,2.18,-0.03,1.49,1.31,,110.518,,,,,,,,,,0.3,41.54,40.76,,,,,-0.4,,,
2016-07-31,,,,,,,,,,,4464498.0,2322008.0,,,,,,,12907.3,0.3,,,4864.904761904762,2.772857142857143,0.3,,-0.4,8619.1144,,
2016-08-01,,,,,,,,,,,,,,,,,,,,0.3,,,,,,,-0.4,,,
2016-08-02,0.84,1.22,1.51,0.67,2.24,0.05,1.46,1.27,,72.911,,,-0.367,0.2473,,,,,,0.4,40.05,40.17,,,,,-0.4,,,
2016-08-03,0.88,1.26,1.55,0.67,2.29,0.11,1.44,1.25,,80.535,,,,,,,,,,0.4,39.5,40.0,,,,,-0.4,,,
2016-08-04,0.88,1.27,1.55,0.67,2.29,0.09,1.46,1.28,,68.075,,,,,,,,,,0.4,40.8,40.45,,,,,-0.4,,,
2016-08-05,0.87,1.25,1.51,0.64,2.25,0.04,1.47,1.3,,50.263,,,,,,,,,,0.4,41.92,41.33,,,,,-0.4,,,
2016-08-06,0.87,1.31,1.59,0.72,2.32,0.09,1.5,1.33,,56.235,,,,,,,,,,0.4,41.83,42.47,,,,,-0.4,,,
2016-08-07,,,,,,,,,,,4466793.0,2332761.0,,,,,,,,0.4,,,,,,,-0.4,8622.256,,
2016-08-08,,,,,,,,,,,,,,,,4.9,,,,0.4,,,,,,,-0.4,,,
2016-08-09,0.85,1.28,1.59,0.74,2.3,0.08,1.51,1.34,,60.625,,,-0.368,0.3661,,,,,,0.4,43.06,43.24,,,,,-0.4,,,
2016-08-10,0.84,1.26,1.55,0.71,2.25,0.06,1.49,1.3,,66.881,,,,,,,,,,0.4,42.78,43.37,,,,,-0.4,,,
2016-08-11,0.81,1.22,1.5,0.69,2.23,0.06,1.44,1.27,,80.174,,,,,,,,,,0.4,41.75,42.19,,,,,-0.4,,,
2016-08-12,0.81,1.29,1.57,0.76,2.28,0.1,1.47,1.32,,80.145,,,,,,,,,,0.4,43.51,44.23,,,,,-0.4,,,
2016-08-13,0.8,1.22,1.51,0.71,2.23,0.07,1.44,1.29,,37.278,,,,,,,,,,0.4,44.47,45.12,,,,,-0.4,,,
2016-08-14,,,,,,,,,,,4468929.0,2395226.0,,,,,,,,0.4,,,,,,,-0.4,8632.8055,,
2016-08-15,,,,,,,,,,,,,,,,,,89.8,,0.4,,,,,,,-0.4,,,
2016-08-16,0.83,1.24,1.55,0.72,2.27,0.1,1.45,1.3,,56.95,,,-0.368,0.2231,240.545,,,,,0.4,45.72,47.31,,,,,-0.4,,,
2016-08-17,0.81,1.3,1.57,0.76,2.29,0.13,1.44,1.28,,76.397,,,,,,,98.85,,,0.4,46.57,48.27,,,,,-0.4,,,
2016-08-18,0.82,1.26,1.56,0.74,2.27,0.09,1.47,1.31,,81.337,,,,,,,,,,0.4,46.81,48.58,,,,,-0.4,,,
2016-08-19,0.82,1.23,1.53,0.71,2.26,0.06,1.47,1.32,,95.089,,,,,,,,,,0.4,48.2,49.46,,,,,-0.4,,,
2016-08-20,0.82,1.28,1.58,0.76,2.29,0.1,1.48,1.34,,101.468,,,,,,,,,,0.4,48.48,49.39,,,,,-0.4,,,
2016-08-21,,,,,,,,,,,4466476.0,2328544.0,,,,,,,,0.4,,,,,,,-0.4,8630.39,,
2016-08-22,,,,,,,,,,,,,,,,,,,,0.4,,,,,,,-0.4,,,
2016-08-23,0.79,1.26,1.55,0.76,2.24,0.08,1.47,1.34,,116.124,,,-0.365,0.203,,,,,,0.4,46.8,48.1,,,,,-0.4,,,
2016-08-24,0.81,1.25,1.55,0.74,2.24,0.07,1.48,1.34,,121.654,,,,,,,,,,0.4,47.54,48.7,,,,,-0.4,,,
2016-08-25,0.8,1.25,1.56,0.76,2.24,0.08,1.48,1.32,,95.35,,,,,,,,,,0.4,46.29,47.56,,,,,-0.4,,,
2016-08-26,0.8,1.25,1.58,0.78,2.27,0.09,1.49,1.33,,72.817,,,,,,,,,,0.4,46.97,49.25,,,,,-0.4,,,
2016-08-27,0.78,1.28,1.62,0.84,2.29,0.15,1.47,1.31,,76.532,,,,,,,,,,0.4,47.64,49.66,,,,,-0.4,,,
2016-08-28,,,,,,,,,,,4473840.0,2358138.0,,,,,,,,0.4,,,,,,,-0.4,8645.6915,,
2016-08-29,,,,,,,,,,,,,,,,,,,,0.4,,,,,,,-0.4,,,
2016-08-30,0.76,1.24,1.57,0.81,2.22,0.11,1.46,1.29,,79.731,,,-0.36,0.2809,,,,,,0.4,46.97,49.66,,,,,-0.4,,,
2016-08-31,0.77,1.24,1.57,0.8,2.23,0.11,1.46,1.28,,101.422,,,,,,,,,12986.7,0.4,46.32,47.94,4751.670454545455,2.722173913043478,0.42,,-0.4,,,
2016-09-01,0.78,1.25,1.58,0.8,2.23,0.11,1.47,1.27,,171.368,,,,,,,,,,0.3,44.68,47.94,,,,,-0.4,,,
2016-09-02,0.79,1.24,1.57,0.78,2.23,0.12,1.45,1.24,,90.607,,,,,,,,,,0.4,43.17,45.05,,,,,-0.4,,,
2016-09-03,0.8,1.27,1.6,0.8,2.28,0.13,1.47,1.28,,96.194,,,,,,,,,,0.4,44.39,45.96,,,,,-0.4,,,
2016-09-04,,,,,,,,,,,4457907.0,2337960.0,,,,,,,,0.4,,,,,,,-0.4,8664.5026,,
2016-09-05,,,,,,,,,,,,,,,,,,,,0.4,,,,,,,-0.4,,,
2016-09-06,,,,,,,,,,,,,-0.353,0.2934,,,,,,0.4,,46.72,,,,,-0.4,,,
2016-09-07,0.81,1.23,1.55,0.74,2.24,0.06,1.49,1.29,,92.733,,,,,,,,,,0.4,44.85,46.21,,,,,-0.4,,,
2016-09-08,0.8,1.2,1.54,0.74,2.23,0.03,1.51,1.3,,79.08,,,,,,5.0,,,,0.4,45.47,47.0,,,,,-0.4,,,
2016-09-09,0.83,1.26,1.61,0.78,2.32,0.09,1.52,1.34,,60.729,,,,,,,,,,0.4,47.63,49.23,,,,,-0.4,,,
2016-09-10,0.88,1.32,1.67,0.79,2.39,0.17,1.5,1.32,,78.784,,,,,,,,,,0.4,45.88,48.37,,,,,-0.4,,,
2016-09-11,,,,,,,,,,,4459394.0,2373809.0,,,,,,,,0.4,,,,,,,-0.4,8672.9093,,
2016-09-12,,,,,,,,,,,,,,,,,,,,0.4,,,,,,,-0.4,,,
2016-09-13,0.89,1.31,1.68,0.79,2.4,0.17,1.51,1.33,,86.056,,,-0.347,0.304,,,,,,0.4,46.28,47.82,,,,,-0.4,,,
2016-09-14,0.93,1.37,1.73,0.8,2.47,0.24,1.49,1.31,,83.109,,,,,,,,,,0.4,44.91,46.48,,,,,-0.4,,,
2016-09-15,0.93,1.37,1.7,0.77,2.44,0.21,1.49,1.3,,64.485,,,,,,,,91.2,,0.4,43.62,45.65,,,,,-0.4,,,
2016-09-16,0.97,1.42,1.71,0.74,2.48,0.22,1.49,1.31,,55.994,,,,,241.176,,,,,0.4,43.85,45.83,,,,,-0.4,,,
2016-09-17,0.93,1.4,1.7,0.77,2.44,0.19,1.51,1.34,,100.761,,,,,,,98.7457,,,0.4,43.04,45.26,,,,,-0.4,,,
2016-09-18,,,,,,,,,,,4481635.0,2368491.0,,,,,,,,0.4,,,,,,,-0.4,8682.0632,,
2016-09-19,,,,,,,,,,,,,,,,,,,,0.4,,,,,,,-0.4,,,
2016-09-20,0.91,1.4,1.7,0.79,2.45,0.2,1.5,1.35,,125.636,,,-0.343,0.5069,,,,,,0.4,43.34,46.04,,,,,-0.4,,,
2016-09-21,0.9,1.39,1.69,0.79,2.43,0.2,1.49,1.33,,156.685,,,,,,,,,,0.4,43.85,45.24,,,,,-0.4,,,
2016-09-22,0.87,1.44,1.66,0.79,2.39,0.15,1.51,1.37,,176.835,,,,,,,,,,0.4,45.33,45.99,,,,,-0.4,,,
2016-09-23,0.84,1.45,1.63,0.79,2.34,0.08,1.55,1.4,,194.053,,,,,,,,,,0.4,46.1,47.21,,,,,-0.4,,,
2016-09-24,0.85,1.44,1.62,0.77,2.34,0.05,1.57,1.42,,174.726,,,,,,,,,,0.4,44.36,46.71,,,,,-0.4,,,
2016-09-25,,,,,,,,,,,4473032.0,2244467.0,,,,,,,,0.4,,,,,,,-0.4,8690.5462,,
2016-09-26,,,,,,,,,,,,,,,,,,,,0.4,,,,,,,-0.4,,,
2016-09-27,0.83,1.34,1.59,0.76,2.32,0.05,1.54,1.4,,200.068,,,-0.342,0.3445,,,,,,0.4,45.6,46.61,,,,,-0.4,,,
2016-09-28,0.81,1.3,1.56,0.75,2.28,0.04,1.52,1.38,,239.7,,,,,,,,,,0.4,44.65,44.95,,,,,-0.4,,,
2016-09-29,0.82,1.3,1.57,0.75,2.29,0.01,1.56,1.44,,272.277,,,,,,,,,,0.4,47.07,45.49,,,,8.5,-0.4,,103.60355,78.51733856601204
2016-09-30,0.83,1.3,1.56,0.73,2.28,0.02,1.54,1.44,,271.847,,,,,,,,,,0.4,47.72,48.43,,,,,-0.4,,,
2016-10-01,0.83,1.31,1.6,0.77,2.32,0.0,1.6,1.45,,412.523,,,,,,,,,13052.7,0.29,47.72,48.24,4722.204545454545,2.898636363636364,0.36,,-0.4,,,
2016-10-02,,,,,,,,,,,4452002.0,2131792.0,,,,,,,,0.29,,,,,,,-0.4,8700.7151,,
2016-10-03,,,,,,,,,,,,,,,,,,,,0.29,,,,,,,-0.4,,,
2016-10-04,0.83,1.31,1.63,0.8,2.34,0.0,1.63,1.47,,320.889,,,-0.346,0.3248,,,,,,0.4,48.8,48.61,,,,,-0.4,,,
2016-10-05,0.87,1.36,1.69,0.82,2.4,0.07,1.62,1.45,,306.041,,,,,,,,,,0.4,48.67,48.81,,,,,-0.4,,,
2016-10-06,0.87,1.4,1.72,0.85,2.44,0.1,1.62,1.48,,297.964,,,,,,,,,,0.4,49.75,49.57,,,,,-0.4,,,
2016-10-07,0.89,1.42,1.75,0.86,2.46,0.11,1.64,1.49,,237.619,,,,,,,,,,0.4,50.44,50.14,,,,,-0.4,,,
2016-10-08,0.9,1.4,1.73,0.83,2.46,0.1,1.63,1.5,,226.065,,,,,,4.9,,,,0.4,49.76,50.49,,,,,-0.4,,,
2016-10-09,,,,,,,,,,,4459407.0,1999935.0,,,,,,,,0.4,,,,,,,-0.4,8724.7797,,
2016-10-10,,,,,,,,,,,,,,,,,,,,0.4,,,,,,,-0.4,,,
2016-10-11,,,,,,,,,,,,,-0.353,0.0957,,,,,,0.4,49.76,51.54,,,,,-0.4,,,
2016-10-12,0.9,1.42,1.77,0.87,2.5,0.13,1.64,1.51,,201.546,,,,,,,,,,0.41,50.72,50.48,,,,,-0.4,,,
2016-10-13,0.92,1.42,1.79,0.87,2.51,0.15,1.64,1.51,,188.671,,,,,,,,,,0.41,50.14,49.53,,,,,-0.4,,,
2016-10-14,0.9,1.45,1.75,0.85,2.48,0.12,1.63,1.5,,180.971,,,,,,,,,,0.41,50.47,49.29,,,,,-0.4,,,
2016-10-15,0.96,1.48,1.8,0.84,2.55,0.13,1.67,1.53,,133.359,,,,,,,,87.2,,0.41,50.35,48.87,,,,,-0.4,,,
2016-10-16,,,,,,,,,,,4457698.0,2129766.0,,,241.741,,,,,0.41,,,,,,,-0.4,8732.9025,,
2016-10-17,,,,,,,,,,,,,,,,,98.7611,,,0.41,,,,,,,-0.4,,,
2016-10-18,0.96,1.43,1.77,0.81,2.52,0.09,1.68,1.55,,124.407,,,-0.363,0.232,,,,,,0.41,49.97,49.31,,,,,-0.4,,,
2016-10-19,0.93,1.41,1.75,0.82,2.51,0.09,1.66,1.54,,174.966,,,,,,,,,,0.41,50.3,49.81,,,,,-0.4,,,
2016-10-20,0.95,1.41,1.76,0.81,2.51,0.08,1.68,1.56,,191.81,,,,,,,,,,0.41,51.59,51.85,,,,,-0.4,,,
2016-10-21,0.92,1.41,1.76,0.84,2.5,0.08,1.68,1.56,,172.312,,,,,,,,,,0.41,50.31,50.42,,,,,-0.4,,,
2016-10-22,0.9,1.4,1.74,0.84,2.48,0.07,1.67,1.56,,181.285,,,,,,,,,,0.41,50.61,50.28,,,,,-0.4,,,
2016-10-23,,,,,,,,,,,4467382.0,2147216.0,,,,,,,,0.41,,,,,,,-0.4,8740.8821,,
2016-10-24,,,,,,,,,,,,,,,,,,,,0.41,,,,,,,-0.4,,,
2016-10-25,0.93,1.44,1.77,0.84,2.52,0.11,1.66,1.53,,142.574,,,-0.374,0.1925,,,,,,0.41,50.18,49.8,,,,,-0.4,,,
2016-10-26,0.91,1.43,1.77,0.86,2.5,0.07,1.7,1.57,,132.403,,,,,,,,,,0.41,49.45,49.08,,,,,-0.4,,,
2016-10-27,0.93,1.46,1.79,0.86,2.53,0.08,1.71,1.58,,142.065,,,,,,,,,,0.41,48.75,48.98,,,,,-0.4,,,
2016-10-28,0.98,1.55,1.85,0.87,2.6,0.13,1.72,1.57,,135.113,,,,,,,,,,0.41,49.71,49.13,,,,,-0.4,,,
2016-10-29,1.0,1.56,1.86,0.86,2.62,0.13,1.73,1.6,,129.983,,,,,,,,,,0.41,48.72,47.78,,,,,-0.4,,,
2016-10-30,,,,,,,,,,,4454326.0,2061583.0,,,,,,,,0.41,,,,,,,-0.4,8743.5473,,
2016-10-31,,,,,,,,,,,,,,,,,,,13124.5,0.41,,,4731.261904761905,3.072380952380952,0.52,,-0.4,,,
2016-11-01,0.98,1.5,1.84,0.86,2.58,0.11,1.73,1.59,,214.798,,,-0.387,0.1148,,,,,,0.31,46.83,46.2,,,,,-0.4,,,
2016-11-02,1.0,1.48,1.83,0.83,2.58,0.11,1.72,1.59,,171.89,,,,,,,,,,0.41,46.66,45.77,,,,,-0.4,,,
2016-11-03,1.0,1.44,1.81,0.81,2.56,0.11,1.7,1.55,,176.232,,,,,,,,,,0.41,45.32,44.26,,,,,-0.4,,,
2016-11-04,1.01,1.44,1.82,0.81,2.6,0.14,1.68,1.52,,148.543,,,,,,,,,,0.41,44.66,43.84,,,,,-0.4,,,
2016-11-05,0.99,1.41,1.79,0.8,2.56,0.11,1.68,1.52,,136.483,,,,,,,,,,0.41,44.07,43.06,,,,,-0.4,,,
2016-11-06,,,,,,,,,,,4453087.0,2107987.0,,,,,,,,0.41,,,,,,,-0.4,8752.2977,,
2016-11-07,,,,,,,,,,,,,,,,,,,,0.41,,,,,,,-0.4,,,
2016-11-08,1.01,1.42,1.83,0.82,2.6,0.12,1.71,1.56,,128.671,,,-0.399,0.5033,,4.7,,,,0.41,44.88,42.83,,,,,-0.4,,,
2016-11-09,1.01,1.45,1.88,0.87,2.63,0.15,1.73,1.57,,127.33,,,,,,,,,,0.41,44.96,43.47,,,,,-0.4,,,
2016-11-10,1.17,1.62,2.07,0.9,2.88,0.25,1.82,1.67,,130.993,,,,,,,,,,0.41,45.2,43.88,,,,,-0.4,,,
2016-11-11,1.23,1.67,2.15,0.92,2.94,0.27,1.88,1.7,,99.936,,,,,,,,,,0.41,44.62,43.67,,,,,-0.4,,,
2016-11-12,,,,,,,,,,,,,,,,,,,,0.41,43.39,41.61,,,,,-0.4,,,
2016-11-13,,,,,,,,,,,4455087.0,2175670.0,,,,,,,,0.41,,,,,,,-0.4,8757.362,,
2016-11-14,,,,,,,,,,,,,,,,,,,,0.41,,,,,,,-0.4,,,
2016-11-15,1.23,1.68,2.23,1.0,2.99,0.4,1.83,1.65,,81.448,,,-0.412,-0.008,,,,93.8,,0.41,43.29,41.83,,,,,-0.4,,,
2016-11-16,1.21,1.72,2.23,1.02,2.97,0.41,1.82,1.67,,102.247,,,,,242.026,,,,,0.41,45.86,44.15,,,,,-0.4,,,
2016-11-17,1.22,1.75,2.22,1.0,2.92,0.39,1.83,1.66,,116.044,,,,,,,98.3491,,,0.41,45.56,45.07,,,,,-0.4,,,
2016-11-18,1.25,1.85,2.29,1.04,3.01,0.42,1.87,1.71,,92.397,,,,,,,,,,0.41,45.37,44.57,,,,,-0.4,,,
2016-11-19,1.27,1.9,2.34,1.07,3.01,0.44,1.9,1.74,,116.091,,,,,,,,,,0.41,45.69,44.41,,,,,-0.4,,,
2016-11-20,,,,,,,,,,,4453633.0,2167766.0,,,,,,,,0.41,,,,,,,-0.4,8761.6156,,
2016-11-21,,,,,,,,,,,,,,,,,,,,0.41,,,,,,,-0.4,,,
2016-11-22,1.25,1.87,2.33,1.08,3.0,0.42,1.91,1.74,,135.387,,,-0.425,-0.0353,,,,,,0.41,47.48,45.96,,,,,-0.4,,,
2016-11-23,1.24,1.82,2.31,1.07,3.0,0.41,1.9,1.75,,128.222,,,,,,,,,,0.41,48.07,46.1,,,,,-0.4,,,
2016-11-24,1.24,1.85,2.36,1.12,3.02,0.44,1.92,1.74,,119.371,,,,,,,,,,0.41,46.72,46.54,,,,,-0.4,,,
2016-11-25,,,,,,,,,,,,,,,,,,,,0.41,,47.54,,,,,-0.4,,,
2016-11-26,1.24,1.87,2.36,1.12,3.01,0.47,1.89,1.74,,121.165,,,,,,,,,,0.41,46.72,46.32,,,,,-0.4,,,
2016-11-27,,,,,,,,,,,4465782.0,2130901.0,,,,,,,,0.41,,,,,,,-0.4,8760.7356,,
2016-11-28,,,,,,,,,,,,,,,,,,,,0.41,,,,,,,-0.4,,,
2016-11-29,1.21,1.84,2.32,1.11,2.99,0.47,1.85,1.69,,146.903,,,-0.436,-0.1086,,,,,,0.41,45.66,46.64,,,,,-0.4,,,
2016-11-30,1.21,1.82,2.3,1.09,2.95,0.44,1.86,1.69,,138.401,,,,,,,,,,0.41,45.29,44.68,,,,,-0.4,,,
2016-12-01,1.26,1.89,2.37,1.11,3.02,0.43,1.94,1.77,,208.524,,,,,,,,,13214.2,0.31,49.41,47.95,5450.931818181818,2.879090909090909,0.48,,-0.4,,,
2016-12-02,1.31,1.97,2.45,1.14,3.1,0.48,1.97,1.81,,159.215,,,,,,,,,,0.41,51.08,52.28,,,,,-0.4,,,
2016-12-03,1.29,1.91,2.4,1.11,3.08,0.49,1.91,1.76,,167.881,,,,,,,,,,0.41,51.7,52.35,,,,,-0.4,,,
2016-12-04,,,,,,,,,,,4446307.0,2096684.0,,,,,,,,0.41,,,,,,,-0.4,8771.9466,,
2016-12-05,,,,,,,,,,,,,,,,,,,,0.41,,,,,,,-0.4,,,
2016-12-06,1.26,1.9,2.39,1.13,3.05,0.45,1.94,1.79,,168.369,,,-0.446,0.0029,,,,,,0.41,51.72,53.3,,,,,-0.4,,,
2016-12-07,1.27,1.9,2.39,1.12,3.08,0.44,1.95,1.8,,185.55,,,,,,,,,,0.41,50.95,52.31,,,,,-0.4,,,
2016-12-08,1.24,1.82,2.34,1.1,3.02,0.42,1.92,1.78,,185.812,,,,,,4.7,,,,0.41,49.85,51.9,,,,,-0.4,,,
2016-12-09,1.28,1.89,2.4,1.12,3.1,0.45,1.95,1.83,,186.313,,,,,,,,,,0.41,50.84,51.6,,,,,-0.4,,,
2016-12-10,1.32,1.93,2.47,1.15,3.16,0.51,1.96,1.83,,185.799,,,,,,,,,,0.41,51.51,52.19,,,,,-0.4,,,
2016-12-11,,,,,,,,,,,4448618.0,2143979.0,,,,,,,,0.41,,,,,,,-0.4,8773.8618,,
2016-12-12,,,,,,,,,,,,,,,,,,,,0.41,,,,,,,-0.4,,,
2016-12-13,1.34,1.98,2.49,1.15,3.16,0.51,1.98,1.86,,189.33,,,-0.454,-0.2482,,,,,,0.41,52.74,53.99,,,,,-0.4,,,
2016-12-14,1.31,1.94,2.48,1.17,3.14,0.53,1.95,1.86,,238.46,,,,,,,,,,0.41,52.99,53.28,,,,,-0.4,,,
2016-12-15,1.27,1.99,2.54,1.27,3.14,0.6,1.94,1.82,,169.563,,,,,,,,98.2,,0.41,51.01,53.15,,,,,-0.4,,,
2016-12-16,1.31,2.09,2.6,1.29,3.16,0.7,1.9,1.78,,199.654,,,,,242.637,,,,,0.66,50.9,51.72,,,,,-0.4,,,
2016-12-17,1.32,2.09,2.6,1.28,3.19,0.74,1.86,1.75,,213.706,,,,,,,99.0214,,,0.66,51.93,54.15,,,,,-0.4,,,
2016-12-18,,,,,,,,,,,4470973.0,2138296.0,,,,,,,,0.66,,,,,,,-0.4,8760.4883,,
2016-12-19,,,,,,,,,,,,,,,,,,,,0.66,,,,,,,-0.4,,,
2016-12-20,1.3,2.02,2.54,1.24,3.12,0.68,1.86,1.74,,237.525,,,-0.461,-0.148,,,,,,0.66,52.13,53.53,,,,,-0.4,,,
2016-12-21,1.32,2.05,2.57,1.25,3.15,0.67,1.9,1.8,,277.354,,,,,,,,,,0.66,52.22,54.56,,,,,-0.4,,,
2016-12-22,1.34,2.03,2.55,1.21,3.12,0.64,1.91,1.74,,307.477,,,,,,,,,,0.66,51.44,53.01,,,,,-0.4,,,
2016-12-23,1.33,2.04,2.55,1.22,3.12,0.6,1.95,1.86,,312.338,,,,,,,,,,0.66,51.98,54.04,,,,,-0.4,,,
2016-12-24,1.33,2.03,2.55,1.22,3.12,0.58,1.97,1.84,,280.643,,,,,,,,,,0.66,52.01,53.93,,,,,-0.4,,,
2016-12-25,,,,,,,,,,,4469089.0,2023009.0,,,,,,,,0.66,,,,,,,-0.4,8759.7395,,
2016-12-26,,,,,,,,,,,,,,,,,,,,0.66,,,,,,,-0.4,,,
2016-12-27,,,,,,,,,,,,,-0.466,-0.0887,,,,,,0.66,,,,,,,-0.4,,,
2016-12-28,1.29,2.06,2.57,1.28,3.14,0.58,1.99,1.88,,294.061,,,,,,,,,,0.66,52.82,,,,,,-0.4,,,
2016-12-29,1.25,1.98,2.51,1.26,3.09,0.56,1.95,1.85,,323.912,,,,,,,,,,0.66,54.01,54.95,,,,,-0.4,,,
2016-12-30,1.27,2.02,2.49,1.22,3.08,0.55,1.94,1.81,,346.472,,,,,,,,,,0.66,53.8,54.97,,,,1.5,-0.4,,104.64891,79.0604363756255
2016-12-31,1.25,1.94,2.45,1.2,3.06,0.5,1.95,1.84,,468.355,,,,,,,,,13240.6,0.55,53.75,54.96,5660.35,3.585454545454545,0.28,,-0.4,,,
2017-01-01,,,,,,,,,,,4451451.0,1952555.0,,,,,,,,0.55,,,,,,,-0.4,8750.6119,,
2017-01-02,,,,,,,,,,,,,,,,,,,,0.55,,,,,,,-0.4,,,
2017-01-03,,,,,,,,,,,,,-0.473,-0.0442,,,,,,0.55,,,,,,,-0.4,,,
2017-01-04,1.23,1.92,2.45,1.22,3.04,0.47,1.98,1.86,,287.236,,,,,,,,,,0.66,52.36,55.05,,,,,-0.4,,,
2017-01-05,1.22,1.93,2.46,1.24,3.05,0.47,1.99,1.86,,266.468,,,,,,,,,,0.66,53.26,54.57,,,,,-0.4,,,
2017-01-06,1.2,1.85,2.37,1.17,2.96,0.42,1.95,1.83,,233.43,,,,,,,,,,0.66,53.77,54.99,,,,,-0.4,,,
2017-01-07,1.2,1.89,2.42,1.22,3.0,0.46,1.96,1.84,,209.205,,,,,,,,,,0.66,53.98,55.9,,,,,-0.4,,,
2017-01-08,,,,,,,,,,,4453101.0,1845396.0,,,,4.7,,,,0.66,,,,,,,-0.4,8770.711,,
2017-01-09,,,,,,,,,,,,,,,,,,,,0.66,,,,,,,-0.4,,,
2017-01-10,1.17,1.88,2.38,1.21,2.97,0.43,1.95,1.85,,191.97,,,-0.478,-0.0851,,,,,,0.66,51.95,54.39,,,,,-0.4,,,
2017-01-11,1.19,1.86,2.38,1.19,2.97,0.43,1.95,1.84,,180.715,,,,,,,,,,0.66,50.82,53.2,,,,,-0.4,,,
2017-01-12,1.18,1.86,2.38,1.2,2.96,0.39,1.99,1.85,,158.82,,,,,,,,,,0.66,52.19,53.61,,,,,-0.4,,,
2017-01-13,1.18,1.84,2.36,1.18,3.01,0.38,1.98,1.87,,141.218,,,,,,,,,,0.66,53.01,54.51,,,,,-0.4,,,
2017-01-14,1.19,1.87,2.4,1.21,2.99,0.41,1.99,1.85,,88.201,,,,,,,,,,0.66,52.36,54.37,,,,,-0.4,,,
2017-01-15,,,,,,,,,,,4452509.0,2068178.0,,,,,,98.5,,0.66,,,,,,,-0.4,8785.0389,,
2017-01-16,,,,,,,,,,,,,,,243.618,,,,,0.66,,,,,,,-0.4,,,
2017-01-17,,,,,,,,,,,,,-0.484,-0.0979,,,98.7611,,,0.66,,54.3,,,,,-0.4,,,
2017-01-18,1.16,1.78,2.33,1.17,2.93,0.36,1.97,1.84,,96.798,,,,,,,,,,0.66,52.45,54.68,,,,,-0.4,,,
2017-01-19,1.19,1.89,2.42,1.23,3.0,0.42,2.0,1.86,,130.118,,,,,,,,,,0.66,51.12,53.77,,,,,-0.4,,,
2017-01-20,1.22,1.95,2.47,1.25,3.04,0.43,2.04,1.9,,138.637,,,,,,,,,,0.66,51.39,53.18,,,,,-0.4,,,
2017-01-21,1.28,1.98,2.48,1.2,3.05,0.44,2.04,1.92,,148.785,,,,,,,,,,0.66,52.33,55.04,,,,,-0.4,,,
2017-01-22,,,,,,,,,,,4460758.0,2148195.0,,,,,,,,0.66,,,,,,,-0.4,8787.7023,,
2017-01-23,,,,,,,,,,,,,,,,,,,,0.66,,,,,,,-0.4,,,
2017-01-24,1.25,1.9,2.41,1.16,2.99,0.39,2.02,1.86,,156.316,,,-0.488,-0.0788,,,,,,0.66,52.77,54.8,,,,,-0.4,,,
2017-01-25,1.26,1.96,2.47,1.21,3.05,0.41,2.06,1.93,,110.193,,,,,,,,,,0.66,52.38,54.7,,,,,-0.4,,,
2017-01-26,1.3,2.03,2.53,1.23,3.1,0.45,2.08,1.96,,108.36,,,,,,,,,,0.66,52.14,54.34,,,,,-0.4,,,
2017-01-27,1.3,2.0,2.51,1.21,3.08,0.43,2.08,1.94,,94.67,,,,,,,,,,0.66,53.24,55.89,,,,,-0.4,,,
2017-01-28,1.27,1.97,2.49,1.22,3.06,0.41,2.08,1.96,,108.772,,,,,,,,,,0.66,53.18,54.8,,,,,-0.4,,,
2017-01-29,,,,,,,,,,,4452838.0,2116497.0,,,,,,,,0.66,,,,,,,-0.4,8785.3296,,
2017-01-30,,,,,,,,,,,,,,,,,,,,0.66,,,,,,,-0.4,,,
2017-01-31,1.27,1.98,2.49,1.22,3.08,0.42,2.07,1.95,,101.514,,,-0.492,-0.1931,,,,,13318.9,0.66,52.63,54.77,5754.559523809524,3.315909090909091,0.36,,-0.4,,,
2017-02-01,1.26,1.93,2.45,1.19,3.05,0.4,2.05,1.94,,180.162,,,,,,,,,,0.56,52.75,55.25,,,,,-0.4,,,
2017-02-02,1.26,1.97,2.48,1.22,3.08,0.43,2.05,1.92,,133.73,,,,,,,,,,0.66,53.9,55.79,,,,,-0.4,,,
2017-02-03,1.27,1.96,2.48,1.21,3.09,0.43,2.05,1.93,,111.12,,,,,,,,,,0.66,53.55,55.94,,,,,-0.4,,,
2017-02-04,1.28,1.98,2.49,1.21,3.11,0.44,2.05,1.91,,117.361,,,,,,,,,,0.66,53.81,55.92,,,,,-0.4,,,
2017-02-05,,,,,,,,,,,4453881.0,2155126.0,,,,,,,,0.66,,,,,,,-0.4,8801.7569,,
2017-02-06,,,,,,,,,,,,,,,,,,,,0.66,,,,,,,-0.4,,,
2017-02-07,1.26,1.89,2.42,1.16,3.05,0.4,2.02,1.91,,125.66,,,-0.494,-0.1275,,,,,,0.66,53.01,55.02,,,,,-0.4,,,
2017-02-08,1.24,1.87,2.4,1.16,3.02,0.4,2.0,1.87,,131.659,,,,,,4.6,,,,0.66,52.19,53.79,,,,,-0.4,,,
2017-02-09,1.19,1.8,2.34,1.15,2.96,0.38,1.96,1.82,,122.934,,,,,,,,,,0.66,52.37,54.42,,,,,-0.4,,,
2017-02-10,1.2,1.86,2.4,1.2,3.02,0.41,1.99,1.86,,83.894,,,,,,,,,,0.66,52.99,53.98,,,,,-0.4,,,
2017-02-11,1.21,1.86,2.41,1.2,3.01,0.4,2.01,1.87,,74.169,,,,,,,,,,0.66,53.84,55.2,,,,,-0.4,,,
2017-02-12,,,,,,,,,,,4456236.0,2220721.0,,,,,,,,0.66,,,,,,,-0.4,8800.5387,,
2017-02-13,,,,,,,,,,,,,,,,,,,,0.66,,,,,,,-0.4,,,
2017-02-14,1.23,1.91,2.43,1.2,3.03,0.43,2.0,1.87,,98.103,,,-0.495,-0.1636,,,,,,0.66,52.96,54.15,,,,,-0.4,,,
2017-02-15,1.22,1.93,2.47,1.25,3.07,0.46,2.01,1.87,,87.998,,,,,,,,96.3,,0.66,53.21,54.96,,,,,-0.4,,,
2017-02-16,1.24,1.97,2.51,1.27,3.09,0.45,2.06,1.93,,105.123,,,,,244.006,,,,,0.66,53.11,54.57,,,,,-0.4,,,
2017-02-17,1.23,1.92,2.45,1.22,3.05,0.43,2.02,1.9,,104.978,,,,,,,98.3646,,,0.66,53.41,54.16,,,,,-0.4,,,
2017-02-18,1.21,1.89,2.42,1.21,3.03,0.41,2.01,1.85,,147.243,,,,,,,,,,0.66,53.41,54.48,,,,,-0.4,,,
2017-02-19,,,,,,,,,,,4454676.0,2246912.0,,,,,,,,0.66,,,,,,,-0.4,8807.6403,,
2017-02-20,,,,,,,,,,,,,,,,,,,,0.66,,,,,,,-0.4,,,
2017-02-21,,,,,,,,,,,,,-0.495,-0.2926,,,,,,0.66,,55.25,,,,,-0.4,,,
2017-02-22,1.21,1.9,2.43,1.22,3.04,0.4,2.03,1.87,,163.259,,,,,,,,,,0.66,54.02,56.34,,,,,-0.4,,,
2017-02-23,1.2,1.9,2.42,1.22,3.04,0.38,2.04,1.92,,177.833,,,,,,,,,,0.66,53.61,54.9,,,,,-0.4,,,
2017-02-24,1.2,1.87,2.38,1.18,3.02,0.35,2.03,1.9,,187.176,,,,,,,,,,0.66,54.48,55.82,,,,,-0.4,,,
2017-02-25,1.19,1.79,2.31,1.12,2.95,0.31,2.0,1.9,,160.882,,,,,,,,,,0.66,53.99,54.69,,,,,-0.4,,,
2017-02-26,,,,,,,,,,,4468702.0,2239022.0,,,,,,,,0.66,,,,,,,-0.4,8805.8475,,
2017-02-27,,,,,,,,,,,,,,,,,,,,0.66,,,,,,,-0.4,,,
2017-02-28,1.16,1.86,2.36,1.2,2.98,0.35,2.01,1.86,,153.382,,,-0.493,-0.2127,,,,,,0.66,54.04,54.65,,,,,-0.4,,,
2017-03-01,1.14,1.83,2.36,1.22,2.97,0.34,2.02,1.89,,204.651,,,,,,,,,,0.57,54.0,53.36,,,,,-0.4,,,
2017-03-02,1.17,1.83,2.46,1.29,3.06,0.43,2.03,1.84,,156.01,,,,,,,,,,0.66,53.82,55.72,,,,,-0.4,,,
2017-03-03,1.17,1.82,2.49,1.32,3.09,0.48,2.01,1.84,,168.142,,,,,,,,,13395.2,0.66,52.63,54.16,5940.9125,2.9015,0.44,,-0.4,,,
2017-03-04,1.17,1.78,2.49,1.32,3.08,0.45,2.04,1.92,,193.272,,,,,,,,,,0.66,53.33,54.12,,,,,-0.4,,,
2017-03-05,,,,,,,,,,,4458018.0,2261623.0,,,,,,,,0.66,,,,,,,-0.4,8813.3619,,
2017-03-06,,,,,,,,,,,,,,,,,,,,0.66,,,,,,,-0.4,,,
2017-03-07,1.18,1.75,2.49,1.31,3.1,0.48,2.01,1.9,,205.21,,,-0.491,-0.3874,,,,,,0.66,53.19,54.73,,,,,-0.4,,,
2017-03-08,1.2,1.76,2.52,1.32,3.11,0.49,2.03,1.92,,208.765,,,,,,4.4,,,,0.66,52.68,54.61,,,,,-0.4,,,
2017-03-09,1.21,1.84,2.57,1.36,3.15,0.56,2.01,1.9,,212.124,,,,,,,,,,0.66,49.83,53.3,,,,,-0.4,,,
2017-03-10,1.23,1.87,2.6,1.37,3.19,0.6,2.0,1.89,,217.831,,,,,,,,,,0.66,48.75,50.65,,,,,-0.4,,,
2017-03-11,1.22,1.83,2.58,1.36,3.16,0.57,2.01,1.9,,233.046,,,,,,,,,,0.66,48.05,50.63,,,,,-0.4,,,
2017-03-12,,,,,,,,,,,4459840.0,2343906.0,,,,,,,,0.66,,,,,,,-0.4,8799.1747,,
2017-03-13,,,,,,,,,,,,,,,,,,,,0.66,,,,,,,-0.4,,,
2017-03-14,1.22,1.83,2.62,1.4,3.2,0.61,2.01,1.86,,232.962,,,-0.488,-0.406,,,,,,0.66,47.95,50.1,,,,,-0.4,,,
2017-03-15,1.2,1.82,2.6,1.4,3.17,0.61,1.99,1.88,,200.798,,,,,,,,96.9,,0.66,47.24,49.6,,,,,-0.4,,,
2017-03-16,1.18,1.78,2.51,1.33,3.11,0.5,2.01,1.84,,226.51,,,,,243.892,,,,,0.66,48.34,50.63,,,,,-0.4,,,
2017-03-17,1.18,1.8,2.53,1.35,3.14,0.51,2.02,1.87,,209.114,,,,,,,99.0137,,,0.91,48.3,50.56,,,,,-0.4,,,
2017-03-18,1.17,1.77,2.5,1.33,3.11,0.49,2.01,1.89,,240.669,,,,,,,,,,0.91,48.34,50.58,,,,,-0.4,,,
2017-03-19,,,,,,,,,,,4469577.0,2360216.0,,,,,,,,0.91,,,,,,,-0.4,8812.563,,
2017-03-20,,,,,,,,,,,,,,,,,,,,0.91,,,,,,,-0.4,,,
2017-03-21,1.17,1.71,2.47,1.3,3.08,0.47,2.0,1.86,,235.827,,,-0.486,-0.3602,,,,,,0.91,47.79,50.67,,,,,-0.4,,,
2017-03-22,1.16,1.66,2.43,1.27,3.04,0.45,1.98,1.8,,237.331,,,,,,,,,,0.91,47.02,50.14,,,,,-0.4,,,
2017-03-23,1.13,1.63,2.4,1.27,3.02,0.43,1.97,1.79,,251.013,,,,,,,,,,0.91,47.29,49.56,,,,,-0.4,,,
2017-03-24,1.15,1.65,2.41,1.26,3.02,0.46,1.95,1.75,,231.463,,,,,,,,,,0.91,47.0,50.17,,,,,-0.4,,,
2017-03-25,1.14,1.62,2.4,1.26,3.0,0.42,1.98,1.73,,200.237,,,,,,,,,,0.91,47.3,49.97,,,,,-0.4,,,
2017-03-26,,,,,,,,,,,4478236.0,2311413.0,,,,,,,,0.91,,,,,,,-0.4,8807.6053,,
2017-03-27,,,,,,,,,,,,,,,,,,,,0.91,,,,,,,-0.4,,,
2017-03-28,1.11,1.6,2.38,1.27,2.98,0.41,1.97,1.75,,215.473,,,-0.485,-0.2274,,,,,,0.91,47.02,50.12,,,,,-0.4,,,
2017-03-29,1.12,1.64,2.42,1.3,3.02,0.45,1.97,1.73,,224.475,,,,,,,,,,0.91,48.36,50.72,,,,,-0.4,,,
2017-03-30,1.13,1.61,2.39,1.26,2.99,0.41,1.98,1.8,,260.357,,,,,,,,,,0.91,49.47,51.36,,,,,-0.4,,,
2017-03-31,1.14,1.64,2.42,1.28,3.03,0.46,1.96,1.81,,224.134,,,,,,,,,13464.6,0.91,50.3,52.25,5824.630434782609,2.991739130434783,0.32,,-0.4,,,
2017-04-01,1.13,1.64,2.4,1.27,3.02,0.43,1.97,1.77,,346.853,,,,,,,,,,0.82,50.54,52.2,,,,1.4,-0.4,,102.93741,76.0959458701516
2017-04-02,,,,,,,,,,,4469618.0,2308932.0,,,,,,,,0.82,,,,,,,-0.4,8804.7396,,
2017-04-03,,,,,,,,,,,,,,,,,,,,0.82,,,,,,,-0.4,,,
2017-04-04,1.11,1.56,2.35,1.24,2.98,0.39,1.96,1.73,,233.582,,,-0.486,-0.4024,,,,,,0.91,50.25,52.04,,,,,-0.4,,,
2017-04-05,1.11,1.57,2.36,1.25,2.99,0.4,1.96,1.77,,207.711,,,,,,,,,,0.91,50.99,53.08,,,,,-0.4,,,
2017-04-06,1.1,1.54,2.34,1.24,2.98,0.37,1.97,1.77,,174.644,,,,,,,,,,0.91,51.14,53.41,,,,,-0.4,,,
2017-04-07,1.1,1.55,2.34,1.24,2.99,0.39,1.95,1.71,,117.337,,,,,,,,,,0.91,51.69,53.62,,,,,-0.4,,,
2017-04-08,1.09,1.56,2.38,1.29,3.0,0.44,1.94,1.7,,117.774,,,,,,4.4,,,,0.91,52.25,54.24,,,,,-0.4,,,
2017-04-09,,,,,,,,,,,4474634.0,2233858.0,,,,,,,,0.91,,,,,,,-0.4,8823.7134,,
2017-04-10,,,,,,,,,,,,,,,,,,,,0.91,,,,,,,-0.4,,,
2017-04-11,1.08,1.55,2.37,1.29,2.99,0.44,1.93,1.69,,120.504,,,-0.489,-0.3738,,,,,,0.91,53.06,54.79,,,,,-0.4,,,
2017-04-12,1.08,1.5,2.32,1.24,2.93,0.41,1.91,1.7,,114.753,,,,,,,,,,0.91,53.38,54.73,,,,,-0.4,,,
2017-04-13,1.04,1.47,2.28,1.24,2.92,0.38,1.9,1.69,,105.528,,,,,,,,,,0.91,53.12,54.75,,,,,-0.4,,,
2017-04-14,1.03,1.43,2.24,1.21,2.89,0.32,1.92,1.74,,,,,,,,,,,,0.91,53.19,55.05,,,,,-0.4,,,
2017-04-15,,,,,,,,,,,,,,,,,,97.0,,0.91,,,,,,,-0.4,,,
2017-04-16,,,,,,,,,,,4484492.0,2358407.0,,,244.193,,,,,0.91,,,,,,,-0.4,8825.8383,,
2017-04-17,,,,,,,,,,,,,,,,,100.0224,,,0.91,,,,,,,-0.4,,,
2017-04-18,1.05,1.43,2.26,1.21,2.92,0.38,1.88,1.69,,64.37,,,-0.495,-0.2455,,,,,,0.91,52.62,54.79,,,,,-0.4,,,
2017-04-19,1.0,1.36,2.18,1.18,2.84,0.33,1.85,1.65,,109.402,,,,,,,,,,0.91,52.46,52.6,,,,,-0.4,,,
2017-04-20,1.02,1.4,2.21,1.19,2.87,0.36,1.85,1.66,,116.567,,,,,,,,,,0.91,50.49,52.43,,,,,-0.4,,,
2017-04-21,1.03,1.45,2.24,1.21,2.89,0.39,1.85,1.82,,128.726,,,,,,,,,,0.91,50.26,50.66,,,,,-0.4,,,
2017-04-22,1.04,1.45,2.24,1.2,2.89,0.4,1.84,1.79,,136.521,,,,,,,,,,0.91,49.64,49.93,,,,,-0.4,,,
2017-04-23,,,,,,,,,,,4479270.0,2343340.0,,,,,,,,0.91,,,,,,,-0.4,8840.3252,,
2017-04-24,,,,,,,,,,,,,,,,,,,,0.91,,,,,,,-0.4,,,
2017-04-25,1.03,1.47,2.28,1.25,2.93,0.41,1.87,1.81,,118.667,,,-0.503,-0.2432,,,,,,0.91,48.9,49.45,,,,,-0.4,,,
2017-04-26,1.06,1.53,2.35,1.29,2.99,0.44,1.91,1.85,,116.956,,,,,,,,,,0.91,49.22,49.37,,,,,-0.4,,,
2017-04-27,1.04,1.49,2.32,1.28,2.97,0.42,1.9,1.83,,122.323,,,,,,,,,,0.91,49.22,49.99,,,,,-0.4,,,
2017-04-28,1.05,1.49,2.3,1.25,2.96,0.39,1.91,1.81,,127.826,,,,,,,,,,0.91,48.96,49.46,,,,,-0.4,,,
2017-04-29,1.01,1.49,2.29,1.28,2.96,0.37,1.92,1.81,,181.976,,,,,,,,,,0.83,49.31,49.46,,,,,-0.4,,,
2017-04-30,,,,,,,,,,,4470142.0,2239041.0,,,,,,,,0.83,,,,,,,-0.4,8847.1744,,
2017-05-01,,,,,,,,,,,,,,,,,,,13520.3,0.83,,,5683.902777777778,3.1915,0.24,,-0.4,,,
2017-05-02,1.05,1.5,2.33,1.28,3.0,0.41,1.92,1.8,,162.198,,,-0.512,-0.5783,,,,,,0.91,48.83,50.41,,,,,-0.4,,,
2017-05-03,1.02,1.47,2.29,1.27,2.97,0.41,1.88,1.77,,183.851,,,,,,,,,,0.91,47.65,49.31,,,,,-0.4,,,
2017-05-04,1.03,1.48,2.33,1.3,2.97,0.46,1.87,1.76,,186.667,,,,,,,,,,0.91,47.79,48.82,,,,,-0.4,,,
2017-05-05,1.04,1.5,2.36,1.32,3.0,0.5,1.86,1.72,,152.793,,,,,,,,,,0.91,45.55,47.53,,,,,-0.4,,,
2017-05-06,1.04,1.46,2.36,1.32,2.99,0.5,1.86,1.75,,156.789,,,,,,,,,,0.91,46.23,47.45,,,,,-0.4,,,
2017-05-07,,,,,,,,,,,4471246.0,2173987.0,,,,,,,,0.91,,,,,,,-0.4,8858.9513,,
2017-05-08,,,,,,,,,,,,,,,,4.4,,,,0.91,,,,,,,-0.4,,,
2017-05-09,1.06,1.48,2.39,1.33,3.02,0.53,1.86,1.75,,162.58,,,-0.522,-0.4978,,,,,,0.91,46.46,46.61,,,,,-0.4,,,
2017-05-10,1.05,1.51,2.42,1.37,3.04,0.56,1.86,1.74,,167.302,,,,,,,,,,0.91,45.84,47.06,,,,,-0.4,,,
2017-05-11,1.06,1.51,2.41,1.35,3.03,0.56,1.85,1.78,,187.269,,,,,,,,,,0.91,47.28,48.09,,,,,-0.4,,,
2017-05-12,1.04,1.5,2.39,1.35,3.03,0.51,1.88,1.82,,161.232,,,,,,,,,,0.91,47.81,49.18,,,,,-0.4,,,
2017-05-13,1.04,1.45,2.33,1.29,2.98,0.49,1.84,1.75,,167.696,,,,,,,,,,0.91,47.83,49.08,,,,,-0.4,,,
2017-05-14,,,,,,,,,,,4473459.0,2232191.0,,,,,,,,0.91,,,,,,,-0.4,8862.7635,,
2017-05-15,,,,,,,,,,,,,,,,,,97.1,,0.91,,,,,,,-0.4,,,
2017-05-16,1.03,1.44,2.34,1.31,3.0,0.52,1.82,1.74,,144.99,,,-0.532,-0.6052,244.004,,,,,0.91,48.86,51.29,,,,,-0.4,,,
2017-05-17,1.04,1.43,2.33,1.29,2.99,0.51,1.82,1.74,,157.693,,,,,,,100.1408,,,0.91,48.64,51.21,,,,,-0.4,,,
2017-05-18,0.96,1.32,2.22,1.26,2.91,0.44,1.78,1.7,,167.158,,,,,,,,,,0.91,49.04,51.76,,,,,-0.4,,,
2017-05-19,0.96,1.3,2.23,1.27,2.9,0.43,1.8,1.72,,185.287,,,,,,,,,,0.91,49.36,51.71,,,,,-0.4,,,
2017-05-20,0.95,1.31,2.23,1.28,2.9,0.41,1.82,1.75,,182.273,,,,,,,,,,0.91,50.32,52.78,,,,,-0.4,,,
2017-05-21,,,,,,,,,,,4467108.0,2240327.0,,,,,,,,0.91,,,,,,,-0.4,8866.221,,
2017-05-22,,,,,,,,,,,,,,,,,,,,0.91,,,,,,,-0.4,,,
2017-05-23,0.96,1.32,2.25,1.29,2.91,0.43,1.82,1.75,,185.031,,,-0.541,-0.4629,,,,,,0.91,50.81,53.35,,,,,-0.4,,,
2017-05-24,0.98,1.37,2.29,1.31,2.95,0.46,1.83,1.77,,198.865,,,,,,,,,,0.91,51.12,53.19,,,,,-0.4,,,
2017-05-25,0.97,1.33,2.26,1.29,2.92,0.45,1.81,1.73,,184.946,,,,,,,,,,0.91,50.99,53.29,,,,,-0.4,,,
2017-05-26,0.95,1.31,2.25,1.3,2.92,0.45,1.8,1.7,,153.451,,,,,,,,,,0.91,48.57,52.25,,,,,-0.4,,,
2017-05-27,0.95,1.31,2.25,1.3,2.92,0.44,1.81,1.73,,168.041,,,,,,,,,,0.91,49.58,50.84,,,,,-0.4,,,
2017-05-28,,,,,,,,,,,4470852.0,2222412.0,,,,,,,,0.91,,,,,,,-0.4,8880.3888,,
2017-05-29,,,,,,,,,,,,,,,,,,,,0.91,,,,,,,-0.4,,,
2017-05-30,,,,,,,,,,,,,-0.549,-0.6498,,,,,,0.91,,52.25,,,,,-0.4,,,
2017-05-31,0.93,1.28,2.21,1.28,2.88,0.4,1.81,1.73,,182.065,,,,,,,,,13567.4,0.91,49.63,50.65,5599.559523809524,3.235652173913043,0.26,,-0.4,,,
2017-06-01,0.93,1.23,2.21,1.28,2.87,0.4,1.81,1.72,,256.176,,,,,,,,,,0.83,48.29,49.4,,,,,-0.4,,,
2017-06-02,0.93,1.23,2.21,1.28,2.87,0.4,1.81,1.73,,163.755,,,,,,,,,,0.91,48.32,50.41,,,,,-0.4,,,
2017-06-03,0.87,1.17,2.15,1.28,2.8,0.36,1.79,1.72,,170.496,,,,,,,,,,0.91,47.68,48.46,,,,,-0.4,,,
2017-06-04,,,,,,,,,,,4459914.0,2221628.0,,,,,,,,0.91,,,,,,,-0.4,8875.1084,,
2017-06-05,,,,,,,,,,,,,,,,,,,,0.91,,,,,,,-0.4,,,
2017-06-06,0.86,1.22,2.18,1.32,2.84,0.39,1.79,1.72,,164.208,,,-0.556,-0.6161,,,,,,0.91,47.4,48.25,,,,,-0.4,,,
2017-06-07,0.84,1.17,2.14,1.3,2.81,0.37,1.77,1.71,,160.949,,,,,,,,,,0.91,48.13,48.11,,,,,-0.4,,,
2017-06-08,0.86,1.18,2.18,1.32,2.84,0.4,1.78,1.69,,165.138,,,,,,4.3,,,,0.91,45.8,47.08,,,,,-0.4,,,
2017-06-09,0.86,1.18,2.19,1.33,2.85,0.41,1.78,1.69,,151.582,,,,,,,,,,0.91,45.68,46.3,,,,,-0.4,,,
2017-06-10,0.86,1.2,2.21,1.35,2.86,0.43,1.78,1.68,,155.344,,,,,,,,,,0.91,45.82,46.64,,,,,-0.4,,,
2017-06-11,,,,,,,,,,,4462443.0,2272308.0,,,,,,,,0.91,,,,,,,-0.4,8874.508,,
2017-06-12,,,,,,,,,,,,,,,,,,,,0.91,,,,,,,-0.4,,,
2017-06-13,0.86,1.23,2.21,1.35,2.86,0.46,1.75,1.67,,152.198,,,-0.561,-0.707,,,,,,0.91,46.1,47.18,,,,,-0.4,,,
2017-06-14,0.83,1.21,2.21,1.38,2.87,0.46,1.75,1.67,,172.973,,,,,,,,,,0.91,46.41,46.95,,,,,-0.4,,,
2017-06-15,0.8,1.14,2.15,1.35,2.79,0.44,1.71,1.59,,163.056,,,,,,,,95.0,,0.91,44.79,45.47,,,,,-0.4,,,
2017-06-16,0.81,1.14,2.16,1.35,2.78,0.49,1.67,1.56,,131.378,,,,,244.163,,,,,1.16,44.47,45.61,,,,,-0.4,,,
2017-06-17,0.84,1.13,2.16,1.32,2.78,0.49,1.67,1.56,,158.566,,,,,,,100.3471,,,1.16,44.73,45.7,,,,,-0.4,,,
2017-06-18,,,,,,,,,,,4476269.0,2274716.0,,,,,,,,1.16,,,,,,,-0.4,8876.924,,
2017-06-19,,,,,,,,,,,,,,,,,,,,1.16,,,,,,,-0.4,,,
2017-06-20,0.83,1.17,2.19,1.36,2.79,0.52,1.67,1.56,,166.745,,,-0.565,-0.7035,,,,,,1.16,44.24,45.93,,,,,-0.4,,,
2017-06-21,0.8,1.15,2.16,1.36,2.74,0.5,1.66,1.54,,192.347,,,,,,,,,,1.16,43.34,43.98,,,,,-0.4,,,
2017-06-22,0.8,1.17,2.16,1.36,2.73,0.5,1.66,1.54,,198.769,,,,,,,,,,1.16,42.48,44.62,,,,,-0.4,,,
2017-06-23,0.81,1.19,2.15,1.34,2.72,0.46,1.69,1.57,,195.144,,,,,,,,,,1.16,42.53,44.46,,,,,-0.4,,,
2017-06-24,0.81,1.18,2.15,1.34,2.71,0.45,1.7,1.59,,201.475,,,,,,,,,,1.16,42.86,44.14,,,,,-0.4,,,
2017-06-25,,,,,,,,,,,4474257.0,2209820.0,,,,,,,,1.16,,,,,,,-0.4,8894.4818,,
2017-06-26,,,,,,,,,,,,,,,,,,,,1.16,,,,,,,-0.4,,,
2017-06-27,0.78,1.15,2.14,1.36,2.7,0.43,1.71,1.61,,185.227,,,-0.568,-0.4722,,,,,,1.16,43.24,44.09,,,,,-0.4,,,
2017-06-28,0.83,1.21,2.21,1.38,2.75,0.5,1.71,1.62,,212.664,,,,,,,,,,1.16,44.25,46.17,,,,,-0.4,,,
2017-06-29,0.88,1.2,2.22,1.34,2.77,0.49,1.73,1.65,,263.699,,,,,,,,,,1.16,44.74,46.45,,,,,-0.4,,,
2017-06-30,0.89,1.23,2.27,1.38,2.82,0.55,1.72,1.62,,269.565,,,,,,,,,,1.16,44.88,47.02,,,,-2.8,-0.4,,102.08817,76.88206770310165
2017-07-01,0.93,1.28,2.31,1.38,2.84,0.58,1.73,1.63,,398.875,,,,,,,,,13577.0,1.06,46.02,47.08,5719.761363636364,2.993636363636364,0.26,,-0.4,,,
2017-07-02,,,,,,,,,,,4463347.0,2162742.0,,,,,,,,1.06,,,,,,,-0.4,8892.6277,,
2017-07-03,,,,,,,,,,,,,,,,,,,,1.06,,,,,,,-0.4,,,
2017-07-04,0.94,1.29,2.35,1.41,2.86,0.6,1.75,1.66,,255.693,,,-0.571,-0.5552,,,,,,1.16,,49.13,,,,,-0.4,,,
2017-07-05,,,,,,,,,,,,,,,,,,,,1.16,,49.15,,,,,-0.4,,,
2017-07-06,0.92,1.28,2.33,1.41,2.85,0.58,1.75,1.65,,240.029,,,,,,,,,,1.16,45.11,47.58,,,,,-0.4,,,
2017-07-07,0.97,1.33,2.37,1.4,2.9,0.61,1.76,1.66,,189.992,,,,,,,,,,1.16,45.52,48.53,,,,,-0.4,,,
2017-07-08,0.99,1.34,2.39,1.4,2.93,0.66,1.73,1.63,,189.214,,,,,,4.3,,,,1.16,44.25,46.47,,,,,-0.4,,,
2017-07-09,,,,,,,,,,,4467272.0,2076340.0,,,,,,,,1.16,,,,,,,-0.4,8908.0173,,
2017-07-10,,,,,,,,,,,,,,,,,,,,1.16,,,,,,,-0.4,,,
2017-07-11,0.98,1.34,2.38,1.4,2.93,0.66,1.72,1.6,,189.721,,,-0.574,-0.5904,,,,,,1.16,44.4,46.57,,,,,-0.4,,,
2017-07-12,1.0,1.32,2.37,1.37,2.92,0.62,1.75,1.61,,173.774,,,,,,,,,,1.16,45.06,46.68,,,,,-0.4,,,
2017-07-13,0.98,1.28,2.33,1.35,2.89,0.57,1.76,1.63,,179.172,,,,,,,,,,1.16,45.48,46.73,,,,,-0.4,,,
2017-07-14,0.98,1.3,2.35,1.37,2.92,0.58,1.77,1.64,,162.379,,,,,,,,,,1.16,46.06,47.65,,,,,-0.4,,,
2017-07-15,0.98,1.29,2.33,1.35,2.91,0.57,1.76,1.62,,136.231,,,,,,,,93.4,,1.16,46.53,47.89,,,,,-0.4,,,
2017-07-16,,,,,,,,,,,4466702.0,2220769.0,,,244.243,,,,,1.16,,,,,,,-0.4,8918.7501,,
2017-07-17,,,,,,,,,,,,,,,,,100.1068,,,1.16,,,,,,,-0.4,,,
2017-07-18,0.95,1.24,2.31,1.36,2.89,0.54,1.77,1.64,,122.436,,,-0.577,-0.5609,,,,,,1.16,46.02,47.66,,,,,-0.4,,,
2017-07-19,0.91,1.2,2.27,1.36,2.85,0.51,1.76,1.62,,157.322,,,,,,,,,,1.16,46.4,47.92,,,,,-0.4,,,
2017-07-20,0.9,1.16,2.27,1.37,2.85,0.51,1.76,1.65,,144.731,,,,,,,,,,1.16,47.1,48.34,,,,,-0.4,,,
2017-07-21,0.9,1.12,2.27,1.37,2.83,0.5,1.77,1.62,,126.676,,,,,,,,,,1.16,46.73,48.54,,,,,-0.4,,,
2017-07-22,0.88,1.08,2.24,1.36,2.81,0.48,1.76,1.62,,122.712,,,,,,,,,,1.16,45.78,47.47,,,,,-0.4,,,
2017-07-23,,,,,,,,,,,4476903.0,2254092.0,,,,,,,,1.16,,,,,,,-0.4,8928.1279,,
2017-07-24,,,,,,,,,,,,,,,,,,,,1.16,,,,,,,-0.4,,,
2017-07-25,0.89,1.09,2.26,1.37,2.83,0.48,1.78,1.62,,95.123,,,-0.579,-0.6793,,,,,,1.16,46.21,47.81,,,,,-0.4,,,
2017-07-26,0.93,1.15,2.33,1.4,2.91,0.52,1.81,1.67,,74.54,,,,,,,,,,1.16,47.77,49.19,,,,,-0.4,,,
2017-07-27,0.93,1.16,2.29,1.36,2.89,0.49,1.8,1.66,,103.311,,,,,,,,,,1.16,48.58,50.08,,,,,-0.4,,,
2017-07-28,0.96,1.21,2.32,1.36,2.93,0.49,1.83,1.68,,95.636,,,,,,,,,,1.16,49.05,50.67,,,,,-0.4,,,
2017-07-29,0.96,1.22,2.3,1.34,2.89,0.47,1.83,1.68,,108.479,,,,,,,,,,1.16,49.72,52.0,,,,,-0.4,,,
2017-07-30,,,,,,,,,,,4465284.0,2280565.0,,,,,,,,1.16,,,,,,,-0.4,8935.1243,,
2017-07-31,,,,,,,,,,,,,,,,,,,13638.5,1.16,,,5985.119047619048,2.954285714285714,0.38,,-0.4,,,
2017-08-01,0.96,1.23,2.3,1.34,2.89,0.48,1.82,1.67,,204.622,,,-0.579,-0.7169,,,,,,1.07,50.21,51.99,,,,,-0.4,,,
2017-08-02,0.92,1.18,2.26,1.34,2.86,0.47,1.79,1.62,,98.069,,,,,,,,,,1.16,49.19,50.77,,,,,-0.4,,,
2017-08-03,0.91,1.19,2.27,1.36,2.85,0.48,1.79,1.63,,119.334,,,,,,,,,,1.16,49.6,52.09,,,,,-0.4,,,
2017-08-04,0.9,1.16,2.24,1.34,2.81,0.46,1.78,1.62,,87.844,,,,,,,,,,1.16,49.03,52.88,,,,,-0.4,,,
2017-08-05,0.91,1.19,2.27,1.36,2.84,0.47,1.8,1.65,,93.778,,,,,,,,,,1.16,49.57,52.48,,,,,-0.4,,,
2017-08-06,,,,,,,,,,,4466846.0,2271315.0,,,,,,,,1.16,,,,,,,-0.4,8943.2271,,
2017-08-07,,,,,,,,,,,,,,,,,,,,1.16,,,,,,,-0.4,,,
2017-08-08,0.9,1.24,2.26,1.36,2.84,0.46,1.8,1.65,,104.061,,,-0.576,-0.616,,4.4,,,,1.16,49.37,51.42,,,,,-0.4,,,
2017-08-09,0.93,1.23,2.29,1.36,2.86,0.46,1.83,1.69,,103.612,,,,,,,,,,1.16,49.07,52.18,,,,,-0.4,,,
2017-08-10,0.91,1.18,2.24,1.33,2.82,0.42,1.82,1.7,,103.95,,,,,,,,,,1.16,49.59,52.16,,,,,-0.4,,,
2017-08-11,0.87,1.15,2.2,1.33,2.79,0.4,1.8,1.68,,90.273,,,,,,,,,,1.16,48.54,52.59,,,,,-0.4,,,
2017-08-12,0.89,1.16,2.19,1.3,2.79,0.4,1.79,1.64,,95.534,,,,,,,,,,1.16,48.81,51.47,,,,,-0.4,,,
2017-08-13,,,,,,,,,,,4469083.0,2332293.0,,,,,,,,1.16,,,,,,,-0.4,8951.1042,,
2017-08-14,,,,,,,,,,,,,,,,,,,,1.16,,,,,,,-0.4,,,
2017-08-15,0.89,1.2,2.22,1.33,2.81,0.45,1.77,1.59,,74.682,,,-0.571,-0.4555,,,,96.8,,1.16,47.59,51.29,,,,,-0.4,,,
2017-08-16,0.92,1.23,2.27,1.35,2.84,0.49,1.78,1.63,,71.382,,,,,245.183,,,,,1.16,47.57,49.9,,,,,-0.4,,,
2017-08-17,0.9,1.21,2.23,1.33,2.81,0.45,1.78,1.62,,92.84,,,,,,,99.6925,,,1.16,46.8,50.39,,,,,-0.4,,,
2017-08-18,0.87,1.19,2.19,1.32,2.78,0.42,1.77,1.61,,78.582,,,,,,,,,,1.16,47.07,50.37,,,,,-0.4,,,
2017-08-19,0.86,1.17,2.19,1.33,2.78,0.43,1.76,1.61,,129.105,,,,,,,,,,1.16,48.59,50.96,,,,,-0.4,,,
2017-08-20,,,,,,,,,,,4462871.0,2336388.0,,,,,,,,1.16,,,,,,,-0.4,8950.0544,,
2017-08-21,,,,,,,,,,,,,,,,,,,,1.16,,,,,,,-0.4,,,
2017-08-22,0.86,1.18,2.18,1.32,2.77,0.43,1.75,1.59,,144.1,,,-0.565,-0.433,,,,,,1.16,47.39,51.94,,,,,-0.4,,,
2017-08-23,0.89,1.22,2.22,1.33,2.79,0.45,1.77,1.61,,166.094,,,,,,,,,,1.16,47.65,52.29,,,,,-0.4,,,
2017-08-24,0.85,1.17,2.17,1.32,2.75,0.42,1.75,1.58,,169.793,,,,,,,,,,1.16,48.45,52.31,,,,,-0.4,,,
2017-08-25,0.86,1.17,2.19,1.33,2.77,0.44,1.75,1.6,,130.879,,,,,,,,,,1.16,47.24,51.73,,,,,-0.4,,,
2017-08-26,0.82,1.14,2.17,1.35,2.75,0.42,1.75,1.57,,122.167,,,,,,,,,,1.16,47.65,51.87,,,,,-0.4,,,
2017-08-27,,,,,,,,,,,4463837.0,2359640.0,,,,,,,,1.16,,,,,,,-0.4,8960.9288,,
2017-08-28,,,,,,,,,,,,,,,,,,,,1.16,,,,,,,-0.4,,,
2017-08-29,0.83,1.18,2.16,1.33,2.76,0.41,1.75,1.56,,121.947,,,-0.562,-0.4555,,,,,,1.16,46.4,51.87,,,,,-0.4,,,
2017-08-30,0.8,1.1,2.13,1.33,2.74,0.39,1.74,1.54,,127.243,,,,,,,,,,1.16,46.46,51.64,,,,,-0.4,,,
2017-08-31,0.82,1.12,2.15,1.33,2.75,0.39,1.76,1.57,,146.086,,,,,,,,,13695.0,1.16,45.96,51.91,6485.625,2.903913043478261,0.3,,-0.4,,,
2017-09-01,0.79,1.11,2.12,1.33,2.73,0.36,1.76,1.58,,213.486,,,,,,,,,,1.07,47.26,52.69,,,,,-0.4,,,
2017-09-02,0.81,1.14,2.16,1.35,2.77,0.37,1.79,1.63,,124.952,,,,,,,,,,1.16,47.32,53.15,,,,,-0.4,,,
2017-09-03,,,,,,,,,,,4452360.0,2364546.0,,,,,,,,1.16,,,,,,,-0.4,8963.1011,,
2017-09-04,,,,,,,,,,,,,,,,,,,,1.16,,,,,,,-0.4,,,
2017-09-05,,,,,,,,,,,,,-0.559,-0.5035,,,,,,1.16,,52.6,,,,,-0.4,,,
2017-09-06,0.77,1.04,2.07,1.3,2.69,0.3,1.77,1.58,,136.131,,,,,,,,,,1.16,48.63,53.63,,,,,-0.4,,,
2017-09-07,0.8,1.03,2.1,1.3,2.72,0.32,1.78,1.6,,145.128,,,,,,,,,,1.16,49.13,54.48,,,,,-0.4,,,
2017-09-08,0.78,1.0,2.05,1.27,2.66,0.26,1.79,1.61,,126.607,,,,,,4.3,,,,1.16,49.1,54.16,,,,,-0.4,,,
2017-09-09,0.79,1.02,2.06,1.27,2.67,0.25,1.81,1.63,,113.842,,,,,,,,,,1.16,47.44,54.55,,,,,-0.4,,,
2017-09-10,,,,,,,,,,,4453474.0,2366129.0,,,,,,,,1.16,,,,,,,-0.4,8976.7945,,
2017-09-11,,,,,,,,,,,,,,,,,,,,1.16,,,,,,,-0.4,,,
2017-09-12,0.82,1.09,2.14,1.32,2.75,0.31,1.83,1.63,,115.972,,,-0.559,-0.4174,,,,,,1.16,48.06,54.2,,,,,-0.4,,,
2017-09-13,0.84,1.14,2.17,1.33,2.78,0.33,1.84,1.67,,127.019,,,,,,,,,,1.16,48.21,55.06,,,,,-0.4,,,
2017-09-14,0.85,1.16,2.2,1.35,2.79,0.35,1.85,1.68,,125.668,,,,,,,,,,1.16,49.3,55.52,,,,,-0.4,,,
2017-09-15,0.83,1.15,2.2,1.37,2.77,0.35,1.85,1.7,,97.564,,,,,,,,95.1,,1.16,49.86,56.76,,,,,-0.4,,,
2017-09-16,0.81,1.15,2.2,1.39,2.77,0.35,1.85,1.72,,109.645,,,,,246.435,,,,,1.16,49.9,56.18,,,,,-0.4,,,
2017-09-17,,,,,,,,,,,4471174.0,2358933.0,,,,,99.7954,,,1.16,,,,,,,-0.4,8974.2826,,
2017-09-18,,,,,,,,,,,,,,,,,,,,1.16,,,,,,,-0.4,,,
2017-09-19,0.83,1.18,2.23,1.4,2.8,0.36,1.87,1.74,,138.909,,,-0.562,-0.6701,,,,,,1.16,49.88,55.5,,,,,-0.4,,,
2017-09-20,0.84,1.2,2.24,1.4,2.81,0.37,1.87,1.74,,156.728,,,,,,,,,,1.16,49.54,56.58,,,,,-0.4,,,
2017-09-21,0.83,1.24,2.28,1.45,2.82,0.43,1.85,1.71,,168.025,,,,,,,,,,1.16,50.29,57.2,,,,,-0.4,,,
2017-09-22,0.82,1.23,2.27,1.45,2.8,0.44,1.83,1.7,,152.866,,,,,,,,,,1.16,50.58,57.73,,,,,-0.4,,,
2017-09-23,0.8,1.23,2.26,1.46,2.8,0.42,1.84,1.71,,157.33,,,,,,,,,,1.16,50.33,58.16,,,,,-0.4,,,
2017-09-24,,,,,,,,,,,4458576.0,2292801.0,,,,,,,,1.16,,,,,,,-0.4,9012.4289,,
2017-09-25,,,,,,,,,,,,,,,,,,,,1.16,,,,,,,-0.4,,,
2017-09-26,0.78,1.17,2.22,1.44,2.76,0.38,1.84,1.72,,158.503,,,-0.566,-0.71,,,,,,1.16,51.85,59.42,,,,,-0.4,,,
2017-09-27,0.79,1.18,2.24,1.45,2.78,0.4,1.84,1.72,,173.715,,,,,,,,,,1.16,51.59,59.77,,,,,-0.4,,,
2017-09-28,0.84,1.24,2.31,1.47,2.86,0.44,1.87,1.74,,220.083,,,,,,,,,,1.16,52.14,58.74,,,,,-0.4,,,
2017-09-29,0.86,1.25,2.31,1.45,2.87,0.44,1.87,1.73,,208.936,,,,,,,,,,1.16,51.62,58.8,,,,-3.9,-0.4,,102.80463,77.63755538672554
2017-09-30,0.86,1.27,2.33,1.47,2.86,0.49,1.84,1.68,,316.09,,,,,,,,,,1.06,51.67,57.02,,,,,-0.4,,,
2017-10-01,,,,,,,,,,,4455661.0,2212709.0,,,,,,,13743.0,1.06,,,6577.166666666667,3.009047619047619,0.22,,-0.4,9012.0284,,
2017-10-02,,,,,,,,,,,,,,,,,,,,1.06,,,,,,,-0.4,,,
2017-10-03,0.85,1.33,2.34,1.49,2.87,0.51,1.83,1.73,,190.377,,,-0.572,-0.6582,,,,,,1.16,50.59,55.67,,,,,-0.4,,,
2017-10-04,0.86,1.26,2.33,1.47,2.87,0.49,1.84,1.68,,181.605,,,,,,,,,,1.16,50.44,56.12,,,,,-0.4,,,
2017-10-05,0.86,1.25,2.33,1.47,2.87,0.48,1.85,1.73,,178.738,,,,,,,,,,1.16,50.0,56.0,,,,,-0.4,,,
2017-10-06,0.86,1.28,2.35,1.49,2.89,0.49,1.86,1.74,,132.827,,,,,,,,,,1.16,50.79,57.09,,,,,-0.4,,,
2017-10-07,0.83,1.3,2.37,1.54,2.91,0.5,1.87,1.78,,119.529,,,,,,,,,,1.16,49.34,55.5,,,,,-0.4,,,
2017-10-08,,,,,,,,,,,4460422.0,2149215.0,,,,4.2,,,,1.16,,,,,,,-0.4,9029.6833,,
2017-10-09,,,,,,,,,,,,,,,,,,,,1.16,,,,,,,-0.4,,,
2017-10-10,,,,,,,,,,,,,-0.578,-0.7043,,,,,,1.16,49.58,55.29,,,,,-0.4,,,
2017-10-11,0.84,1.27,2.35,1.51,2.88,0.47,1.88,1.75,,121.913,,,,,,,,,,1.16,50.93,56.62,,,,,-0.4,,,
2017-10-12,0.84,1.25,2.35,1.51,2.88,0.46,1.89,1.75,,129.805,,,,,,,,,,1.16,51.3,56.13,,,,,-0.4,,,
2017-10-13,0.82,1.24,2.33,1.51,2.86,0.44,1.89,1.79,,102.807,,,,,,,,,,1.16,50.61,56.13,,,,,-0.4,,,
2017-10-14,0.77,1.19,2.28,1.51,2.81,0.43,1.85,1.71,,99.961,,,,,,,,,,1.16,51.43,56.86,,,,,-0.4,,,
2017-10-15,,,,,,,,,,,4459415.0,2264498.0,,,,,,100.7,,1.16,,,,,,,-0.4,9045.4506,,
2017-10-16,,,,,,,,,,,,,,,246.626,,,,,1.16,,,,,,,-0.4,,,
2017-10-17,0.76,1.2,2.3,1.54,2.82,0.46,1.84,1.66,,78.531,,,-0.585,-0.6651,,,101.0247,,,1.16,51.86,57.49,,,,,-0.4,,,
2017-10-18,0.76,1.21,2.3,1.54,2.8,0.48,1.82,1.69,,91.188,,,,,,,,,,1.16,51.87,57.63,,,,,-0.4,,,
2017-10-19,0.75,1.25,2.34,1.59,2.85,0.5,1.84,1.69,,121.457,,,,,,,,,,1.16,52.05,58.05,,,,,-0.4,,,
2017-10-20,0.75,1.23,2.33,1.58,2.83,0.49,1.84,1.66,,102.612,,,,,,,,,,1.16,51.29,57.82,,,,,-0.4,,,
2017-10-21,0.79,1.28,2.39,1.6,2.89,0.52,1.87,1.76,,102.488,,,,,,,,,,1.16,51.63,57.89,,,,,-0.4,,,
2017-10-22,,,,,,,,,,,4469723.0,2281294.0,,,,,,,,1.16,,,,,,,-0.4,9059.2792,,
2017-10-23,,,,,,,,,,,,,,,,,,,,1.16,,,,,,,-0.4,,,
2017-10-24,0.8,1.29,2.38,1.58,2.89,0.52,1.86,1.69,,110.26,,,-0.592,-0.7335,,,,,,1.16,51.91,57.69,,,,,-0.4,,,
2017-10-25,0.82,1.3,2.42,1.6,2.92,0.55,1.87,1.73,,97.202,,,,,,,,,,1.16,52.32,57.84,,,,,-0.4,,,
2017-10-26,0.83,1.32,2.44,1.61,2.95,0.56,1.88,1.74,,112.057,,,,,,,,,,1.16,51.97,58.45,,,,,-0.4,,,
2017-10-27,0.83,1.35,2.46,1.63,2.96,0.57,1.89,1.76,,98.412,,,,,,,,,,1.16,52.41,58.75,,,,,-0.4,,,
2017-10-28,0.83,1.32,2.42,1.59,2.93,0.54,1.88,1.76,,105.903,,,,,,,,,,1.16,53.92,60.15,,,,,-0.4,,,
2017-10-29,,,,,,,,,,,4461117.0,2243832.0,,,,,,,,1.16,,,,,,,-0.4,9063.0841,,
2017-10-30,,,,,,,,,,,,,,,,,,,,1.16,,,,,,,-0.4,,,
2017-10-31,0.79,1.25,2.37,1.58,2.88,0.5,1.87,1.77,,102.147,,,-0.597,-0.7405,,,,,13801.5,1.16,54.11,60.65,6807.602272727273,2.911818181818182,0.18,,-0.4,,,
2017-11-01,0.78,1.23,2.38,1.6,2.88,0.5,1.88,1.79,,173.605,,,,,,,,,,1.07,54.36,61.35,,,,,-0.4,,,
2017-11-02,0.76,1.19,2.37,1.61,2.85,0.49,1.88,1.71,,87.165,,,,,,,,,,1.16,54.32,60.98,,,,,-0.4,,,
2017-11-03,0.74,1.18,2.35,1.61,2.83,0.48,1.87,1.79,,58.758,,,,,,,,,,1.16,54.55,60.79,,,,,-0.4,,,
2017-11-04,0.71,1.16,2.34,1.63,2.82,0.48,1.86,1.74,,60.915,,,,,,,,,,1.16,55.63,61.42,,,,,-0.4,,,
2017-11-05,,,,,,,,,,,4455887.0,2243215.0,,,,,,,,1.16,,,,,,,-0.4,9072.4594,,
2017-11-06,,,,,,,,,,,,,,,,,,,,1.16,,,,,,,-0.4,,,
2017-11-07,0.71,1.13,2.32,1.61,2.8,0.46,1.86,1.77,,70.365,,,-0.601,-0.6982,,,,,,1.16,57.34,64.27,,,,,-0.4,,,
2017-11-08,0.69,1.1,2.32,1.63,2.77,0.44,1.88,1.8,,58.971,,,,,,4.2,,,,1.16,57.19,64.36,,,,,-0.4,,,
2017-11-09,0.67,1.09,2.32,1.65,2.79,0.45,1.87,1.77,,74.546,,,,,,,,,,1.16,56.82,63.96,,,,,-0.4,,,
2017-11-10,0.7,1.09,2.33,1.63,2.81,0.46,1.87,1.8,,46.378,,,,,,,,,,1.16,57.16,64.49,,,,,-0.4,,,
2017-11-11,0.73,1.17,2.4,1.67,2.88,0.52,1.88,1.78,,39.671,,,,,,,,,,1.16,56.75,64.35,,,,,-0.4,,,
2017-11-12,,,,,,,,,,,4458552.0,2311929.0,,,,,,,,1.16,,,,,,,-0.4,9083.3647,,
2017-11-13,,,,,,,,,,,,,,,,,,,,1.16,,,,,,,-0.4,,,
2017-11-14,0.7,1.16,2.4,1.7,2.87,0.52,1.88,1.79,,35.243,,,-0.603,-0.6716,,,,,,1.16,56.77,62.94,,,,,-0.4,,,
2017-11-15,0.7,1.12,2.38,1.68,2.84,0.51,1.87,1.79,,32.219,,,,,,,,98.5,,1.16,55.67,60.91,,,,,-0.4,,,
2017-11-16,0.65,1.08,2.33,1.68,2.77,0.48,1.85,1.78,,35.038,,,,,247.284,,,,,1.16,55.28,61.25,,,,,-0.4,,,
2017-11-17,0.65,1.1,2.37,1.72,2.81,0.53,1.84,1.79,,20.709,,,,,,,101.2664,,,1.16,55.14,61.18,,,,,-0.4,,,
2017-11-18,0.62,1.06,2.35,1.73,2.78,0.49,1.86,1.75,,38.838,,,,,,,,,,1.16,56.21,61.34,,,,,-0.4,,,
2017-11-19,,,,,,,,,,,4448289.0,2336255.0,,,,,,,,1.16,,,,,,,-0.4,9080.0068,,
2017-11-20,,,,,,,,,,,,,,,,,,,,1.16,,,,,,,-0.4,,,
2017-11-21,0.6,1.07,2.37,1.77,2.78,0.52,1.85,1.74,,34.576,,,-0.604,-0.6696,,,,,,1.16,56.21,61.34,,,,,-0.4,,,
2017-11-22,0.59,1.06,2.36,1.77,2.76,0.52,1.84,1.75,,42.899,,,,,,,,,,1.16,56.84,62.28,,,,,-0.4,,,
2017-11-23,0.58,1.03,2.32,1.74,2.75,0.48,1.84,1.75,,51.634,,,,,,,,,,1.16,57.88,62.92,,,,,-0.4,,,
2017-11-24,,,,,,,,,,,,,,,,,,,,1.16,,63.27,,,,,-0.4,,,
2017-11-25,0.59,1.05,2.34,1.75,2.76,0.5,1.84,1.71,,40.488,,,,,,,,,,1.16,58.94,63.58,,,,,-0.4,,,
2017-11-26,,,,,,,,,,,4450615.0,2339907.0,,,,,,,,1.16,,,,,,,-0.4,9088.5138,,
2017-11-27,,,,,,,,,,,,,,,,,,,,1.16,,,,,,,-0.4,,,
2017-11-28,0.58,1.05,2.32,1.74,2.76,0.49,1.83,1.69,,39.381,,,-0.604,-0.8219,,,,,,1.16,58.1,63.25,,,,,-0.4,,,
2017-11-29,0.59,1.04,2.34,1.75,2.77,0.5,1.84,1.69,,50.834,,,,,,,,,,1.16,57.96,63.56,,,,,-0.4,,,
2017-11-30,0.59,1.08,2.37,1.78,2.81,0.53,1.84,1.69,,67.019,,,,,,,,,,1.16,57.25,63.74,,,,,-0.4,,,
2017-12-01,0.64,1.15,2.42,1.78,2.83,0.56,1.86,1.73,,102.719,,,,,,,,,13849.1,1.07,57.4,63.53,6826.545454545455,3.053636363636364,0.16,,-0.4,,,
2017-12-02,0.59,1.1,2.37,1.78,2.76,0.51,1.86,1.72,,59.03,,,,,,,,,,1.16,58.35,64.57,,,,,-0.4,,,
2017-12-03,,,,,,,,,,,4438592.0,2294895.0,,,,,,,,1.16,,,,,,,-0.4,9096.1396,,
2017-12-04,,,,,,,,,,,,,,,,,,,,1.16,,,,,,,-0.4,,,
2017-12-05,0.57,1.08,2.37,1.8,2.77,0.5,1.87,1.76,,72.389,,,-0.605,-0.7788,,,,,,1.16,57.48,63.45,,,,,-0.4,,,
2017-12-06,0.53,1.06,2.36,1.83,2.73,0.5,1.86,1.69,,68.297,,,,,,,,,,1.16,57.66,63.45,,,,,-0.4,,,
2017-12-07,0.55,1.03,2.33,1.78,2.71,0.47,1.86,1.74,,76.368,,,,,,,,,,1.16,55.79,62.25,,,,,-0.4,,,
2017-12-08,0.57,1.08,2.37,1.8,2.76,0.5,1.87,1.74,,63.552,,,,,,4.1,,,,1.16,56.5,62.37,,,,,-0.4,,,
2017-12-09,0.58,1.1,2.38,1.8,2.77,0.5,1.88,1.71,,82.714,,,,,,,,,,1.16,57.15,63.86,,,,,-0.4,,,
2017-12-10,,,,,,,,,,,4437148.0,2325090.0,,,,,,,,1.16,,,,,,,-0.4,9102.4695,,
2017-12-11,,,,,,,,,,,,,,,,,,,,1.16,,,,,,,-0.4,,,
2017-12-12,0.57,1.06,2.39,1.82,2.77,0.51,1.88,1.76,,107.473,,,-0.606,-0.7072,,,,,,1.16,57.84,65.62,,,,,-0.4,,,
2017-12-13,0.57,1.06,2.4,1.83,2.79,0.51,1.89,1.78,,119.09,,,,,,,,,,1.17,57.12,64.96,,,,,-0.4,,,
2017-12-14,0.57,1.06,2.36,1.79,2.74,0.48,1.88,1.74,,143.392,,,,,,,,,,1.17,56.59,63.66,,,,,-0.4,,,
2017-12-15,0.53,1.03,2.35,1.82,2.71,0.48,1.87,1.76,,107.679,,,,,,,,95.9,,1.41,57.0,63.72,,,,,-0.4,,,
2017-12-16,0.51,1.04,2.35,1.84,2.68,0.47,1.88,1.77,,80.206,,,,,247.805,,,,,1.41,57.29,63.81,,,,,-0.4,,,
2017-12-17,,,,,,,,,,,4452726.0,2352562.0,,,,,101.4644,,,1.41,,,,,,,-0.4,9097.5864,,
2017-12-18,,,,,,,,,,,,,,,,,,,,1.41,,,,,,,-0.4,,,
2017-12-19,0.55,1.01,2.39,1.84,2.74,0.5,1.89,1.71,,117.276,,,-0.608,-0.6441,,,,,,1.42,57.17,64.45,,,,,-0.4,,,
2017-12-20,0.59,1.09,2.46,1.87,2.82,0.55,1.91,1.74,,112.628,,,,,,,,,,1.42,57.49,63.69,,,,,-0.4,,,
2017-12-21,0.62,1.11,2.49,1.87,2.88,0.57,1.92,1.74,,127.582,,,,,,,,,,1.42,58.09,64.43,,,,,-0.4,,,
2017-12-22,0.59,1.13,2.48,1.89,2.84,0.55,1.93,1.84,,116.978,,,,,,,,,,1.42,58.34,64.64,,,,,-0.4,,,
2017-12-23,0.57,1.15,2.48,1.91,2.83,0.54,1.94,1.82,,113.852,,,,,,,,,,1.42,58.25,64.61,,,,,-0.4,,,
2017-12-24,,,,,,,,,,,4447470.0,2269164.0,,,,,,,,1.42,,,,,,,-0.4,9109.6149,,
2017-12-25,,,,,,,,,,,,,,,,,,,,1.42,,,,,,,-0.4,,,
2017-12-26,,,,,,,,,,,,,-0.612,-0.6088,,,,,,1.42,,,,,,,-0.4,,,
2017-12-27,0.55,1.0,2.47,1.92,2.82,0.53,1.94,1.76,,119.456,,,,,,,,,,1.42,59.55,,,,,,-0.4,,,
2017-12-28,0.53,0.98,2.42,1.89,2.75,0.48,1.94,1.82,,147.749,,,,,,,,,,1.42,59.67,66.03,,,,,-0.4,,,
2017-12-29,0.52,1.04,2.43,1.91,2.75,0.47,1.96,1.86,,158.478,,,,,,,,,,1.42,59.84,66.8,,,,,-0.4,,,
2017-12-30,0.51,1.01,2.4,1.89,2.74,0.44,1.96,1.86,,319.595,,,,,,,,,,1.33,60.46,66.73,,,,-8.5,-0.4,,102.27408,78.62529764788064
2017-12-31,,,,,,,,,,,4448680.0,2201425.0,,,,,,,13887.3,1.33,,,6833.894736842105,2.76952380952381,0.2,,-0.4,9123.3741,,
2018-01-01,,,,,,,,,,,,,,,,,,,,1.33,,,,,,,-0.4,,,
2018-01-02,,,,,,,,,,,,,-0.615,-0.5027,,,,,,1.33,,,,,,,-0.4,,,
2018-01-03,0.54,1.02,2.46,1.92,2.81,0.46,2.0,1.9,,136.967,,,,,,,,,,1.42,60.37,66.65,,,,,-0.4,,,
2018-01-04,0.5,1.03,2.44,1.94,2.78,0.46,1.98,1.87,,131.622,,,,,,,,,,1.42,61.61,67.85,,,,,-0.4,,,
2018-01-05,0.5,1.05,2.46,1.96,2.79,0.45,2.01,1.92,,76.624,,,,,,,,,,1.42,61.98,68.73,,,,,-0.4,,,
2018-01-06,0.51,1.08,2.47,1.96,2.81,0.46,2.01,1.95,,63.804,,,,,,,,,,1.42,61.49,68.01,,,,,-0.4,,,
2018-01-07,,,,,,,,,,,4443718.0,2045930.0,,,,,,,,1.42,,,,,,,-0.4,9127.0044,,
2018-01-08,,,,,,,,,,,,,,,,4.0,,,,1.42,,,,,,,-0.4,,,
2018-01-09,0.53,1.04,2.49,1.96,2.81,0.47,2.02,1.91,,63.531,,,-0.619,-0.6247,,,,,,1.42,61.73,68.48,,,,,-0.4,,,
2018-01-10,0.57,1.11,2.55,1.98,2.88,0.52,2.03,1.95,,56.468,,,,,,,,,,1.42,62.92,69.08,,,,,-0.4,,,
2018-01-11,0.57,1.13,2.55,1.98,2.88,0.52,2.03,1.94,,57.954,,,,,,,,,,1.42,63.6,69.79,,,,,-0.4,,,
2018-01-12,0.56,1.11,2.54,1.98,2.91,0.54,2.0,1.89,,33.597,,,,,,,,,,1.42,63.81,70.36,,,,,-0.4,,,
2018-01-13,0.56,1.12,2.55,1.99,2.85,0.54,2.01,1.92,,21.59,,,,,,,,,,1.42,64.22,69.64,,,,,-0.4,,,
2018-01-14,,,,,,,,,,,4446062.0,2232897.0,,,,,,,,1.42,,,,,,,-0.4,9132.898,,
2018-01-15,,,,,,,,,,,,,,,,,,95.7,,1.42,,,,,,,-0.4,,,
2018-01-16,,,,,,,,,,,,,-0.619,-0.7058,248.859,,,,,1.42,,70.31,,,,,-0.4,,,
2018-01-17,0.51,1.09,2.54,2.03,2.83,0.51,2.03,1.94,,22.003,,,,,,,101.4625,,,1.42,63.82,69.4,,,,,-0.4,,,
2018-01-18,0.52,1.13,2.57,2.05,2.84,0.53,2.04,1.9,,20.548,,,,,,,,,,1.42,63.92,69.19,,,,,-0.4,,,
2018-01-19,0.57,1.17,2.62,2.05,2.9,0.57,2.05,1.99,,22.804,,,,,,,,,,1.42,63.96,69.48,,,,,-0.4,,,
2018-01-20,0.58,1.2,2.64,2.06,2.91,0.58,2.06,2.0,,22.196,,,,,,,,,,1.42,63.38,68.56,,,,,-0.4,,,
2018-01-21,,,,,,,,,,,4439145.0,2249899.0,,,,,,,,1.42,,,,,,,-0.4,9144.8838,,
2018-01-22,,,,,,,,,,,,,,,,,,,,1.42,,,,,,,-0.4,,,
2018-01-23,0.58,1.22,2.66,2.08,2.93,0.6,2.06,2.0,,28.706,,,-0.614,-0.6458,,,,,,1.42,63.66,69.32,,,,,-0.4,,,
2018-01-24,0.57,1.19,2.63,2.06,2.9,0.57,2.06,1.92,,31.791,,,,,,,,,,1.42,64.45,69.81,,,,,-0.4,,,
2018-01-25,0.57,1.22,2.65,2.08,2.93,0.58,2.07,1.96,,36.371,,,,,,,,,,1.42,65.69,69.91,,,,,-0.4,,,
2018-01-26,0.55,1.21,2.63,2.08,2.89,0.56,2.07,1.91,,19.891,,,,,,,,,,1.42,65.62,71.08,,,,,-0.4,,,
2018-01-27,0.53,1.25,2.66,2.13,2.91,0.57,2.09,1.93,,21.427,,,,,,,,,,1.42,66.27,70.08,,,,,-0.4,,,
2018-01-28,,,,,,,,,,,4441317.0,2210944.0,,,,,,,,1.42,,,,,,,-0.4,9145.8759,,
2018-01-29,,,,,,,,,,,,,,,,,,,,1.42,,,,,,,-0.4,,,
2018-01-30,0.59,1.26,2.7,2.11,2.94,0.61,2.09,1.92,,23.98,,,-0.606,-0.6573,,,,,,1.42,65.71,68.41,,,,,-0.4,,,
2018-01-31,0.6,1.29,2.73,2.13,2.98,0.63,2.1,1.97,,31.766,,,,,,,,,13902.4,1.42,64.64,67.78,7065.852272727273,3.151739130434783,0.46,,-0.4,,,
2018-02-01,0.58,1.26,2.72,2.14,2.95,0.61,2.11,1.98,,65.797,,,,,,,,,,1.34,64.82,67.78,,,,,-0.4,,,
2018-02-02,0.62,1.3,2.78,2.16,3.01,0.67,2.11,1.93,,31.825,,,,,,,,,,1.42,65.92,68.6,,,,,-0.4,,,
2018-02-03,0.69,1.36,2.84,2.15,3.08,0.7,2.14,1.93,,43.931,,,,,,,,,,1.42,65.5,67.45,,,,,-0.4,,,
2018-02-04,,,,,,,,,,,4419225.0,2203630.0,,,,,,,,1.42,,,,,,,-0.4,9154.9413,,
2018-02-05,,,,,,,,,,,,,,,,,,,,1.42,,,,,,,-0.4,,,
2018-02-06,0.69,1.26,2.77,2.08,3.04,0.67,2.1,1.95,,59.008,,,-0.592,-0.503,,,,,,1.42,64.18,67.69,,,,,-0.4,,,
2018-02-07,0.69,1.27,2.79,2.1,3.06,0.69,2.1,1.88,,49.214,,,,,,,,,,1.42,63.48,66.75,,,,,-0.4,,,
2018-02-08,0.69,1.29,2.84,2.15,3.12,0.74,2.1,1.9,,48.12,,,,,,4.1,,,,1.42,61.91,65.74,,,,,-0.4,,,
2018-02-09,0.72,1.3,2.85,2.13,3.14,0.76,2.09,1.89,,33.272,,,,,,,,,,1.42,61.3,64.26,,,,,-0.4,,,
2018-02-10,0.78,1.28,2.83,2.05,3.14,0.78,2.05,1.83,,36.567,,,,,,,,,,1.42,59.2,63.04,,,,,-0.4,,,
2018-02-11,,,,,,,,,,,4420745.0,2244845.0,,,,,,,,1.42,,,,,,,-0.4,9159.9185,,
2018-02-12,,,,,,,,,,,,,,,,,,,,1.42,,,,,,,-0.4,,,
2018-02-13,0.77,1.24,2.86,2.09,3.14,0.79,2.07,1.84,,30.631,,,-0.575,0.1021,,,,,,1.42,59.41,62.2,,,,,-0.4,,,
2018-02-14,0.73,1.24,2.83,2.1,3.11,0.78,2.05,1.88,,43.137,,,,,,,,,,1.42,59.33,61.94,,,,,-0.4,,,
2018-02-15,0.74,1.33,2.91,2.17,3.18,0.82,2.09,1.91,,38.518,,,,,,,,99.7,,1.42,60.7,62.29,,,,,-0.4,,,
2018-02-16,0.71,1.32,2.9,2.19,3.15,0.79,2.11,2.0,,29.08,,,,,249.529,,,,,1.42,61.48,62.86,,,,,-0.4,,,
2018-02-17,0.66,1.25,2.87,2.21,3.13,0.78,2.09,2.0,,29.615,,,,,,,101.7085,,,1.42,61.89,64.3,,,,,-0.4,,,
2018-02-18,,,,,,,,,,,4434863.0,2253929.0,,,,,,,,1.42,,,,,,,-0.4,9165.3422,,
2018-02-19,,,,,,,,,,,,,,,,,,,,1.42,,,,,,,-0.4,,,
2018-02-20,,,,,,,,,,,,,-0.559,-0.2598,,,,,,1.42,,64.95,,,,,-0.4,,,
2018-02-21,0.63,1.22,2.88,2.25,3.15,0.78,2.1,2.04,,32.495,,,,,,,,,,1.42,61.91,64.68,,,,,-0.4,,,
2018-02-22,0.68,1.3,2.94,2.26,3.22,0.82,2.12,2.06,,45.171,,,,,,,,,,1.42,61.73,64.81,,,,,-0.4,,,
2018-02-23,0.67,1.29,2.92,2.25,3.21,0.81,2.11,2.06,,36.32,,,,,,,,,,1.42,62.72,66.12,,,,,-0.4,,,
2018-02-24,0.63,1.24,2.88,2.25,3.16,0.76,2.12,2.04,,15.875,,,,,,,,,,1.42,63.52,67.04,,,,,-0.4,,,
2018-02-25,,,,,,,,,,,4411660.0,2223380.0,,,,,,,,1.42,,,,,,,-0.4,9172.765,,
2018-02-26,,,,,,,,,,,,,,,,,,,,1.42,,,,,,,-0.4,,,
2018-02-27,0.64,1.2,2.86,2.22,3.15,0.73,2.13,2.07,,9.36,,,-0.544,-0.3389,,,,,,1.42,63.81,67.96,,,,,-0.4,,,
2018-02-28,0.63,1.24,2.9,2.27,3.17,0.77,2.13,2.09,,19.729,,,,,,,,,,1.42,62.94,67.59,,,,,-0.4,,,
2018-03-01,0.62,1.22,2.87,2.25,3.13,0.75,2.12,2.04,,44.51,,,,,,,,,,1.35,61.43,66.08,,,,,-0.4,,,
2018-03-02,0.59,1.18,2.81,2.22,3.09,0.71,2.1,2.03,,14.334,,,,,,,,,,1.42,60.98,64.23,,,,,-0.4,,,
2018-03-03,0.61,1.21,2.86,2.25,3.14,0.74,2.12,2.03,,15.642,,,,,,,,,13949.8,1.42,61.19,64.26,7006.525,2.658,0.16,,-0.4,,,
2018-03-04,,,,,,,,,,,4393401.0,2232947.0,,,,,,,,1.42,,,,,,,-0.4,9184.5058,,
2018-03-05,,,,,,,,,,,,,,,,,,,,1.42,,,,,,,-0.4,,,
2018-03-06,0.64,1.18,2.88,2.24,3.16,0.75,2.13,2.05,,15.23,,,-0.53,-0.0663,,,,,,1.42,62.49,65.78,,,,,-0.4,,,
2018-03-07,0.63,1.2,2.88,2.25,3.14,0.76,2.12,2.1,,11.205,,,,,,,,,,1.42,62.54,65.67,,,,,-0.4,,,
2018-03-08,0.64,1.21,2.89,2.25,3.15,0.76,2.13,2.1,,14.295,,,,,,4.0,,,,1.42,61.09,65.09,,,,,-0.4,,,
2018-03-09,0.61,1.19,2.86,2.25,3.13,0.75,2.11,2.08,,6.963,,,,,,,,,,1.42,60.13,63.87,,,,,-0.4,,,
2018-03-10,0.63,1.23,2.9,2.27,3.16,0.78,2.12,1.96,,3.247,,,,,,,,,,1.42,62.02,65.19,,,,,-0.4,,,
2018-03-11,,,,,,,,,,,4396097.0,2252016.0,,,,,,,,1.42,,,,,,,-0.4,9180.6201,,
2018-03-12,,,,,,,,,,,,,,,,,,,,1.42,,,,,,,-0.4,,,
2018-03-13,0.6,1.16,2.87,2.27,3.13,0.77,2.1,2.02,,1.77,,,-0.516,-0.0936,,,,,,1.42,61.35,64.53,,,,,-0.4,,,
2018-03-14,0.58,1.11,2.84,2.26,3.1,0.75,2.09,2.05,,2.145,,,,,,,,,,1.42,60.69,64.2,,,,,-0.4,,,
2018-03-15,0.55,1.05,2.81,2.26,3.05,0.74,2.07,2.04,,4.97,,,,,,,,101.4,,1.42,60.89,63.61,,,,,-0.4,,,
2018-03-16,0.53,1.05,2.82,2.29,3.05,0.74,2.08,2.07,,3.746,,,,,249.577,,,,,1.43,61.16,63.67,,,,,-0.4,,,
2018-03-17,0.54,1.07,2.85,2.31,3.08,0.77,2.08,2.05,,10.28,,,,,,,102.2067,,,1.43,62.29,64.68,,,,,-0.4,,,
2018-03-18,,,,,,,,,,,4407258.0,2204829.0,,,,,,,,1.43,,,,,,,-0.4,9186.2012,,
2018-03-19,,,,,,,,,,,,,,,,,,,,1.43,,,,,,,-0.4,,,
2018-03-20,0.54,1.05,2.85,2.31,3.09,0.77,2.08,2.04,,7.82,,,-0.506,-0.0205,,,,,,1.43,62.01,64.82,,,,,-0.4,,,
2018-03-21,0.55,1.08,2.89,2.34,3.12,0.81,2.08,2.05,,11.95,,,,,,,,,,1.44,63.37,66.0,,,,,-0.4,,,
2018-03-22,0.58,1.15,2.89,2.31,3.12,0.8,2.09,1.96,,20.586,,,,,,,,,,1.44,65.1,68.15,,,,,-0.4,,,
2018-03-23,0.54,1.11,2.83,2.29,3.06,0.75,2.08,2.03,,11.592,,,,,,,,,,1.68,64.25,68.98,,,,,-0.4,,,
2018-03-24,0.54,1.08,2.82,2.28,3.06,0.75,2.07,2.01,,10.45,,,,,,,,,,1.68,65.8,69.03,,,,,-0.4,,,
2018-03-25,,,,,,,,,,,4401222.0,2123587.0,,,,,,,,1.68,,,,,,,-0.4,9189.6092,,
2018-03-26,,,,,,,,,,,,,,,,,,,,1.68,,,,,,,-0.4,,,
2018-03-27,0.52,1.06,2.85,2.33,3.08,0.77,2.08,2.01,,5.921,,,-0.499,0.2585,,,,,,1.68,65.49,68.81,,,,,-0.4,,,
2018-03-28,0.52,1.01,2.78,2.26,3.03,0.71,2.07,1.94,,9.62,,,,,,,,,,1.68,65.21,68.63,,,,,-0.4,,,
2018-03-29,0.49,1.04,2.77,2.28,3.01,0.72,2.05,1.91,,17.898,,,,,,,,,,1.68,64.3,68.13,,,,,-0.4,,,
2018-03-30,0.47,1.01,2.74,2.27,2.97,0.69,2.05,1.92,,,,,,,,,,,,1.68,64.87,69.02,,,,,-0.4,,,
2018-03-31,,,,,,,,,,,,,,,,,,,14014.5,1.67,,,6799.178571428571,2.700909090909091,0.24,,-0.4,,,
2018-04-01,,,,,,,,,,,4392198.0,2113321.0,,,,,,,,1.67,,,,,,-10.0,-0.4,9212.7464,103.74395,74.89724433320706
2018-04-02,,,,,,,,,,,,,,,,,,,,1.67,,,,,,,-0.4,,,
2018-04-03,0.48,0.96,2.73,2.25,2.97,0.68,2.05,1.99,,3.823,,,-0.497,0.3443,,,,,,1.68,63.05,,,,,,-0.4,,,
2018-04-04,0.51,1.04,2.79,2.28,3.02,0.71,2.08,1.99,,8.695,,,,,,,,,,1.69,63.41,69.02,,,,,-0.4,,,
2018-04-05,0.51,1.08,2.79,2.28,3.03,0.71,2.08,2.04,,4.57,,,,,,,,,,1.69,63.35,66.04,,,,,-0.4,,,
2018-04-06,0.53,1.11,2.83,2.3,3.07,0.75,2.08,1.93,,4.645,,,,,,,,,,1.69,63.53,66.54,,,,,-0.4,,,
2018-04-07,0.5,1.04,2.77,2.27,3.01,0.7,2.07,2.01,,4.895,,,,,,,,,,1.69,62.03,66.51,,,,,-0.4,,,
2018-04-08,,,,,,,,,,,4386104.0,2094045.0,,,,4.0,,,,1.69,,,,,,,-0.4,9257.5912,,
2018-04-09,,,,,,,,,,,,,,,,,,,,1.69,,,,,,,-0.4,,,
2018-04-10,0.49,1.02,2.78,2.29,3.02,0.71,2.07,2.02,,4.07,,,-0.501,0.3407,,,,,,1.69,63.4,68.19,,,,,-0.4,,,
2018-04-11,0.48,1.06,2.8,2.32,3.02,0.72,2.08,2.0,,3.99,,,,,,,,,,1.69,65.48,70.67,,,,,-0.4,,,
2018-04-12,0.47,1.06,2.79,2.32,2.99,0.68,2.11,2.06,,2.361,,,,,,,,,,1.69,66.81,72.74,,,,,-0.4,,,
2018-04-13,0.49,1.08,2.83,2.34,3.05,0.7,2.13,2.05,,4.12,,,,,,,,,,1.69,67.07,71.44,,,,,-0.4,,,
2018-04-14,0.45,1.06,2.82,2.37,3.03,0.69,2.13,2.01,,3.471,,,,,,,,,,1.69,67.35,73.18,,,,,-0.4,,,
2018-04-15,,,,,,,,,,,4383684.0,2119965.0,,,,,,98.8,,1.69,,,,,,,-0.4,9273.927,,
2018-04-16,,,,,,,,,,,,,,,250.227,,,,,1.69,,,,,,,-0.4,,,
2018-04-17,0.44,1.04,2.83,2.39,3.03,0.71,2.12,2.08,,3.372,,,-0.512,0.1399,,,103.3329,,,1.69,66.23,72.05,,,,,-0.4,,,
2018-04-18,0.41,1.02,2.82,2.41,3.0,0.68,2.14,2.01,,3.971,,,,,,,,,,1.69,66.5,71.71,,,,,-0.4,,,
2018-04-19,0.45,1.06,2.87,2.42,3.06,0.71,2.16,2.04,,14.021,,,,,,,,,,1.69,68.44,73.73,,,,,-0.4,,,
2018-04-20,0.48,1.1,2.92,2.44,3.11,0.75,2.17,2.12,,13.92,,,,,,,,,,1.69,68.3,74.85,,,,,-0.4,,,
2018-04-21,0.5,1.15,2.96,2.46,3.14,0.79,2.17,2.1,,12.02,,,,,,,,,,1.7,68.26,74.62,,,,,-0.4,,,
2018-04-22,,,,,,,,,,,4385903.0,2141390.0,,,,,,,,1.7,,,,,,,-0.4,9279.7796,,
2018-04-23,,,,,,,,,,,,,,,,,,,,1.7,,,,,,,-0.4,,,
2018-04-24,0.49,1.11,2.98,2.49,3.15,0.8,2.18,2.11,,10.821,,,-0.526,-0.0647,,,,,,1.7,67.61,74.54,,,,,-0.4,,,
2018-04-25,0.52,1.13,3.0,2.48,3.18,0.83,2.17,2.1,,9.532,,,,,,,,,,1.7,67.66,75.86,,,,,-0.4,,,
2018-04-26,0.54,1.18,3.03,2.49,3.21,0.86,2.17,2.09,,3.57,,,,,,,,,,1.7,68.0,73.79,,,,,-0.4,,,
2018-04-27,0.51,1.18,3.0,2.49,3.18,0.82,2.18,2.1,,3.795,,,,,,,,,,1.7,68.18,75.39,,,,,-0.4,,,
2018-04-28,0.47,1.14,2.96,2.49,3.13,0.79,2.17,2.09,,2.92,,,,,,,,,,1.7,68.11,75.33,,,,,-0.4,,,
2018-04-29,,,,,,,,,,,4372886.0,2052590.0,,,,,,,,1.7,,,,,,,-0.4,9293.7829,,
2018-04-30,,,,,,,,,,,,,,,,,,,,1.7,,,,,,,-0.4,,,
2018-05-01,0.46,1.08,2.95,2.49,3.11,0.78,2.17,2.1,,13.83,,,-0.539,-0.0307,,,,,14034.8,1.69,68.56,75.92,6851.5125,2.723809523809524,0.28,,-0.4,,,
2018-05-02,0.47,1.12,2.97,2.5,3.13,0.81,2.16,2.09,,3.82,,,,,,,,,,1.7,67.28,74.85,,,,,-0.4,,,
2018-05-03,0.48,1.13,2.97,2.49,3.14,0.8,2.17,2.09,,6.52,,,,,,,,,,1.7,67.91,73.14,,,,,-0.4,,,
2018-05-04,0.45,1.1,2.94,2.49,3.12,0.78,2.16,2.09,,5.775,,,,,,,,,,1.7,68.45,73.45,,,,,-0.4,,,
2018-05-05,0.44,1.11,2.95,2.51,3.12,0.79,2.16,2.09,,5.415,,,,,,,,,,1.7,69.71,74.75,,,,,-0.4,,,
2018-05-06,,,,,,,,,,,4356129.0,1994584.0,,,,,,,,1.7,,,,,,,-0.4,9299.2105,,
2018-05-07,,,,,,,,,,,,,,,,,,,,1.7,,,,,,,-0.4,,,
2018-05-08,0.46,1.09,2.95,2.49,3.12,0.78,2.17,2.11,,3.22,,,-0.552,0.0092,,3.8,,,,1.7,70.74,,,,,,-0.4,,,
2018-05-09,0.46,1.1,2.97,2.51,3.13,0.81,2.16,2.1,,3.921,,,,,,,,,,1.7,68.83,74.16,,,,,-0.4,,,
2018-05-10,0.46,1.12,3.0,2.54,3.16,0.82,2.18,2.13,,2.72,,,,,,,,,,1.7,71.16,77.6,,,,,-0.4,,,
2018-05-11,0.43,1.07,2.97,2.54,3.12,0.8,2.17,2.12,,4.645,,,,,,,,,,1.7,71.36,77.59,,,,,-0.4,,,
2018-05-12,0.43,1.05,2.97,2.54,3.1,0.82,2.15,2.13,,3.222,,,,,,,,,,1.7,70.69,77.37,,,,,-0.4,,,
2018-05-13,,,,,,,,,,,4358207.0,2025750.0,,,,,,,,1.7,,,,,,,-0.4,9298.6056,,
2018-05-14,,,,,,,,,,,,,,,,,,,,1.7,,,,,,,-0.4,,,
2018-05-15,0.45,1.07,3.0,2.55,3.13,0.85,2.15,2.12,,3.859,,,-0.561,-0.236,,,,98.0,,1.7,71.01,78.17,,,,,-0.4,,,
2018-05-16,0.5,1.16,3.08,2.58,3.2,0.9,2.18,2.15,,2.095,,,,,250.792,,,,,1.7,71.34,78.94,,,,,-0.4,,,
2018-05-17,0.51,1.17,3.09,2.58,3.21,0.92,2.17,2.16,,2.545,,,,,,,102.4024,,,1.7,71.43,78.19,,,,,-0.4,,,
2018-05-18,0.54,1.19,3.11,2.57,3.25,0.95,2.16,2.16,,1.896,,,,,,,,,,1.7,71.47,80.09,,,,,-0.4,,,
2018-05-19,0.51,1.15,3.06,2.55,3.2,0.91,2.15,2.14,,9.12,,,,,,,,,,1.7,71.23,78.38,,,,,-0.4,,,
2018-05-20,,,,,,,,,,,4337609.0,2036270.0,,,,,,,,1.7,,,,,,,-0.4,9289.3682,,
2018-05-21,,,,,,,,,,,,,,,,,,,,1.7,,,,,,,-0.4,,,
2018-05-22,0.48,1.13,3.06,2.58,3.2,0.9,2.16,2.15,,5.404,,,-0.566,-0.2978,,,,,,1.7,72.26,78.34,,,,,-0.4,,,
2018-05-23,0.47,1.13,3.06,2.59,3.21,0.91,2.15,2.13,,3.951,,,,,,,,,,1.7,72.09,80.42,,,,,-0.4,,,
2018-05-24,0.48,1.09,3.01,2.53,3.17,0.87,2.14,2.12,,2.929,,,,,,,,,,1.7,71.85,78.69,,,,,-0.4,,,
2018-05-25,0.48,1.07,2.98,2.5,3.13,0.86,2.12,2.11,,6.62,,,,,,,,,,1.7,70.77,78.9,,,,,-0.4,,,
2018-05-26,0.45,1.03,2.93,2.48,3.09,0.84,2.09,2.04,,0.02,,,,,,,,,,1.7,67.92,76.6,,,,,-0.4,,,
2018-05-27,,,,,,,,,,,4337301.0,2021946.0,,,,,,,,1.7,,,,,,,-0.4,9297.1943,,
2018-05-28,,,,,,,,,,,,,,,,,,,,1.7,,,,,,,-0.4,,,
2018-05-29,,,,,,,,,,,,,-0.567,-0.2266,,,,,,1.7,,,,,,,-0.4,,,
2018-05-30,0.45,0.84,2.77,2.32,2.96,0.73,2.04,1.98,,0.88,,,,,,,,,,1.7,66.8,74.51,,,,,-0.4,,,
2018-05-31,0.42,0.9,2.84,2.42,3.01,0.78,2.06,2.0,,3.92,,,,,,,,,14091.0,1.7,68.24,75.89,6825.27380952381,2.833913043478261,0.54,,-0.4,,,
2018-06-01,0.43,0.9,2.83,2.4,3.0,0.76,2.07,2.03,,21.475,,,,,,,,,,1.7,66.98,76.45,,,,,-0.4,,,
2018-06-02,0.42,0.97,2.89,2.47,3.04,0.8,2.09,2.06,,12.546,,,,,,,,,,1.7,65.81,74.54,,,,,-0.4,,,
2018-06-03,,,,,,,,,,,4327519.0,2019681.0,,,,,,,,1.7,,,,,,,-0.4,9306.6625,,
2018-06-04,,,,,,,,,,,,,,,,,,,,1.7,,,,,,,-0.4,,,
2018-06-05,0.42,1.0,2.94,2.52,3.08,0.82,2.12,2.06,,11.166,,,-0.562,0.0707,,,,,,1.7,64.76,73.41,,,,,-0.4,,,
2018-06-06,0.43,0.98,2.92,2.49,3.07,0.79,2.13,2.05,,6.635,,,,,,,,,,1.7,65.51,72.91,,,,,-0.4,,,
2018-06-07,0.45,1.02,2.97,2.52,3.13,0.83,2.14,2.06,,16.772,,,,,,,,,,1.7,64.75,73.23,,,,,-0.4,,,
2018-06-08,0.43,0.99,2.93,2.5,3.08,0.8,2.13,2.08,,5.771,,,,,,4.0,,,,1.7,65.96,75.23,,,,,-0.4,,,
2018-06-09,0.43,1.0,2.93,2.5,3.08,0.82,2.11,2.06,,2.771,,,,,,,,,,1.7,65.77,75.11,,,,,-0.4,,,
2018-06-10,,,,,,,,,,,4319191.0,2029579.0,,,,,,,,1.7,,,,,,,-0.4,9320.9544,,
2018-06-11,,,,,,,,,,,,,,,,,,,,1.7,,,,,,,-0.4,,,
2018-06-12,0.44,1.02,2.96,2.52,3.1,0.83,2.13,2.08,,4.836,,,-0.557,-0.3924,,,,,,1.7,66.1,74.58,,,,,-0.4,,,
2018-06-13,0.42,1.04,2.96,2.54,3.09,0.83,2.13,2.07,,1.308,,,,,,,,,,1.7,66.38,74.86,,,,,-0.4,,,
2018-06-14,0.39,1.04,2.98,2.59,3.1,0.86,2.12,2.09,,3.025,,,,,,,,,,1.7,66.63,75.07,,,,,-0.4,,,
2018-06-15,0.35,1.0,2.94,2.59,3.05,0.82,2.12,2.07,,2.935,,,,,,,,98.2,,1.9,66.91,74.77,,,,,-0.4,,,
2018-06-16,0.38,0.99,2.93,2.55,3.05,0.81,2.12,2.08,,0.27,,,,,251.018,,,,,1.9,65.01,72.02,,,,,-0.4,,,
2018-06-17,,,,,,,,,,,4324906.0,2057269.0,,,,,103.198,,,1.9,,,,,,,-0.4,9322.5452,,
2018-06-18,,,,,,,,,,,,,,,,,,,,1.9,,,,,,,-0.4,,,
2018-06-19,0.36,0.98,2.92,2.56,3.05,0.8,2.12,2.08,,0.37,,,-0.551,-0.3384,,,,,,1.9,65.91,74.87,,,,,-0.4,,,
2018-06-20,0.35,0.95,2.89,2.54,3.02,0.77,2.12,2.07,,0.195,,,,,,,,,,1.91,65.09,74.92,,,,,-0.4,,,
2018-06-21,0.37,0.99,2.93,2.56,3.06,0.81,2.12,2.06,,0.32,,,,,,,,,,1.92,65.92,74.25,,,,,-0.4,,,
2018-06-22,0.34,0.96,2.9,2.56,3.04,0.79,2.11,2.05,,1.37,,,,,,,,,,1.92,65.68,72.87,,,,,-0.4,,,
2018-06-23,0.34,0.97,2.9,2.56,3.04,0.78,2.12,2.07,,1.43,,,,,,,,,,1.92,69.02,73.67,,,,,-0.4,,,
2018-06-24,,,,,,,,,,,4315896.0,1971983.0,,,,,,,,1.92,,,,,,,-0.4,9363.6129,,
2018-06-25,,,,,,,,,,,,,,,,,,,,1.92,,,,,,,-0.4,,,
2018-06-26,0.33,0.94,2.87,2.54,3.02,0.77,2.1,2.06,,12.73,,,-0.545,-0.2698,,,,,,1.92,69.91,72.82,,,,,-0.4,,,
2018-06-27,0.35,0.95,2.88,2.53,3.03,0.76,2.12,2.07,,10.385,,,,,,,,,,1.92,75.23,73.58,,,,,-0.4,,,
2018-06-28,0.31,0.9,2.83,2.52,2.97,0.72,2.11,2.07,,20.68,,,,,,,,,,1.91,77.41,76.09,,,,,-0.4,,,
2018-06-29,0.32,0.91,2.84,2.52,2.97,0.74,2.1,2.07,,20.419,,,,,,,,,,1.91,73.45,76.26,,,,,-0.4,,,
2018-06-30,0.33,0.92,2.85,2.52,2.98,0.74,2.11,2.06,,96.97,,,,,,,,,,1.91,74.13,77.44,,,,-11.3,-0.4,,102.98411,75.50581232806583
2018-07-01,,,,,,,,,,,4305491.0,1940847.0,,,,,,,14133.2,1.91,,,6965.857142857143,2.941428571428571,0.24,,-0.4,9362.4707,,
2018-07-02,,,,,,,,,,,,,,,,,,,,1.91,,,,,,,-0.4,,,
2018-07-03,0.3,0.89,2.87,2.57,2.99,0.73,2.14,2.07,,32.139,,,-0.543,-0.0568,,,,,,1.91,73.89,76.71,,,,,-0.4,,,
2018-07-04,0.3,0.85,2.83,2.53,2.96,0.71,2.12,2.08,,4.852,,,,,,,,,,1.91,74.19,75.87,,,,,-0.4,,,
2018-07-05,,,,,,,,,,,,,,,,,,,,1.91,,76.99,,,,,-0.4,,,
2018-07-06,0.29,0.88,2.84,2.55,2.95,0.71,2.13,2.1,,8.205,,,,,,,,,,1.91,73.05,77.09,,,,,-0.4,,,
2018-07-07,0.29,0.85,2.82,2.53,2.94,0.7,2.12,2.08,,4.195,,,,,,,,,,1.91,73.78,74.98,,,,,-0.4,,,
2018-07-08,,,,,,,,,,,4289764.0,1917987.0,,,,3.8,,,,1.91,,,,,,,-0.4,9353.1968,,
2018-07-09,,,,,,,,,,,,,,,,,,,,1.91,,,,,,,-0.4,,,
2018-07-10,0.29,0.88,2.86,2.57,2.96,0.73,2.13,2.1,,3.596,,,-0.544,-0.1876,,,,,,1.91,73.93,77.08,,,,,-0.4,,,
2018-07-11,0.28,0.88,2.87,2.59,2.97,0.74,2.13,2.09,,1.955,,,,,,,,,,1.91,74.11,77.8,,,,,-0.4,,,
2018-07-12,0.27,0.88,2.85,2.58,2.95,0.74,2.11,2.07,,1.23,,,,,,,,,,1.91,70.47,75.35,,,,,-0.4,,,
2018-07-13,0.25,0.87,2.85,2.6,2.95,0.75,2.1,2.06,,2.455,,,,,,,,,,1.91,70.28,72.11,,,,,-0.4,,,
2018-07-14,0.24,0.85,2.83,2.59,2.94,0.72,2.11,2.07,,0.871,,,,,,,,,,1.91,71.03,74.11,,,,,-0.4,,,
2018-07-15,,,,,,,,,,,4291201.0,1958085.0,,,,,,97.9,,1.91,,,,,,,-0.4,9373.4755,,
2018-07-16,,,,,,,,,,,,,,,251.214,,,,,1.91,,,,,,,-0.4,,,
2018-07-17,0.26,0.84,2.85,2.59,2.96,0.75,2.1,2.05,,0.87,,,-0.549,-0.4169,,,103.3646,,,1.91,68.22,71.03,,,,,-0.4,,,
2018-07-18,0.24,0.84,2.86,2.62,2.97,0.77,2.09,2.03,,1.22,,,,,,,,,,1.91,68.03,70.87,,,,,-0.4,,,
2018-07-19,0.28,0.88,2.88,2.6,2.99,0.79,2.09,2.03,,6.021,,,,,,,,,,1.91,68.78,70.52,,,,,-0.4,,,
2018-07-20,0.24,0.84,2.84,2.6,2.96,0.75,2.09,2.01,,3.62,,,,,,,,,,1.91,69.42,71.94,,,,,-0.4,,,
2018-07-21,0.29,0.9,2.89,2.6,3.03,0.78,2.11,2.02,,1.17,,,,,,,,,,1.91,70.31,71.99,,,,,-0.4,,,
2018-07-22,,,,,,,,,,,4291615.0,1967119.0,,,,,,,,1.91,,,,,,,-0.4,9372.1983,,
2018-07-23,,,,,,,,,,,,,,,,,,,,1.91,,,,,,,-0.4,,,
2018-07-24,0.32,0.97,2.96,2.64,3.1,0.85,2.11,2.01,,2.27,,,-0.557,-0.4544,,,,,,1.91,67.9,73.45,,,,,-0.4,,,
2018-07-25,0.32,0.93,2.95,2.63,3.08,0.84,2.11,2.0,,4.895,,,,,,,,,,1.91,70.77,73.53,,,,,-0.4,,,
2018-07-26,0.28,0.93,2.94,2.66,3.06,0.81,2.13,2.01,,0.72,,,,,,,,,,1.91,71.13,73.67,,,,,-0.4,,,
2018-07-27,0.29,0.99,2.98,2.69,3.1,0.87,2.11,2.0,,1.571,,,,,,,,,,1.91,71.59,74.51,,,,,-0.4,,,
2018-07-28,0.29,0.96,2.96,2.67,3.09,0.84,2.12,2.0,,1.47,,,,,,,,,,1.91,68.66,74.84,,,,,-0.4,,,
2018-07-29,,,,,,,,,,,4277681.0,1947119.0,,,,,,,,1.91,,,,,,,-0.4,9379.9695,,
2018-07-30,,,,,,,,,,,,,,,,,,,,1.91,,,,,,,-0.4,,,
2018-07-31,0.32,0.94,2.98,2.66,3.11,0.85,2.13,2.01,,1.995,,,-0.566,-0.5406,,,,,14170.0,1.91,71.19,74.99,6250.75,2.793181818181818,0.26,,-0.4,,,
2018-08-01,0.29,0.93,2.96,2.67,3.08,0.84,2.12,2.0,,9.045,,,,,,,,,,1.91,69.88,74.16,,,,,-0.4,,,
2018-08-02,0.33,0.97,3.0,2.67,3.13,0.87,2.13,2.0,,0.795,,,,,,,,,,1.91,68.8,72.28,,,,,-0.4,,,
2018-08-03,0.32,0.96,2.98,2.66,3.12,0.86,2.12,1.99,,1.817,,,,,,,,,,1.91,68.95,72.95,,,,,-0.4,,,
2018-08-04,0.32,0.94,2.95,2.63,3.09,0.83,2.12,2.0,,1.673,,,,,,,,,,1.91,68.49,72.48,,,,,-0.4,,,
2018-08-05,,,,,,,,,,,4255653.0,1937548.0,,,,,,,,1.91,,,,,,,-0.4,9381.3886,,
2018-08-06,,,,,,,,,,,,,,,,,,,,1.91,,,,,,,-0.4,,,
2018-08-07,0.3,0.89,2.94,2.64,3.08,0.83,2.11,1.98,,2.095,,,-0.575,-0.4436,,,,,,1.91,69.01,72.51,,,,,-0.4,,,
2018-08-08,0.3,0.92,2.98,2.68,3.12,0.85,2.13,2.0,,2.337,,,,,,3.8,,,,1.91,69.17,72.31,,,,,-0.4,,,
2018-08-09,0.28,0.9,2.96,2.68,3.12,0.85,2.11,1.98,,1.659,,,,,,,,,,1.91,66.92,70.71,,,,,-0.4,,,
2018-08-10,0.29,0.87,2.93,2.64,3.08,0.82,2.11,1.97,,1.745,,,,,,,,,,1.91,66.81,70.55,,,,,-0.4,,,
2018-08-11,0.26,0.82,2.87,2.61,3.03,0.78,2.09,1.98,,2.47,,,,,,,,,,1.91,67.61,71.0,,,,,-0.4,,,
2018-08-12,,,,,,,,,,,4258030.0,1951389.0,,,,,,,,1.91,,,,,,,-0.4,9377.0373,,
2018-08-13,,,,,,,,,,,,,,,,,,,,1.91,,,,,,,-0.4,,,
2018-08-14,0.27,0.82,2.88,2.61,3.05,0.78,2.1,1.99,,1.383,,,-0.584,-0.5486,,,,,,1.91,67.25,70.62,,,,,-0.4,,,
2018-08-15,0.26,0.81,2.89,2.63,3.06,0.8,2.09,1.99,,0.685,,,,,,,,96.2,,1.91,67.04,70.77,,,,,-0.4,,,
2018-08-16,0.25,0.79,2.86,2.61,3.03,0.78,2.08,1.97,,0.315,,,,,251.663,,,,,1.91,65.07,68.38,,,,,-0.4,,,
2018-08-17,0.24,0.8,2.87,2.63,3.03,0.79,2.08,1.97,,0.532,,,,,,,104.0327,,,1.92,65.44,69.21,,,,,-0.4,,,
2018-08-18,0.26,0.82,2.87,2.61,3.03,0.79,2.08,1.96,,4.016,,,,,,,,,,1.92,65.93,70.14,,,,,-0.4,,,
2018-08-19,,,,,,,,,,,4228924.0,1922547.0,,,,,,,,1.92,,,,,,,-0.4,9384.4715,,
2018-08-20,,,,,,,,,,,,,,,,,,,,1.92,,,,,,,-0.4,,,
2018-08-21,0.22,0.76,2.82,2.6,2.99,0.75,2.07,1.95,,1.646,,,-0.591,-0.4413,,,,,,1.92,66.5,71.11,,,,,-0.4,,,
2018-08-22,0.24,0.77,2.85,2.61,3.0,0.77,2.08,1.97,,1.466,,,,,,,,,,1.92,67.32,71.65,,,,,-0.4,,,
2018-08-23,0.22,0.73,2.82,2.6,2.99,0.74,2.08,1.96,,1.126,,,,,,,,,,1.92,67.85,72.96,,,,,-0.4,,,
2018-08-24,0.21,0.74,2.82,2.61,2.97,0.73,2.09,1.99,,2.416,,,,,,,,,,1.92,69.13,73.73,,,,,-0.4,,,
2018-08-25,0.19,0.73,2.82,2.63,2.97,0.73,2.09,1.99,,4.665,,,,,,,,,,1.92,69.71,74.41,,,,,-0.4,,,
2018-08-26,,,,,,,,,,,4228818.0,1883254.0,,,,,,,,1.92,,,,,,,-0.4,9398.4885,,
2018-08-27,,,,,,,,,,,,,,,,,,,,1.92,,,,,,,-0.4,,,
2018-08-28,0.18,0.73,2.85,2.67,3.0,0.74,2.11,2.0,,0.996,,,-0.596,-0.6246,,,,,,1.92,69.97,74.41,,,,,-0.4,,,
2018-08-29,0.21,0.75,2.88,2.67,3.03,0.77,2.11,1.99,,1.415,,,,,,,,,,1.92,68.54,75.91,,,,,-0.4,,,
2018-08-30,0.22,0.76,2.89,2.67,3.02,0.77,2.12,2.0,,0.84,,,,,,,,,,1.92,69.68,76.07,,,,,-0.4,,,
2018-08-31,0.22,0.75,2.86,2.64,3.0,0.76,2.1,1.99,,0.985,,,,,,,,,14221.3,1.92,70.25,77.05,6051.045454545455,2.908260869565217,0.3,,-0.4,,,
2018-09-01,0.24,0.75,2.86,2.62,3.02,0.78,2.08,1.98,,0.39,,,,,,,,,,1.91,69.84,76.94,,,,,-0.4,,,
2018-09-02,,,,,,,,,,,4218914.0,1883924.0,,,,,,,,1.91,,,,,,,-0.4,9404.0721,,
2018-09-03,,,,,,,,,,,,,,,,,,,,1.91,,,,,,,-0.4,,,
2018-09-04,,,,,,,,,,,,,-0.6,-0.6727,,,,,,1.91,,77.81,,,,,-0.4,,,
2018-09-05,0.24,0.77,2.9,2.66,3.07,0.8,2.1,1.99,,0.595,,,,,,,,,,1.92,69.82,77.51,,,,,-0.4,,,
2018-09-06,0.24,0.76,2.9,2.66,3.08,0.81,2.09,1.98,,0.01,,,,,,,,,,1.92,68.69,76.68,,,,,-0.4,,,
2018-09-07,0.24,0.75,2.88,2.64,3.06,0.8,2.08,1.97,,0.815,,,,,,,,,,1.92,67.81,75.67,,,,,-0.4,,,
2018-09-08,0.23,0.8,2.94,2.71,3.11,0.84,2.1,1.98,,0.015,,,,,,3.7,,,,1.92,67.73,75.55,,,,,-0.4,,,
2018-09-09,,,,,,,,,,,4208496.0,1895010.0,,,,,,,,1.92,,,,,,,-0.4,9420.3556,,
2018-09-10,,,,,,,,,,,,,,,,,,,,1.92,,,,,,,-0.4,,,
2018-09-11,0.21,0.8,2.94,2.73,3.09,0.84,2.1,1.98,,0.015,,,-0.602,-0.5992,,,,,,1.92,67.55,76.77,,,,,-0.4,,,
2018-09-12,0.22,0.83,2.98,2.76,3.13,0.86,2.12,2.01,,1.241,,,,,,,,,,1.92,69.29,78.22,,,,,-0.4,,,
2018-09-13,0.23,0.81,2.97,2.74,3.11,0.85,2.12,2.02,,1.315,,,,,,,,,,1.92,70.37,80.02,,,,,-0.4,,,
2018-09-14,0.21,0.82,2.97,2.76,3.11,0.87,2.1,1.98,,1.791,,,,,,,,,,1.92,68.6,77.66,,,,,-0.4,,,
2018-09-15,0.21,0.83,2.99,2.78,3.13,0.89,2.1,2.0,,1.315,,,,,,,,100.1,,1.92,68.98,77.87,,,,,-0.4,,,
2018-09-16,,,,,,,,,,,4210812.0,1920976.0,,,252.182,,,,,1.92,,,,,,,-0.4,9427.0032,,
2018-09-17,,,,,,,,,,,,,,,,,104.1004,,,1.92,,,,,,,-0.4,,,
2018-09-18,0.21,0.83,2.99,2.78,3.13,0.89,2.1,1.99,,0.715,,,-0.603,-0.7131,,,,,,1.92,68.86,78.22,,,,,-0.4,,,
2018-09-19,0.24,0.88,3.05,2.81,3.2,0.92,2.13,2.01,,10.115,,,,,,,,,,1.92,69.87,79.25,,,,,-0.4,,,
2018-09-20,0.27,0.92,3.08,2.81,3.23,0.93,2.15,2.02,,8.915,,,,,,,,,,1.92,71.08,79.43,,,,,-0.4,,,
2018-09-21,0.26,0.9,3.07,2.81,3.21,0.92,2.15,2.02,,17.868,,,,,,,,,,1.92,70.77,79.03,,,,,-0.4,,,
2018-09-22,0.26,0.89,3.07,2.81,3.2,0.92,2.15,2.02,,17.465,,,,,,,,,,1.92,70.8,78.9,,,,,-0.4,,,
2018-09-23,,,,,,,,,,,4208059.0,1879896.0,,,,,,,,1.92,,,,,,,-0.4,9433.3433,,
2018-09-24,,,,,,,,,,,,,,,,,,,,1.92,,,,,,,-0.4,,,
2018-09-25,0.25,0.86,3.08,2.83,3.21,0.92,2.16,2.03,,9.34,,,-0.6,-0.8134,,,,,,1.93,73.23,80.89,,,,,-0.4,,,
2018-09-26,0.27,0.89,3.1,2.83,3.23,0.94,2.16,2.05,,3.44,,,,,,,,,,1.93,73.4,82.21,,,,,-0.4,,,
2018-09-27,0.23,0.86,3.06,2.83,3.19,0.92,2.14,2.04,,5.625,,,,,,,,,,1.93,72.22,81.87,,,,,-0.4,,,
2018-09-28,0.23,0.88,3.06,2.83,3.19,0.91,2.15,2.04,,30.056,,,,,,,,,,2.18,72.18,81.54,,,,,-0.4,,,
2018-09-29,0.24,0.86,3.05,2.81,3.19,0.91,2.14,2.03,,48.43,,,,,,,,,,2.18,73.16,82.72,,,,-15.9,-0.4,,103.4489,76.31689744523825
2018-09-30,,,,,,,,,,,4192909.0,1832500.0,,,,,,,,2.18,,,,,,,-0.4,9439.2013,,
2018-10-01,,,,,,,,,,,,,,,,,,,14243.9,2.18,,,6050.7625,2.8975,0.54,,-0.4,,,
2018-10-02,0.27,0.86,3.09,2.82,3.24,0.95,2.14,2.04,,4.185,,,-0.596,-0.7478,,,,,,2.18,75.37,84.94,,,,,-0.4,,,
2018-10-03,0.23,0.82,3.05,2.82,3.2,0.93,2.12,2.03,,3.295,,,,,,,,,,2.18,75.16,85.63,,,,,-0.4,,,
2018-10-04,0.3,0.92,3.15,2.85,3.3,0.99,2.16,2.07,,2.954,,,,,,,,,,2.18,76.4,85.45,,,,,-0.4,,,
2018-10-05,0.32,0.97,3.19,2.87,3.35,1.03,2.16,2.06,,3.265,,,,,,,,,,2.18,74.44,86.07,,,,,-0.4,,,
2018-10-06,0.35,1.0,3.23,2.88,3.4,1.07,2.16,2.05,,1.565,,,,,,,,,,2.18,74.26,85.12,,,,,-0.4,,,
2018-10-07,,,,,,,,,,,4174704.0,1801576.0,,,,,,,,2.18,,,,,,,-0.4,9467.1505,,
2018-10-08,,,,,,,,,,,,,,,,3.8,,,,2.18,,,,,,,-0.4,,,
2018-10-09,,,,,,,,,,,,,-0.589,-0.7861,,,,,,2.18,74.27,84.22,,,,,-0.4,,,
2018-10-10,0.33,0.96,3.21,2.88,3.37,1.04,2.17,2.05,,2.39,,,,,,,,,,2.18,74.95,85.16,,,,,-0.4,,,
2018-10-11,0.34,0.95,3.22,2.88,3.39,1.06,2.16,2.04,,2.39,,,,,,,,,,2.18,73.18,83.82,,,,,-0.4,,,
2018-10-12,0.29,0.87,3.14,2.85,3.32,1.02,2.12,1.99,,2.016,,,,,,,,,,2.18,70.97,81.35,,,,,-0.4,,,
2018-10-13,0.3,0.87,3.15,2.85,3.32,1.03,2.12,1.99,,0.96,,,,,,,,,,2.18,71.41,80.71,,,,,-0.4,,,
2018-10-14,,,,,,,,,,,4176906.0,1865065.0,,,,,,,,2.18,,,,,,,-0.4,9469.5834,,
2018-10-15,,,,,,,,,,,,,,,,,,98.6,,2.18,,,,,,,-0.4,,,
2018-10-16,0.31,0.85,3.16,2.85,3.34,1.03,2.13,2.0,,0.366,,,-0.58,-0.441,252.772,,,,,2.18,71.84,80.91,,,,,-0.4,,,
2018-10-17,0.29,0.86,3.16,2.87,3.32,1.03,2.13,2.01,,0.466,,,,,,,103.9856,,,2.18,71.93,80.53,,,,,-0.4,,,
2018-10-18,0.3,0.88,3.19,2.89,3.35,1.06,2.13,2.0,,0.174,,,,,,,,,,2.19,69.63,79.91,,,,,-0.4,,,
2018-10-19,0.3,0.85,3.17,2.87,3.36,1.07,2.1,1.99,,10.29,,,,,,,,,,2.19,68.63,80.3,,,,,-0.4,,,
2018-10-20,0.28,0.89,3.2,2.92,3.38,1.09,2.11,1.98,,3.916,,,,,,,,,,2.19,69.16,80.38,,,,,-0.4,,,
2018-10-21,,,,,,,,,,,4175446.0,1853533.0,,,,,,,,2.19,,,,,,,-0.4,9472.0289,,
2018-10-22,,,,,,,,,,,,,,,,,,,,2.19,,,,,,,-0.4,,,
2018-10-23,0.28,0.86,3.2,2.92,3.38,1.09,2.11,1.98,,3.189,,,-0.569,-0.5016,,,,,,2.19,69.25,80.45,,,,,-0.4,,,
2018-10-24,0.28,0.84,3.17,2.89,3.37,1.08,2.09,1.94,,4.466,,,,,,,,,,2.2,66.49,78.67,,,,,-0.4,,,
2018-10-25,0.26,0.76,3.1,2.84,3.33,1.03,2.07,1.93,,6.444,,,,,,,,,,2.2,66.56,77.34,,,,,-0.4,,,
2018-10-26,0.28,0.8,3.14,2.86,3.35,1.09,2.05,1.91,,1.944,,,,,,,,,,2.2,67.25,77.3,,,,,-0.4,,,
2018-10-27,0.27,0.75,3.08,2.81,3.32,1.02,2.06,1.93,,2.004,,,,,,,,,,2.2,67.58,77.4,,,,,-0.4,,,
2018-10-28,,,,,,,,,,,4173070.0,1817608.0,,,,,,,,2.2,,,,,,,-0.4,9485.3902,,
2018-10-29,,,,,,,,,,,,,,,,,,,,2.2,,,,,,,-0.4,,,
2018-10-30,0.27,0.74,3.08,2.81,3.33,1.02,2.06,1.92,,1.748,,,-0.555,-0.2061,,,,,,2.2,67.0,77.56,,,,,-0.4,,,
2018-10-31,0.28,0.79,3.12,2.84,3.36,1.07,2.05,1.91,,0.715,,,,,,,,,14257.6,2.2,66.18,75.68,6219.586956521739,3.207391304347826,0.52,,-0.4,,,
2018-11-01,0.28,0.81,3.15,2.87,3.39,1.1,2.05,1.9,,4.815,,,,,,,,,,2.2,65.31,74.84,,,,,-0.4,,,
2018-11-02,0.3,0.82,3.14,2.84,3.38,1.12,2.02,1.88,,4.64,,,,,,,,,,2.2,63.67,71.25,,,,,-0.4,,,
2018-11-03,0.31,0.89,3.22,2.91,3.46,1.16,2.06,1.91,,1.51,,,,,,,,,,2.19,63.12,71.11,,,,,-0.4,,,
2018-11-04,,,,,,,,,,,4139731.0,1802252.0,,,,,,,,2.19,,,,,,,-0.4,9498.2512,,
2018-11-05,,,,,,,,,,,,,,,,,,,,2.19,,,,,,,-0.4,,,
2018-11-06,0.29,0.84,3.2,2.91,3.43,1.14,2.06,1.91,,1.465,,,-0.54,-0.221,,,,,,2.2,63.12,72.68,,,,,-0.4,,,
2018-11-07,0.29,0.87,3.22,2.93,3.43,1.15,2.07,1.92,,2.54,,,,,,,,,,2.2,62.16,70.64,,,,,-0.4,,,
2018-11-08,0.26,0.85,3.22,2.96,3.43,1.15,2.07,1.93,,1.875,,,,,,3.8,,,,2.2,61.69,70.1,,,,,-0.4,,,
2018-11-09,0.26,0.89,3.24,2.98,3.43,1.17,2.07,1.92,,1.166,,,,,,,,,,2.2,60.71,69.29,,,,,-0.4,,,
2018-11-10,0.25,0.83,3.19,2.94,3.4,1.15,2.04,1.9,,0.401,,,,,,,,,,2.19,60.19,69.01,,,,,-0.4,,,
2018-11-11,,,,,,,,,,,4141936.0,1826131.0,,,,,,,,2.19,,,,,,,-0.4,9492.3855,,
2018-11-12,,,,,,,,,,,,,,,,,,,,2.19,,,,,,,-0.4,,,
2018-11-13,,,,,,,,,,,,,-0.525,-0.4687,,,,,,2.19,59.85,69.81,,,,,-0.4,,,
2018-11-14,0.25,0.76,3.14,2.89,3.36,1.12,2.02,1.88,,1.065,,,,,,,,,,2.2,55.63,65.45,,,,,-0.4,,,
2018-11-15,0.26,0.74,3.12,2.86,3.35,1.12,2.0,1.85,,0.66,,,,,,,,97.5,,2.2,56.16,64.88,,,,,-0.4,,,
2018-11-16,0.25,0.74,3.11,2.86,3.36,1.11,2.0,1.85,,0.494,,,,,252.594,,,,,2.2,56.45,65.61,,,,,-0.4,,,
2018-11-17,0.27,0.72,3.08,2.81,3.33,1.06,2.02,1.88,,18.565,,,,,,,104.0681,,,2.2,56.49,65.29,,,,,-0.4,,,
2018-11-18,,,,,,,,,,,4145892.0,1801383.0,,,,,,,,2.2,,,,,,,-0.4,9508.0397,,
2018-11-19,,,,,,,,,,,,,,,,,,,,2.2,,,,,,,-0.4,,,
2018-11-20,0.27,0.68,3.06,2.79,3.32,1.07,1.99,1.85,,16.295,,,-0.506,-0.0172,,,,,,2.2,57.16,64.14,,,,,-0.4,,,
2018-11-21,0.27,0.67,3.06,2.79,3.31,1.09,1.97,1.82,,15.235,,,,,,,,,,2.2,53.39,61.5,,,,,-0.4,,,
2018-11-22,0.25,0.65,3.06,2.81,3.31,1.09,1.97,1.81,,16.205,,,,,,,,,,2.2,54.41,61.65,,,,,-0.4,,,
2018-11-23,,,,,,,,,,,,,,,,,,,,2.2,,61.11,,,,,-0.4,,,
2018-11-24,0.24,0.64,3.05,2.81,3.31,1.09,1.96,1.77,,13.105,,,,,,,,,,2.2,,57.69,,,,,-0.4,,,
2018-11-25,,,,,,,,,,,4106198.0,1757729.0,,,,,,,,2.2,,,,,,,-0.4,9524.8076,,
2018-11-26,,,,,,,,,,,,,,,,,,,,2.2,,,,,,,-0.4,,,
2018-11-27,0.23,0.66,3.07,2.84,3.32,1.11,1.96,1.78,,0.615,,,-0.485,0.0611,,,,,,2.2,51.46,59.7,,,,,-0.4,,,
2018-11-28,0.23,0.65,3.06,2.83,3.32,1.15,1.91,1.73,,0.44,,,,,,,,,,2.2,51.31,59.58,,,,,-0.4,,,
2018-11-29,0.25,0.66,3.06,2.81,3.34,1.12,1.94,1.74,,1.464,,,,,,,,,,2.2,50.06,57.97,,,,,-0.4,,,
2018-11-30,0.22,0.66,3.03,2.81,3.33,1.05,1.98,1.79,,1.814,,,,,,,,,,2.2,51.46,58.29,,,,,-0.4,,,
2018-12-01,0.21,0.64,3.01,2.8,3.3,1.04,1.97,1.77,,2.49,,,,,,,,,14288.4,2.2,50.78,57.71,6195.920454545455,4.108181818181818,0.52,,-0.4,,,
2018-12-02,,,,,,,,,,,4097170.0,1738659.0,,,,,,,,2.2,,,,,,,-0.4,9521.1615,,
2018-12-03,,,,,,,,,,,,,,,,,,,,2.2,,,,,,,-0.4,,,
2018-12-04,0.15,0.6,2.98,2.83,3.27,1.02,1.96,1.76,,2.21,,,-0.466,-0.1403,,,,,,2.19,52.98,60.17,,,,,-0.4,,,
2018-12-05,0.11,0.49,2.91,2.8,3.16,0.97,1.94,1.74,,,,,,,,,,,,2.2,53.21,61.22,,,,,-0.4,,,
2018-12-06,,,,,,,,,,,,,,,,,,,,2.2,52.64,61.4,,,,,-0.4,,,
2018-12-07,0.12,0.46,2.87,2.75,3.14,0.97,1.9,1.69,,3.36,,,,,,,,,,2.2,51.54,57.83,,,,,-0.4,,,
2018-12-08,0.13,0.45,2.85,2.72,3.14,0.96,1.89,1.68,,5.635,,,,,,3.9,,,,2.19,52.76,61.71,,,,,-0.4,,,
2018-12-09,,,,,,,,,,,4086044.0,1738141.0,,,,,,,,2.19,,,,,,,-0.4,9546.686,,
2018-12-10,,,,,,,,,,,,,,,,,,,,2.19,,,,,,,-0.4,,,
2018-12-11,0.13,0.44,2.85,2.72,3.13,0.99,1.86,1.65,,1.424,,,-0.447,0.2151,,,,,,2.2,51.07,60.29,,,,,-0.4,,,
2018-12-12,0.11,0.48,2.89,2.78,3.13,1.06,1.83,1.62,,0.352,,,,,,,,,,2.19,51.65,59.73,,,,,-0.4,,,
2018-12-13,0.14,0.48,2.91,2.77,3.15,1.08,1.83,1.62,,0.461,,,,,,,,,,2.19,51.04,59.94,,,,,-0.4,,,
2018-12-14,0.16,0.48,2.91,2.75,3.16,1.08,1.83,1.62,,0.415,,,,,,,,,,2.19,52.69,59.03,,,,,-0.4,,,
2018-12-15,0.16,0.47,2.89,2.73,3.14,1.07,1.82,1.6,,0.315,,,,,,,,98.3,,2.19,51.26,58.56,,,,,-0.4,,,
2018-12-16,,,,,,,,,,,4088314.0,1735539.0,,,252.767,,,,,2.19,,,,,,,-0.4,9560.0403,,
2018-12-17,,,,,,,,,,,,,,,,,104.0936,,,2.19,,,,,,,-0.4,,,
2018-12-18,0.16,0.46,2.86,2.7,3.11,1.05,1.81,1.58,,0.415,,,-0.435,0.2713,,,,,,2.2,49.8,57.59,,,,,-0.4,,,
2018-12-19,0.17,0.43,2.82,2.65,3.07,1.01,1.81,1.58,,6.216,,,,,,,,,,2.2,46.12,55.26,,,,,-0.4,,,
2018-12-20,0.14,0.37,2.77,2.63,3.0,0.97,1.8,1.56,,5.982,,,,,,,,,,2.2,47.96,55.6,,,,,-0.4,,,
2018-12-21,0.12,0.4,2.79,2.67,3.02,1.03,1.76,1.53,,9.521,,,,,,,,,,2.4,45.64,52.84,,,,,-0.4,,,
2018-12-22,0.16,0.4,2.79,2.63,3.03,1.02,1.77,1.55,,8.805,,,,,,,,,,2.4,45.38,51.93,,,,,-0.4,,,
2018-12-23,,,,,,,,,,,4084274.0,1699138.0,,,,,,,,2.4,,,,,,,-0.4,9564.4417,,
2018-12-24,,,,,,,,,,,,,,,,,,,,2.4,,,,,,,-0.4,,,
2018-12-25,0.19,0.29,2.74,2.55,3.0,0.99,1.75,1.52,,7.96,,,-0.429,0.5519,,,,,,2.4,,,,,,,-0.4,,,
2018-12-26,,,,,,,,,,,,,,,,,,,,2.4,,,,,,,-0.4,,,
2018-12-27,0.2,0.37,2.81,2.61,3.06,1.04,1.77,1.57,,1.005,,,,,,,,,,2.4,46.04,,,,,,-0.4,,,
2018-12-28,0.21,0.36,2.77,2.56,3.05,1.03,1.74,1.53,,3.1,,,,,,,,,,2.4,44.48,51.49,,,,,-0.4,,,
2018-12-29,0.2,0.32,2.72,2.52,3.04,0.99,1.73,1.52,,3.21,,,,,,,,,,2.4,45.15,50.57,,,,,-0.4,,,
2018-12-30,,,,,,,,,,,4075636.0,1661223.0,,,,,,,,2.4,,,,,,-15.9,-0.4,9599.4537,105.04941,76.95711645593826
2018-12-31,,,,,,,,,,,,,,,,,,,14392.0,2.4,,,6075.315789473684,3.904285714285714,0.66,,-0.4,,,
2019-01-01,0.21,0.24,2.69,2.48,3.02,0.98,1.71,1.51,,41.848,,,-0.433,0.6779,,,,,,2.4,,,,,,,-0.4,,,
2019-01-02,,,,,,,,,,,,,,,,,,,,2.4,,,,,,,-0.4,,,
2019-01-03,0.16,0.24,2.66,2.5,2.97,0.96,1.7,1.49,,19.481,,,,,,,,,,2.4,46.31,54.06,,,,,-0.4,,,
2019-01-04,0.17,0.15,2.56,2.39,2.92,0.88,1.68,1.49,,7.198,,,,,,,,,,2.4,46.92,53.23,,,,,-0.4,,,
2019-01-05,0.17,0.25,2.67,2.5,2.98,0.91,1.76,1.58,,2.86,,,,,,,,,,2.4,47.76,55.64,,,,,-0.4,,,
2019-01-06,,,,,,,,,,,4058378.0,1621856.0,,,,,,,,2.4,,,,,,,-0.4,9623.3082,,
2019-01-07,,,,,,,,,,,,,,,,,,,,2.4,,,,,,,-0.4,,,
2019-01-08,0.17,0.25,2.7,2.53,2.99,0.92,1.78,1.61,,2.786,,,-0.446,0.3228,,4.0,,,,2.4,48.27,57.1,,,,,-0.4,,,
2019-01-09,0.15,0.27,2.73,2.58,3.0,0.91,1.82,1.66,,2.811,,,,,,,,,,2.4,49.58,56.91,,,,,-0.4,,,
2019-01-10,0.18,0.29,2.74,2.56,3.03,0.91,1.83,1.68,,2.537,,,,,,,,,,2.4,52.19,59.46,,,,,-0.4,,,
2019-01-11,0.18,0.31,2.74,2.56,3.06,0.93,1.81,1.65,,2.216,,,,,,,,,,2.4,52.42,60.47,,,,,-0.4,,,
2019-01-12,0.16,0.28,2.71,2.55,3.04,0.88,1.83,1.66,,2.016,,,,,,,,,,2.4,51.44,59.24,,,,,-0.4,,,
2019-01-13,,,,,,,,,,,4056563.0,1650387.0,,,,,,,,2.4,,,,,,,-0.4,9632.4449,,
2019-01-14,,,,,,,,,,,,,,,,,,,,2.4,,,,,,,-0.4,,,
2019-01-15,0.18,0.26,2.71,2.53,3.06,0.9,1.81,1.64,,1.205,,,-0.466,-0.1745,,,,91.2,,2.4,50.31,58.8,,,,,-0.4,,,
2019-01-16,0.19,0.27,2.72,2.53,3.08,0.91,1.81,1.63,,2.016,,,,,252.561,,,,,2.4,51.8,58.65,,,,,-0.4,,,
2019-01-17,0.18,0.3,2.73,2.55,3.07,0.91,1.82,1.64,,1.316,,,,,,,103.4021,,,2.4,52.08,59.81,,,,,-0.4,,,
2019-01-18,0.19,0.33,2.75,2.56,3.07,0.96,1.79,1.64,,2.065,,,,,,,,,,2.4,51.83,59.85,,,,,-0.4,,,
2019-01-19,0.17,0.38,2.79,2.62,3.09,0.96,1.83,1.67,,13.165,,,,,,,,,,2.4,53.6,62.04,,,,,-0.4,,,
2019-01-20,,,,,,,,,,,4050044.0,1664138.0,,,,,,,,2.4,,,,,,,-0.4,9636.3569,,
2019-01-21,,,,,,,,,,,,,,,,,,,,2.4,,,,,,,-0.4,,,
2019-01-22,,,,,,,,,,,,,-0.489,-0.1425,,,,,,2.4,,62.18,,,,,-0.4,,,
2019-01-23,0.16,0.31,2.74,2.58,3.06,0.95,1.79,1.63,,10.465,,,,,,,,,,2.4,52.59,60.9,,,,,-0.4,,,
2019-01-24,0.18,0.35,2.76,2.58,3.07,0.96,1.8,1.64,,11.415,,,,,,,,,,2.4,52.44,61.05,,,,,-0.4,,,
2019-01-25,0.16,0.35,2.72,2.56,3.04,0.95,1.77,1.62,,15.06,,,,,,,,,,2.4,52.94,61.09,,,,,-0.4,,,
2019-01-26,0.16,0.37,2.76,2.6,3.06,0.97,1.79,1.64,,1.515,,,,,,,,,,2.4,53.53,61.49,,,,,-0.4,,,
2019-01-27,,,,,,,,,,,4047052.0,1621876.0,,,,,,,,2.4,,,,,,,-0.4,9652.8118,,
2019-01-28,,,,,,,,,,,,,,,,,,,,2.4,,,,,,,-0.4,,,
2019-01-29,0.15,0.33,2.75,2.6,3.06,0.97,1.78,1.62,,1.265,,,-0.513,-0.1177,,,,,,2.4,51.79,59.71,,,,,-0.4,,,
2019-01-30,0.16,0.3,2.72,2.56,3.04,0.94,1.78,1.62,,1.84,,,,,,,,,,2.4,53.07,60.98,,,,,-0.4,,,
2019-01-31,0.18,0.28,2.7,2.52,3.06,0.86,1.84,1.68,,0.99,,,,,,,,,14460.2,2.4,54.18,61.89,5939.102272727273,3.108695652173913,1.96,,-0.4,,,
2019-02-01,0.18,0.22,2.63,2.45,2.99,0.78,1.85,1.7,,1.051,,,,,,,,,,2.4,53.84,62.46,,,,,-0.4,,,
2019-02-02,0.18,0.3,2.7,2.52,3.03,0.82,1.88,1.72,,0.665,,,,,,,,,,2.4,55.29,61.86,,,,,-0.4,,,
2019-02-03,,,,,,,,,,,4039678.0,1617539.0,,,,,,,,2.4,,,,,,,-0.4,9646.7717,,
2019-02-04,,,,,,,,,,,,,,,,,,,,2.4,,,,,,,-0.4,,,
2019-02-05,0.2,0.31,2.73,2.53,3.06,0.86,1.87,1.72,,4.515,,,-0.536,-0.137,,,,,,2.4,54.57,62.26,,,,,-0.4,,,
2019-02-06,0.18,0.29,2.71,2.53,3.03,0.84,1.87,1.72,,1.686,,,,,,,,,,2.4,53.69,61.67,,,,,-0.4,,,
2019-02-07,0.18,0.28,2.7,2.52,3.03,0.84,1.86,1.71,,1.926,,,,,,,,,,2.4,53.94,62.22,,,,,-0.4,,,
2019-02-08,0.17,0.23,2.65,2.48,3.0,0.81,1.84,1.69,,2.32,,,,,,3.8,,,,2.4,52.68,61.01,,,,,-0.4,,,
2019-02-09,0.18,0.2,2.63,2.45,2.97,0.81,1.82,1.69,,2.016,,,,,,,,,,2.4,52.75,61.37,,,,,-0.4,,,
2019-02-10,,,,,,,,,,,4026350.0,1648553.0,,,,,,,,2.4,,,,,,,-0.4,9663.033,,
2019-02-11,,,,,,,,,,,,,,,,,,,,2.4,,,,,,,-0.4,,,
2019-02-12,0.17,0.2,2.65,2.48,3.0,0.83,1.82,1.69,,2.006,,,-0.556,-0.2831,,,,,,2.4,52.43,61.3,,,,,-0.4,,,
2019-02-13,0.18,0.25,2.68,2.5,3.02,0.85,1.83,1.71,,1.658,,,,,,,,,,2.4,53.14,62.58,,,,,-0.4,,,
2019-02-14,0.18,0.27,2.71,2.53,3.04,0.85,1.86,1.76,,1.697,,,,,,,,,,2.4,53.84,63.27,,,,,-0.4,,,
2019-02-15,0.16,0.23,2.66,2.5,3.01,0.81,1.85,1.74,,1.341,,,,,,,,93.8,,2.4,54.4,64.0,,,,,-0.4,,,
2019-02-16,0.14,0.23,2.66,2.52,3.0,0.8,1.86,1.75,,5.271,,,,,253.319,,,,,2.4,55.58,65.65,,,,,-0.4,,,
2019-02-17,,,,,,,,,,,4028431.0,1649973.0,,,,,102.8371,,,2.4,,,,,,,-0.4,9677.8117,,
2019-02-18,,,,,,,,,,,,,,,,,,,,2.4,,,,,,,-0.4,,,
2019-02-19,,,,,,,,,,,,,-0.573,-0.3507,,,,,,2.4,,66.41,,,,,-0.4,,,
2019-02-20,0.15,0.2,2.65,2.5,2.99,0.78,1.87,1.76,,1.967,,,,,,,,,,2.4,56.12,65.86,,,,,-0.4,,,
2019-02-21,0.15,0.2,2.65,2.5,3.0,0.76,1.89,1.79,,2.275,,,,,,,,,,2.4,56.9,66.82,,,,,-0.4,,,
2019-02-22,0.16,0.24,2.69,2.53,3.05,0.78,1.91,1.8,,1.725,,,,,,,,,,2.4,56.95,66.91,,,,,-0.4,,,
2019-02-23,0.17,0.19,2.65,2.48,3.02,0.74,1.91,1.82,,6.665,,,,,,,,,,2.4,57.01,66.91,,,,,-0.4,,,
2019-02-24,,,,,,,,,,,3981420.0,1632580.0,,,,,,,,2.4,,,,,,,-0.4,9685.9738,,
2019-02-25,,,,,,,,,,,,,,,,,,,,2.4,,,,,,,-0.4,,,
2019-02-26,0.16,0.2,2.67,2.51,3.03,0.75,1.92,1.82,,1.375,,,-0.586,-0.5166,,,,,,2.4,55.32,64.02,,,,,-0.4,,,
2019-02-27,0.16,0.19,2.64,2.48,3.01,0.72,1.92,1.82,,1.815,,,,,,,,,,2.4,55.4,64.51,,,,,-0.4,,,
2019-02-28,0.19,0.24,2.69,2.5,3.07,0.76,1.93,1.84,,1.915,,,,,,,,,,2.4,56.92,65.55,,,,,-0.4,,,
2019-03-01,0.21,0.28,2.73,2.52,3.09,0.78,1.95,1.84,,3.415,,,,,,,,,,2.4,57.21,65.03,,,,,-0.4,,,
2019-03-02,0.21,0.32,2.76,2.55,3.13,0.8,1.96,1.85,,2.015,,,,,,,,,,2.4,55.76,63.71,,,,,-0.4,,,
2019-03-03,,,,,,,,,,,3974590.0,1640750.0,,,,,,,14506.6,2.4,,,6300.4875,2.6795,2.06,,-0.4,9685.2203,,
2019-03-04,,,,,,,,,,,,,,,,,,,,2.4,,,,,,,-0.4,,,
2019-03-05,0.17,0.26,2.72,2.55,3.09,0.78,1.94,1.84,,2.917,,,-0.594,-0.5787,,,,,,2.4,56.6,64.44,,,,,-0.4,,,
2019-03-06,0.17,0.26,2.72,2.55,3.08,0.79,1.93,1.83,,3.119,,,,,,,,,,2.4,56.55,64.24,,,,,-0.4,,,
2019-03-07,0.17,0.22,2.69,2.52,3.06,0.78,1.91,1.81,,2.115,,,,,,,,,,2.4,56.22,64.51,,,,,-0.4,,,
2019-03-08,0.17,0.19,2.64,2.47,3.03,0.74,1.9,1.8,,0.717,,,,,,3.8,,,,2.4,56.6,64.82,,,,,-0.4,,,
2019-03-09,0.17,0.16,2.62,2.45,3.0,0.72,1.9,1.8,,0.015,,,,,,,,,,2.4,55.77,65.66,,,,,-0.4,,,
2019-03-10,,,,,,,,,,,3969134.0,1721614.0,,,,,,,,2.4,,,,,,,-0.4,9688.6571,,
2019-03-11,,,,,,,,,,,,,,,,,,,,2.4,,,,,,,-0.4,,,
2019-03-12,0.17,0.18,2.64,2.47,3.03,0.73,1.91,1.82,,0.019,,,-0.599,-0.4596,,,,,,2.4,56.79,65.06,,,,,-0.4,,,
2019-03-13,0.16,0.15,2.61,2.45,3.0,0.71,1.9,1.81,,0.027,,,,,,,,,,2.4,56.89,65.33,,,,,-0.4,,,
2019-03-14,0.16,0.16,2.61,2.45,3.02,0.69,1.92,1.84,,0.016,,,,,,,,,,2.4,58.27,65.89,,,,,-0.4,,,
2019-03-15,0.17,0.18,2.63,2.46,3.04,0.69,1.94,1.85,,0.019,,,,,,,,98.4,,2.4,58.59,66.18,,,,,-0.4,,,
2019-03-16,0.16,0.14,2.59,2.43,3.02,0.65,1.94,1.86,,0.015,,,,,254.277,,,,,2.4,58.51,66.11,,,,,-0.4,,,
2019-03-17,,,,,,,,,,,3971559.0,1703948.0,,,,,102.8757,,,2.4,,,,,,,-0.4,9687.0852,,
2019-03-18,,,,,,,,,,,,,,,,,,,,2.4,,,,,,,-0.4,,,
2019-03-19,0.15,0.16,2.6,2.45,3.01,0.64,1.96,1.88,,3.169,,,-0.603,-0.5628,,,,,,2.4,59.09,66.65,,,,,-0.4,,,
2019-03-20,0.15,0.15,2.61,2.46,3.02,0.66,1.95,1.85,,2.515,,,,,,,,,,2.4,59.12,67.13,,,,,-0.4,,,
2019-03-21,0.14,0.06,2.54,2.4,2.98,0.58,1.96,1.88,,0.617,,,,,,,,,,2.41,60.12,68.35,,,,,-0.4,,,
2019-03-22,0.13,0.05,2.54,2.41,2.96,0.58,1.96,1.86,,0.411,,,,,,,,,,2.41,59.98,68.3,,,,,-0.4,,,
2019-03-23,0.13,-0.02,2.44,2.31,2.88,0.54,1.9,1.8,,5.016,,,,,,,,,,2.41,58.87,66.29,,,,,-0.4,,,
2019-03-24,,,,,,,,,,,3962748.0,1629731.0,,,,,,,,2.41,,,,,,,-0.4,9721.9909,,
2019-03-25,,,,,,,,,,,,,,,,,,,,2.41,,,,,,,-0.4,,,
2019-03-26,0.17,-0.03,2.43,2.26,2.87,0.55,1.88,1.77,,0.129,,,-0.607,-0.5734,,,,,,2.4,58.71,67.37,,,,,-0.4,,,
2019-03-27,0.17,-0.05,2.41,2.24,2.86,0.55,1.86,1.75,,0.566,,,,,,,,,,2.4,59.87,67.51,,,,,-0.4,,,
2019-03-28,0.17,-0.05,2.39,2.22,2.83,0.55,1.84,1.74,,0.166,,,,,,,,,,2.41,59.39,67.35,,,,,-0.4,,,
2019-03-29,0.16,-0.04,2.39,2.23,2.81,0.56,1.83,1.72,,0.515,,,,,,,,,,2.41,59.29,66.08,,,,,-0.4,,,
2019-03-30,0.14,0.01,2.41,2.27,2.81,0.53,1.88,1.78,,0.731,,,,,,,,,,2.43,60.19,67.93,,,,,-0.4,,,
2019-03-31,,,,,,,,,,,3955617.0,1622282.0,,,,,,,14559.5,2.43,,,6439.464285714286,2.803333333333333,1.6,,-0.4,9708.4593,,
2019-04-01,,,,,,,,,,,,,,,,,,,,2.43,,,,,,2.8,-0.4,,104.34017,73.94043400700326
2019-04-02,0.16,0.06,2.49,2.33,2.89,0.59,1.9,1.82,,0.011,,,-0.61,-0.3079,,,,,,2.41,61.59,69.08,,,,,-0.4,,,
2019-04-03,0.18,0.06,2.48,2.3,2.88,0.58,1.9,1.81,,0.019,,,,,,,,,,2.41,62.53,69.68,,,,,-0.4,,,
2019-04-04,0.19,0.08,2.52,2.33,2.93,0.61,1.91,1.81,,0.016,,,,,,,,,,2.41,62.46,69.21,,,,,-0.4,,,
2019-04-05,0.18,0.07,2.51,2.33,2.92,0.61,1.9,1.81,,0.615,,,,,,,,,,2.41,62.12,69.8,,,,,-0.4,,,
2019-04-06,0.15,0.06,2.5,2.35,2.91,0.6,1.9,1.79,,0.015,,,,,,,,,,2.41,63.1,69.93,,,,,-0.4,,,
2019-04-07,,,,,,,,,,,3935509.0,1600398.0,,,,,,,,2.41,,,,,,,-0.4,9711.1118,,
2019-04-08,,,,,,,,,,,,,,,,3.7,,,,2.41,,,,,,,-0.4,,,
2019-04-09,0.16,0.09,2.52,2.36,2.93,0.61,1.91,1.81,,0.284,,,-0.614,-0.6701,,,,,,2.41,64.37,71.12,,,,,-0.4,,,
2019-04-10,0.16,0.09,2.51,2.35,2.92,0.6,1.91,1.8,,0.41,,,,,,,,,,2.41,64.05,71.02,,,,,-0.4,,,
2019-04-11,0.17,0.05,2.48,2.31,2.9,0.54,1.94,1.83,,2.731,,,,,,,,,,2.41,64.62,71.63,,,,,-0.4,,,
2019-04-12,0.16,0.08,2.51,2.35,2.94,0.57,1.94,1.82,,0.122,,,,,,,,,,2.41,63.61,71.3,,,,,-0.4,,,
2019-04-13,0.16,0.12,2.56,2.4,2.97,0.61,1.95,1.86,,0.016,,,,,,,,,,2.41,63.86,71.57,,,,,-0.4,,,
2019-04-14,,,,,,,,,,,3936784.0,1634591.0,,,,,,,,2.41,,,,,,,-0.4,9697.3187,,
2019-04-15,,,,,,,,,,,,,,,,,,97.2,,2.41,,,,,,,-0.4,,,
2019-04-16,0.15,0.12,2.55,2.4,2.96,0.61,1.94,1.85,,0.018,,,-0.617,-0.6503,255.233,,,,,2.41,63.43,70.9,,,,,-0.4,,,
2019-04-17,0.19,0.17,2.6,2.41,2.99,0.64,1.96,1.86,,0.7,,,,,,,102.274,,,2.41,64.01,70.74,,,,,-0.4,,,
2019-04-18,0.19,0.15,2.59,2.4,2.99,0.65,1.94,1.84,,0.015,,,,,,,,,,2.42,63.74,71.14,,,,,-0.4,,,
2019-04-19,0.19,0.15,2.57,2.38,2.96,0.62,1.95,1.86,,,,,,,,,,,,2.43,64.02,70.71,,,,,-0.4,,,
2019-04-20,,,,,,,,,,,,,,,,,,,,2.44,,,,,,,-0.4,,,
2019-04-21,,,,,,,,,,,3931827.0,1604479.0,,,,,,,,2.44,,,,,,,-0.4,9715.4264,,
2019-04-22,,,,,,,,,,,,,,,,,,,,2.44,,,,,,,-0.4,,,
2019-04-23,0.21,0.15,2.59,2.38,2.99,0.64,1.95,1.87,,1.117,,,-0.619,-0.7699,,,,,,2.44,65.66,70.71,,,,,-0.4,,,
2019-04-24,0.21,0.12,2.57,2.36,2.98,0.62,1.95,1.87,,5.69,,,,,,,,,,2.44,66.24,74.39,,,,,-0.4,,,
2019-04-25,0.21,0.09,2.53,2.32,2.94,0.57,1.96,1.87,,9.515,,,,,,,,,,2.44,65.96,73.59,,,,,-0.4,,,
2019-04-26,0.21,0.11,2.54,2.33,2.94,0.56,1.98,1.86,,0.61,,,,,,,,,,2.44,65.23,74.94,,,,,-0.4,,,
2019-04-27,0.23,0.09,2.51,2.28,2.92,0.54,1.97,1.86,,0.915,,,,,,,,,,2.44,63.29,71.03,,,,,-0.4,,,
2019-04-28,,,,,,,,,,,3928273.0,1505430.0,,,,,,,,2.44,,,,,,,-0.4,9725.1435,,
2019-04-29,,,,,,,,,,,,,,,,,,,,2.44,,,,,,,-0.4,,,
2019-04-30,0.24,0.1,2.54,2.3,2.96,0.58,1.96,1.86,,0.615,,,-0.618,-0.6274,,,,,,2.45,63.39,71.22,,,,,-0.4,,,
2019-05-01,0.24,0.08,2.51,2.27,2.93,0.56,1.95,1.85,,0.015,,,,,,,,,14594.0,2.45,63.83,72.19,6438.3625,2.597272727272727,1.68,,-0.4,,,
2019-05-02,0.21,0.09,2.52,2.31,2.92,0.59,1.93,1.83,,0.027,,,,,,,,,,2.45,63.55,72.01,,,,,-0.4,,,
2019-05-03,0.2,0.08,2.55,2.35,2.94,0.66,1.89,1.78,,0.023,,,,,,,,,,2.41,61.75,70.56,,,,,-0.4,,,
2019-05-04,0.21,0.11,2.54,2.33,2.93,0.63,1.91,1.8,,0.01,,,,,,,,,,2.4,61.98,71.95,,,,,-0.4,,,
2019-05-05,,,,,,,,,,,3889691.0,1461419.0,,,,,,,,2.4,,,,,,,-0.4,9744.8736,,
2019-05-06,,,,,,,,,,,,,,,,,,,,2.4,,,,,,,-0.4,,,
2019-05-07,0.2,0.07,2.51,2.31,2.91,0.6,1.91,1.81,,0.067,,,-0.615,-0.6674,,,,,,2.4,62.3,71.95,,,,,-0.4,,,
2019-05-08,0.17,0.02,2.45,2.28,2.86,0.58,1.87,1.76,,0.961,,,,,,3.6,,,,2.4,61.41,70.98,,,,,-0.4,,,
2019-05-09,0.19,0.06,2.49,2.3,2.89,0.62,1.87,1.75,,0.021,,,,,,,,,,2.39,62.13,71.09,,,,,-0.4,,,
2019-05-10,0.19,0.02,2.45,2.26,2.87,0.6,1.85,1.73,,0.516,,,,,,,,,,2.38,61.58,70.61,,,,,-0.4,,,
2019-05-11,0.21,0.04,2.47,2.26,2.89,0.59,1.88,1.75,,0.271,,,,,,,,,,2.38,61.65,71.63,,,,,-0.4,,,
2019-05-12,,,,,,,,,,,3892216.0,1484975.0,,,,,,,,2.38,,,,,,,-0.4,9747.9628,,
2019-05-13,,,,,,,,,,,,,,,,,,,,2.38,,,,,,,-0.4,,,
2019-05-14,0.22,-0.01,2.4,2.18,2.83,0.55,1.85,1.73,,0.111,,,-0.608,-0.3728,,,,,,2.38,60.97,72.35,,,,,-0.4,,,
2019-05-15,0.22,0.01,2.42,2.2,2.86,0.56,1.86,1.75,,1.37,,,,,,,,100.0,,2.38,61.82,72.53,,,,,-0.4,,,
2019-05-16,0.21,-0.05,2.37,2.16,2.82,0.54,1.83,1.74,,0.46,,,,,255.296,,,,,2.4,62.03,73.09,,,,,-0.4,,,
2019-05-17,0.2,0.0,2.4,2.2,2.84,0.56,1.84,1.75,,1.75,,,,,,,102.392,,,2.39,62.93,74.7,,,,,-0.4,,,
2019-05-18,0.19,0.0,2.39,2.2,2.82,0.58,1.81,1.71,,9.7,,,,,,,,,,2.39,62.77,73.94,,,,,-0.4,,,
2019-05-19,,,,,,,,,,,3864749.0,1509867.0,,,,,,,,2.39,,,,,,,-0.4,9767.5602,,
2019-05-20,,,,,,,,,,,,,,,,,,,,2.39,,,,,,,-0.4,,,
2019-05-21,0.2,0.02,2.41,2.21,2.83,0.6,1.81,1.71,,8.105,,,-0.599,-0.3474,,,,,,2.39,63.12,73.21,,,,,-0.4,,,
2019-05-22,0.17,0.04,2.43,2.26,2.84,0.6,1.83,1.72,,3.705,,,,,,,,,,2.39,63.02,72.94,,,,,-0.4,,,
2019-05-23,0.16,0.01,2.39,2.23,2.82,0.6,1.79,1.68,,3.751,,,,,,,,,,2.38,61.42,71.94,,,,,-0.4,,,
2019-05-24,0.19,-0.06,2.31,2.12,2.75,0.58,1.73,1.62,,4.93,,,,,,,,,,2.38,57.65,68.37,,,,,-0.4,,,
2019-05-25,0.16,-0.03,2.32,2.16,2.75,0.56,1.76,1.62,,5.956,,,,,,,,,,2.38,58.4,67.98,,,,,-0.4,,,
2019-05-26,,,,,,,,,,,3860435.0,1518157.0,,,,,,,,2.38,,,,,,,-0.4,9779.8826,,
2019-05-27,,,,,,,,,,,,,,,,,,,,2.38,,,,,,,-0.4,,,
2019-05-28,,,,,,,,,,,,,-0.591,-0.4696,,,,,,2.38,,,,,,,-0.4,,,
2019-05-29,0.14,-0.11,2.26,2.12,2.7,0.53,1.73,1.58,,1.52,,,,,,,,,,2.39,58.91,70.19,,,,,-0.4,,,
2019-05-30,0.16,-0.12,2.25,2.09,2.69,0.5,1.75,1.59,,2.226,,,,,,,,,,2.39,58.84,70.64,,,,,-0.4,,,
2019-05-31,0.16,-0.16,2.22,2.06,2.65,0.48,1.74,1.59,,1.026,,,,,,,,,14703.2,2.39,56.47,69.55,6017.904761904762,2.591739130434783,1.36,,-0.4,,,
2019-06-01,0.19,-0.21,2.14,1.95,2.58,0.4,1.74,1.58,,0.855,,,,,,,,,,2.4,53.49,66.78,,,,,-0.4,,,
2019-06-02,,,,,,,,,,,3851444.0,1544711.0,,,,,,,,2.4,,,,,,,-0.4,9772.413,,
2019-06-03,,,,,,,,,,,,,,,,,,,,2.4,,,,,,,-0.4,,,
2019-06-04,0.25,-0.28,2.07,1.82,2.53,0.34,1.73,1.56,,1.255,,,-0.583,-0.1727,,,,,,2.38,53.25,63.16,,,,,-0.4,,,
2019-06-05,0.24,-0.23,2.12,1.88,2.6,0.38,1.74,1.59,,1.891,,,,,,,,,,2.38,53.5,63.56,,,,,-0.4,,,
2019-06-06,0.29,-0.23,2.12,1.83,2.63,0.37,1.75,1.59,,2.255,,,,,,,,,,2.38,51.57,62.14,,,,,-0.4,,,
2019-06-07,0.24,-0.21,2.12,1.88,2.62,0.39,1.73,1.58,,2.21,,,,,,,,,,2.37,52.59,62.77,,,,,-0.4,,,
2019-06-08,0.24,-0.19,2.09,1.85,2.57,0.35,1.74,1.61,,1.91,,,,,,3.6,,,,2.37,53.95,64.1,,,,,-0.4,,,
2019-06-09,,,,,,,,,,,3847645.0,1537089.0,,,,,,,,2.37,,,,,,,-0.4,9778.8551,,
2019-06-10,,,,,,,,,,,,,,,,,,,,2.37,,,,,,,-0.4,,,
2019-06-11,0.25,-0.14,2.15,1.9,2.62,0.42,1.73,1.6,,2.105,,,-0.578,-0.196,,,,,,2.37,53.33,64.31,,,,,-0.4,,,
2019-06-12,0.22,-0.12,2.15,1.93,2.62,0.43,1.72,1.57,,1.007,,,,,,,,,,2.37,53.3,63.56,,,,,-0.4,,,
2019-06-13,0.25,-0.11,2.13,1.88,2.62,0.42,1.71,1.53,,1.705,,,,,,,,,,2.37,51.13,61.66,,,,,-0.4,,,
2019-06-14,0.27,-0.09,2.1,1.83,2.61,0.42,1.68,1.51,,1.655,,,,,,,,,,2.37,52.38,63.28,,,,,-0.4,,,
2019-06-15,0.25,-0.11,2.09,1.84,2.59,0.46,1.63,1.48,,1.657,,,,,,,,98.2,,2.36,52.47,63.13,,,,,-0.4,,,
2019-06-16,,,,,,,,,,,3849955.0,1586963.0,,,255.213,,,,,2.36,,,,,,,-0.4,9796.1091,,
2019-06-17,,,,,,,,,,,,,,,,,102.4375,,,2.36,,,,,,,-0.4,,,
2019-06-18,0.23,-0.14,2.09,1.86,2.58,0.48,1.61,1.45,,2.269,,,-0.576,-0.4248,,,,,,2.38,51.94,62.56,,,,,-0.4,,,
2019-06-19,0.2,-0.16,2.06,1.86,2.55,0.42,1.64,1.49,,18.006,,,,,,,,,,2.37,53.86,63.35,,,,,-0.4,,,
2019-06-20,0.29,-0.15,2.03,1.74,2.54,0.36,1.67,1.53,,22.357,,,,,,,,,,2.37,53.74,62.85,,,,,-0.4,,,
2019-06-21,0.29,-0.13,2.01,1.72,2.53,0.27,1.74,1.58,,27.43,,,,,,,,,,2.37,56.88,65.44,,,,,-0.4,,,
2019-06-22,0.3,-0.04,2.07,1.77,2.59,0.34,1.73,1.6,,21.355,,,,,,,,,,2.38,57.35,65.99,,,,,-0.4,,,
2019-06-23,,,,,,,,,,,3844016.0,1567955.0,,,,,,,,2.38,,,,,,,-0.4,9803.9296,,
2019-06-24,,,,,,,,,,,,,,,,,,,,2.38,,,,,,,-0.4,,,
2019-06-25,0.3,-0.11,2.02,1.72,2.55,0.31,1.71,1.57,,11.156,,,-0.576,-0.3326,,,,,,2.38,57.73,65.16,,,,,-0.4,,,
2019-06-26,0.29,-0.12,2.0,1.71,2.53,0.33,1.67,1.52,,6.4,,,,,,,,,,2.38,57.63,66.24,,,,,-0.4,,,
2019-06-27,0.28,-0.1,2.05,1.77,2.57,0.35,1.7,1.56,,7.784,,,,,,,,,,2.38,59.17,66.85,,,,,-0.4,,,
2019-06-28,0.27,-0.13,2.01,1.74,2.52,0.33,1.68,1.53,,16.794,,,,,,,,,,2.38,59.18,66.78,,,,,-0.4,,,
2019-06-29,0.25,-0.12,2.0,1.75,2.52,0.31,1.69,1.53,,44.307,,,,,,,,,,2.4,58.2,67.52,,,,,-0.4,,,
2019-06-30,,,,,,,,,,,3826817.0,1504737.0,,,,,,,,2.4,,,,,,-4.2,-0.4,9827.8841,102.92245,74.88776101179319
2019-07-01,,,,,,,,,,,,,,,,,,,14798.8,2.4,,,5882.225,2.33,1.22,,-0.4,,,
2019-07-02,0.25,-0.18,2.03,1.78,2.55,0.34,1.69,1.53,,15.837,,,-0.578,-0.3291,,,,,,2.39,58.91,65.1,,,,,-0.4,,,
2019-07-03,0.21,-0.22,1.98,1.77,2.51,0.33,1.65,1.5,,8.16,,,,,,,,,,2.4,56.0,62.72,,,,,-0.4,,,
2019-07-04,0.19,-0.25,1.96,1.77,2.47,0.31,1.65,1.51,,6.849,,,,,,,,,,2.41,57.06,63.53,,,,,-0.4,,,
2019-07-05,,,,,,,,,,,,,,,,,,,,2.41,,63.62,,,,,-0.4,,,
2019-07-06,0.17,-0.19,2.04,1.87,2.54,0.35,1.69,1.55,,6.155,,,,,,,,,,2.42,,64.23,,,,,-0.4,,,
2019-07-07,,,,,,,,,,,3813198.0,1456496.0,,,,,,,,2.42,,,,,,,-0.4,9824.8997,,
2019-07-08,,,,,,,,,,,,,,,,3.7,,,,2.42,,,,,,,-0.4,,,
2019-07-09,0.17,-0.21,2.05,1.88,2.53,0.35,1.7,1.55,,6.5,,,-0.582,-0.5198,,,,,,2.41,57.35,64.89,,,,,-0.4,,,
2019-07-10,0.15,-0.19,2.07,1.92,2.54,0.36,1.71,1.56,,6.576,,,,,,,,,,2.41,57.57,64.3,,,,,-0.4,,,
2019-07-11,0.25,-0.13,2.07,1.82,2.57,0.33,1.74,1.59,,6.252,,,,,,,,,,2.41,60.28,66.41,,,,,-0.4,,,
2019-07-12,0.28,-0.04,2.13,1.85,2.65,0.36,1.77,1.63,,4.95,,,,,,,,,,2.4,59.93,67.64,,,,,-0.4,,,
2019-07-13,0.28,-0.02,2.12,1.84,2.64,0.35,1.77,1.62,,5.15,,,,,,,,,,2.38,59.99,66.65,,,,,-0.4,,,
2019-07-14,,,,,,,,,,,3815038.0,1499806.0,,,,,,,,2.38,,,,,,,-0.4,9825.9108,,
2019-07-15,,,,,,,,,,,,,,,,,,98.4,,2.38,,,,,,,-0.4,,,
2019-07-16,0.26,-0.07,2.09,1.83,2.61,0.32,1.77,1.61,,5.557,,,-0.584,-0.4488,255.802,,,,,2.4,59.3,66.86,,,,,-0.4,,,
2019-07-17,0.26,-0.02,2.13,1.87,2.63,0.33,1.8,1.63,,3.007,,,,,,,101.9408,,,2.41,57.44,65.87,,,,,-0.4,,,
2019-07-18,0.23,-0.08,2.06,1.83,2.57,0.31,1.75,1.6,,1.96,,,,,,,,,,2.41,56.5,63.67,,,,,-0.4,,,
2019-07-19,0.27,-0.01,2.04,1.77,2.56,0.25,1.79,1.6,,16.662,,,,,,,,,,2.41,55.08,60.7,,,,,-0.4,,,
2019-07-20,0.25,-0.01,2.05,1.8,2.57,0.25,1.8,1.6,,14.255,,,,,,,,,,2.41,55.42,61.04,,,,,-0.4,,,
2019-07-21,,,,,,,,,,,3808110.0,1515664.0,,,,,,,,2.41,,,,,,,-0.4,9824.0466,,
2019-07-22,,,,,,,,,,,,,,,,,,,,2.41,,,,,,,-0.4,,,
2019-07-23,0.25,-0.04,2.05,1.8,2.58,0.26,1.79,1.59,,14.16,,,-0.584,-0.3561,,,,,,2.4,55.87,61.96,,,,,-0.4,,,
2019-07-24,0.25,0.02,2.08,1.83,2.61,0.27,1.81,1.61,,14.755,,,,,,,,,,2.4,56.58,62.28,,,,,-0.4,,,
2019-07-25,0.22,-0.05,2.05,1.83,2.58,0.26,1.79,1.59,,8.255,,,,,,,,,,2.4,55.9,63.83,,,,,-0.4,,,
2019-07-26,0.22,-0.02,2.08,1.86,2.6,0.28,1.8,1.6,,3.355,,,,,,,,,,2.4,55.88,63.47,,,,,-0.4,,,
2019-07-27,0.22,-0.04,2.08,1.86,2.59,0.3,1.78,1.57,,3.25,,,,,,,,,,2.4,56.04,62.46,,,,,-0.4,,,
2019-07-28,,,,,,,,,,,3803436.0,1518322.0,,,,,,,,2.4,,,,,,,-0.4,9839.2099,,
2019-07-29,,,,,,,,,,,,,,,,,,,,2.4,,,,,,,-0.4,,,
2019-07-30,0.21,-0.06,2.06,1.85,2.59,0.29,1.77,1.57,,3.928,,,-0.581,-0.4846,,,,,,2.4,56.85,62.29,,,,,-0.4,,,
2019-07-31,0.21,-0.02,2.06,1.85,2.58,0.28,1.78,1.58,,2.306,,,,,,,,,14882.7,2.39,58.04,62.55,5941.195652173913,2.302173913043478,1.28,,-0.4,,,
2019-08-01,0.13,-0.06,2.02,1.89,2.53,0.26,1.76,1.56,,7.367,,,,,,,,,,2.4,58.53,64.07,,,,,-0.4,,,
2019-08-02,0.17,-0.17,1.9,1.73,2.44,0.2,1.7,1.47,,6.044,,,,,,,,,,2.14,53.64,62.9,,,,,-0.4,,,
2019-08-03,0.14,-0.2,1.86,1.72,2.39,0.2,1.66,1.45,,3.335,,,,,,,,,,2.14,55.67,61.12,,,,,-0.4,,,
2019-08-04,,,,,,,,,,,3779102.0,1534523.0,,,,,,,,2.14,,,,,,,-0.4,9855.1586,,
2019-08-05,,,,,,,,,,,,,,,,,,,,2.14,,,,,,,-0.4,,,
2019-08-06,0.16,-0.3,1.75,1.59,2.3,0.15,1.6,1.39,,3.474,,,-0.573,-0.2562,,,,,,2.13,54.63,59.32,,,,,-0.4,,,
2019-08-07,0.13,-0.32,1.73,1.6,2.25,0.11,1.62,1.4,,3.41,,,,,,,,,,2.13,53.6,58.63,,,,,-0.4,,,
2019-08-08,0.12,-0.31,1.71,1.59,2.22,0.09,1.62,1.38,,3.622,,,,,,3.6,,,,2.12,51.14,55.03,,,,,-0.4,,,
2019-08-09,0.1,-0.3,1.72,1.62,2.25,0.07,1.65,1.43,,3.056,,,,,,,,,,2.12,52.6,56.29,,,,,-0.4,,,
2019-08-10,0.11,-0.26,1.74,1.63,2.26,0.08,1.66,1.44,,2.72,,,,,,,,,,2.12,54.41,57.37,,,,,-0.4,,,
2019-08-11,,,,,,,,,,,3781543.0,1539244.0,,,,,,,,2.12,,,,,,,-0.4,9868.4462,,
2019-08-12,,,,,,,,,,,,,,,,,,,,2.12,,,,,,,-0.4,,,
2019-08-13,0.07,-0.35,1.65,1.58,2.14,0.04,1.61,1.39,,5.43,,,-0.561,0.2604,,,,,,2.12,54.98,57.13,,,,,-0.4,,,
2019-08-14,0.02,-0.32,1.68,1.66,2.15,0.05,1.63,1.44,,5.001,,,,,,,,,,2.12,57.05,59.9,,,,,-0.4,,,
2019-08-15,0.01,-0.37,1.59,1.58,2.03,0.02,1.57,1.36,,2.744,,,,,,,,89.8,,2.12,55.16,57.86,,,,,-0.4,,,
2019-08-16,0.04,-0.39,1.52,1.48,1.98,-0.02,1.54,1.34,,3.51,,,,,256.036,,,,,2.13,54.51,57.37,,,,,-0.4,,,
2019-08-17,0.07,-0.32,1.55,1.48,2.01,0.01,1.54,1.34,,11.843,,,,,,,102.639,,,2.13,54.83,59.0,,,,,-0.4,,,
2019-08-18,,,,,,,,,,,3786018.0,1550406.0,,,,,,,,2.13,,,,,,,-0.4,9872.9658,,
2019-08-19,,,,,,,,,,,,,,,,,,,,2.13,,,,,,,-0.4,,,
2019-08-20,0.07,-0.34,1.6,1.53,2.08,0.04,1.56,1.36,,13.403,,,-0.55,0.2088,,,,,,2.13,56.24,59.79,,,,,-0.4,,,
2019-08-21,0.05,-0.39,1.55,1.5,2.04,0.02,1.53,1.34,,15.98,,,,,,,,,,2.13,56.18,59.03,,,,,-0.4,,,
2019-08-22,0.03,-0.38,1.59,1.56,2.07,0.05,1.54,1.34,,15.153,,,,,,,,,,2.12,55.65,60.6,,,,,-0.4,,,
2019-08-23,0.01,-0.38,1.62,1.61,2.11,0.07,1.55,1.35,,14.611,,,,,,,,,,2.12,55.33,59.81,,,,,-0.4,,,
2019-08-24,0.01,-0.45,1.52,1.51,2.02,-0.02,1.54,1.35,,9.046,,,,,,,,,,2.12,54.08,58.64,,,,,-0.4,,,
2019-08-25,,,,,,,,,,,3764866.0,1516045.0,,,,,,,,2.12,,,,,,,-0.4,9895.5444,,
2019-08-26,,,,,,,,,,,,,,,,,,,,2.12,,,,,,,-0.4,,,
2019-08-27,0.0,-0.47,1.54,1.54,2.04,0.0,1.54,1.34,,3.676,,,-0.539,-0.0845,,,,,,2.12,53.54,58.64,,,,,-0.4,,,
2019-08-28,-0.04,-0.49,1.49,1.53,1.97,-0.06,1.55,1.36,,1.555,,,,,,,,,,2.12,54.99,58.44,,,,,-0.4,,,
2019-08-29,-0.03,-0.52,1.47,1.5,1.94,-0.08,1.55,1.36,,4.255,,,,,,,,,,2.12,55.76,60.42,,,,,-0.4,,,
2019-08-30,-0.03,-0.49,1.5,1.53,1.97,-0.09,1.59,1.39,,0.102,,,,,,,,,,2.12,56.67,60.59,,,,,-0.4,,,
2019-08-31,0.0,-0.49,1.5,1.5,1.96,-0.05,1.55,1.35,,12.089,,,,,,,,,14974.4,2.13,55.07,61.04,5709.440476190476,2.173636363636364,0.92,,-0.4,,,
2019-09-01,,,,,,,,,,,3759946.0,1498680.0,,,,,,,,2.13,,,,,,,-0.4,9883.3019,,
2019-09-02,,,,,,,,,,,,,,,,,,,,2.13,,,,,,,-0.4,,,
2019-09-03,,,,,,,,,,,,,-0.529,-0.042,,,,,,2.13,,58.55,,,,,-0.4,,,
2019-09-04,0.0,-0.51,1.47,1.47,1.95,-0.03,1.5,1.29,,1.754,,,,,,,,,,2.13,53.91,57.93,,,,,-0.4,,,
2019-09-05,0.04,-0.5,1.47,1.43,1.97,-0.04,1.51,1.31,,1.425,,,,,,,,,,2.13,56.22,60.68,,,,,-0.4,,,
2019-09-06,0.02,-0.4,1.57,1.55,2.06,0.01,1.56,1.35,,1.075,,,,,,,,,,2.13,56.33,62.7,,,,,-0.4,,,
2019-09-07,0.02,-0.41,1.55,1.53,2.02,0.01,1.54,1.35,,0.88,,,,,,,,,,2.12,56.45,61.28,,,,,-0.4,,,
2019-09-08,,,,,,,,,,,3761508.0,1487555.0,,,,3.5,,,,2.12,,,,,,,-0.4,9893.3024,,
2019-09-09,,,,,,,,,,,,,,,,,,,,2.12,,,,,,,-0.4,,,
2019-09-10,0.05,-0.33,1.63,1.58,2.11,0.06,1.57,1.38,,2.787,,,-0.522,-0.0916,,,,,,2.13,57.88,63.99,,,,,-0.4,,,
2019-09-11,0.05,-0.23,1.72,1.67,2.19,0.12,1.6,1.4,,3.608,,,,,,,,,,2.13,57.37,64.67,,,,,-0.4,,,
2019-09-12,0.07,-0.21,1.75,1.68,2.22,0.15,1.6,1.4,,3.612,,,,,,,,,,2.13,55.66,63.02,,,,,-0.4,,,
2019-09-13,0.07,-0.16,1.79,1.72,2.22,0.16,1.63,1.43,,3.469,,,,,,,,,,2.13,55.13,60.76,,,,,-0.4,,,
2019-09-14,0.11,-0.06,1.9,1.79,2.37,0.23,1.67,1.46,,2.675,,,,,,,,,,2.14,54.76,61.25,,,,,-0.4,,,
2019-09-15,,,,,,,,,,,3769673.0,1456796.0,,,,,,93.2,,2.14,,,,,,,-0.4,9896.1392,,
2019-09-16,,,,,,,,,,,,,,,256.43,,,,,2.14,,,,,,,-0.4,,,
2019-09-17,0.1,-0.15,1.84,1.74,2.31,0.17,1.67,1.48,,2.202,,,-0.517,-0.3506,,,102.2917,,,2.25,63.1,68.42,,,,,-0.4,,,
2019-09-18,0.09,-0.18,1.81,1.72,2.27,0.15,1.66,1.46,,1.825,,,,,,,,,,2.3,59.26,65.59,,,,,-0.4,,,
2019-09-19,0.03,-0.15,1.8,1.77,2.25,0.21,1.59,1.4,,18.91,,,,,,,,,,2.25,58.19,64.29,,,,,-0.5,,,
2019-09-20,0.05,-0.14,1.79,1.74,2.22,0.18,1.61,1.41,,5.004,,,,,,,,,,1.9,58.19,64.25,,,,,-0.5,,,
2019-09-21,0.05,-0.17,1.74,1.69,2.17,0.13,1.61,1.42,,7.552,,,,,,,,,,1.9,57.92,65.23,,,,,-0.5,,,
2019-09-22,,,,,,,,,,,3844695.0,1394122.0,,,,,,,,1.9,,,,,,,-0.5,9914.6744,,
2019-09-23,,,,,,,,,,,,,,,,,,,,1.9,,,,,,,-0.5,,,
2019-09-24,0.04,-0.22,1.72,1.68,2.16,0.11,1.61,1.42,,7.485,,,-0.513,-0.1471,,,,,,1.9,58.69,64.66,,,,,-0.5,,,
2019-09-25,0.04,-0.28,1.64,1.6,2.09,0.06,1.58,1.39,,0.101,,,,,,,,,,1.9,57.22,64.13,,,,,-0.5,,,
2019-09-26,0.05,-0.16,1.73,1.68,2.18,0.13,1.6,1.41,,0.133,,,,,,,,,,1.9,56.38,62.41,,,,,-0.5,,,
2019-09-27,0.04,-0.13,1.7,1.66,2.15,0.13,1.57,1.4,,5.18,,,,,,,,,,1.85,56.24,62.08,,,,,-0.5,,,
2019-09-28,0.06,-0.11,1.69,1.63,2.13,0.16,1.53,1.36,,5.33,,,,,,,,,,1.83,55.95,62.48,,,,,-0.5,,,
2019-09-29,,,,,,,,,,,3857715.0,1400171.0,,,,,,,,1.83,,,,,,-2.8,-0.5,9933.9739,104.61492,75.8319589507416
2019-09-30,,,,,,,,,,,,,,,,,,,,1.83,,,,,,,-0.5,,,
2019-10-01,0.05,-0.2,1.68,1.63,2.12,0.15,1.53,1.35,,7.057,,,-0.513,0.112,,,,,15047.2,1.9,54.09,60.99,5759.25,2.507142857142857,1.68,,-0.5,,,
2019-10-02,0.09,-0.17,1.65,1.56,2.11,0.13,1.52,1.33,,2.706,,,,,,,,,,1.88,53.6,60.06,,,,,-0.5,,,
2019-10-03,0.12,-0.19,1.6,1.48,2.09,0.1,1.5,1.29,,3.054,,,,,,,,,,1.85,52.67,57.92,,,,,-0.5,,,
2019-10-04,0.15,-0.16,1.54,1.39,2.04,0.06,1.48,1.25,,3.297,,,,,,,,,,1.83,52.41,58.01,,,,,-0.5,,,
2019-10-05,0.12,-0.19,1.52,1.4,2.01,0.02,1.5,1.27,,5.325,,,,,,,,,,1.82,52.84,59.13,,,,,-0.5,,,
2019-10-06,,,,,,,,,,,3945831.0,1469200.0,,,,,,,,1.82,,,,,,,-0.5,9931.5224,,
2019-10-07,,,,,,,,,,,,,,,,,,,,1.82,,,,,,,-0.5,,,
2019-10-08,0.1,-0.19,1.56,1.46,2.05,0.05,1.51,1.27,,5.65,,,-0.518,0.3752,,3.6,,,,1.82,52.76,59.46,,,,,-0.5,,,
2019-10-09,0.12,-0.18,1.54,1.42,2.04,0.06,1.48,1.25,,3.976,,,,,,,,,,1.82,52.64,58.14,,,,,-0.5,,,
2019-10-10,0.12,-0.1,1.59,1.47,2.08,0.1,1.49,1.24,,1.469,,,,,,,,,,1.82,52.63,59.7,,,,,-0.5,,,
2019-10-11,0.14,-0.01,1.67,1.53,2.16,0.15,1.52,1.29,,1.1,,,,,,,,,,1.82,53.57,59.08,,,,,-0.5,,,
2019-10-12,0.13,0.08,1.76,1.63,2.22,0.2,1.56,1.34,,2.95,,,,,,,,,,1.82,54.76,60.59,,,,,-0.5,,,
2019-10-13,,,,,,,,,,,3949955.0,1506455.0,,,,,,,,1.82,,,,,,,-0.5,9932.5326,,
2019-10-14,,,,,,,,,,,,,,,,,,,,1.82,,,,,,,-0.5,,,
2019-10-15,,,,,,,,,,,,,-0.527,0.1431,,,,95.5,,1.82,53.57,58.81,,,,,-0.5,,,
2019-10-16,0.16,0.1,1.77,1.61,2.23,0.21,1.56,1.33,,1.726,,,,,257.155,,,,,1.9,52.81,59.19,,,,,-0.5,,,
2019-10-17,0.17,0.09,1.75,1.58,2.23,0.18,1.57,1.35,,1.803,,,,,,,101.4281,,,1.9,53.42,59.3,,,,,-0.5,,,
2019-10-18,0.16,0.1,1.76,1.6,2.24,0.17,1.59,1.52,,1.001,,,,,,,,,,1.85,53.89,59.35,,,,,-0.5,,,
2019-10-19,0.18,0.1,1.76,1.58,2.25,0.16,1.6,1.52,,20.1,,,,,,,,,,1.85,53.75,59.96,,,,,-0.5,,,
2019-10-20,,,,,,,,,,,3966471.0,1480368.0,,,,,,,,1.85,,,,,,,-0.5,9956.0773,,
2019-10-21,,,,,,,,,,,,,,,,,,,,1.85,,,,,,,-0.5,,,
2019-10-22,0.18,0.13,1.8,1.62,2.28,0.19,1.61,1.53,,18.758,,,-0.539,-0.1332,,,,,,1.85,53.28,58.95,,,,,-0.5,,,
2019-10-23,0.18,0.13,1.78,1.6,2.26,0.17,1.61,1.53,,20.7,,,,,,,,,,1.85,54.21,60.5,,,,,-0.5,,,
2019-10-24,0.19,0.12,1.77,1.58,2.25,0.16,1.61,1.52,,18.29,,,,,,,,,,1.85,55.9,60.52,,,,,-0.5,,,
2019-10-25,0.19,0.1,1.77,1.58,2.26,0.15,1.62,1.52,,0.425,,,,,,,,,,1.85,56.11,61.71,,,,,-0.5,,,
2019-10-26,0.17,0.14,1.8,1.63,2.29,0.15,1.65,1.55,,0.005,,,,,,,,,,1.83,56.52,62.06,,,,,-0.5,,,
2019-10-27,,,,,,,,,,,3968700.0,1449043.0,,,,,,,,1.83,,,,,,,-0.5,9962.8819,,
2019-10-28,,,,,,,,,,,,,,,,,,,,1.83,,,,,,,-0.5,,,
2019-10-29,0.21,0.2,1.85,1.64,2.34,0.21,1.64,1.53,,0.036,,,-0.554,-0.1263,,,,,,1.83,55.6,60.39,,,,,-0.5,,,
2019-10-30,0.2,0.21,1.84,1.64,2.33,0.23,1.61,1.51,,0.081,,,,,,,,,,1.82,55.34,61.05,,,,,-0.5,,,
2019-10-31,0.17,0.16,1.78,1.61,2.26,0.21,1.57,1.47,,0.196,,,,,,,,,15185.6,1.82,54.85,60.22,5757.297826086957,2.340869565217391,2.24,,-0.5,,,
2019-11-01,0.17,0.15,1.69,1.52,2.17,0.15,1.54,1.44,,2.851,,,,,,,,,,1.58,54.02,59.3,,,,,-0.5,,,
2019-11-02,0.17,0.21,1.73,1.56,2.21,0.14,1.59,1.5,,2.1,,,,,,,,,,1.57,56.04,60.17,,,,,-0.5,,,
2019-11-03,,,,,,,,,,,4019823.0,1483702.0,,,,,,,,1.57,,,,,,,-0.5,9972.4275,,
2019-11-04,,,,,,,,,,,,,,,,,,,,1.57,,,,,,,-0.5,,,
2019-11-05,0.19,0.26,1.79,1.6,2.27,0.15,1.64,1.56,,3.085,,,-0.566,-0.0616,,,,,,1.56,56.33,62.52,,,,,-0.5,,,
2019-11-06,0.23,0.3,1.86,1.63,2.34,0.18,1.68,1.58,,1.836,,,,,,,,,,1.56,57.04,62.72,,,,,-0.5,,,
2019-11-07,0.2,0.25,1.81,1.61,2.3,0.15,1.66,1.57,,1.65,,,,,,,,,,1.55,56.15,62.11,,,,,-0.5,,,
2019-11-08,0.24,0.36,1.92,1.68,2.4,0.23,1.69,1.61,,1.055,,,,,,3.6,,,,1.55,56.91,62.6,,,,,-0.5,,,
2019-11-09,0.26,0.39,1.94,1.68,2.43,0.23,1.71,1.63,,0.805,,,,,,,,,,1.55,57.02,62.0,,,,,-0.5,,,
2019-11-10,,,,,,,,,,,4039443.0,1523939.0,,,,,,,,1.55,,,,,,,-0.5,9982.6791,,
2019-11-11,,,,,,,,,,,,,,,,,,,,1.55,,,,,,,-0.5,,,
2019-11-12,,,,,,,,,,,,,-0.575,-0.0973,,,,,,1.55,,62.58,,,,,-0.5,,,
2019-11-13,0.26,0.33,1.92,1.66,2.39,0.22,1.7,1.6,,1.301,,,,,,,,,,1.55,56.67,62.19,,,,,-0.5,,,
2019-11-14,0.25,0.31,1.88,1.63,2.36,0.22,1.66,1.58,,1.762,,,,,,,,,,1.55,56.88,62.27,,,,,-0.5,,,
2019-11-15,0.24,0.25,1.82,1.58,2.31,0.2,1.62,1.54,,1.867,,,,,,,,96.8,,1.55,56.57,62.46,,,,,-0.5,,,
2019-11-16,0.23,0.27,1.84,1.61,2.31,0.21,1.63,1.52,,0.002,,,,,257.879,,,,,1.55,57.54,63.32,,,,,-0.5,,,
2019-11-17,,,,,,,,,,,4047882.0,1532316.0,,,,,101.9372,,,1.55,,,,,,,-0.5,9978.9662,,
2019-11-18,,,,,,,,,,,,,,,,,,,,1.55,,,,,,,-0.5,,,
2019-11-19,0.21,0.24,1.81,1.6,2.3,0.18,1.63,1.54,,27.055,,,-0.58,-0.1009,,,,,,1.55,56.82,62.82,,,,,-0.5,,,
2019-11-20,0.19,0.22,1.79,1.6,2.26,0.16,1.63,1.53,,26.726,,,,,,,,,,1.55,54.93,62.37,,,,,-0.5,,,
2019-11-21,0.17,0.16,1.73,1.56,2.2,0.13,1.6,1.51,,26.026,,,,,,,,,,1.55,56.71,63.8,,,,,-0.5,,,
2019-11-22,0.17,0.19,1.77,1.6,2.24,0.14,1.63,1.53,,25.719,,,,,,,,,,1.55,58.36,64.99,,,,,-0.5,,,
2019-11-23,0.16,0.19,1.77,1.61,2.22,0.15,1.62,1.53,,0.375,,,,,,,,,,1.55,57.68,64.83,,,,,-0.5,,,
2019-11-24,,,,,,,,,,,4030249.0,1518759.0,,,,,,,,1.55,,,,,,,-0.5,9989.2274,,
2019-11-25,,,,,,,,,,,,,,,,,,,,1.55,,,,,,,-0.5,,,
2019-11-26,0.15,0.15,1.76,1.61,2.21,0.14,1.62,1.53,,0.0,,,-0.579,-0.0463,,,,,,1.55,57.79,64.67,,,,,-0.5,,,
2019-11-27,0.16,0.14,1.74,1.58,2.18,0.12,1.62,1.52,,2.205,,,,,,,,,,1.55,58.25,64.82,,,,,-0.5,,,
2019-11-28,0.14,0.15,1.77,1.63,2.19,0.14,1.63,1.54,,0.506,,,,,,,,,,1.55,58.12,65.03,,,,,-0.5,,,
2019-11-29,,,,,,,,,,,,,,,,,,,,1.55,,64.68,,,,,-0.5,,,
2019-11-30,0.17,0.19,1.78,1.61,2.21,0.17,1.61,1.5,,0.75,,,,,,,,,,1.56,58.12,64.5,,,,,-0.5,,,
2019-12-01,,,,,,,,,,,4052875.0,1526697.0,,,,,,,15301.3,1.56,,,5859.952380952381,2.625238095238095,0.84,,-0.5,10012.0568,,
2019-12-02,,,,,,,,,,,,,,,,,,,,1.56,,,,,,,-0.5,,,
2019-12-03,0.22,0.23,1.83,1.61,2.28,0.18,1.65,1.54,,0.015,,,-0.574,-0.1862,,,,,,1.56,55.97,63.2,,,,,-0.5,,,
2019-12-04,0.19,0.15,1.72,1.53,2.17,0.09,1.63,1.51,,0.151,,,,,,,,,,1.55,56.15,62.95,,,,,-0.5,,,
2019-12-05,0.19,0.22,1.77,1.58,2.22,0.11,1.66,1.54,,0.0,,,,,,,,,,1.55,58.46,65.25,,,,,-0.5,,,
2019-12-06,0.22,0.26,1.8,1.58,2.24,0.13,1.67,1.55,,0.001,,,,,,,,,,1.55,58.42,65.67,,,,,-0.5,,,
2019-12-07,0.23,0.31,1.84,1.61,2.29,0.15,1.69,1.59,,1.0,,,,,,,,,,1.55,59.2,66.5,,,,,-0.5,,,
2019-12-08,,,,,,,,,,,4065696.0,1573261.0,,,,3.6,,,,1.55,,,,,,,-0.5,10008.5925,,
2019-12-09,,,,,,,,,,,,,,,,,,,,1.55,,,,,,,-0.5,,,
2019-12-10,0.2,0.29,1.83,1.63,2.27,0.14,1.69,1.59,,0.115,,,-0.565,-0.0905,,,,,,1.55,58.99,66.44,,,,,-0.5,,,
2019-12-11,0.2,0.29,1.85,1.65,2.26,0.14,1.71,1.59,,0.001,,,,,,,,,,1.55,59.22,66.57,,,,,-0.5,,,
2019-12-12,0.18,0.22,1.79,1.61,2.23,0.1,1.69,1.6,,0.605,,,,,,,,,,1.55,58.74,65.37,,,,,-0.5,,,
2019-12-13,0.24,0.34,1.9,1.66,2.32,0.18,1.72,1.62,,0.6,,,,,,,,,,1.55,59.18,66.67,,,,,-0.5,,,
2019-12-14,0.21,0.25,1.82,1.61,2.26,0.12,1.7,1.62,,0.0,,,,,,,,,,1.55,60.11,67.44,,,,,-0.5,,,
2019-12-15,,,,,,,,,,,4095491.0,1638657.0,,,,,,99.3,,1.55,,,,,,,-0.5,10044.9618,,
2019-12-16,,,,,,,,,,,,,,,258.63,,,,,1.55,,,,,,,-0.5,,,
2019-12-17,0.24,0.32,1.89,1.65,2.3,0.16,1.73,1.64,,1.328,,,-0.557,-0.2662,,,101.7003,,,1.56,60.21,68.04,,,,,-0.5,,,
2019-12-18,0.26,0.33,1.89,1.63,2.31,0.14,1.75,1.65,,0.826,,,,,,,,,,1.55,60.88,68.99,,,,,-0.5,,,
2019-12-19,0.29,0.36,1.92,1.63,2.35,0.16,1.76,1.68,,13.362,,,,,,,,,,1.55,60.93,69.12,,,,,-0.5,,,
2019-12-20,0.3,0.35,1.92,1.62,2.35,0.15,1.77,1.68,,8.936,,,,,,,,,,1.55,61.3,69.7,,,,,-0.5,,,
2019-12-21,0.29,0.34,1.92,1.63,2.34,0.15,1.77,1.67,,13.051,,,,,,,,,,1.55,60.43,68.66,,,,,-0.5,,,
2019-12-22,,,,,,,,,,,4137052.0,1660249.0,,,,,,,,1.55,,,,,,,-0.5,10029.0935,,
2019-12-23,,,,,,,,,,,,,,,,,,,,1.55,,,,,,,-0.5,,,
2019-12-24,0.29,0.34,1.93,1.64,2.35,0.18,1.75,1.67,,7.652,,,-0.554,-0.3656,,,,,,1.55,60.51,67.49,,,,,-0.5,,,
2019-12-25,0.28,0.32,1.9,1.62,2.33,0.15,1.75,1.67,,4.423,,,,,,,,,,1.55,61.17,69.26,,,,,-0.5,,,
2019-12-26,,,,,,,,,,,,,,,,,,,,1.55,,,,,,,-0.5,,,
2019-12-27,0.26,0.32,1.9,1.64,2.33,0.16,1.74,1.66,,3.192,,,,,,,,,,1.55,61.72,69.26,,,,,-0.5,,,
2019-12-28,0.29,0.31,1.88,1.59,2.32,0.15,1.73,1.64,,0.825,,,,,,,,,,1.55,61.76,68.91,,,,,-0.5,,,
2019-12-29,,,,,,,,,,,4165591.0,1651927.0,,,,,,,,1.55,,,,,,,-0.5,10030.9663,,
2019-12-30,,,,,,,,,,,,,,,,,,,,1.55,,,,,,5.4,-0.5,,105.78193,76.73049295553965
2019-12-31,0.32,0.33,1.9,1.58,2.34,0.15,1.75,1.66,,6.525,,,-0.559,-0.1786,,,,,15351.5,1.55,61.66,68.3,6077.0625,2.282727272727273,0.9,,-0.5,,,
2020-01-01,0.34,0.37,1.92,1.58,2.39,0.15,1.77,1.68,,64.087,,,,,,,,,,1.55,61.14,67.77,,,,,-0.5,,,
2020-01-02,,,,,,,,,,,,,,,,,,,,1.55,,,,,,,-0.5,,,
2020-01-03,0.3,0.34,1.88,1.58,2.33,0.08,1.8,1.72,,3.1,,,,,,,,,,1.55,61.17,67.05,,,,,-0.5,,,
2020-01-04,0.27,0.28,1.8,1.53,2.26,0.03,1.77,1.69,,4.251,,,,,,,,,,1.55,63.0,69.08,,,,,-0.5,,,
2020-01-05,,,,,,,,,,,4173626.0,1615846.0,,,,,,,,1.55,,,,,,,-0.5,10031.2368,,
2020-01-06,,,,,,,,,,,,,,,,,,,,1.55,,,,,,,-0.5,,,
2020-01-07,0.27,0.25,1.81,1.54,2.28,0.06,1.75,1.69,,3.825,,,-0.573,-0.2247,,,,,,1.55,63.27,70.25,,,,,-0.5,,,
2020-01-08,0.29,0.29,1.83,1.54,2.31,0.09,1.74,1.67,,1.602,,,,,,3.6,,,,1.55,62.7,68.74,,,,,-0.5,,,
2020-01-09,0.29,0.33,1.87,1.58,2.35,0.12,1.75,1.68,,0.876,,,,,,,,,,1.55,59.65,67.31,,,,,-0.5,,,
2020-01-10,0.27,0.31,1.85,1.58,2.38,0.11,1.74,1.67,,0.401,,,,,,,,,,1.55,59.56,66.58,,,,,-0.5,,,
2020-01-11,0.27,0.29,1.83,1.56,2.28,0.07,1.76,1.67,,0.627,,,,,,,,,,1.54,59.02,66.77,,,,,-0.5,,,
2020-01-12,,,,,,,,,,,4149544.0,1654086.0,,,,,,,,1.54,,,,,,,-0.5,10044.682,,
2020-01-13,,,,,,,,,,,,,,,,,,,,1.54,,,,,,,-0.5,,,
2020-01-14,0.27,0.28,1.85,1.58,2.3,0.08,1.77,1.7,,1.0,,,-0.593,-0.3509,,,,,,1.54,58.17,64.14,,,,,-0.5,,,
2020-01-15,0.24,0.25,1.82,1.58,2.27,0.05,1.77,1.7,,0.656,,,,,,,,99.8,,1.54,58.34,64.45,,,,,-0.5,,,
2020-01-16,0.23,0.22,1.79,1.56,2.23,0.04,1.75,1.67,,0.675,,,,,259.127,,,,,1.54,57.86,63.29,,,,,-0.5,,,
2020-01-17,0.23,0.26,1.81,1.58,2.26,0.07,1.74,1.68,,0.3,,,,,,,101.0338,,,1.54,58.52,64.63,,,,,-0.5,,,
2020-01-18,0.26,0.28,1.84,1.58,2.29,0.09,1.75,1.68,,16.15,,,,,,,,,,1.55,58.55,64.05,,,,,-0.5,,,
2020-01-19,,,,,,,,,,,4175850.0,1686801.0,,,,,,,,1.55,,,,,,,-0.5,10039.7269,,
2020-01-20,,,,,,,,,,,,,,,,,,,,1.55,,,,,,,-0.5,,,
2020-01-21,,,,,,,,,,,,,-0.615,-0.5188,,,,,,1.55,,64.63,,,,,-0.5,,,
2020-01-22,0.25,0.22,1.78,1.53,2.23,0.04,1.74,1.66,,13.381,,,,,,,,,,1.55,58.25,63.66,,,,,-0.5,,,
2020-01-23,0.24,0.22,1.77,1.53,2.22,0.05,1.72,1.64,,15.604,,,,,,,,,,1.55,56.76,62.11,,,,,-0.5,,,
2020-01-24,0.23,0.19,1.74,1.51,2.18,0.04,1.7,1.64,,12.904,,,,,,,,,,1.55,55.51,61.26,,,,,-0.5,,,
2020-01-25,0.21,0.16,1.7,1.49,2.14,0.02,1.68,1.62,,0.0,,,,,,,,,,1.55,54.09,59.34,,,,,-0.5,,,
2020-01-26,,,,,,,,,,,4145912.0,1621689.0,,,,,,,,1.55,,,,,,,-0.5,10053.5163,,
2020-01-27,,,,,,,,,,,,,,,,,,,,1.55,,,,,,,-0.5,,,
2020-01-28,0.17,0.06,1.61,1.44,2.05,-0.02,1.63,1.56,,0.002,,,-0.629,-0.4048,,,,,,1.55,53.09,58.54,,,,,-0.5,,,
2020-01-29,0.2,0.08,1.65,1.45,2.1,0.0,1.65,1.59,,0.002,,,,,,,,,,1.55,53.33,59.37,,,,,-0.5,,,
2020-01-30,0.18,0.04,1.6,1.42,2.05,-0.04,1.64,1.58,,0.3,,,,,,,,,,1.55,53.29,59.46,,,,,-0.5,,,
2020-01-31,0.16,0.0,1.57,1.41,2.04,-0.07,1.64,1.59,,4.14,,,,,,,,,15425.0,1.6,52.19,57.72,6031.209090909091,2.033913043478261,0.64,,-0.5,,,
2020-02-01,0.18,-0.04,1.51,1.33,1.99,-0.14,1.65,1.6,,4.5,,,,,,,,,,1.59,51.58,57.77,,,,,-0.5,,,
2020-02-02,,,,,,,,,,,4151630.0,1616342.0,,,,,,,,1.59,,,,,,,-0.5,10054.1256,,
2020-02-03,,,,,,,,,,,,,,,,,,,,1.59,,,,,,,-0.5,,,
2020-02-04,0.18,-0.03,1.54,1.36,2.01,-0.09,1.63,1.56,,6.16,,,-0.626,-0.1145,,,,,,1.59,50.06,54.0,,,,,-0.5,,,
2020-02-05,0.2,0.04,1.61,1.41,2.08,-0.03,1.64,1.58,,2.112,,,,,,,,,,1.59,49.59,53.9,,,,,-0.5,,,
2020-02-06,0.22,0.09,1.66,1.44,2.14,0.0,1.66,1.61,,4.112,,,,,,,,,,1.59,50.87,55.36,,,,,-0.5,,,
2020-02-07,0.21,0.08,1.65,1.44,2.11,-0.02,1.67,1.61,,0.403,,,,,,,,,,1.59,50.94,55.18,,,,,-0.5,,,
2020-02-08,0.18,0.03,1.59,1.41,2.05,-0.07,1.66,1.61,,1.1,,,,,,3.5,,,,1.58,50.34,54.53,,,,,-0.5,,,
2020-02-09,,,,,,,,,,,4166707.0,1645016.0,,,,,,,,1.58,,,,,,,-0.5,10069.3556,,
2020-02-10,,,,,,,,,,,,,,,,,,,,1.58,,,,,,,-0.5,,,
2020-02-11,0.19,-0.02,1.56,1.37,2.03,-0.1,1.66,1.62,,0.83,,,-0.599,-0.4598,,,,,,1.58,49.59,53.39,,,,,-0.5,,,
2020-02-12,0.18,0.02,1.59,1.41,2.05,-0.06,1.65,1.6,,0.228,,,,,,,,,,1.58,50.0,54.0,,,,,-0.5,,,
2020-02-13,0.18,0.04,1.62,1.44,2.09,-0.04,1.66,1.64,,0.309,,,,,,,,,,1.58,51.13,55.54,,,,,-0.5,,,
2020-02-14,0.17,0.02,1.61,1.44,2.07,-0.06,1.67,1.65,,0.45,,,,,,,,,,1.58,51.41,56.34,,,,,-0.5,,,
2020-02-15,0.17,0.01,1.59,1.42,2.04,-0.07,1.66,1.64,,0.0,,,,,,,,101.0,,1.58,52.03,57.37,,,,,-0.5,,,
2020-02-16,,,,,,,,,,,4182689.0,1675566.0,,,259.25,,,,,1.58,,,,,,,-0.5,10063.9663,,
2020-02-17,,,,,,,,,,,,,,,,,101.3735,,,1.58,,,,,,,-0.5,,,
2020-02-18,,,,,,,,,,,,,-0.537,-0.5664,,,,,,1.58,,57.83,,,,,-0.5,,,
2020-02-19,0.14,-0.03,1.55,1.41,2.0,-0.1,1.65,1.64,,9.454,,,,,,,,,,1.59,52.1,57.35,,,,,-0.5,,,
2020-02-20,0.14,-0.02,1.56,1.42,2.01,-0.09,1.65,1.65,,0.095,,,,,,,,,,1.59,53.31,59.72,,,,,-0.5,,,
2020-02-21,0.13,-0.06,1.52,1.39,1.97,-0.11,1.63,1.63,,3.6,,,,,,,,,,1.59,53.77,59.57,,,,,-0.5,,,
2020-02-22,0.12,-0.1,1.46,1.34,1.9,-0.15,1.61,1.6,,4.532,,,,,,,,,,1.58,53.36,58.6,,,,,-0.5,,,
2020-02-23,,,,,,,,,,,4171570.0,1654118.0,,,,,,,,1.58,,,,,,,-0.5,10088.0947,,
2020-02-24,,,,,,,,,,,,,,,,,,,,1.58,,,,,,,-0.5,,,
2020-02-25,0.12,-0.15,1.38,1.26,1.84,-0.21,1.59,1.57,,0.592,,,-0.434,-0.4401,,,,,,1.58,51.36,56.71,,,,,-0.5,,,
2020-02-26,0.13,-0.2,1.33,1.2,1.8,-0.2,1.53,1.52,,0.111,,,,,,,,,,1.58,49.78,55.29,,,,,-0.5,,,
2020-02-27,0.17,-0.2,1.33,1.16,1.81,-0.21,1.54,1.5,,2.3,,,,,,,,,,1.58,48.67,54.96,,,,,-0.5,,,
2020-02-28,0.19,-0.15,1.3,1.11,1.79,-0.23,1.53,1.48,,0.275,,,,,,,,,,1.58,47.17,52.19,,,,,-0.5,,,
2020-02-29,0.27,-0.14,1.13,0.86,1.65,-0.28,1.41,1.33,,2.187,,,,,,,,,,1.58,44.83,51.31,,,,,-0.5,,,
2020-03-01,,,,,,,,,,,4158637.0,1626469.0,,,,,,,,1.58,,,,,,,-0.5,10086.0739,,
2020-03-02,,,,,,,,,,,,,,,,,,,15492.8,1.58,,,5687.75,1.845,0.4,,-0.5,,,
2020-03-03,0.26,-0.03,1.1,0.84,1.66,-0.31,1.41,1.32,,2.525,,,-0.293,0.6786,,,,,,1.59,46.78,52.52,,,,,-0.5,,,
2020-03-04,0.31,0.07,1.02,0.71,1.64,-0.43,1.45,1.34,,0.627,,,,,,,,,,1.59,47.27,52.24,,,,,-0.5,,,
2020-03-05,0.35,0.3,1.02,0.67,1.67,-0.44,1.46,1.34,,5.025,,,,,,,,,,1.09,46.78,51.86,,,,,-0.5,,,
2020-03-06,0.33,0.3,0.92,0.59,1.56,-0.48,1.4,1.28,,0.85,,,,,,,,,,1.09,45.9,51.29,,,,,-0.5,,,
2020-03-07,0.25,0.29,0.74,0.49,1.25,-0.57,1.31,1.14,,2.93,,,,,,,,,,1.09,41.14,45.6,,,,,-0.5,,,
2020-03-08,,,,,,,,,,,4241507.0,1698855.0,,,,4.4,,,,1.09,,,,,,,-0.5,10112.1704,,
2020-03-09,,,,,,,,,,,,,,,,,,,,1.09,,,,,,,-0.5,,,
2020-03-10,0.16,0.21,0.54,0.38,0.99,-0.45,0.99,0.8,,2.504,,,-0.13,1.3539,,,,,,1.09,31.05,35.33,,,,,-0.5,,,
2020-03-11,0.26,0.32,0.76,0.5,1.28,-0.24,1.0,0.77,,0.151,,,,,,,,,,1.09,34.47,35.57,,,,,-0.5,,,
2020-03-12,0.32,0.4,0.82,0.5,1.3,-0.14,0.96,0.69,,1.325,,,,,,,,,,1.09,33.13,34.45,,,,,-0.5,,,
2020-03-13,0.38,0.55,0.88,0.5,1.49,-0.04,0.92,0.63,,21.05,,,,,,,,,,1.1,31.56,31.02,,,,,-0.5,,,
2020-03-14,0.45,0.66,0.94,0.49,1.56,0.04,0.9,0.53,,15.1,,,,,,,,,,1.1,31.72,32.25,,,,,-0.5,,,
2020-03-15,,,,,,,,,,,4311911.0,1744525.0,,,,,,89.1,,1.1,,,,,,,-0.5,10152.6371,,
2020-03-16,,,,,,,,,,,,,,,258.076,,,,,1.1,,,,,,,-0.5,,,
2020-03-17,0.37,0.49,0.73,0.36,1.34,0.0,0.73,0.3,,1.425,,,0.038,3.5147,,,97.4078,,,0.25,28.96,27.98,,,,,-0.5,,,
2020-03-18,0.55,0.83,1.02,0.47,1.63,0.39,0.63,0.16,,5.7,,,,,,,,,,0.25,26.96,27.97,,,,,-0.5,,,
2020-03-19,0.64,1.16,1.18,0.54,1.77,0.55,0.63,0.16,,0.477,,,,,,,,,,0.25,20.48,22.79,,,,,-0.5,,,
2020-03-20,0.68,1.08,1.12,0.44,1.78,0.62,0.5,0.14,,1.195,,,,,,,,,,0.2,25.09,23.98,,,,,-0.5,,,
2020-03-21,0.55,0.87,0.92,0.37,1.55,0.17,0.75,0.31,,12.203,,,,,,,,,,0.15,19.48,25.55,,,,,-0.5,,,
2020-03-22,,,,,,,,,,,4668212.0,1895588.0,,,,,,,,0.15,,,,,,,-0.5,10398.4289,,
2020-03-23,,,,,,,,,,,,,,,,,,,,0.15,,,,,,,-0.5,,,
2020-03-24,0.48,0.74,0.76,0.28,1.33,-0.04,0.8,0.37,,26.944,,,0.183,5.6533,,,,,,0.15,23.33,23.75,,,,,-0.5,,,
2020-03-25,0.46,0.83,0.84,0.38,1.39,-0.13,0.97,0.55,,41.516,,,,,,,,,,0.12,21.03,24.5,,,,,-0.5,,,
2020-03-26,0.54,0.88,0.88,0.34,1.45,-0.19,1.07,0.69,,97.411,,,,,,,,,,0.1,20.75,25.62,,,,,-0.5,,,
2020-03-27,0.53,0.83,0.83,0.3,1.42,-0.24,1.07,0.72,,138.48,,,,,,,,,,0.1,16.6,23.55,,,,,-0.5,,,
2020-03-28,0.47,0.69,0.72,0.25,1.29,-0.22,0.94,0.54,,210.794,,,,,,,,,,0.1,15.48,22.39,,,,,-0.5,,,
2020-03-29,,,,,,,,,,,5254278.0,2186971.0,,,,,,,,0.1,,,,,,,-0.5,10631.4572,,
2020-03-30,,,,,,,,,,,,,,,,,,,,0.1,,,,,,,-0.5,,,
2020-03-31,0.47,0.58,0.7,0.23,1.31,-0.25,0.95,0.57,,237.497,,,0.276,5.3873,,,,,16034.4,0.09,14.1,19.19,5182.631818181818,1.733181818181818,100.0,0.0,-0.5,,106.77007,77.45634149736085
2020-04-01,0.47,0.59,0.7,0.23,1.35,-0.17,0.87,0.49,,284.908,,,,,,,,,,0.08,20.51,14.85,,,,,-0.5,,,
2020-04-02,0.39,0.53,0.62,0.23,1.27,-0.29,0.91,0.56,,207.828,,,,,,,,,,0.06,20.28,14.97,,,,,-0.5,,,
2020-04-03,0.4,0.54,0.63,0.23,1.26,-0.4,1.03,0.73,,182.627,,,,,,,,,,0.05,25.18,20.24,,,,,-0.5,,,
2020-04-04,0.39,0.52,0.62,0.23,1.24,-0.46,1.08,0.78,,148.117,,,,,,,,,,0.05,28.36,24.33,,,,,-0.5,,,
2020-04-05,,,,,,,,,,,5811607.0,2533908.0,,,,,,,,0.05,,,,,,,-0.5,10720.3357,,
2020-04-06,,,,,,,,,,,,,,,,,,,,0.05,,,,,,,-0.5,,,
2020-04-07,0.4,0.52,0.67,0.27,1.27,-0.47,1.14,0.85,,144.294,,,0.313,3.192,,,,,,0.05,26.21,22.58,,,,,-0.5,,,
2020-04-08,0.47,0.61,0.75,0.28,1.32,-0.42,1.17,0.86,,88.36,,,,,,14.8,,,,0.05,23.54,22.1,,,,,-0.5,,,
2020-04-09,0.5,0.55,0.77,0.27,1.37,-0.42,1.19,0.87,,53.483,,,,,,,,,,0.05,24.97,25.22,,,,,-0.5,,,
2020-04-10,0.5,0.48,0.73,0.23,1.35,-0.5,1.23,0.9,,5.525,,,,,,,,,,0.05,22.9,20.23,,,,,-0.5,,,
2020-04-11,,,,,,,,,,,,,,,,,,,,0.05,,,,,,,-0.5,,,
2020-04-12,,,,,,,,,,,6083141.0,2760451.0,,,,,,,,0.05,,,,,,,-0.5,10724.9446,,
2020-04-13,,,,,,,,,,,,,,,,,,,,0.05,,,,,,,-0.5,,,
2020-04-14,0.51,0.5,0.76,0.25,1.39,-0.5,1.26,0.94,,6.1,,,0.299,2.6281,,,,,,0.05,22.36,,,,,,-0.5,,,
2020-04-15,0.53,0.56,0.76,0.23,1.41,-0.53,1.29,0.94,,9.9,,,,,,,,71.8,,0.05,20.15,21.74,,,,,-0.5,,,
2020-04-16,0.43,0.49,0.63,0.2,1.27,-0.56,1.19,0.87,,3.15,,,,,256.032,,,,,0.05,19.96,19.8,,,,,-0.5,,,
2020-04-17,0.41,0.47,0.61,0.2,1.21,-0.42,1.03,0.7,,1.525,,,,,,,84.5619,,,0.05,19.82,18.69,,,,,-0.5,,,
2020-04-18,0.45,0.53,0.65,0.2,1.27,-0.36,1.01,0.67,,1.726,,,,,,,,,,0.05,18.31,19.75,,,,,-0.5,,,
2020-04-19,,,,,,,,,,,6367887.0,2919041.0,,,,,,,,0.05,,,,,,,-0.5,10748.6136,,
2020-04-20,,,,,,,,,,,,,,,,,,,,0.05,,,,,,,-0.5,,,
2020-04-21,0.43,0.51,0.63,0.2,1.23,-0.31,0.94,0.56,,31.0,,,0.242,1.9044,,,,,,0.05,-36.98,17.36,,,,,-0.5,,,
2020-04-22,0.38,0.47,0.58,0.2,1.17,-0.38,0.96,0.58,,12.528,,,,,,,,,,0.05,8.91,9.12,,,,,-0.5,,,
2020-04-23,0.41,0.51,0.63,0.22,1.22,-0.43,1.06,0.69,,10.825,,,,,,,,,,0.05,13.64,13.77,,,,,-0.5,,,
2020-04-24,0.39,0.5,0.61,0.22,1.18,-0.44,1.05,0.67,,1.45,,,,,,,,,,0.04,15.06,15.06,,,,,-0.5,,,
2020-04-25,0.38,0.48,0.6,0.22,1.17,-0.51,1.11,0.72,,1.5,,,,,,,,,,0.05,15.99,15.87,,,,,-0.5,,,
2020-04-26,,,,,,,,,,,6573136.0,3103504.0,,,,,,,,0.05,,,,,,,-0.5,10817.3155,,
2020-04-27,,,,,,,,,,,,,,,,,,,,0.05,,,,,,,-0.5,,,
2020-04-28,0.43,0.55,0.67,0.24,1.25,-0.5,1.17,0.78,,16.476,,,0.162,2.4238,,,,,,0.04,12.17,15.17,,,,,-0.5,,,
2020-04-29,0.42,0.51,0.62,0.2,1.2,-0.52,1.14,0.76,,7.131,,,,,,,,,,0.04,12.4,15.6,,,,,-0.5,,,
2020-04-30,0.43,0.53,0.63,0.2,1.24,-0.51,1.14,0.78,,1.45,,,,,,,,,,0.04,15.04,17.86,,,,,-0.5,,,
2020-05-01,0.44,0.55,0.64,0.2,1.28,-0.43,1.07,0.72,,1.775,,,,,,,,,17064.0,0.05,19.23,18.11,5057.972,1.763636363636364,100.0,,-0.5,,,
2020-05-02,0.44,0.52,0.64,0.2,1.27,-0.42,1.06,0.68,,0.251,,,,,,,,,,0.05,19.72,18.49,,,,,-0.5,,,
2020-05-03,,,,,,,,,,,6655929.0,3159142.0,,,,,,,,0.05,,,,,,,-0.5,10840.3276,,
2020-05-04,,,,,,,,,,,,,,,,,,,,0.05,,,,,,,-0.5,,,
2020-05-05,0.45,0.51,0.64,0.19,1.29,-0.43,1.07,0.69,,4.85,,,0.064,1.2563,,,,,,0.05,20.47,20.4,,,,,-0.5,,,
2020-05-06,0.47,0.53,0.66,0.19,1.32,-0.44,1.1,0.71,,1.925,,,,,,,,,,0.05,24.56,25.46,,,,,-0.5,,,
2020-05-07,0.55,0.6,0.72,0.17,1.41,-0.38,1.1,0.71,,1.175,,,,,,,,,,0.05,23.88,24.2,,,,,-0.5,,,
2020-05-08,0.5,0.52,0.63,0.13,1.31,-0.45,1.08,0.7,,0.982,,,,,,13.2,,,,0.05,23.68,24.23,,,,,-0.5,,,
2020-05-09,0.53,0.57,0.69,0.16,1.39,-0.43,1.12,0.74,,0.68,,,,,,,,,,0.05,24.73,,,,,,-0.5,,,
2020-05-10,,,,,,,,,,,6721420.0,3158938.0,,,,,,,,0.05,,,,,,,-0.5,10878.6765,,
2020-05-11,,,,,,,,,,,,,,,,,,,,0.05,,,,,,,-0.5,,,
2020-05-12,0.56,0.61,0.73,0.17,1.43,-0.4,1.13,0.75,,0.123,,,-0.036,0.9567,,,,,,0.05,24.02,25.53,,,,,-0.5,,,
2020-05-13,0.52,0.56,0.69,0.17,1.38,-0.4,1.09,0.72,,0.825,,,,,,,,,,0.05,25.76,26.67,,,,,-0.5,,,
2020-05-14,0.48,0.51,0.64,0.16,1.35,-0.43,1.07,0.71,,13.825,,,,,,,,,,0.05,25.37,27.89,,,,,-0.5,,,
2020-05-15,0.47,0.51,0.63,0.16,1.3,-0.43,1.06,0.71,,0.133,,,,,,,,72.3,,0.05,27.4,29.87,,,,,-0.5,,,
2020-05-16,0.48,0.52,0.64,0.16,1.32,-0.45,1.09,0.75,,1.15,,,,,255.802,,,,,0.05,29.44,30.95,,,,,-0.5,,,
2020-05-17,,,,,,,,,,,6934227.0,3156929.0,,,,,85.9604,,,0.05,,,,,,,-0.5,10874.5139,,
2020-05-18,,,,,,,,,,,,,,,,,,,,0.05,,,,,,,-0.5,,,
2020-05-19,0.55,0.6,0.73,0.18,1.44,-0.44,1.17,0.84,,0.578,,,-0.127,0.9298,,,,,,0.05,31.83,33.3,,,,,-0.5,,,
2020-05-20,0.53,0.57,0.7,0.17,1.43,-0.45,1.15,0.82,,0.09,,,,,,,,,,0.05,32.3,33.06,,,,,-0.5,,,
2020-05-21,0.52,0.56,0.68,0.16,1.4,-0.48,1.16,0.83,,9.726,,,,,,,,,,0.05,33.56,34.76,,,,,-0.5,,,
2020-05-22,0.51,0.56,0.68,0.17,1.4,-0.46,1.14,0.81,,0.003,,,,,,,,,,0.05,34.3,34.78,,,,,-0.5,,,
2020-05-23,0.49,0.54,0.66,0.17,1.37,-0.46,1.12,0.8,,0.001,,,,,,,,,,0.05,33.49,33.8,,,,,-0.5,,,
2020-05-24,,,,,,,,,,,7037258.0,3273303.0,,,,,,,,0.05,,,,,,,-0.5,10831.463,,
2020-05-25,,,,,,,,,,,,,,,,,,,,0.05,,,,,,,-0.5,,,
2020-05-26,,,,,,,,,,,,,-0.207,0.4456,,,,,,0.05,,,,,,,-0.5,,,
2020-05-27,0.51,0.55,0.69,0.18,1.43,-0.44,1.13,0.82,,0.001,,,,,,,,,,0.05,34.7,33.95,,,,,-0.5,,,
2020-05-28,0.49,0.53,0.68,0.19,1.44,-0.46,1.14,0.82,,4.326,,,,,,,,,,0.05,32.8,32.73,,,,,-0.5,,,
2020-05-29,0.53,0.55,0.7,0.17,1.47,-0.48,1.18,0.86,,0.0,,,,,,,,,,0.05,33.67,33.98,,,,,-0.5,,,
2020-05-30,0.49,0.51,0.65,0.16,1.41,-0.5,1.15,0.83,,1.325,,,,,,,,,,0.05,35.57,34.15,,,,,-0.5,,,
2020-05-31,,,,,,,,,,,7097316.0,3268144.0,,,,,,,17931.9,0.05,,,5239.826315789474,1.809047619047619,0.18,,-0.5,10801.0155,,
2020-06-01,,,,,,,,,,,,,,,,,,,,0.05,,,,,,,-0.5,,,
2020-06-02,0.52,0.52,0.66,0.14,1.46,-0.52,1.18,0.84,,0.0,,,-0.27,0.2175,,,,,,0.05,35.49,36.74,,,,,-0.5,,,
2020-06-03,0.51,0.53,0.68,0.17,1.48,-0.5,1.18,0.84,,2.013,,,,,,,,,,0.06,36.88,37.72,,,,,-0.5,,,
2020-06-04,0.58,0.61,0.77,0.19,1.56,-0.44,1.21,0.88,,0.013,,,,,,,,,,0.06,37.33,37.98,,,,,-0.5,,,
2020-06-05,0.63,0.67,0.82,0.19,1.61,-0.4,1.22,0.88,,0.0,,,,,,,,,,0.06,37.42,38.41,,,,,-0.5,,,
2020-06-06,0.69,0.76,0.91,0.22,1.68,-0.36,1.27,0.95,,0.0,,,,,,,,,,0.07,39.49,41.0,,,,,-0.5,,,
2020-06-07,,,,,,,,,,,7165217.0,3237461.0,,,,,,,,0.07,,,,,,,-0.5,10758.6007,,
2020-06-08,,,,,,,,,,,,,,,,11.0,,,,0.07,,,,,,,-0.5,,,
2020-06-09,0.66,0.71,0.88,0.22,1.65,-0.4,1.28,0.98,,0.0,,,-0.317,-0.0771,,,,,,0.07,38.17,39.66,,,,,-0.5,,,
2020-06-10,0.64,0.65,0.84,0.2,1.59,-0.42,1.26,0.98,,1.252,,,,,,,,,,0.07,38.98,40.45,,,,,-0.5,,,
2020-06-11,0.58,0.58,0.75,0.17,1.53,-0.52,1.27,1.0,,0.012,,,,,,,,,,0.08,39.54,41.18,,,,,-0.5,,,
2020-06-12,0.47,0.49,0.66,0.19,1.41,-0.55,1.21,0.95,,0.375,,,,,,,,,,0.08,36.43,37.76,,,,,-0.5,,,
2020-06-13,0.52,0.55,0.71,0.19,1.45,-0.5,1.21,0.95,,0.0,,,,,,,,,,0.08,36.24,38.54,,,,,-0.5,,,
2020-06-14,,,,,,,,,,,7168936.0,3182228.0,,,,,,,,0.08,,,,,,,-0.5,10735.8932,,
2020-06-15,,,,,,,,,,,,,,,,,,78.1,,0.08,,,,,,,-0.5,,,
2020-06-16,0.52,0.53,0.71,0.19,1.45,-0.52,1.23,0.98,,0.003,,,-0.346,0.2897,257.042,,,,,0.09,37.07,39.44,,,,,-0.5,,,
2020-06-17,0.54,0.58,0.75,0.21,1.54,-0.52,1.27,1.02,,4.0,,,,,,,91.5934,,,0.09,38.26,40.75,,,,,-0.5,,,
2020-06-18,0.55,0.57,0.74,0.19,1.52,-0.52,1.26,1.01,,0.001,,,,,,,,,,0.09,37.91,40.47,,,,,-0.5,,,
2020-06-19,0.52,0.55,0.71,0.19,1.47,-0.57,1.28,1.12,,0.001,,,,,,,,,,0.09,38.79,41.75,,,,,-0.5,,,
2020-06-20,0.51,0.55,0.7,0.19,1.47,-0.6,1.3,1.06,,0.001,,,,,,,,,,0.09,39.72,42.33,,,,,-0.5,,,
2020-06-21,,,,,,,,,,,7094690.0,3078491.0,,,,,,,,0.09,,,,,,,-0.5,10692.556,,
2020-06-22,,,,,,,,,,,,,,,,,,,,0.09,,,,,,,-0.5,,,
2020-06-23,0.52,0.55,0.71,0.19,1.46,-0.63,1.34,1.11,,0.01,,,-0.368,0.4938,,,,,,0.08,40.6,43.2,,,,,-0.5,,,
2020-06-24,0.54,0.56,0.72,0.18,1.49,-0.66,1.38,1.14,,0.011,,,,,,,,,,0.08,40.4,42.72,,,,,-0.5,,,
2020-06-25,0.5,0.54,0.69,0.19,1.44,-0.64,1.33,1.1,,0.001,,,,,,,,,,0.08,37.91,40.4,,,,,-0.5,,,
2020-06-26,0.51,0.52,0.68,0.17,1.43,-0.65,1.33,1.11,,0.001,,,,,,,,,,0.08,38.66,41.18,,,,,-0.5,,,
2020-06-27,0.47,0.5,0.64,0.17,1.37,-0.68,1.32,1.11,,0.2,,,,,,,,,,0.08,38.53,40.97,,,,,-0.5,,,
2020-06-28,,,,,,,,,,,7082302.0,2918756.0,,,,,,,,0.08,,,,,,,-0.5,10652.9869,,
2020-06-29,,,,,,,,,,,,,,,,,,,,0.08,,,,,,,-0.5,,,
2020-06-30,0.48,0.5,0.64,0.16,1.39,-0.7,1.34,1.14,,0.25,,,-0.386,0.5192,,,,,,0.08,39.67,41.58,,,,41.5,-0.5,,132.66287,77.48874809797769
2020-07-01,0.5,0.5,0.66,0.16,1.41,-0.68,1.34,1.16,,0.95,,,,,,,,,18180.0,0.08,39.27,41.64,5754.595454545455,1.699545454545455,0.22,,-0.5,,,
2020-07-02,0.52,0.55,0.69,0.17,1.43,-0.68,1.37,1.17,,0.002,,,,,,,,,,0.08,39.88,42.18,,,,,-0.5,,,
2020-07-03,0.52,0.54,0.68,0.16,1.43,-0.73,1.41,1.21,,0.0,,,,,,,,,,0.09,40.57,43.19,,,,,-0.5,,,
2020-07-04,,,,,,,,,,,,,,,,,,,,0.09,,42.92,,,,,-0.5,,,
2020-07-05,,,,,,,,,,,7009040.0,2884819.0,,,,,,,,0.09,,,,,,,-0.5,10619.5081,,
2020-07-06,,,,,,,,,,,,,,,,,,,,0.09,,,,,,,-0.5,,,
2020-07-07,0.53,0.54,0.69,0.16,1.45,-0.76,1.45,1.28,,0.0,,,-0.403,0.4303,,,,,,0.09,40.51,42.73,,,,,-0.5,,,
2020-07-08,0.49,0.5,0.65,0.16,1.38,-0.78,1.43,1.26,,0.003,,,,,,10.2,,,,0.09,40.59,43.28,,,,,-0.5,,,
2020-07-09,0.51,0.52,0.67,0.16,1.39,-0.75,1.42,1.25,,0.001,,,,,,,,,,0.09,40.91,43.67,,,,,-0.5,,,
2020-07-10,0.46,0.49,0.62,0.16,1.32,-0.77,1.39,1.22,,0.0,,,,,,,,,,0.09,39.64,42.35,,,,,-0.5,,,
2020-07-11,0.49,0.52,0.65,0.16,1.33,-0.76,1.41,1.25,,0.0,,,,,,,,,,0.09,40.56,43.27,,,,,-0.5,,,
2020-07-12,,,,,,,,,,,6920716.0,2813967.0,,,,,,,,0.09,,,,,,,-0.5,10619.4214,,
2020-07-13,,,,,,,,,,,,,,,,,,,,0.09,,,,,,,-0.5,,,
2020-07-14,0.48,0.5,0.64,0.16,1.33,-0.78,1.42,1.27,,0.001,,,-0.421,0.1316,,,,,,0.09,40.06,42.85,,,,,-0.5,,,
2020-07-15,0.49,0.48,0.63,0.14,1.3,-0.78,1.41,1.27,,0.001,,,,,,,,72.5,,0.09,40.3,42.97,,,,,-0.5,,,
2020-07-16,0.48,0.48,0.64,0.16,1.33,-0.77,1.41,1.28,,0.001,,,,,258.352,,,,,0.1,41.2,43.96,,,,,-0.5,,,
2020-07-17,0.46,0.51,0.62,0.16,1.31,-0.79,1.41,1.3,,0.001,,,,,,,95.0256,,,0.1,40.74,43.71,,,,,-0.5,,,
2020-07-18,0.5,0.53,0.64,0.14,1.33,-0.82,1.46,1.35,,0.0,,,,,,,,,,0.09,40.55,43.53,,,,,-0.5,,,
2020-07-19,,,,,,,,,,,6958604.0,2777603.0,,,,,,,,0.09,,,,,,,-0.5,10616.8173,,
2020-07-20,,,,,,,,,,,,,,,,,,,,0.09,,,,,,,-0.5,,,
2020-07-21,0.46,0.49,0.62,0.16,1.32,-0.84,1.46,1.37,,0.003,,,-0.44,0.0844,,,,,,0.1,40.83,43.3,,,,,-0.5,,,
2020-07-22,0.47,0.48,0.61,0.14,1.31,-0.87,1.48,1.4,,0.0,,,,,,,,,,0.1,41.76,44.31,,,,,-0.5,,,
2020-07-23,0.46,0.47,0.6,0.14,1.29,-0.88,1.48,1.4,,0.0,,,,,,,,,,0.09,41.88,43.98,,,,,-0.5,,,
2020-07-24,0.43,0.47,0.59,0.16,1.24,-0.9,1.49,1.37,,0.0,,,,,,,,,,0.09,40.99,42.96,,,,,-0.5,,,
2020-07-25,0.45,0.48,0.59,0.14,1.23,-0.92,1.51,1.35,,0.0,,,,,,,,,,0.09,41.23,43.29,,,,,-0.5,,,
2020-07-26,,,,,,,,,,,6964755.0,2631780.0,,,,,,,,0.09,,,,,,,-0.5,10605.4672,,
2020-07-27,,,,,,,,,,,,,,,,,,,,0.09,,,,,,,-0.5,,,
2020-07-28,0.47,0.51,0.62,0.15,1.25,-0.9,1.52,1.38,,0.0,,,-0.46,-0.2065,,,,,,0.1,41.46,43.39,,,,,-0.5,,,
2020-07-29,0.45,0.48,0.59,0.14,1.22,-0.92,1.51,1.36,,0.0,,,,,,,,,,0.1,40.89,43.11,,,,,-0.5,,,
2020-07-30,0.46,0.47,0.58,0.12,1.24,-0.95,1.53,1.38,,0.001,,,,,,,,,,0.1,41.13,43.51,,,,,-0.5,,,
2020-07-31,0.44,0.46,0.55,0.11,1.2,-0.97,1.52,1.37,,0.307,,,,,,,,,18331.4,0.1,39.85,42.98,6372.460869565217,1.764782608695652,0.18,,-0.5,,,
2020-08-01,0.44,0.46,0.55,0.11,1.2,-1.0,1.55,1.4,,0.15,,,,,,,,,,0.1,40.1,43.13,,,,,-0.5,,,
2020-08-02,,,,,,,,,,,6949032.0,2615272.0,,,,,,,,0.1,,,,,,,-0.5,10577.2229,,
2020-08-03,,,,,,,,,,,,,,,,,,,,0.1,,,,,,,-0.5,,,
2020-08-04,0.45,0.46,0.56,0.11,1.23,-1.02,1.58,1.46,,0.0,,,-0.477,-0.0587,,,,,,0.1,40.83,43.76,,,,,-0.5,,,
2020-08-05,0.41,0.43,0.52,0.11,1.19,-1.05,1.57,1.45,,0.005,,,,,,,,,,0.1,41.67,43.99,,,,,-0.5,,,
2020-08-06,0.44,0.45,0.55,0.11,1.22,-1.06,1.61,1.52,,0.0,,,,,,,,,,0.1,42.25,44.92,,,,,-0.5,,,
2020-08-07,0.44,0.45,0.55,0.11,1.2,-1.08,1.63,1.53,,0.0,,,,,,,,,,0.1,41.93,45.04,,,,,-0.5,,,
2020-08-08,0.44,0.47,0.57,0.13,1.23,-1.04,1.61,1.5,,0.0,,,,,,8.4,,,,0.1,41.16,44.07,,,,,-0.5,,,
2020-08-09,,,,,,,,,,,6945237.0,2713287.0,,,,,,,,0.1,,,,,,,-0.5,10576.3604,,
2020-08-10,,,,,,,,,,,,,,,,,,,,0.1,,,,,,,-0.5,,,
2020-08-11,0.45,0.48,0.59,0.14,1.25,-1.02,1.61,1.49,,0.008,,,-0.492,-0.1888,,,,,,0.1,41.94,44.19,,,,,-0.5,,,
2020-08-12,0.48,0.53,0.64,0.16,1.32,-0.99,1.63,1.5,,0.0,,,,,,,,,,0.1,41.53,43.68,,,,,-0.5,,,
2020-08-13,0.53,0.58,0.69,0.16,1.37,-0.98,1.67,1.56,,0.103,,,,,,,,,,0.1,42.6,45.09,,,,,-0.5,,,
2020-08-14,0.55,0.61,0.71,0.16,1.42,-0.96,1.67,1.56,,0.126,,,,,,,,,,0.1,42.26,44.87,,,,,-0.5,,,
2020-08-15,0.57,0.61,0.71,0.14,1.45,-0.94,1.65,1.53,,0.001,,,,,,,,74.1,,0.1,42.05,44.86,,,,,-0.5,,,
2020-08-16,,,,,,,,,,,6957277.0,2788961.0,,,259.316,,,,,0.1,,,,,,,-0.5,10574.6402,,
2020-08-17,,,,,,,,,,,,,,,,,95.9549,,,0.1,,,,,,,-0.5,,,
2020-08-18,0.55,0.59,0.69,0.14,1.43,-0.97,1.66,1.54,,0.054,,,-0.502,-0.2562,,,,,,0.1,42.89,44.91,,,,,-0.5,,,
2020-08-19,0.53,0.58,0.67,0.14,1.4,-1.01,1.68,1.55,,0.002,,,,,,,,,,0.09,42.89,45.34,,,,,-0.5,,,
2020-08-20,0.54,0.57,0.68,0.14,1.42,-0.99,1.67,1.55,,0.112,,,,,,,,,,0.09,42.91,45.21,,,,,-0.5,,,
2020-08-21,0.52,0.54,0.65,0.13,1.38,-0.97,1.62,1.48,,0.15,,,,,,,,,,0.09,42.62,44.56,,,,,-0.5,,,
2020-08-22,0.48,0.54,0.64,0.16,1.35,-1.0,1.64,1.52,,0.0,,,,,,,,,,0.09,42.32,43.94,,,,,-0.5,,,
2020-08-23,,,,,,,,,,,7010637.0,2827685.0,,,,,,,,0.09,,,,,,,-0.5,10547.3363,,
2020-08-24,,,,,,,,,,,,,,,,,,,,0.09,,,,,,,-0.5,,,
2020-08-25,0.51,0.53,0.65,0.14,1.35,-1.02,1.67,1.57,,0.0,,,-0.509,-0.0534,,,,,,0.09,42.44,44.43,,,,,-0.5,,,
2020-08-26,0.54,0.58,0.69,0.15,1.39,-1.01,1.7,1.6,,0.012,,,,,,,,,,0.09,43.17,46.01,,,,,-0.5,,,
2020-08-27,0.53,0.58,0.69,0.16,1.41,-1.03,1.72,1.63,,0.009,,,,,,,,,,0.09,43.21,45.79,,,,,-0.5,,,
2020-08-28,0.58,0.63,0.74,0.16,1.5,-0.99,1.73,1.65,,0.002,,,,,,,,,,0.08,42.88,44.84,,,,,-0.5,,,
2020-08-29,0.6,0.64,0.74,0.14,1.52,-1.03,1.77,1.68,,0.0,,,,,,,,,,0.09,42.96,45.22,,,,,-0.5,,,
2020-08-30,,,,,,,,,,,6990418.0,2815794.0,,,,,,,,0.09,,,,,,,-0.5,10538.3978,,
2020-08-31,,,,,,,,,,,,,,,,,,,18413.3,0.09,,,6508.392857142857,2.34047619047619,0.14,,-0.5,,,
2020-09-01,0.58,0.61,0.72,0.14,1.49,-1.08,1.8,1.69,,0.011,,,-0.511,-0.2549,,,,,,0.09,42.61,,,,,,-0.5,,,
2020-09-02,0.55,0.56,0.68,0.13,1.43,-1.08,1.76,1.65,,0.008,,,,,,,,,,0.09,42.76,45.72,,,,,-0.5,,,
2020-09-03,0.52,0.54,0.66,0.14,1.38,-1.07,1.73,1.61,,0.014,,,,,,,,,,0.09,42.76,42.7,,,,,-0.5,,,
2020-09-04,0.5,0.52,0.63,0.13,1.34,-1.02,1.65,1.53,,0.0,,,,,,,,,,0.09,41.39,42.72,,,,,-0.5,,,
2020-09-05,0.58,0.61,0.72,0.14,1.46,-0.98,1.7,1.57,,0.0,,,,,,,,,,0.09,39.69,41.1,,,,,-0.5,,,
2020-09-06,,,,,,,,,,,7017492.0,2851916.0,,,,,,,,0.09,,,,,,,-0.5,10522.7249,,
2020-09-07,,,,,,,,,,,,,,,,,,,,0.09,,,,,,,-0.5,,,
2020-09-08,,,,,,,,,,,,,-0.509,-0.1024,,7.8,,,,0.09,,40.67,,,,,-0.5,,,
2020-09-09,0.55,0.56,0.69,0.14,1.43,-0.99,1.68,1.55,,0.0,,,,,,,,,,0.09,36.87,38.53,,,,,-0.5,,,
2020-09-10,0.57,0.59,0.71,0.14,1.45,-1.0,1.71,1.57,,0.001,,,,,,,,,,0.09,38.05,39.98,,,,,-0.5,,,
2020-09-11,0.54,0.56,0.68,0.14,1.43,-1.01,1.69,1.54,,0.01,,,,,,,,,,0.09,37.25,39.27,,,,,-0.5,,,
2020-09-12,0.54,0.56,0.67,0.13,1.42,-0.98,1.65,1.53,,0.0,,,,,,,,,,0.09,37.33,38.8,,,,,-0.5,,,
2020-09-13,,,,,,,,,,,7010614.0,2857463.0,,,,,,,,0.09,,,,,,,-0.5,10526.3544,,
2020-09-14,,,,,,,,,,,,,,,,,,,,0.09,,,,,,,-0.5,,,
2020-09-15,0.54,0.57,0.68,0.14,1.42,-0.97,1.65,1.54,,0.001,,,-0.505,0.0677,,,,80.4,,0.09,37.23,38.57,,,,,-0.5,,,
2020-09-16,0.54,0.57,0.68,0.14,1.43,-0.99,1.67,1.54,,0.002,,,,,259.997,,,,,0.09,38.29,39.54,,,,,-0.5,,,
2020-09-17,0.55,0.57,0.69,0.14,1.45,-0.99,1.68,1.57,,0.055,,,,,,,95.9669,,,0.09,40.17,41.23,,,,,-0.5,,,
2020-09-18,0.56,0.6,0.69,0.13,1.43,-0.97,1.66,1.57,,0.001,,,,,,,,,,0.09,40.99,42.35,,,,,-0.5,,,
2020-09-19,0.56,0.6,0.7,0.14,1.45,-0.97,1.67,1.58,,0.0,,,,,,,,,,0.09,41.09,42.16,,,,,-0.5,,,
2020-09-20,,,,,,,,,,,7064475.0,2885412.0,,,,,,,,0.09,,,,,,,-0.5,10511.9888,,
2020-09-21,,,,,,,,,,,,,,,,,,,,0.09,,,,,,,-0.5,,,
2020-09-22,0.54,0.58,0.68,0.14,1.43,-0.94,1.62,1.5,,0.054,,,-0.501,-0.1169,,,,,,0.09,39.26,40.37,,,,,-0.5,,,
2020-09-23,0.55,0.58,0.68,0.13,1.42,-0.94,1.62,1.5,,0.0,,,,,,,,,,0.09,39.55,40.84,,,,,-0.5,,,
2020-09-24,0.54,0.57,0.68,0.14,1.42,-0.92,1.6,1.48,,0.001,,,,,,,,,,0.09,39.92,41.09,,,,,-0.5,,,
2020-09-25,0.53,0.57,0.67,0.14,1.4,-0.91,1.58,1.45,,0.004,,,,,,,,,,0.09,40.11,41.24,,,,,-0.5,,,
2020-09-26,0.54,0.56,0.66,0.12,1.4,-0.92,1.58,1.43,,0.0,,,,,,,,,,0.09,40.06,40.91,,,,,-0.5,,,
2020-09-27,,,,,,,,,,,7093161.0,2830499.0,,,,,,,,0.09,,,,,,,-0.5,10503.4082,,
2020-09-28,,,,,,,,,,,,,,,,,,,,0.09,,,,,,,-0.5,,,
2020-09-29,0.53,0.56,0.67,0.14,1.42,-0.94,1.61,1.48,,0.0,,,-0.495,0.2668,,,,,,0.09,40.47,41.59,,,,71.2,-0.5,,124.14692,78.69784131432228
2020-09-30,0.55,0.57,0.66,0.11,1.41,-0.98,1.64,1.49,,1.301,,,,,,,,,,0.09,39.03,40.33,,,,,-0.5,,,
2020-10-01,0.56,0.59,0.69,0.13,1.46,-0.94,1.63,1.5,,0.85,,,,,,,,,18605.0,0.09,40.05,40.3,6704.9,2.285,0.2,,-0.5,,,
2020-10-02,0.54,0.59,0.68,0.14,1.45,-0.95,1.63,1.48,,0.001,,,,,,,,,,0.09,38.51,39.75,,,,,-0.5,,,
2020-10-03,0.57,0.61,0.7,0.13,1.48,-0.94,1.64,1.48,,0.0,,,,,,,,,,0.09,36.9,38.0,,,,,-0.5,,,
2020-10-04,,,,,,,,,,,7056129.0,2839316.0,,,,,,,,0.09,,,,,,,-0.5,10488.5083,,
2020-10-05,,,,,,,,,,,,,,,,,,,,0.09,,,,,,,-0.5,,,
2020-10-06,0.64,0.68,0.78,0.14,1.57,-0.9,1.68,1.52,,0.0,,,-0.492,-0.0619,,,,,,0.09,39.12,39.78,,,,,-0.5,,,
2020-10-07,0.62,0.66,0.76,0.14,1.56,-0.9,1.66,1.51,,0.0,,,,,,,,,,0.09,40.52,41.27,,,,,-0.5,,,
2020-10-08,0.65,0.71,0.81,0.16,1.6,-0.9,1.71,1.54,,0.011,,,,,,6.9,,,,0.09,39.82,40.62,,,,,-0.5,,,
2020-10-09,0.65,0.69,0.78,0.13,1.57,-0.94,1.72,1.56,,0.212,,,,,,,,,,0.09,41.04,42.0,,,,,-0.5,,,
2020-10-10,0.63,0.69,0.79,0.16,1.58,-0.94,1.73,1.56,,0.0,,,,,,,,,,0.09,40.44,41.63,,,,,-0.5,,,
2020-10-11,,,,,,,,,,,7074649.0,2840860.0,,,,,,,,0.09,,,,,,,-0.5,10470.2007,,
2020-10-12,,,,,,,,,,,,,,,,,,,,0.09,,,,,,,-0.5,,,
2020-10-13,,,,,,,,,,,,,-0.492,-0.2243,,,,,,0.09,39.22,40.5,,,,,-0.5,,,
2020-10-14,0.58,0.63,0.74,0.16,1.52,-0.96,1.7,1.52,,0.0,,,,,,,,,,0.09,40.03,41.34,,,,,-0.5,,,
2020-10-15,0.59,0.61,0.73,0.14,1.5,-0.96,1.69,1.52,,0.0,,,,,,,,81.8,,0.09,40.86,41.81,,,,,-0.5,,,
2020-10-16,0.6,0.63,0.74,0.14,1.52,-0.95,1.69,1.52,,0.001,,,,,260.319,,,,,0.09,40.84,41.61,,,,,-0.5,,,
2020-10-17,0.62,0.65,0.76,0.14,1.52,-0.95,1.71,1.53,,0.002,,,,,,,96.7394,,,0.09,40.7,41.34,,,,,-0.5,,,
2020-10-18,,,,,,,,,,,7151426.0,2861929.0,,,,,,,,0.09,,,,,,,-0.5,10446.6067,,
2020-10-19,,,,,,,,,,,,,,,,,,,,0.09,,,,,,,-0.5,,,
2020-10-20,0.62,0.67,0.78,0.16,1.55,-0.93,1.71,1.53,,0.004,,,-0.495,-0.0735,,,,,,0.09,40.69,41.29,,,,,-0.5,,,
2020-10-21,0.67,0.71,0.81,0.14,1.6,-0.91,1.72,1.53,,0.007,,,,,,,,,,0.09,41.37,41.62,,,,,-0.5,,,
2020-10-22,0.69,0.73,0.83,0.14,1.62,-0.91,1.74,1.56,,0.0,,,,,,,,,,0.09,39.88,40.09,,,,,-0.5,,,
2020-10-23,0.71,0.78,0.87,0.16,1.67,-0.89,1.76,1.68,,0.001,,,,,,,,,,0.09,40.46,41.28,,,,,-0.5,,,
2020-10-24,0.67,0.75,0.85,0.18,1.64,-0.9,1.75,1.66,,0.0,,,,,,,,,,0.09,39.73,40.71,,,,,-0.5,,,
2020-10-25,,,,,,,,,,,7177265.0,2860480.0,,,,,,,,0.09,,,,,,,-0.5,10447.1114,,
2020-10-26,,,,,,,,,,,,,,,,,,,,0.09,,,,,,,-0.5,,,
2020-10-27,0.65,0.7,0.81,0.16,1.59,-0.91,1.72,1.63,,0.001,,,-0.501,0.0223,,,,,,0.09,38.39,39.06,,,,,-0.5,,,
2020-10-28,0.63,0.69,0.79,0.16,1.57,-0.92,1.71,1.64,,0.0,,,,,,,,,,0.09,39.34,39.72,,,,,-0.5,,,
2020-10-29,0.63,0.69,0.79,0.16,1.56,-0.91,1.7,1.61,,0.005,,,,,,,,,,0.09,37.27,37.86,,,,,-0.5,,,
2020-10-30,0.69,0.76,0.85,0.16,1.62,-0.86,1.71,1.61,,0.014,,,,,,,,,,0.09,35.94,36.56,,,,,-0.5,,,
2020-10-31,0.74,0.79,0.88,0.14,1.65,-0.82,1.7,1.59,,0.001,,,,,,,,,18759.9,0.09,35.64,36.33,6713.811363636364,2.829090909090909,0.2,,-0.5,,,
2020-11-01,,,,,,,,,,,7146306.0,2880781.0,,,,,,,,0.09,,,,,,,-0.5,10421.5796,,
2020-11-02,,,,,,,,,,,,,,,,,,,,0.09,,,,,,,-0.5,,,
2020-11-03,0.71,0.78,0.87,0.16,1.63,-0.84,1.71,1.6,,0.0,,,-0.51,0.4029,,,,,,0.09,36.6,37.78,,,,,-0.5,,,
2020-11-04,0.73,0.8,0.9,0.17,1.66,-0.82,1.72,1.62,,0.0,,,,,,,,,,0.09,37.44,38.17,,,,,-0.5,,,
2020-11-05,0.64,0.68,0.78,0.14,1.55,-0.86,1.64,1.56,,0.0,,,,,,,,,,0.09,38.97,39.68,,,,,-0.5,,,
2020-11-06,0.65,0.69,0.79,0.14,1.54,-0.87,1.66,1.55,,0.0,,,,,,,,,,0.09,38.56,39.47,,,,,-0.5,,,
2020-11-07,0.67,0.73,0.83,0.16,1.6,-0.82,1.65,1.54,,0.0,,,,,,,,,,0.09,36.97,38.08,,,,,-0.5,,,
2020-11-08,,,,,,,,,,,7157479.0,2966737.0,,,,6.7,,,,0.09,,,,,,,-0.5,10406.8578,,
2020-11-09,,,,,,,,,,,,,,,,,,,,0.09,,,,,,,-0.5,,,
2020-11-10,0.79,0.85,0.96,0.17,1.73,-0.77,1.73,1.63,,0.0,,,-0.524,-0.0589,,,,,,0.09,40.05,40.93,,,,,-0.5,,,
2020-11-11,0.79,0.88,0.98,0.19,1.75,-0.78,1.76,1.69,,0.0,,,,,,,,,,0.09,41.18,42.25,,,,,-0.5,,,
2020-11-12,,,,,,,,,,,,,,,,,,,,0.09,41.23,42.5,,,,,-0.5,,,
2020-11-13,0.71,0.78,0.88,0.17,1.64,-0.83,1.71,1.63,,0.0,,,,,,,,,,0.09,40.9,42.16,,,,,-0.5,,,
2020-11-14,0.72,0.8,0.89,0.17,1.65,-0.83,1.72,1.64,,0.003,,,,,,,,,,0.09,39.93,41.51,,,,,-0.5,,,
2020-11-15,,,,,,,,,,,7175417.0,2976170.0,,,,,,76.9,,0.09,,,,,,,-0.5,10420.0731,,
2020-11-16,,,,,,,,,,,,,,,260.911,,,,,0.09,,,,,,,-0.5,,,
2020-11-17,0.72,0.82,0.91,0.19,1.66,-0.81,1.72,1.64,,0.013,,,-0.541,-0.469,,,97.0816,,,0.09,41.14,42.71,,,,,-0.5,,,
2020-11-18,0.69,0.78,0.87,0.18,1.62,-0.83,1.7,1.63,,0.0,,,,,,,,,,0.09,41.24,42.54,,,,,-0.5,,,
2020-11-19,0.72,0.79,0.88,0.16,1.62,-0.82,1.7,1.63,,0.103,,,,,,,,,,0.09,41.64,42.91,,,,,-0.5,,,
2020-11-20,0.68,0.79,0.86,0.18,1.58,-0.84,1.7,1.62,,2.0,,,,,,,,,,0.08,41.57,43.09,,,,,-0.5,,,
2020-11-21,0.67,0.76,0.83,0.16,1.53,-0.86,1.69,1.61,,0.0,,,,,,,,,,0.08,41.99,43.79,,,,,-0.5,,,
2020-11-22,,,,,,,,,,,7243080.0,3043822.0,,,,,,,,0.08,,,,,,,-0.5,10383.5193,,
2020-11-23,,,,,,,,,,,,,,,,,,,,0.08,,,,,,,-0.5,,,
2020-11-24,0.7,0.78,0.86,0.16,1.56,-0.85,1.71,1.62,,0.485,,,-0.557,-0.145,,,,,,0.08,42.91,45.0,,,,,-0.5,,,
2020-11-25,0.72,0.79,0.88,0.16,1.6,-0.86,1.74,1.65,,0.001,,,,,,,,,,0.08,44.71,46.63,,,,,-0.5,,,
2020-11-26,0.71,0.79,0.88,0.17,1.62,-0.87,1.75,1.67,,0.0,,,,,,,,,,0.08,45.58,47.3,,,,,-0.5,,,
2020-11-27,,,,,,,,,,,,,,,,,,,,0.08,,46.32,,,,,-0.5,,,
2020-11-28,0.68,0.75,0.84,0.16,1.57,-0.91,1.75,1.67,,0.0,,,,,,,,,,0.08,,46.88,,,,,-0.5,,,
2020-11-29,,,,,,,,,,,7216480.0,3083636.0,,,,,,,,0.08,,,,,,,-0.5,10362.5345,,
2020-11-30,,,,,,,,,,,,,,,,,,,,0.08,,,,,,,-0.5,,,
2020-12-01,0.68,0.76,0.84,0.16,1.58,-0.93,1.77,1.68,,0.006,,,-0.572,-0.3836,,,,,19002.4,0.09,45.2,46.84,7068.907142857143,2.87047619047619,0.2,,-0.5,,,
2020-12-02,0.75,0.83,0.92,0.17,1.66,-0.89,1.81,1.72,,0.002,,,,,,,,,,0.09,44.54,47.03,,,,,-0.5,,,
2020-12-03,0.79,0.86,0.95,0.16,1.7,-0.9,1.85,1.76,,0.001,,,,,,,,,,0.09,45.23,47.8,,,,,-0.5,,,
2020-12-04,0.76,0.84,0.92,0.16,1.67,-0.94,1.86,1.78,,0.0,,,,,,,,,,0.09,45.65,48.37,,,,,-0.5,,,
2020-12-05,0.81,0.88,0.97,0.16,1.73,-0.92,1.89,1.83,,0.0,,,,,,,,,,0.09,46.23,49.1,,,,,-0.5,,,
2020-12-06,,,,,,,,,,,7222414.0,3117307.0,,,,,,,,0.09,,,,,,,-0.5,10348.5228,,
2020-12-07,,,,,,,,,,,,,,,,,,,,0.09,,,,,,,-0.5,,,
2020-12-08,0.8,0.86,0.94,0.14,1.69,-0.94,1.88,1.84,,0.001,,,-0.585,-0.4324,,6.7,,,,0.09,45.72,48.63,,,,,-0.5,,,
2020-12-09,0.78,0.83,0.92,0.14,1.67,-0.97,1.89,1.84,,0.001,,,,,,,,,,0.09,45.64,48.84,,,,,-0.5,,,
2020-12-10,0.79,0.87,0.95,0.16,1.69,-0.96,1.91,1.84,,0.003,,,,,,,,,,0.09,45.48,48.81,,,,,-0.5,,,
2020-12-11,0.78,0.84,0.92,0.14,1.65,-0.96,1.88,1.83,,0.001,,,,,,,,,,0.09,46.76,50.33,,,,,-0.5,,,
2020-12-12,0.79,0.82,0.9,0.11,1.63,-0.97,1.87,1.82,,0.0,,,,,,,,,,0.09,46.59,50.01,,,,,-0.5,,,
2020-12-13,,,,,,,,,,,7242658.0,3117480.0,,,,,,,,0.09,,,,,,,-0.5,10339.9725,,
2020-12-14,,,,,,,,,,,,,,,,,,,,0.09,,,,,,,-0.5,,,
2020-12-15,0.77,0.81,0.9,0.13,1.63,-0.98,1.88,1.84,,0.1,,,-0.595,-0.4061,,,,80.7,,0.09,47.02,50.27,,,,,-0.5,,,
2020-12-16,0.81,0.84,0.92,0.11,1.65,-0.99,1.91,1.86,,0.001,,,,,262.045,,,,,0.09,47.58,50.77,,,,,-0.5,,,
2020-12-17,0.79,0.83,0.92,0.13,1.66,-1.0,1.92,1.9,,0.026,,,,,,,98.363,,,0.09,47.86,50.83,,,,,-0.5,,,
2020-12-18,0.81,0.86,0.94,0.13,1.68,-1.0,1.94,1.9,,0.014,,,,,,,,,,0.09,48.34,51.2,,,,,-0.5,,,
2020-12-19,0.82,0.87,0.95,0.13,1.7,-1.0,1.95,1.92,,0.032,,,,,,,,,,0.09,49.04,52.17,,,,,-0.5,,,
2020-12-20,,,,,,,,,,,7362592.0,3168240.0,,,,,,,,0.09,,,,,,,-0.5,10341.2224,,
2020-12-21,,,,,,,,,,,,,,,,,,,,0.09,,,,,,,-0.5,,,
2020-12-22,0.82,0.86,0.95,0.13,1.68,-1.0,1.95,1.9,,0.435,,,-0.602,-0.3635,,,,,,0.09,47.79,50.61,,,,,-0.5,,,
2020-12-23,0.8,0.84,0.93,0.13,1.65,-1.01,1.94,1.92,,0.406,,,,,,,,,,0.09,47.02,49.88,,,,,-0.5,,,
2020-12-24,0.83,0.87,0.96,0.13,1.7,-1.01,1.97,1.93,,0.857,,,,,,,,,,0.09,47.94,51.05,,,,,-0.5,,,
2020-12-25,0.81,0.85,0.94,0.13,1.66,-1.03,1.97,1.92,,0.01,,,,,,,,,,0.09,48.18,50.88,,,,,-0.5,,,
2020-12-26,,,,,,,,,,,,,,,,,,,,0.09,,,,,,,-0.5,,,
2020-12-27,,,,,,,,,,,7404039.0,3143041.0,,,,,,,,0.09,,,,,,,-0.5,10340.2416,,
2020-12-28,,,,,,,,,,,,,,,,,,,,0.09,,,,,,,-0.5,,,
2020-12-29,0.81,0.83,0.94,0.13,1.67,-1.03,1.97,1.92,,0.901,,,-0.608,-0.4054,,,,,,0.09,47.5,50.88,,,,,-0.5,,,
2020-12-30,0.82,0.84,0.94,0.12,1.67,-1.02,1.96,1.9,,0.257,,,,,,,,,,0.09,47.85,50.44,,,,37.7,-0.5,,125.62864,79.9596870683535
2020-12-31,0.81,0.85,0.93,0.12,1.66,-1.03,1.96,1.92,,0.652,,,,,,,,,19119.4,0.09,48.24,50.74,7772.238095238095,2.584782608695652,0.16,,-0.5,,,
2021-01-01,0.8,0.84,0.93,0.13,1.65,-1.06,1.99,1.95,,9.651,,,,,,,,,,0.09,48.35,51.22,,,,,-0.5,,,
2021-01-02,,,,,,,,,,,,,,,,,,,,0.09,,,,,,,-0.5,,,
2021-01-03,,,,,,,,,,,7363351.0,3122156.0,,,,,,,,0.09,,,,,,,-0.5,10343.0347,,
2021-01-04,,,,,,,,,,,,,,,,,,,,0.09,,,,,,,-0.5,,,
2021-01-05,0.82,0.84,0.93,0.11,1.66,-1.08,2.01,1.98,,0.001,,,-0.614,-0.4616,,,,,,0.09,47.47,50.37,,,,,-0.5,,,
2021-01-06,0.83,0.87,0.96,0.13,1.7,-1.07,2.03,2.01,,0.005,,,,,,,,,,0.09,49.78,53.16,,,,,-0.5,,,
2021-01-07,0.9,0.95,1.04,0.14,1.81,-1.02,2.06,2.04,,0.004,,,,,,,,,,0.09,50.45,53.8,,,,,-0.5,,,
2021-01-08,0.94,0.99,1.08,0.14,1.85,-1.01,2.09,2.09,,0.001,,,,,,6.4,,,,0.09,50.63,53.7,,,,,-0.5,,,
2021-01-09,0.99,1.05,1.13,0.14,1.87,-0.93,2.06,2.07,,0.0,,,,,,,,,,0.09,52.14,55.51,,,,,-0.5,,,
2021-01-10,,,,,,,,,,,7334809.0,3068284.0,,,,,,,,0.09,,,,,,,-0.5,10340.1817,,
2021-01-11,,,,,,,,,,,,,,,,,,,,0.09,,,,,,,-0.5,,,
2021-01-12,1.01,1.07,1.15,0.14,1.88,-0.91,2.06,2.04,,0.0,,,-0.618,-0.476,,,,,,0.09,52.15,54.84,,,,,-0.5,,,
2021-01-13,1.01,1.06,1.15,0.14,1.88,-0.93,2.08,2.06,,0.0,,,,,,,,,,0.09,53.08,55.98,,,,,-0.5,,,
2021-01-14,0.96,1.01,1.1,0.14,1.82,-0.96,2.06,2.04,,0.0,,,,,,,,,,0.09,52.81,55.52,,,,,-0.5,,,
2021-01-15,0.99,1.06,1.15,0.16,1.88,-0.94,2.09,2.09,,0.6,,,,,,,,79.0,,0.09,53.47,55.76,,,,,-0.5,,,
2021-01-16,0.98,1.02,1.11,0.13,1.85,-0.99,2.1,2.09,,0.0,,,,,262.687,,,,,0.09,52.25,54.8,,,,,-0.5,,,
2021-01-17,,,,,,,,,,,7333968.0,3183917.0,,,,,98.8822,,,0.09,,,,,,,-0.5,10326.3746,,
2021-01-18,,,,,,,,,,,,,,,,,,,,0.09,,,,,,,-0.5,,,
2021-01-19,,,,,,,,,,,,,-0.621,-0.5185,,,,,,0.09,,54.21,,,,,-0.5,,,
2021-01-20,0.96,1.01,1.1,0.14,1.84,-1.0,2.1,2.12,,0.004,,,,,,,,,,0.09,52.87,55.38,,,,,-0.5,,,
2021-01-21,0.97,1.02,1.1,0.13,1.84,-1.02,2.12,2.15,,1.806,,,,,,,,,,0.09,53.16,55.66,,,,,-0.5,,,
2021-01-22,0.99,1.03,1.12,0.13,1.87,-0.98,2.1,2.18,,1.201,,,,,,,,,,0.08,53.0,55.68,,,,,-0.5,,,
2021-01-23,0.97,1.02,1.1,0.13,1.85,-0.99,2.09,2.16,,0.0,,,,,,,,,,0.08,52.28,55.22,,,,,-0.5,,,
2021-01-24,,,,,,,,,,,7414942.0,3154624.0,,,,,,,,0.08,,,,,,,-0.5,10320.0327,,
2021-01-25,,,,,,,,,,,,,,,,,,,,0.08,,,,,,,-0.5,,,
2021-01-26,0.92,0.96,1.05,0.13,1.8,-1.03,2.08,2.15,,2.2,,,-0.623,-0.5017,,,,,,0.08,52.78,55.44,,,,,-0.5,,,
2021-01-27,0.94,0.98,1.05,0.11,1.8,-1.03,2.08,2.15,,1.631,,,,,,,,,,0.08,52.61,55.26,,,,,-0.5,,,
2021-01-28,0.92,0.96,1.04,0.12,1.79,-1.04,2.08,2.15,,1.152,,,,,,,,,,0.08,52.81,55.07,,,,,-0.5,,,
2021-01-29,0.95,1.0,1.07,0.12,1.81,-1.06,2.13,2.18,,2.655,,,,,,,,,,0.07,52.26,54.87,,,,,-0.5,,,
2021-01-30,1.0,1.05,1.11,0.11,1.87,-1.02,2.13,2.21,,7.1,,,,,,,,,,0.07,52.16,55.25,,,,,-0.5,,,
2021-01-31,,,,,,,,,,,7404926.0,3163008.0,,,,,,,19375.3,0.07,,,7972.1475,2.649047619047619,0.06,,-0.5,10328.1467,,
2021-02-01,,,,,,,,,,,,,,,,,,,,0.07,,,,,,,-0.5,,,
2021-02-02,0.98,1.02,1.09,0.11,1.84,-1.02,2.11,2.18,,0.012,,,-0.623,-0.2522,,,,,,0.08,53.55,56.42,,,,,-0.5,,,
2021-02-03,1.01,1.05,1.12,0.11,1.87,-1.03,2.15,2.23,,0.011,,,,,,,,,,0.08,54.77,57.62,,,,,-0.5,,,
2021-02-04,1.04,1.11,1.15,0.11,1.92,-1.04,2.19,2.27,,0.178,,,,,,,,,,0.08,55.67,58.61,,,,,-0.5,,,
2021-02-05,1.04,1.11,1.15,0.11,1.93,-1.02,2.17,2.25,,0.5,,,,,,,,,,0.08,56.19,58.98,,,,,-0.5,,,
2021-02-06,1.1,1.16,1.19,0.09,1.97,-1.02,2.21,2.28,,0.01,,,,,,,,,,0.08,56.8,59.48,,,,,-0.5,,,
2021-02-07,,,,,,,,,,,7410598.0,3193118.0,,,,,,,,0.08,,,,,,,-0.5,10346.8285,,
2021-02-08,,,,,,,,,,,,,,,,6.2,,,,0.08,,,,,,,-0.5,,,
2021-02-09,1.08,1.14,1.19,0.11,1.96,-1.03,2.22,2.31,,0.002,,,-0.625,-0.5658,,,,,,0.07,57.95,60.17,,,,,-0.5,,,
2021-02-10,1.07,1.14,1.18,0.11,1.95,-1.04,2.22,2.31,,0.001,,,,,,,,,,0.08,58.34,60.74,,,,,-0.5,,,
2021-02-11,1.04,1.1,1.15,0.11,1.92,-1.06,2.21,2.31,,0.0,,,,,,,,,,0.08,58.69,61.17,,,,,-0.5,,,
2021-02-12,1.05,1.11,1.16,0.11,1.94,-1.04,2.2,2.32,,0.108,,,,,,,,,,0.08,58.22,61.09,,,,,-0.5,,,
2021-02-13,1.09,1.16,1.2,0.11,2.01,-1.01,2.21,2.35,,0.001,,,,,,,,,,0.08,59.5,62.47,,,,,-0.5,,,
2021-02-14,,,,,,,,,,,7442225.0,3258919.0,,,,,,,,0.08,,,,,,,-0.5,10362.9947,,
2021-02-15,,,,,,,,,,,,,,,,,,76.8,,0.08,,,,,,,-0.5,,,
2021-02-16,,,,,,,,,,,,,-0.627,-0.7503,263.579,,,,,0.08,,63.58,,,,,-0.5,,,
2021-02-17,1.17,1.26,1.3,0.13,2.08,-0.94,2.24,2.37,,0.004,,,,,,,95.6149,,,0.08,60.07,63.96,,,,,-0.5,,,
2021-02-18,1.18,1.25,1.29,0.11,2.06,-0.92,2.21,2.35,,0.05,,,,,,,,,,0.08,61.09,65.02,,,,,-0.5,,,
2021-02-19,1.18,1.26,1.29,0.11,2.08,-0.87,2.16,2.29,,0.0,,,,,,,,,,0.07,60.4,64.09,,,,,-0.5,,,
2021-02-20,1.23,1.3,1.34,0.11,2.14,-0.8,2.14,2.29,,0.002,,,,,,,,,,0.07,59.12,62.84,,,,,-0.5,,,
2021-02-21,,,,,,,,,,,7557402.0,3378907.0,,,,,,,,0.07,,,,,,,-0.5,10375.5036,,
2021-02-22,,,,,,,,,,,,,,,,,,,,0.07,,,,,,,-0.5,,,
2021-02-23,1.26,1.34,1.37,0.11,2.19,-0.79,2.16,2.35,,1.1,,,-0.629,-0.6435,,,,,,0.07,61.67,64.73,,,,,-0.5,,,
2021-02-24,1.26,1.33,1.37,0.11,2.21,-0.79,2.16,2.35,,0.435,,,,,,,,,,0.07,61.66,65.16,,,,,-0.5,,,
2021-02-25,1.26,1.35,1.38,0.12,2.24,-0.79,2.17,2.38,,0.001,,,,,,,,,,0.07,63.21,66.85,,,,,-0.5,,,
2021-02-26,1.37,1.5,1.54,0.17,2.33,-0.6,2.14,2.34,,9.976,,,,,,,,,,0.07,63.43,66.69,,,,,-0.5,,,
2021-02-27,1.3,1.4,1.44,0.14,2.17,-0.71,2.15,2.39,,11.2,,,,,,,,,,0.07,61.55,65.86,,,,,-0.5,,,
2021-02-28,,,,,,,,,,,7590111.0,3369020.0,,,,,,,,0.07,,,,,,,-0.5,10379.9761,,
2021-03-01,,,,,,,,,,,,,,,,,,,,0.07,,,,,,,-0.5,,,
2021-03-02,1.32,1.4,1.45,0.13,2.23,-0.71,2.16,2.4,,0.0,,,-0.631,-0.4351,,,,,,0.07,60.54,64.56,,,,,-0.5,,,
2021-03-03,1.29,1.38,1.42,0.13,2.21,-0.78,2.2,2.43,,0.005,,,,,,,,,19641.4,0.07,59.7,63.17,8470.94,2.917,0.1,,-0.5,,,
2021-03-04,1.33,1.42,1.47,0.14,2.25,-0.74,2.21,2.45,,0.507,,,,,,,,,,0.07,61.33,64.7,,,,,-0.5,,,
2021-03-05,1.4,1.5,1.54,0.14,2.3,-0.66,2.2,2.43,,2.1,,,,,,,,,,0.07,63.81,67.32,,,,,-0.5,,,
2021-03-06,1.42,1.52,1.56,0.14,2.28,-0.66,2.22,2.43,,1.0,,,,,,,,,,0.07,66.08,69.95,,,,,-0.5,,,
2021-03-07,,,,,,,,,,,7557524.0,3503120.0,,,,,,,,0.07,,,,,,,-0.5,10383.8392,,
2021-03-08,,,,,,,,,,,,,,,,6.1,,,,0.07,,,,,,,-0.5,,,
2021-03-09,1.42,1.54,1.59,0.17,2.31,-0.62,2.21,2.42,,0.025,,,-0.635,-0.3941,,,,,,0.07,65.03,68.0,,,,,-0.5,,,
2021-03-10,1.38,1.5,1.55,0.17,2.26,-0.66,2.21,2.41,,0.0,,,,,,,,,,0.07,64.02,67.03,,,,,-0.5,,,
2021-03-11,1.37,1.49,1.53,0.16,2.24,-0.73,2.26,2.47,,0.1,,,,,,,,,,0.07,64.45,67.53,,,,,-0.5,,,
2021-03-12,1.4,1.5,1.54,0.14,2.29,-0.74,2.28,2.51,,11.051,,,,,,,,,,0.07,66.02,69.34,,,,,-0.5,,,
2021-03-13,1.5,1.6,1.64,0.14,2.4,-0.62,2.26,2.51,,6.8,,,,,,,,,,0.07,65.59,68.87,,,,,-0.5,,,
2021-03-14,,,,,,,,,,,7579901.0,3592010.0,,,,,,,,0.07,,,,,,,-0.5,10389.0343,,
2021-03-15,,,,,,,,,,,,,,,,,,84.9,,0.07,,,,,,,-0.5,,,
2021-03-16,1.48,1.58,1.62,0.14,2.37,-0.65,2.27,2.54,,0.003,,,-0.64,-0.4884,264.961,,,,,0.07,65.36,68.78,,,,,-0.5,,,
2021-03-17,1.47,1.6,1.62,0.15,2.38,-0.68,2.3,2.59,,0.702,,,,,,,98.3856,,,0.07,64.82,67.95,,,,,-0.5,,,
2021-03-18,1.5,1.61,1.63,0.13,2.42,-0.67,2.3,2.58,,0.0,,,,,,,,,,0.07,64.55,67.73,,,,,-0.5,,,
2021-03-19,1.55,1.7,1.71,0.16,2.45,-0.56,2.27,2.5,,26.57,,,,,,,,,,0.07,59.95,62.11,,,,,-0.5,,,
2021-03-20,1.58,1.73,1.74,0.16,2.45,-0.57,2.31,2.51,,18.908,,,,,,,,,,0.07,61.43,64.0,,,,,-0.5,,,
2021-03-21,,,,,,,,,,,7693506.0,3681030.0,,,,,,,,0.07,,,,,,,-0.5,10357.6735,,
2021-03-22,,,,,,,,,,,,,,,,,,,,0.07,,,,,,,-0.5,,,
2021-03-23,1.54,1.66,1.69,0.15,2.38,-0.64,2.33,2.51,,22.242,,,-0.645,-0.5339,,,,,,0.07,61.48,63.89,,,,,-0.5,,,
2021-03-24,1.48,1.62,1.63,0.15,2.34,-0.66,2.29,2.48,,19.526,,,,,,,,,,0.07,57.75,59.96,,,,,-0.5,,,
2021-03-25,1.48,1.6,1.62,0.14,2.31,-0.69,2.31,2.53,,21.902,,,,,,,,,,0.07,61.12,63.7,,,,,-0.5,,,
2021-03-26,1.49,1.61,1.63,0.14,2.34,-0.69,2.32,2.54,,10.1,,,,,,,,,,0.07,58.47,61.21,,,,,-0.5,,,
2021-03-27,1.53,1.65,1.67,0.14,2.37,-0.67,2.34,2.57,,11.45,,,,,,,,,,0.07,60.93,63.77,,,,,-0.5,,,
2021-03-28,,,,,,,,,,,7719622.0,3826375.0,,,,,,,,0.07,,,,,,,-0.5,10366.3275,,
2021-03-29,,,,,,,,,,,,,,,,,,,,0.07,,,,,,,-0.5,,,
2021-03-30,1.59,1.7,1.73,0.14,2.43,-0.63,2.36,2.56,,40.354,,,-0.652,-0.609,,,,,,0.07,61.49,64.06,,,,,-0.5,,,
2021-03-31,1.57,1.71,1.73,0.16,2.38,-0.62,2.35,2.52,,104.725,,,,,,,,,19874.5,0.07,60.55,63.28,8988.247826086958,2.622173913043478,0.1,,-0.5,,,
2021-04-01,1.58,1.71,1.74,0.16,2.41,-0.63,2.37,2.54,,134.307,,,,,,,,,,0.06,59.19,63.52,,,,5.5,-0.5,,124.03752,72.74260136181726
2021-04-02,1.52,1.67,1.69,0.17,2.34,-0.66,2.35,2.55,,9.575,,,,,,,,,,0.07,61.41,63.85,,,,,-0.5,,,
2021-04-03,1.53,1.7,1.72,0.19,2.35,-0.64,2.36,2.58,,,,,,,,,,,,0.07,,,,,,,-0.5,,,
2021-04-04,,,,,,,,,,,7688988.0,3876162.0,,,,,,,,0.07,,,,,,,-0.5,10366.4244,,
2021-04-05,,,,,,,,,,,,,,,,,,,,0.07,,,,,,,-0.5,,,
2021-04-06,1.56,1.7,1.73,0.17,2.36,-0.62,2.35,2.55,,3.45,,,-0.659,-0.7047,,,,,,0.07,58.73,,,,,,-0.5,,,
2021-04-07,1.51,1.65,1.67,0.16,2.32,-0.65,2.32,2.52,,18.951,,,,,,,,,,0.07,59.34,61.47,,,,,-0.5,,,
2021-04-08,1.52,1.66,1.68,0.16,2.35,-0.66,2.34,2.53,,35.035,,,,,,6.1,,,,0.07,59.77,61.86,,,,,-0.5,,,
2021-04-09,1.5,1.63,1.64,0.14,2.32,-0.69,2.33,2.55,,27.64,,,,,,,,,,0.07,59.61,62.09,,,,,-0.5,,,
2021-04-10,1.51,1.65,1.67,0.16,2.34,-0.64,2.31,2.51,,31.265,,,,,,,,,,0.07,59.29,61.89,,,,,-0.5,,,
2021-04-11,,,,,,,,,,,7708882.0,3932949.0,,,,,,,,0.07,,,,,,,-0.5,10356.7896,,
2021-04-12,,,,,,,,,,,,,,,,,,,,0.07,,,,,,,-0.5,,,
2021-04-13,1.51,1.67,1.69,0.18,2.34,-0.64,2.33,2.52,,30.221,,,-0.668,-0.8004,,,,,,0.07,59.7,62.38,,,,,-0.5,,,
2021-04-14,1.48,1.61,1.64,0.16,2.32,-0.69,2.33,2.54,,37.543,,,,,,,,,,0.07,60.2,62.83,,,,,-0.5,,,
2021-04-15,1.48,1.62,1.64,0.16,2.32,-0.69,2.33,2.56,,50.856,,,,,,,,88.3,,0.07,63.15,66.11,,,,,-0.5,,,
2021-04-16,1.4,1.54,1.56,0.16,2.23,-0.77,2.33,2.55,,28.626,,,,,266.614,,,,,0.07,63.42,66.13,,,,,-0.5,,,
2021-04-17,1.43,1.57,1.59,0.16,2.26,-0.77,2.36,2.57,,39.94,,,,,,,98.5587,,,0.07,63.16,65.98,,,,,-0.5,,,
2021-04-18,,,,,,,,,,,7793104.0,3977813.0,,,,,,,,0.07,,,,,,,-0.5,10341.3655,,
2021-04-19,,,,,,,,,,,,,,,,,,,,0.07,,,,,,,-0.5,,,
2021-04-20,1.45,1.59,1.61,0.16,2.29,-0.73,2.34,2.56,,53.798,,,-0.675,-0.7533,,,,,,0.07,63.33,66.54,,,,,-0.5,,,
2021-04-21,1.43,1.55,1.58,0.15,2.27,-0.74,2.32,2.52,,67.747,,,,,,,,,,0.07,62.61,65.34,,,,,-0.5,,,
2021-04-22,1.42,1.54,1.57,0.15,2.26,-0.76,2.33,2.53,,81.329,,,,,,,,,,0.07,61.34,64.02,,,,,-0.5,,,
2021-04-23,1.41,1.54,1.57,0.16,2.24,-0.76,2.33,2.42,,102.644,,,,,,,,,,0.07,61.45,65.07,,,,,-0.5,,,
2021-04-24,1.42,1.55,1.58,0.16,2.25,-0.76,2.34,2.44,,73.794,,,,,,,,,,0.07,62.18,65.75,,,,,-0.5,,,
2021-04-25,,,,,,,,,,,7820948.0,3825455.0,,,,,,,,0.07,,,,,,,-0.5,10329.8913,,
2021-04-26,,,,,,,,,,,,,,,,,,,,0.07,,,,,,,-0.5,,,
2021-04-27,1.4,1.55,1.58,0.18,2.24,-0.78,2.36,2.47,,100.916,,,-0.681,-0.7038,,,,,,0.07,62.02,65.5,,,,,-0.5,,,
2021-04-28,1.46,1.62,1.63,0.17,2.29,-0.76,2.39,2.51,,142.172,,,,,,,,,,0.07,63.03,66.25,,,,,-0.5,,,
2021-04-29,1.46,1.62,1.63,0.17,2.29,-0.78,2.41,2.54,,166.732,,,,,,,,,,0.07,63.81,67.08,,,,,-0.5,,,
2021-04-30,1.49,1.64,1.65,0.16,2.31,-0.77,2.42,2.56,,173.469,,,,,,,,,,0.06,65.0,68.26,,,,,-0.5,,,
2021-05-01,1.49,1.64,1.65,0.16,2.3,-0.76,2.41,2.57,,183.234,,,,,,,,,20174.2,0.05,63.5,67.73,9324.8175,2.683636363636364,0.46,,-0.5,,,
2021-05-02,,,,,,,,,,,7780962.0,3829269.0,,,,,,,,0.05,,,,,,,-0.5,10342.6855,,
2021-05-03,,,,,,,,,,,,,,,,,,,,0.05,,,,,,,-0.5,,,
2021-05-04,1.47,1.59,1.63,0.16,2.3,-0.79,2.42,2.6,,129.724,,,-0.686,-0.7939,,,,,,0.06,64.46,,,,,,-0.5,,,
2021-05-05,1.45,1.59,1.61,0.16,2.27,-0.81,2.42,2.62,,147.806,,,,,,,,,,0.06,65.72,68.91,,,,,-0.5,,,
2021-05-06,1.43,1.57,1.59,0.16,2.25,-0.88,2.47,2.68,,162.8,,,,,,,,,,0.06,65.63,69.71,,,,,-0.5,,,
2021-05-07,1.42,1.56,1.58,0.16,2.24,-0.87,2.45,2.66,,154.921,,,,,,,,,,0.06,64.73,68.62,,,,,-0.5,,,
2021-05-08,1.46,1.58,1.6,0.14,2.28,-0.89,2.49,2.65,,161.856,,,,,,5.8,,,,0.06,64.96,68.73,,,,,-0.5,,,
2021-05-09,,,,,,,,,,,7810486.0,3873728.0,,,,,,,,0.06,,,,,,,-0.5,10353.2718,,
2021-05-10,,,,,,,,,,,,,,,,,,,,0.06,,,,,,,-0.5,,,
2021-05-11,1.47,1.61,1.63,0.16,2.32,-0.91,2.54,2.71,,175.548,,,-0.691,-0.7925,,,,,,0.06,64.92,68.61,,,,,-0.5,,,
2021-05-12,1.48,1.63,1.64,0.16,2.35,-0.89,2.53,2.68,,181.753,,,,,,,,,,0.06,65.31,68.83,,,,,-0.5,,,
2021-05-13,1.53,1.67,1.69,0.16,2.4,-0.85,2.54,2.72,,209.257,,,,,,,,,,0.06,65.96,69.62,,,,,-0.5,,,
2021-05-14,1.5,1.64,1.66,0.16,2.39,-0.85,2.51,2.65,,235.217,,,,,,,,,,0.06,63.82,67.36,,,,,-0.5,,,
2021-05-15,1.47,1.62,1.63,0.16,2.35,-0.88,2.51,2.68,,241.185,,,,,,,,82.9,,0.06,65.32,69.24,,,,,-0.5,,,
2021-05-16,,,,,,,,,,,7830663.0,3947565.0,,,268.383,,,,,0.06,,,,,,,-0.5,10373.1203,,
2021-05-17,,,,,,,,,,,,,,,,,99.4333,,,0.06,,,,,,,-0.5,,,
2021-05-18,1.48,1.62,1.64,0.16,2.36,-0.9,2.54,2.72,,208.96,,,-0.694,-0.7371,,,,,,0.06,66.24,69.62,,,,,-0.5,,,
2021-05-19,1.48,1.62,1.64,0.16,2.37,-0.88,2.52,2.72,,243.47,,,,,,,,,,0.06,65.49,69.01,,,,,-0.5,,,
2021-05-20,1.52,1.67,1.68,0.16,2.38,-0.8,2.48,2.66,,293.998,,,,,,,,,,0.06,63.28,66.88,,,,,-0.5,,,
2021-05-21,1.48,1.62,1.63,0.15,2.34,-0.78,2.41,2.59,,351.121,,,,,,,,,,0.06,61.95,65.18,,,,,-0.5,,,
2021-05-22,1.46,1.62,1.63,0.17,2.33,-0.8,2.43,2.62,,369.046,,,,,,,,,,0.06,63.61,66.72,,,,,-0.5,,,
2021-05-23,,,,,,,,,,,7922883.0,3919807.0,,,,,,,,0.06,,,,,,,-0.5,10373.844,,
2021-05-24,,,,,,,,,,,,,,,,,,,,0.06,,,,,,,-0.5,,,
2021-05-25,1.46,1.59,1.61,0.15,2.31,-0.83,2.44,2.64,,394.941,,,-0.696,-0.7006,,,,,,0.06,66.13,68.59,,,,,-0.5,,,
2021-05-26,1.41,1.54,1.56,0.15,2.26,-0.86,2.42,2.63,,432.955,,,,,,,,,,0.06,66.27,68.8,,,,,-0.5,,,
2021-05-27,1.44,1.56,1.58,0.14,2.27,-0.82,2.4,2.6,,450.283,,,,,,,,,,0.06,66.41,68.93,,,,,-0.5,,,
2021-05-28,1.47,1.59,1.61,0.14,2.29,-0.81,2.42,2.59,,485.329,,,,,,,,,,0.06,66.87,69.43,,,,,-0.5,,,
2021-05-29,1.44,1.57,1.58,0.14,2.26,-0.84,2.42,2.57,,479.498,,,,,,,,,,0.05,66.31,69.36,,,,,-0.5,,,
2021-05-30,,,,,,,,,,,7903541.0,3805178.0,,,,,,,,0.05,,,,,,,-0.5,10367.2479,,
2021-05-31,,,,,,,,,,,,,,,,,,,20457.5,0.05,,,10166.285,2.961428571428571,0.42,,-0.5,,,
2021-06-01,,,,,,,,,,,,,-0.698,-0.7973,,,,,,0.05,,,,,,,-0.5,,,
2021-06-02,1.46,1.6,1.62,0.16,2.3,-0.84,2.46,2.6,,447.985,,,,,,,,,,0.06,67.8,70.03,,,,,-0.5,,,
2021-06-03,1.46,1.57,1.59,0.13,2.28,-0.85,2.44,2.59,,438.778,,,,,,,,,,0.06,68.79,70.6,,,,,-0.5,,,
2021-06-04,1.47,1.61,1.63,0.16,2.3,-0.79,2.42,2.56,,479.102,,,,,,,,,,0.06,68.81,70.71,,,,,-0.5,,,
2021-06-05,1.42,1.54,1.56,0.14,2.24,-0.84,2.4,2.54,,483.349,,,,,,,,,,0.06,69.57,71.3,,,,,-0.5,,,
2021-06-06,,,,,,,,,,,7935703.0,3814127.0,,,,,,,,0.06,,,,,,,-0.5,10355.8401,,
2021-06-07,,,,,,,,,,,,,,,,,,,,0.06,,,,,,,-0.5,,,
2021-06-08,1.41,1.55,1.57,0.16,2.25,-0.82,2.39,2.51,,486.097,,,-0.699,-0.8363,,5.9,,,,0.06,69.21,70.89,,,,,-0.5,,,
2021-06-09,1.39,1.51,1.53,0.14,2.21,-0.83,2.36,2.47,,497.428,,,,,,,,,,0.06,70.11,71.39,,,,,-0.5,,,
2021-06-10,1.34,1.47,1.5,0.16,2.17,-0.82,2.32,2.41,,502.904,,,,,,,,,,0.06,69.9,71.31,,,,,-0.5,,,
2021-06-11,1.31,1.42,1.45,0.14,2.15,-0.9,2.35,2.47,,534.943,,,,,,,,,,0.06,70.34,71.65,,,,,-0.5,,,
2021-06-12,1.31,1.44,1.47,0.16,2.15,-0.85,2.32,2.43,,547.808,,,,,,,,,,0.06,71.0,72.05,,,,,-0.5,,,
2021-06-13,,,,,,,,,,,7952327.0,3874371.0,,,,,,,,0.06,,,,,,,-0.5,10366.163,,
2021-06-14,,,,,,,,,,,,,,,,,,,,0.06,,,,,,,-0.5,,,
2021-06-15,1.35,1.48,1.51,0.16,2.19,-0.85,2.36,2.44,,583.892,,,-0.698,-0.7791,,,,85.5,,0.06,70.94,72.27,,,,,-0.5,,,
2021-06-16,1.35,1.48,1.51,0.16,2.2,-0.87,2.38,2.46,,509.559,,,,,270.654,,,,,0.06,72.06,73.38,,,,,-0.5,,,
2021-06-17,1.36,1.53,1.57,0.21,2.2,-0.75,2.32,2.41,,520.942,,,,,,,99.7987,,,0.06,72.03,73.88,,,,,-0.5,,,
2021-06-18,1.29,1.48,1.52,0.23,2.11,-0.75,2.27,2.31,,755.8,,,,,,,,,,0.1,71.06,72.92,,,,,-0.5,,,
2021-06-19,1.19,1.4,1.45,0.26,2.01,-0.79,2.24,2.37,,747.121,,,,,,,,,,0.1,71.64,73.1,,,,,-0.5,,,
2021-06-20,,,,,,,,,,,8064257.0,3940038.0,,,,,,,,0.1,,,,,,,-0.5,10327.6331,,
2021-06-21,,,,,,,,,,,,,,,,,,,,0.1,,,,,,,-0.5,,,
2021-06-22,1.23,1.45,1.5,0.27,2.11,-0.75,2.25,2.41,,765.141,,,-0.695,-0.7603,,,,,,0.1,73.64,74.49,,,,,-0.5,,,
2021-06-23,1.23,1.44,1.48,0.25,2.1,-0.83,2.31,2.46,,791.605,,,,,,,,,,0.1,73.15,74.92,,,,,-0.5,,,
2021-06-24,1.24,1.45,1.5,0.26,2.11,-0.84,2.34,2.49,,813.65,,,,,,,,,,0.1,73.11,75.22,,,,,-0.5,,,
2021-06-25,1.23,1.44,1.49,0.26,2.1,-0.81,2.3,2.45,,813.048,,,,,,,,,,0.1,73.31,75.95,,,,,-0.5,,,
2021-06-26,1.26,1.48,1.54,0.28,2.16,-0.8,2.34,2.46,,770.83,,,,,,,,,,0.1,74.21,76.45,,,,,-0.5,,,
2021-06-27,,,,,,,,,,,8101945.0,3808042.0,,,,,,,,0.1,,,,,,,-0.5,10322.3745,,
2021-06-28,,,,,,,,,,,,,,,,,,,,0.1,,,,,,,-0.5,,,
2021-06-29,1.24,1.44,1.49,0.25,2.1,-0.84,2.33,2.45,,803.019,,,-0.691,-0.7916,,,,,,0.1,72.98,74.78,,,,,-0.5,,,
2021-06-30,1.22,1.45,1.49,0.27,2.1,-0.83,2.32,2.46,,841.246,,,,,,,,,,0.1,73.14,75.38,,,,-15.1,-0.5,,121.78582,75.76191590114496
2021-07-01,1.2,1.4,1.45,0.25,2.06,-0.87,2.32,2.47,,991.939,,,,,,,,,20472.7,0.08,73.52,76.94,9631.5,3.272727272727273,0.36,,-0.5,,,
2021-07-02,1.23,1.43,1.48,0.25,2.07,-0.87,2.35,2.49,,742.647,,,,,,,,,,0.1,75.33,76.69,,,,,-0.5,,,
2021-07-03,1.2,1.39,1.44,0.24,2.05,-0.89,2.33,2.49,,731.504,,,,,,,,,,0.1,75.37,77.51,,,,,-0.5,,,
2021-07-04,,,,,,,,,,,8078544.0,3780791.0,,,,,,,,0.1,,,,,,,-0.5,10351.5112,,
2021-07-05,,,,,,,,,,,,,,,,,,,,0.1,,,,,,,-0.5,,,
2021-07-06,,,,,,,,,,,,,-0.686,-0.8312,,,,,,0.1,,78.34,,,,,-0.5,,,
2021-07-07,1.15,1.32,1.37,0.22,2.0,-0.94,2.31,2.48,,772.581,,,,,,,,,,0.1,73.62,75.81,,,,,-0.5,,,
2021-07-08,1.11,1.28,1.33,0.22,1.94,-0.95,2.28,2.43,,785.72,,,,,,5.4,,,,0.1,72.22,74.31,,,,,-0.5,,,
2021-07-09,1.11,1.24,1.3,0.19,1.91,-0.92,2.22,2.38,,793.399,,,,,,,,,,0.1,72.98,75.07,,,,,-0.5,,,
2021-07-10,1.14,1.31,1.37,0.23,1.99,-0.91,2.28,2.44,,780.596,,,,,,,,,,0.1,74.56,77.14,,,,,-0.5,,,
2021-07-11,,,,,,,,,,,8097773.0,3870568.0,,,,,,,,0.1,,,,,,,-0.5,10356.0172,,
2021-07-12,,,,,,,,,,,,,,,,,,,,0.1,,,,,,,-0.5,,,
2021-07-13,1.15,1.33,1.38,0.23,2.0,-0.95,2.33,2.48,,776.472,,,-0.679,-0.6961,,,,,,0.1,74.21,76.77,,,,,-0.5,,,
2021-07-14,1.16,1.37,1.42,0.26,2.04,-0.94,2.36,2.56,,798.267,,,,,,,,,,0.1,75.24,77.5,,,,,-0.5,,,
2021-07-15,1.14,1.31,1.37,0.23,1.98,-0.97,2.34,2.53,,859.975,,,,,,,,81.2,,0.1,73.06,75.74,,,,,-0.5,,,
2021-07-16,1.08,1.26,1.31,0.23,1.92,-1.01,2.32,2.53,,776.261,,,,,271.903,,,,,0.1,71.67,74.53,,,,,-0.5,,,
2021-07-17,1.06,1.26,1.31,0.25,1.93,-1.02,2.33,2.52,,817.566,,,,,,,100.2519,,,0.1,71.76,74.46,,,,,-0.5,,,
2021-07-18,,,,,,,,,,,8201651.0,3903058.0,,,,,,,,0.1,,,,,,,-0.5,10361.6976,,
2021-07-19,,,,,,,,,,,,,,,,,,,,0.1,,,,,,,-0.5,,,
2021-07-20,0.98,1.14,1.19,0.21,1.81,-1.05,2.24,2.41,,860.468,,,-0.672,-0.7909,,,,,,0.1,66.45,69.33,,,,,-0.5,,,
2021-07-21,1.03,1.18,1.23,0.2,1.88,-1.03,2.26,2.4,,848.102,,,,,,,,,,0.1,67.32,70.03,,,,,-0.5,,,
2021-07-22,1.08,1.25,1.3,0.22,1.94,-0.98,2.28,2.45,,886.206,,,,,,,,,,0.1,70.26,72.54,,,,,-0.5,,,
2021-07-23,1.07,1.22,1.27,0.2,1.9,-1.01,2.28,2.46,,898.197,,,,,,,,,,0.1,72.15,74.25,,,,,-0.5,,,
2021-07-24,1.08,1.25,1.3,0.22,1.92,-1.05,2.35,2.53,,877.251,,,,,,,,,,0.1,72.24,74.86,,,,,-0.5,,,
2021-07-25,,,,,,,,,,,8240530.0,3972940.0,,,,,,,,0.1,,,,,,,-0.5,10373.964,,
2021-07-26,,,,,,,,,,,,,,,,,,,,0.1,,,,,,,-0.5,,,
2021-07-27,1.07,1.24,1.29,0.22,1.93,-1.11,2.4,2.59,,891.203,,,-0.665,-0.5545,,,,,,0.1,72.15,74.79,,,,,-0.5,,,
2021-07-28,1.05,1.2,1.25,0.2,1.89,-1.13,2.38,2.55,,927.419,,,,,,,,,,0.1,71.68,74.87,,,,,-0.5,,,
2021-07-29,1.06,1.21,1.26,0.2,1.9,-1.15,2.41,2.57,,965.189,,,,,,,,,,0.1,72.37,75.09,,,,,-0.5,,,
2021-07-30,1.08,1.22,1.28,0.2,1.91,-1.15,2.43,2.58,,987.283,,,,,,,,,,0.1,73.62,76.3,,,,,-0.5,,,
2021-07-31,1.05,1.18,1.24,0.19,1.89,-1.16,2.4,2.56,,1039.394,,,,,,,,,20630.0,0.07,73.93,77.72,9450.820454545456,3.809545454545455,0.42,,-0.5,,,
2021-08-01,,,,,,,,,,,8221473.0,3984371.0,,,,,,,,0.07,,,,,,,-0.5,10392.7459,,
2021-08-02,,,,,,,,,,,,,,,,,,,,0.07,,,,,,,-0.5,,,
2021-08-03,1.03,1.15,1.2,0.17,1.86,-1.17,2.37,2.51,,921.317,,,-0.66,-0.7536,,,,,,0.1,71.31,73.91,,,,,-0.5,,,
2021-08-04,1.02,1.14,1.19,0.17,1.85,-1.19,2.38,2.51,,909.442,,,,,,,,,,0.1,70.64,73.24,,,,,-0.5,,,
2021-08-05,1.02,1.14,1.19,0.17,1.83,-1.16,2.35,2.5,,931.755,,,,,,,,,,0.1,68.19,70.99,,,,,-0.5,,,
2021-08-06,1.02,1.18,1.23,0.21,1.86,-1.1,2.33,2.46,,944.335,,,,,,,,,,0.1,69.1,72.14,,,,,-0.5,,,
2021-08-07,1.1,1.25,1.31,0.21,1.94,-1.06,2.37,2.5,,952.134,,,,,,,,,,0.1,68.26,71.02,,,,,-0.5,,,
2021-08-08,,,,,,,,,,,8235073.0,4005578.0,,,,5.1,,,,0.1,,,,,,,-0.5,10401.6563,,
2021-08-09,,,,,,,,,,,,,,,,,,,,0.1,,,,,,,-0.5,,,
2021-08-10,1.1,1.27,1.33,0.23,1.96,-1.04,2.37,2.5,,981.765,,,-0.655,-0.6645,,,,,,0.1,66.56,69.65,,,,,-0.5,,,
2021-08-11,1.12,1.31,1.36,0.24,1.99,-1.04,2.4,2.53,,998.654,,,,,,,,,,0.1,68.33,71.14,,,,,-0.5,,,
2021-08-12,1.12,1.3,1.35,0.23,1.99,-1.07,2.42,2.55,,1000.46,,,,,,,,,,0.1,69.3,71.99,,,,,-0.5,,,
2021-08-13,1.13,1.3,1.36,0.23,2.03,-1.05,2.41,2.55,,1087.342,,,,,,,,,,0.1,69.12,71.79,,,,,-0.5,,,
2021-08-14,1.06,1.23,1.29,0.23,1.94,-1.08,2.37,2.52,,1050.941,,,,,,,,,,0.1,68.36,70.9,,,,,-0.5,,,
2021-08-15,,,,,,,,,,,8257159.0,4090506.0,,,,,,70.3,,0.1,,,,,,,-0.5,10409.4813,,
2021-08-16,,,,,,,,,,,,,,,272.676,,,,,0.1,,,,,,,-0.5,,,
2021-08-17,1.05,1.2,1.26,0.21,1.92,-1.1,2.36,2.5,,1036.418,,,-0.652,-0.8551,,,100.0437,,,0.1,67.44,70.07,,,,,-0.5,,,
2021-08-18,1.03,1.19,1.26,0.23,1.92,-1.07,2.33,2.49,,1053.454,,,,,,,,,,0.1,66.5,69.4,,,,,-0.5,,,
2021-08-19,1.04,1.2,1.27,0.23,1.91,-1.05,2.32,2.48,,1115.656,,,,,,,,,,0.09,65.36,68.61,,,,,-0.5,,,
2021-08-20,1.02,1.18,1.24,0.22,1.88,-1.04,2.28,2.45,,1109.938,,,,,,,,,,0.09,63.69,66.8,,,,,-0.5,,,
2021-08-21,1.03,1.21,1.26,0.23,1.87,-1.01,2.27,2.4,,1111.905,,,,,,,,,,0.09,62.25,65.51,,,,,-0.5,,,
2021-08-22,,,,,,,,,,,8342598.0,4186711.0,,,,,,,,0.09,,,,,,,-0.5,10410.5597,,
2021-08-23,,,,,,,,,,,,,,,,,,,,0.09,,,,,,,-0.5,,,
2021-08-24,1.02,1.2,1.25,0.23,1.87,-1.02,2.27,2.43,,1135.697,,,-0.651,-0.6056,,,,,,0.09,65.65,69.07,,,,,-0.5,,,
2021-08-25,1.05,1.24,1.29,0.24,1.91,-1.01,2.3,2.45,,1129.737,,,,,,,,,,0.09,67.5,71.21,,,,,-0.5,,,
2021-08-26,1.12,1.29,1.35,0.23,1.96,-1.0,2.35,2.51,,1147.089,,,,,,,,,,0.09,68.54,72.12,,,,,-0.5,,,
2021-08-27,1.09,1.29,1.34,0.25,1.94,-0.99,2.33,2.5,,1091.792,,,,,,,,,,0.09,67.42,70.42,,,,,-0.5,,,
2021-08-28,1.09,1.26,1.31,0.22,1.91,-1.08,2.39,2.53,,1120.015,,,,,,,,,,0.08,68.84,72.26,,,,,-0.5,,,
2021-08-29,,,,,,,,,,,8332743.0,4167748.0,,,,,,,,0.08,,,,,,,-0.5,10422.7822,,
2021-08-30,,,,,,,,,,,,,,,,,,,,0.08,,,,,,,-0.5,,,
2021-08-31,1.09,1.24,1.29,0.2,1.9,-1.08,2.37,2.51,,1140.711,,,-0.652,-0.7577,,,,,20844.1,0.08,69.28,,9370.138571428572,4.032272727272727,2.18,,-0.5,,,
2021-09-01,1.1,1.26,1.3,0.2,1.92,-1.03,2.33,2.48,,1189.616,,,,,,,,,,0.06,68.43,73.45,,,,,-0.5,,,
2021-09-02,1.11,1.26,1.31,0.2,1.92,-1.03,2.34,2.48,,1084.115,,,,,,,,,,0.08,68.63,71.99,,,,,-0.5,,,
2021-09-03,1.09,1.24,1.29,0.2,1.9,-1.03,2.32,2.47,,1066.987,,,,,,,,,,0.08,70.07,73.56,,,,,-0.5,,,
2021-09-04,1.12,1.28,1.33,0.21,1.94,-1.01,2.34,2.48,,1074.707,,,,,,,,,,0.08,69.34,73.07,,,,,-0.5,,,
2021-09-05,,,,,,,,,,,8349173.0,4193981.0,,,,,,,,0.08,,,,,,,-0.5,10442.1195,,
2021-09-06,,,,,,,,,,,,,,,,,,,,0.08,,,,,,,-0.5,,,
2021-09-07,,,,,,,,,,,,,-0.653,-0.7493,,,,,,0.08,,72.43,,,,,-0.5,,,
2021-09-08,1.16,1.33,1.38,0.22,1.99,-0.98,2.36,2.51,,1079.945,,,,,,4.7,,,,0.08,68.49,71.52,,,,,-0.5,,,
2021-09-09,1.13,1.3,1.35,0.22,1.95,-1.03,2.38,2.53,,1115.229,,,,,,,,,,0.08,69.36,72.36,,,,,-0.5,,,
2021-09-10,1.07,1.26,1.3,0.23,1.9,-1.08,2.38,2.55,,1107.659,,,,,,,,,,0.08,68.26,71.32,,,,,-0.5,,,
2021-09-11,1.12,1.3,1.35,0.23,1.94,-1.05,2.4,2.55,,1099.323,,,,,,,,,,0.08,69.82,72.44,,,,,-0.5,,,
2021-09-12,,,,,,,,,,,8357314.0,4250506.0,,,,,,,,0.08,,,,,,,-0.5,10447.1306,,
2021-09-13,,,,,,,,,,,,,,,,,,,,0.08,,,,,,,-0.5,,,
2021-09-14,1.12,1.27,1.33,0.21,1.91,-1.04,2.37,2.53,,1087.108,,,-0.655,-0.7025,,,,,,0.08,70.54,72.97,,,,,-0.5,,,
2021-09-15,1.07,1.24,1.28,0.21,1.85,-1.05,2.33,2.49,,1169.28,,,,,,,,72.8,,0.08,70.53,73.05,,,,,-0.5,,,
2021-09-16,1.1,1.27,1.31,0.21,1.87,-1.04,2.35,2.51,,1081.342,,,,,273.91,,,,,0.08,72.59,74.84,,,,,-0.5,,,
2021-09-17,1.11,1.3,1.34,0.23,1.88,-1.01,2.35,2.53,,1147.494,,,,,,,98.8579,,,0.08,72.69,75.14,,,,,-0.5,,,
2021-09-18,1.14,1.33,1.37,0.23,1.91,-0.96,2.33,2.51,,1218.303,,,,,,,,,,0.08,72.09,74.64,,,,,-0.5,,,
2021-09-19,,,,,,,,,,,8448770.0,4271184.0,,,,,,,,0.08,,,,,,,-0.5,10453.4686,,
2021-09-20,,,,,,,,,,,,,,,,,,,,0.08,,,,,,,-0.5,,,
2021-09-21,1.08,1.27,1.31,0.23,1.85,-0.98,2.29,2.43,,1224.289,,,-0.657,-0.6667,,,,,,0.08,70.41,73.59,,,,,-0.5,,,
2021-09-22,1.11,1.3,1.33,0.22,1.86,-0.96,2.29,2.44,,1240.494,,,,,,,,,,0.08,70.51,73.65,,,,,-0.5,,,
2021-09-23,1.07,1.29,1.32,0.25,1.84,-0.96,2.28,2.41,,1283.281,,,,,,,,,,0.08,72.37,75.5,,,,,-0.5,,,
2021-09-24,1.14,1.38,1.41,0.27,1.92,-0.9,2.31,2.48,,1352.483,,,,,,,,,,0.08,73.43,76.44,,,,,-0.5,,,
2021-09-25,1.18,1.44,1.47,0.29,1.99,-0.87,2.34,2.47,,1313.657,,,,,,,,,,0.08,74.18,77.42,,,,,-0.5,,,
2021-09-26,,,,,,,,,,,8489824.0,4156747.0,,,,,,,,0.08,,,,,,,-0.5,10442.6916,,
2021-09-27,,,,,,,,,,,,,,,,,,,,0.08,,,,,,,-0.5,,,
2021-09-28,1.17,1.44,1.48,0.31,1.99,-0.87,2.35,2.5,,1297.05,,,-0.658,-0.5348,,,,,,0.08,75.54,78.85,,,,,-0.5,,,
2021-09-29,1.23,1.5,1.54,0.31,2.07,-0.84,2.38,2.53,,1365.185,,,,,,,,,,0.08,75.44,78.3,,,,-32.4,-0.5,,118.54086,77.22057772916654
2021-09-30,1.25,1.51,1.55,0.3,2.09,-0.82,2.37,2.52,,1415.84,,,,,,,,,,0.08,75.06,77.86,,,,,-0.5,,,
2021-10-01,1.24,1.48,1.52,0.28,2.08,-0.85,2.37,2.51,,1604.881,,,,,,,,,20985.5,0.06,75.22,77.81,9324.709545454543,5.096818181818182,2.04,,-0.5,,,
2021-10-02,1.21,1.44,1.48,0.27,2.04,-0.9,2.38,2.51,,1385.991,,,,,,,,,,0.08,76.01,79.4,,,,,-0.5,,,
2021-10-03,,,,,,,,,,,8447981.0,4125348.0,,,,,,,,0.08,,,,,,,-0.5,10466.463,,
2021-10-04,,,,,,,,,,,,,,,,,,,,0.08,,,,,,,-0.5,,,
2021-10-05,1.22,1.45,1.49,0.27,2.05,-0.89,2.38,2.53,,1399.173,,,-0.659,-0.6255,,,,,,0.08,77.68,81.44,,,,,-0.5,,,
2021-10-06,1.26,1.5,1.54,0.28,2.1,-0.91,2.45,2.59,,1431.18,,,,,,,,,,0.08,79.17,82.72,,,,,-0.5,,,
2021-10-07,1.23,1.49,1.53,0.3,2.08,-0.9,2.43,2.57,,1451.175,,,,,,,,,,0.08,77.66,81.39,,,,,-0.5,,,
2021-10-08,1.26,1.53,1.58,0.32,2.13,-0.88,2.46,2.61,,1375.863,,,,,,4.5,,,,0.08,78.46,82.34,,,,,-0.5,,,
2021-10-09,1.29,1.56,1.61,0.32,2.16,-0.89,2.5,2.64,,1371.958,,,,,,,,,,0.08,79.55,82.17,,,,,-0.5,,,
2021-10-10,,,,,,,,,,,8464032.0,4130050.0,,,,,,,,0.08,,,,,,,-0.5,10473.3645,,
2021-10-11,,,,,,,,,,,,,,,,,,,,0.08,,,,,,,-0.5,,,
2021-10-12,,,,,,,,,,,,,-0.657,-0.6292,,,,,,0.08,80.64,83.75,,,,,-0.5,,,
2021-10-13,1.24,1.53,1.59,0.35,2.1,-0.9,2.49,2.64,,1367.051,,,,,,,,,,0.08,80.75,83.53,,,,,-0.5,,,
2021-10-14,1.19,1.51,1.56,0.37,2.05,-0.96,2.52,2.68,,1364.701,,,,,,,,,,0.08,80.67,83.53,,,,,-0.5,,,
2021-10-15,1.16,1.47,1.52,0.36,2.02,-1.0,2.52,2.69,,1445.66,,,,,,,,71.7,,0.08,81.43,83.86,,,,,-0.5,,,
2021-10-16,1.18,1.54,1.59,0.41,2.05,-0.97,2.56,2.71,,1462.297,,,,,276.55,,,,,0.08,82.39,84.67,,,,,-0.5,,,
2021-10-17,,,,,,,,,,,8480942.0,4194503.0,,,,,100.1861,,,0.08,,,,,,,-0.5,10499.2535,,
2021-10-18,,,,,,,,,,,,,,,,,,,,0.08,,,,,,,-0.5,,,
2021-10-19,1.15,1.53,1.59,0.44,2.01,-0.95,2.54,2.71,,1477.114,,,-0.651,-0.7213,,,,,,0.08,82.62,84.13,,,,,-0.5,,,
2021-10-20,1.24,1.6,1.65,0.41,2.09,-0.89,2.54,2.71,,1470.739,,,,,,,,,,0.08,83.19,85.02,,,,,-0.5,,,
2021-10-21,1.25,1.6,1.65,0.4,2.12,-0.92,2.57,2.77,,1493.961,,,,,,,,,,0.08,84.4,85.76,,,,,-0.5,,,
2021-10-22,1.23,1.62,1.68,0.45,2.13,-0.96,2.64,2.94,,1458.605,,,,,,,,,,0.08,82.64,84.58,,,,,-0.5,,,
2021-10-23,1.18,1.6,1.66,0.48,2.08,-0.98,2.64,2.91,,1403.02,,,,,,,,,,0.08,84.53,85.43,,,,,-0.5,,,
2021-10-24,,,,,,,,,,,8564943.0,4134714.0,,,,,,,,0.08,,,,,,,-0.5,10507.9825,,
2021-10-25,,,,,,,,,,,,,,,,,,,,0.08,,,,,,,-0.5,,,
2021-10-26,1.17,1.58,1.64,0.47,2.09,-1.02,2.66,2.95,,1413.188,,,-0.64,-0.8976,,,,,,0.08,84.64,84.85,,,,,-0.5,,,
2021-10-27,1.16,1.57,1.63,0.47,2.05,-1.06,2.69,2.99,,1423.198,,,,,,,,,,0.08,85.64,85.11,,,,,-0.5,,,
2021-10-28,1.04,1.48,1.54,0.5,1.95,-1.11,2.65,2.96,,1433.37,,,,,,,,,,0.08,82.66,84.12,,,,,-0.5,,,
2021-10-29,1.07,1.51,1.57,0.5,1.96,-1.0,2.57,2.9,,1384.684,,,,,,,,,,0.08,82.78,83.4,,,,,-0.5,,,
2021-10-30,1.07,1.5,1.55,0.48,1.93,-0.96,2.51,2.89,,1502.296,,,,,,,,,,0.07,83.5,83.1,,,,,-0.5,,,
2021-10-31,,,,,,,,,,,8556181.0,4077170.0,,,,,,,21164.2,0.07,,,9829.219047619048,5.571428571428571,0.28,,-0.5,10517.5643,,
2021-11-01,,,,,,,,,,,,,,,,,,,,0.07,,,,,,,-0.5,,,
2021-11-02,1.08,1.53,1.58,0.5,1.98,-0.92,2.5,2.86,,1358.606,,,-0.626,-0.8002,,,,,,0.08,84.08,84.51,,,,,-0.5,,,
2021-11-03,1.1,1.51,1.56,0.46,1.96,-0.95,2.51,2.84,,1329.913,,,,,,,,,,0.08,83.91,84.42,,,,,-0.5,,,
2021-11-04,1.13,1.55,1.6,0.47,2.0,-0.93,2.53,2.86,,1343.985,,,,,,,,,,0.08,80.82,81.1,,,,,-0.5,,,
2021-11-05,1.12,1.49,1.53,0.41,1.96,-1.03,2.56,2.88,,1348.539,,,,,,,,,,0.08,78.88,80.15,,,,,-0.5,,,
2021-11-06,1.06,1.4,1.45,0.39,1.87,-1.09,2.54,2.87,,1354.059,,,,,,,,,,0.08,81.25,82.43,,,,,-0.5,,,
2021-11-07,,,,,,,,,,,8574871.0,4086336.0,,,,,,,,0.08,,,,,,,-0.5,10553.3515,,
2021-11-08,,,,,,,,,,,,,,,,4.1,,,,0.08,,,,,,,-0.5,,,
2021-11-09,1.06,1.45,1.51,0.45,1.89,-1.11,2.62,2.94,,1354.382,,,-0.608,-0.6714,,,,,,0.08,81.96,83.22,,,,,-0.5,,,
2021-11-10,1.05,1.42,1.46,0.41,1.83,-1.17,2.63,2.96,,1377.197,,,,,,,,,,0.08,84.12,84.52,,,,,-0.5,,,
2021-11-11,1.05,1.51,1.56,0.51,1.92,-1.14,2.7,3.08,,1448.623,,,,,,,,,,0.08,81.23,82.91,,,,,-0.5,,,
2021-11-12,,,,,,,,,,,,,,,,,,,,0.08,81.47,83.4,,,,,-0.5,,,
2021-11-13,1.05,1.53,1.58,0.53,1.95,-1.15,2.73,3.11,,1417.643,,,,,,,,,,0.08,80.87,82.9,,,,,-0.5,,,
2021-11-14,,,,,,,,,,,8663117.0,4169041.0,,,,,,,,0.08,,,,,,,-0.5,10560.0132,,
2021-11-15,,,,,,,,,,,,,,,,,,67.4,,0.08,,,,,,,-0.5,,,
2021-11-16,1.1,1.58,1.63,0.53,2.01,-1.13,2.76,3.17,,1391.657,,,-0.588,-0.7779,278.919,,,,,0.08,80.85,81.94,,,,,-0.5,,,
2021-11-17,1.09,1.58,1.63,0.54,2.02,-1.1,2.73,3.17,,1466.857,,,,,,,100.8654,,,0.08,80.76,82.85,,,,,-0.5,,,
2021-11-18,1.08,1.55,1.6,0.52,2.0,-1.1,2.7,3.14,,1520.0,,,,,,,,,,0.08,78.32,80.67,,,,,-0.5,,,
2021-11-19,1.07,1.54,1.59,0.52,1.97,-1.14,2.73,3.11,,1584.097,,,,,,,,,,0.08,78.92,82.45,,,,,-0.5,,,
2021-11-20,1.02,1.49,1.54,0.52,1.91,-1.11,2.65,3.02,,1575.384,,,,,,,,,,0.08,76.11,80.24,,,,,-0.5,,,
2021-11-21,,,,,,,,,,,8674970.0,4209802.0,,,,,,,,0.08,,,,,,,-0.5,10582.2324,,
2021-11-22,,,,,,,,,,,,,,,,,,,,0.08,,,,,,,-0.5,,,
2021-11-23,1.0,1.58,1.63,0.63,1.98,-0.98,2.61,2.98,,1573.769,,,-0.57,-0.6827,,,,,,0.08,76.74,80.97,,,,,-0.5,,,
2021-11-24,1.07,1.61,1.67,0.6,2.02,-0.95,2.62,3.0,,1571.98,,,,,,,,,,0.08,78.32,83.43,,,,,-0.5,,,
2021-11-25,1.0,1.58,1.64,0.64,1.96,-0.97,2.61,3.03,,1452.897,,,,,,,,,,0.08,78.32,82.37,,,,,-0.5,,,
2021-11-26,,,,,,,,,,,,,,,,,,,,0.08,,82.05,,,,,-0.5,,,
2021-11-27,0.98,1.42,1.48,0.5,1.83,-1.07,2.55,2.92,,1451.108,,,,,,,,,,0.08,,72.37,,,,,-0.5,,,
2021-11-28,,,,,,,,,,,8681771.0,4162810.0,,,,,,,,0.08,,,,,,,-0.5,10600.1581,,
2021-11-29,,,,,,,,,,,,,,,,,,,,0.08,,,,,,,-0.5,,,
2021-11-30,1.01,1.46,1.52,0.51,1.87,-1.02,2.54,2.91,,1459.339,,,-0.554,-0.4798,,,,,,0.08,69.88,73.34,,,,,-0.5,,,
2021-12-01,0.91,1.38,1.43,0.52,1.78,-1.07,2.5,2.8,,1517.956,,,,,,,,,21341.0,0.07,66.14,70.86,9728.904545454545,5.119090909090909,0.34,,-0.5,,,
2021-12-02,0.87,1.37,1.43,0.56,1.77,-1.01,2.44,2.7,,1427.347,,,,,,,,,,0.08,65.44,69.53,,,,,-0.5,,,
2021-12-03,0.81,1.39,1.44,0.63,1.76,-1.03,2.47,2.73,,1448.585,,,,,,,,,,0.08,66.6,70.56,,,,,-0.5,,,
2021-12-04,0.75,1.29,1.35,0.6,1.69,-1.08,2.43,2.72,,1475.464,,,,,,,,,,0.08,66.39,70.71,,,,,-0.5,,,
2021-12-05,,,,,,,,,,,8650402.0,4224865.0,,,,,,,,0.08,,,,,,,-0.5,10631.8758,,
2021-12-06,,,,,,,,,,,,,,,,,,,,0.08,,,,,,,-0.5,,,
2021-12-07,0.78,1.38,1.43,0.65,1.75,-1.01,2.44,2.79,,1487.996,,,-0.543,-0.1541,,,,,,0.08,69.62,73.38,,,,,-0.5,,,
2021-12-08,0.78,1.42,1.48,0.7,1.8,-0.99,2.47,2.84,,1455.038,,,,,,3.9,,,,0.08,71.94,75.54,,,,,-0.5,,,
2021-12-09,0.84,1.45,1.52,0.68,1.87,-1.0,2.52,2.88,,1484.192,,,,,,,,,,0.08,72.43,75.94,,,,,-0.5,,,
2021-12-10,0.79,1.43,1.49,0.7,1.87,-0.98,2.47,2.8,,1500.027,,,,,,,,,,0.08,70.87,74.1,,,,,-0.5,,,
2021-12-11,0.81,1.42,1.48,0.67,1.88,-0.96,2.44,2.76,,1507.147,,,,,,,,,,0.08,71.71,74.98,,,,,-0.5,,,
2021-12-12,,,,,,,,,,,8664524.0,4275806.0,,,,,,,,0.08,,,,,,,-0.5,10656.31,,
2021-12-13,,,,,,,,,,,,,,,,,,,,0.08,,,,,,,-0.5,,,
2021-12-14,0.76,1.37,1.42,0.66,1.81,-0.98,2.4,2.73,,1599.768,,,-0.541,-0.6984,,,,,,0.08,71.19,74.12,,,,,-0.5,,,
2021-12-15,0.77,1.39,1.44,0.67,1.82,-0.93,2.37,2.66,,1584.488,,,,,,,,70.6,,0.08,70.57,73.37,,,,,-0.5,,,
2021-12-16,0.78,1.42,1.47,0.69,1.86,-0.92,2.39,2.67,,1621.097,,,,,280.845,,,,,0.08,70.89,73.71,,,,,-0.5,,,
2021-12-17,0.8,1.39,1.44,0.64,1.87,-0.98,2.42,2.7,,1657.626,,,,,,,100.5726,,,0.08,72.34,74.64,,,,,-0.5,,,
2021-12-18,0.75,1.36,1.41,0.66,1.82,-0.97,2.38,2.65,,1704.586,,,,,,,,,,0.08,70.93,72.97,,,,,-0.5,,,
2021-12-19,,,,,,,,,,,8756666.0,4251431.0,,,,,,,,0.08,,,,,,,-0.5,10692.474,,
2021-12-20,,,,,,,,,,,,,,,,,,,,0.08,,,,,,,-0.5,,,
2021-12-21,0.78,1.36,1.43,0.65,1.85,-0.96,2.39,2.65,,1758.041,,,-0.544,-0.489,,,,,,0.08,68.69,70.51,,,,,-0.5,,,
2021-12-22,0.78,1.41,1.48,0.7,1.89,-0.96,2.44,2.69,,1748.285,,,,,,,,,,0.08,71.1,72.85,,,,,-0.5,,,
2021-12-23,0.78,1.38,1.46,0.68,1.86,-1.01,2.47,2.7,,1699.277,,,,,,,,,,0.08,72.82,74.69,,,,,-0.5,,,
2021-12-24,0.79,1.43,1.5,0.71,1.91,-0.97,2.47,2.72,,1577.78,,,,,,,,,,0.08,73.89,76.26,,,,,-0.5,,,
2021-12-25,,,,,,,,,,,,,,,,,,,,0.08,,75.24,,,,,-0.5,,,
2021-12-26,,,,,,,,,,,8790495.0,4185009.0,,,,,,,,0.08,,,,,,,-0.5,10728.6353,,
2021-12-27,,,,,,,,,,,,,,,,,,,,0.08,,,,,,,-0.5,,,
2021-12-28,0.72,1.42,1.48,0.76,1.88,-1.02,2.5,2.75,,1580.347,,,-0.551,-0.5729,,,,,,0.08,75.49,,,,,,-0.5,,,
2021-12-29,0.75,1.43,1.49,0.74,1.9,-1.01,2.5,2.78,,1637.064,,,,,,,,,,0.08,76.01,,,,,,-0.5,,,
2021-12-30,0.8,1.5,1.55,0.75,1.96,-0.98,2.53,2.83,,1642.506,,,,,,,,,,0.08,76.58,78.63,,,,-18.2,-0.5,,119.3588,78.83963979912036
2021-12-31,0.79,1.47,1.52,0.73,1.93,-1.06,2.58,2.86,,1696.476,,,,,,,,,21502.8,0.08,76.83,78.61,9551.18,3.858260869565217,1.14,,-0.5,,,
2022-01-01,0.79,1.46,1.52,0.73,1.9,-1.04,2.56,2.87,,1904.582,,,,,,,,,,0.07,75.33,77.24,,,,,-0.5,,,
2022-01-02,,,,,,,,,,,8757460.0,4116196.0,,,,,,,,0.07,,,,,,,-0.5,10762.5992,,
2022-01-03,,,,,,,,,,,,,,,,,,,,0.07,,,,,,,-0.5,,,
2022-01-04,0.85,1.55,1.63,0.78,2.01,-0.97,2.6,2.95,,1579.526,,,-0.559,-0.7619,,,,,,0.08,75.99,78.25,,,,,-0.5,,,
2022-01-05,0.89,1.58,1.66,0.77,2.07,-0.91,2.57,2.93,,1495.692,,,,,,,,,,0.08,77.0,79.39,,,,,-0.5,,,
2022-01-06,0.88,1.62,1.71,0.83,2.09,-0.82,2.53,2.87,,1492.787,,,,,,,,,,0.08,77.83,80.6,,,,,-0.5,,,
2022-01-07,0.85,1.63,1.73,0.88,2.09,-0.73,2.46,2.77,,1510.553,,,,,,,,,,0.08,79.47,81.99,,,,,-0.5,,,
2022-01-08,0.89,1.66,1.76,0.87,2.11,-0.72,2.48,2.78,,1530.096,,,,,,4.0,,,,0.08,79.0,82.28,,,,,-0.5,,,
2022-01-09,,,,,,,,,,,8765721.0,3859731.0,,,,,,,,0.08,,,,,,,-0.5,10772.1214,,
2022-01-10,,,,,,,,,,,,,,,,,,,,0.08,,,,,,,-0.5,,,
2022-01-11,0.86,1.65,1.78,0.92,2.11,-0.7,2.48,2.77,,1560.421,,,-0.565,-0.6983,,,,,,0.08,78.11,81.56,,,,,-0.5,,,
2022-01-12,0.85,1.64,1.75,0.9,2.08,-0.79,2.54,2.87,,1527.02,,,,,,,,,,0.08,81.17,84.98,,,,,-0.5,,,
2022-01-13,0.82,1.62,1.74,0.92,2.08,-0.74,2.48,2.82,,1536.981,,,,,,,,,,0.08,82.51,85.83,,,,,-0.5,,,
2022-01-14,0.79,1.58,1.7,0.91,2.05,-0.73,2.43,2.77,,1636.742,,,,,,,,,,0.08,81.97,85.8,,,,,-0.5,,,
2022-01-15,0.79,1.65,1.78,0.99,2.12,-0.66,2.44,2.79,,1598.887,,,,,,,,67.2,,0.08,83.82,87.17,,,,,-0.5,,,
2022-01-16,,,,,,,,,,,8788278.0,3973554.0,,,282.543,,,,,0.08,,,,,,,-0.5,10787.0669,,
2022-01-17,,,,,,,,,,,,,,,,,100.1856,,,0.08,,,,,,,-0.5,,,
2022-01-18,,,,,,,,,,,,,-0.564,-0.6546,,,,,,0.08,,87.82,,,,,-0.5,,,
2022-01-19,0.81,1.71,1.87,1.06,2.18,-0.59,2.46,2.8,,1597.137,,,,,,,,,,0.08,85.42,88.83,,,,,-0.5,,,
2022-01-20,0.79,1.66,1.83,1.04,2.14,-0.57,2.4,2.73,,1656.576,,,,,,,,,,0.08,86.84,89.64,,,,,-0.5,,,
2022-01-21,0.75,1.66,1.83,1.08,2.14,-0.5,2.33,2.74,,1678.931,,,,,,,,,,0.08,86.29,89.75,,,,,-0.5,,,
2022-01-22,0.74,1.58,1.75,1.01,2.07,-0.59,2.34,2.7,,1706.127,,,,,,,,,,0.08,85.16,89.75,,,,,-0.5,,,
2022-01-23,,,,,,,,,,,8867834.0,3932521.0,,,,,,,,0.08,,,,,,,-0.5,10785.7615,,
2022-01-24,,,,,,,,,,,,,,,,,,,,0.08,,,,,,,-0.5,,,
2022-01-25,0.76,1.56,1.75,0.99,2.1,-0.63,2.38,2.74,,1614.002,,,-0.557,-0.377,,,,,,0.08,84.48,87.74,,,,,-0.5,,,
2022-01-26,0.76,1.59,1.78,1.02,2.12,-0.63,2.41,2.78,,1599.502,,,,,,,,,,0.08,86.61,89.49,,,,,-0.5,,,
2022-01-27,0.72,1.66,1.85,1.13,2.16,-0.53,2.38,2.75,,1613.046,,,,,,,,,,0.08,88.33,91.22,,,,,-0.5,,,
2022-01-28,0.63,1.61,1.81,1.18,2.09,-0.59,2.4,2.76,,1583.895,,,,,,,,,,0.08,87.61,90.7,,,,,-0.5,,,
2022-01-29,0.63,1.59,1.78,1.15,2.07,-0.66,2.44,2.8,,1615.021,,,,,,,,,,0.08,87.67,91.47,,,,,-0.5,,,
2022-01-30,,,,,,,,,,,8860485.0,3796174.0,,,,,,,,0.08,,,,,,,-0.5,10792.2313,,
2022-01-31,,,,,,,,,,,,,,,,,,,21647.4,0.08,,,9782.3375,4.233333333333333,1.1,,-0.5,,,
2022-02-01,0.61,1.57,1.79,1.18,2.11,-0.65,2.44,2.82,,1654.85,,,-0.543,-0.1927,,,,,,0.08,89.16,92.35,,,,,-0.5,,,
2022-02-02,0.63,1.62,1.81,1.18,2.12,-0.62,2.43,2.8,,1584.109,,,,,,,,,,0.08,88.22,90.24,,,,,-0.5,,,
2022-02-03,0.62,1.59,1.78,1.16,2.11,-0.63,2.41,2.79,,1626.895,,,,,,,,,,0.08,88.16,91.43,,,,,-0.5,,,
2022-02-04,0.63,1.62,1.82,1.19,2.14,-0.56,2.38,2.76,,1640.397,,,,,,,,,,0.08,90.17,92.99,,,,,-0.5,,,
2022-02-05,0.62,1.7,1.93,1.31,2.23,-0.48,2.41,2.78,,1642.892,,,,,,,,,,0.08,92.27,96.86,,,,,-0.5,,,
2022-02-06,,,,,,,,,,,8873211.0,3789714.0,,,,,,,,0.08,,,,,,,-0.5,10801.294,,
2022-02-07,,,,,,,,,,,,,,,,,,,,0.08,,,,,,,-0.5,,,
2022-02-08,0.62,1.65,1.92,1.3,2.22,-0.48,2.4,2.75,,1679.932,,,-0.523,-0.5069,,3.9,,,,0.08,91.25,97.28,,,,,-0.5,,,
2022-02-09,0.61,1.71,1.96,1.35,2.25,-0.46,2.42,2.77,,1674.61,,,,,,,,,,0.08,89.32,96.07,,,,,-0.5,,,
2022-02-10,0.58,1.68,1.94,1.36,2.25,-0.48,2.42,2.78,,1653.153,,,,,,,,,,0.08,89.57,94.95,,,,,-0.5,,,
2022-02-11,0.42,1.63,2.03,1.61,2.3,-0.42,2.45,2.81,,1634.146,,,,,,,,,,0.08,89.83,96.37,,,,,-0.5,,,
2022-02-12,0.42,1.56,1.92,1.5,2.24,-0.51,2.43,2.82,,1635.826,,,,,,,,,,0.08,93.1,97.5,,,,,-0.5,,,
2022-02-13,,,,,,,,,,,8878009.0,3771911.0,,,,,,,,0.08,,,,,,,-0.5,10818.4583,,
2022-02-14,,,,,,,,,,,,,,,,,,,,0.08,,,,,,,-0.5,,,
2022-02-15,0.4,1.55,1.98,1.58,2.29,-0.5,2.48,2.91,,1666.232,,,-0.497,-0.583,,,,62.8,,0.08,95.52,101.66,,,,,-0.5,,,
2022-02-16,0.47,1.65,2.05,1.58,2.37,-0.43,2.48,2.89,,1608.494,,,,,284.5,,,,,0.08,92.07,98.43,,,,,-0.5,,,
2022-02-17,0.51,1.65,2.03,1.52,2.34,-0.43,2.46,2.87,,1644.134,,,,,,,100.8064,,,0.08,93.83,97.44,,,,,-0.5,,,
2022-02-18,0.48,1.61,1.97,1.49,2.31,-0.46,2.43,2.87,,1647.202,,,,,,,,,,0.08,91.78,95.28,,,,,-0.5,,,
2022-02-19,0.45,1.57,1.92,1.47,2.24,-0.49,2.41,2.86,,1674.929,,,,,,,,,,0.08,91.26,96.18,,,,,-0.5,,,
2022-02-20,,,,,,,,,,,8911033.0,3799973.0,,,,,,,,0.08,,,,,,,-0.5,10829.0898,,
2022-02-21,,,,,,,,,,,,,,,,,,,,0.08,,,,,,,-0.5,,,
2022-02-22,,,,,,,,,,,,,-0.467,-0.1597,,,,,,0.08,,98.95,,,,,-0.5,,,
2022-02-23,0.38,1.57,1.94,1.56,2.24,-0.51,2.45,2.89,,1699.432,,,,,,,,,,0.08,92.11,98.73,,,,,-0.5,,,
2022-02-24,0.41,1.65,1.99,1.58,2.29,-0.54,2.53,3.01,,1738.322,,,,,,,,,,0.08,92.14,99.29,,,,,-0.5,,,
2022-02-25,0.42,1.64,1.96,1.54,2.28,-0.59,2.55,3.05,,1650.399,,,,,,,,,,0.08,92.77,101.29,,,,,-0.5,,,
2022-02-26,0.42,1.64,1.97,1.55,2.29,-0.57,2.54,3.02,,1603.349,,,,,,,,,,0.08,91.68,98.56,,,,,-0.5,,,
2022-02-27,,,,,,,,,,,8928129.0,3769869.0,,,,,,,,0.08,,,,,,,-0.5,10856.0027,,
2022-02-28,,,,,,,,,,,,,,,,,,,,0.08,,,,,,,-0.5,,,
2022-03-01,0.39,1.48,1.83,1.44,2.17,-0.79,2.62,3.11,,1596.052,,,-0.437,0.0021,,,,,,0.08,96.13,103.08,,,,,-0.5,,,
2022-03-02,0.41,1.4,1.72,1.31,2.11,-0.9,2.62,3.14,,1552.95,,,,,,,,,,0.08,103.66,110.93,,,,,-0.5,,,
2022-03-03,0.36,1.52,1.86,1.5,2.24,-0.85,2.71,3.23,,1526.211,,,,,,,,,21725.6,0.08,110.74,118.94,9943.175,4.475,0.42,,-0.5,,,
2022-03-04,0.33,1.48,1.86,1.53,2.24,-0.83,2.69,3.17,,1533.992,,,,,,,,,,0.08,107.69,115.36,,,,,-0.5,,,
2022-03-05,0.24,1.4,1.74,1.5,2.16,-0.93,2.67,3.19,,1483.061,,,,,,,,,,0.08,115.77,123.86,,,,,-0.5,,,
2022-03-06,,,,,,,,,,,8904455.0,3844716.0,,,,,,,,0.08,,,,,,,-0.5,10900.3015,,
2022-03-07,,,,,,,,,,,,,,,,,,,,0.08,,,,,,,-0.5,,,
2022-03-08,0.23,1.4,1.78,1.55,2.19,-0.99,2.77,3.29,,1461.227,,,-0.41,0.3071,,3.7,,,,0.08,119.26,129.02,,,,,-0.5,,,
2022-03-09,0.23,1.5,1.86,1.63,2.24,-1.04,2.9,3.43,,1525.099,,,,,,,,,,0.08,123.64,133.18,,,,,-0.5,,,
2022-03-10,0.26,1.56,1.94,1.68,2.29,-0.9,2.84,3.33,,1542.504,,,,,,,,,,0.08,108.81,116.58,,,,,-0.5,,,
2022-03-11,0.26,1.59,1.98,1.72,2.38,-0.88,2.86,3.42,,1568.735,,,,,,,,,,0.08,105.93,114.54,,,,,-0.5,,,
2022-03-12,0.25,1.6,2.0,1.75,2.36,-0.94,2.94,3.52,,1557.823,,,,,,,,,,0.08,109.31,118.11,,,,,-0.5,,,
2022-03-13,,,,,,,,,,,8910748.0,3959659.0,,,,,,,,0.08,,,,,,,-0.5,10932.4616,,
2022-03-14,,,,,,,,,,,,,,,,,,,,0.08,,,,,,,-0.5,,,
2022-03-15,0.27,1.69,2.14,1.87,2.47,-0.79,2.93,3.5,,1608.021,,,-0.389,0.1525,,,,59.4,,0.08,103.22,110.39,,,,,-0.5,,,
2022-03-16,0.3,1.69,2.15,1.85,2.49,-0.69,2.84,3.42,,1583.471,,,,,287.674,,,,,0.08,96.42,105.14,,,,,-0.5,,,
2022-03-17,0.24,1.75,2.19,1.95,2.46,-0.61,2.8,3.34,,1613.637,,,,,,,101.3907,,,0.08,94.85,104.61,,,,,-0.5,,,
2022-03-18,0.26,1.8,2.2,1.94,2.5,-0.71,2.91,3.51,,1659.977,,,,,,,,,,0.33,102.97,113.5,,,,,-0.5,,,
2022-03-19,0.17,1.72,2.14,1.97,2.42,-0.72,2.86,3.48,,1715.148,,,,,,,,,,0.33,104.69,114.32,,,,,-0.5,,,
2022-03-20,,,,,,,,,,,8954306.0,3961721.0,,,,,,,,0.33,,,,,,,-0.5,10949.2751,,
2022-03-21,,,,,,,,,,,,,,,,,,,,0.33,,,,,,,-0.5,,,
2022-03-22,0.18,1.78,2.32,2.14,2.55,-0.58,2.9,3.52,,1728.893,,,-0.376,-0.3072,,,,,,0.33,112.14,122.29,,,,,-0.5,,,
2022-03-23,0.2,1.87,2.38,2.18,2.6,-0.53,2.91,3.52,,1763.183,,,,,,,,,,0.33,111.03,121.53,,,,,-0.5,,,
2022-03-24,0.19,1.82,2.32,2.13,2.52,-0.62,2.94,3.57,,1803.186,,,,,,,,,,0.33,114.89,127.52,,,,,-0.5,,,
2022-03-25,0.21,1.82,2.34,2.13,2.51,-0.58,2.92,3.57,,1707.655,,,,,,,,,,0.33,114.2,123.98,,,,,-0.5,,,
2022-03-26,0.18,1.93,2.48,2.3,2.6,-0.47,2.95,3.59,,1676.974,,,,,,,,,,0.33,116.2,122.67,,,,,-0.5,,,
2022-03-27,,,,,,,,,,,8962474.0,3801095.0,,,,,,,,0.33,,,,,,,-0.5,10976.3329,,
2022-03-28,,,,,,,,,,,,,,,,,,,,0.33,,,,,,,-0.5,,,
2022-03-29,0.11,1.87,2.46,2.35,2.57,-0.49,2.95,3.56,,1688.632,,,-0.37,-0.6073,,,,,,0.33,107.55,114.5,,,,,-0.5,,,
2022-03-30,0.06,1.86,2.41,2.35,2.53,-0.45,2.86,3.4,,1718.87,,,,,,,,,,0.33,104.25,112.79,,,,,-0.5,,,
2022-03-31,0.04,1.8,2.35,2.31,2.48,-0.51,2.86,3.41,,1785.939,,,,,,,,,21788.1,0.33,107.81,115.59,10230.89391304348,4.971304347826087,0.4,,-0.5,,,
2022-04-01,0.04,1.8,2.32,2.28,2.44,-0.52,2.84,3.34,,1871.97,,,,,,,,,,0.33,100.53,107.29,,,,-14.5,-0.5,,120.39819,72.92352598005726
2022-04-02,-0.05,1.86,2.39,2.44,2.44,-0.41,2.8,3.28,,1666.063,,,,,,,,,,0.33,99.32,106.13,,,,,-0.5,,,
2022-04-03,,,,,,,,,,,8937142.0,3829680.0,,,,,,,,0.33,,,,,,,-0.5,11003.5827,,
2022-04-04,,,,,,,,,,,,,,,,,,,,0.33,,,,,,,-0.5,,,
2022-04-05,-0.01,1.76,2.42,2.43,2.48,-0.38,2.8,3.28,,1692.936,,,-0.368,-0.4666,,,,,,0.33,103.29,108.15,,,,,-0.5,,,
2022-04-06,0.03,1.89,2.54,2.51,2.57,-0.3,2.84,3.31,,1710.834,,,,,,,,,,0.33,101.98,106.6,,,,,-0.5,,,
2022-04-07,0.11,1.94,2.61,2.5,2.63,-0.22,2.83,3.28,,1731.472,,,,,,,,,,0.33,96.39,100.81,,,,,-0.5,,,
2022-04-08,0.19,1.98,2.66,2.47,2.69,-0.16,2.82,3.26,,1734.424,,,,,,3.7,,,,0.33,96.05,99.83,,,,,-0.5,,,
2022-04-09,0.19,2.02,2.72,2.53,2.76,-0.15,2.87,3.33,,1750.498,,,,,,,,,,0.33,98.35,101.26,,,,,-0.5,,,
2022-04-10,,,,,,,,,,,8937592.0,3834183.0,,,,,,,,0.33,,,,,,,-0.5,11021.3827,,
2022-04-11,,,,,,,,,,,,,,,,,,,,0.33,,,,,,,-0.5,,,
2022-04-12,0.29,2.02,2.79,2.5,2.84,-0.12,2.91,3.37,,1758.958,,,-0.365,-0.3668,,,,,,0.33,94.22,97.92,,,,,-0.5,,,
2022-04-13,0.33,1.98,2.72,2.39,2.82,-0.14,2.86,3.31,,1710.414,,,,,,,,,,0.33,100.52,104.42,,,,,-0.5,,,
2022-04-14,0.33,1.95,2.7,2.37,2.81,-0.1,2.8,3.25,,1815.555,,,,,,,,,,0.33,104.26,108.49,,,,,-0.5,,,
2022-04-15,0.36,2.04,2.83,2.47,2.92,-0.06,2.89,3.33,,1706.935,,,,,,,,65.2,,0.33,106.84,110.83,,,,,-0.5,,,
2022-04-16,,,,,,,,,,,,,,,288.561,,,,,0.33,,,,,,,-0.5,,,
2022-04-17,,,,,,,,,,,8965487.0,3823644.0,,,,,101.44,,,0.33,,,,,,,-0.5,11055.6367,,
2022-04-18,,,,,,,,,,,,,,,,,,,,0.33,,,,,,,-0.5,,,
2022-04-19,0.39,2.04,2.85,2.46,2.95,-0.07,2.92,3.36,,1738.379,,,-0.358,-0.278,,,,,,0.33,108.24,,,,,,-0.5,,,
2022-04-20,0.32,2.12,2.93,2.61,3.01,0.0,2.93,3.36,,1817.292,,,,,,,,,,0.33,102.54,105.49,,,,,-0.5,,,
2022-04-21,0.25,2.03,2.85,2.6,2.9,-0.07,2.92,3.36,,1866.56,,,,,,,,,,0.33,102.56,105.05,,,,,-0.5,,,
2022-04-22,0.22,2.07,2.9,2.68,2.94,-0.12,3.02,3.37,,1854.7,,,,,,,,,,0.33,103.89,107.2,,,,,-0.5,,,
2022-04-23,0.18,2.07,2.9,2.72,2.95,-0.08,2.98,3.37,,1765.031,,,,,,,,,,0.33,102.86,105.15,,,,,-0.5,,,
2022-04-24,,,,,,,,,,,8955851.0,3652101.0,,,,,,,,0.33,,,,,,,-0.5,11093.8758,,
2022-04-25,,,,,,,,,,,,,,,,,,,,0.33,,,,,,,-0.5,,,
2022-04-26,0.18,1.9,2.81,2.63,2.88,-0.1,2.91,3.27,,1783.609,,,-0.347,-0.3823,,,,,,0.33,99.6,99.27,,,,,-0.5,,,
2022-04-27,0.23,1.94,2.77,2.54,2.86,-0.08,2.85,3.25,,1819.343,,,,,,,,,,0.33,102.62,102.89,,,,,-0.5,,,
2022-04-28,0.24,2.0,2.82,2.58,2.91,-0.06,2.88,3.28,,1803.162,,,,,,,,,,0.33,101.96,103.3,,,,,-0.5,,,
2022-04-29,0.22,2.03,2.85,2.63,2.92,-0.12,2.97,3.39,,1818.416,,,,,,,,,,0.33,105.47,105.78,,,,,-0.5,,,
2022-04-30,0.19,2.04,2.89,2.7,2.96,0.01,2.88,3.3,,1906.802,,,,,,,,,,0.33,104.59,108.36,,,,,-0.5,,,
2022-05-01,,,,,,,,,,,8939199.0,3331982.0,,,,,,,21768.4,0.33,,,10174.34761904762,6.744761904761905,0.62,,-0.5,11110.979,,
2022-05-02,,,,,,,,,,,,,,,,,,,,0.33,,,,,,,-0.5,,,
2022-05-03,0.26,2.09,2.99,2.73,3.07,0.18,2.81,3.21,,1796.302,,,-0.332,0.1912,,,,,,0.33,105.18,,,,,,-0.5,,,
2022-05-04,0.19,2.06,2.97,2.78,3.03,0.14,2.83,3.21,,1796.252,,,,,,,,,,0.33,102.53,104.94,,,,,-0.5,,,
2022-05-05,0.27,2.04,2.93,2.66,3.01,0.07,2.86,3.24,,1815.656,,,,,,,,,,0.33,107.84,110.53,,,,,-0.5,,,
2022-05-06,0.34,2.2,3.05,2.71,3.15,0.18,2.87,3.23,,1844.762,,,,,,,,,,0.83,108.17,112.11,,,,,-0.5,,,
2022-05-07,0.4,2.27,3.12,2.72,3.23,0.26,2.86,3.22,,1861.866,,,,,,,,,,0.83,109.72,113.86,,,,,-0.5,,,
2022-05-08,,,,,,,,,,,8939972.0,3296085.0,,,,3.6,,,,0.83,,,,,,,-0.5,11141.7405,,
2022-05-09,,,,,,,,,,,,,,,,,,,,0.83,,,,,,,-0.5,,,
2022-05-10,0.44,2.13,3.05,2.61,3.19,0.3,2.75,3.06,,1858.995,,,-0.314,0.2128,,,,,,0.83,103.08,106.67,,,,,-0.5,,,
2022-05-11,0.37,2.1,2.99,2.62,3.12,0.34,2.65,2.92,,1864.225,,,,,,,,,,0.83,99.74,102.61,,,,,-0.5,,,
2022-05-12,0.25,2.0,2.91,2.66,3.05,0.21,2.7,3.0,,1876.119,,,,,,,,,,0.83,105.5,107.7,,,,,-0.5,,,
2022-05-13,0.28,1.88,2.84,2.56,3.0,0.25,2.59,2.89,,1900.069,,,,,,,,,,0.83,106.15,108.06,,,,,-0.5,,,
2022-05-14,0.32,1.9,2.93,2.61,3.1,0.24,2.69,3.03,,1865.287,,,,,,,,,,0.83,110.52,112.12,,,,,-0.5,,,
2022-05-15,,,,,,,,,,,8942008.0,3288552.0,,,,,,58.4,,0.83,,,,,,,-0.5,11187.0051,,
2022-05-16,,,,,,,,,,,,,,,291.298,,,,,0.83,,,,,,,-0.5,,,
2022-05-17,0.3,1.81,2.88,2.58,3.09,0.2,2.68,3.04,,1833.152,,,-0.295,0.5717,,,101.3335,,,0.83,114.07,114.86,,,,,-0.5,,,
2022-05-18,0.27,1.92,2.98,2.71,3.17,0.27,2.71,3.08,,1877.483,,,,,,,,,,0.83,112.31,112.89,,,,,-0.5,,,
2022-05-19,0.21,1.86,2.89,2.68,3.07,0.17,2.72,3.05,,1973.373,,,,,,,,,,0.83,109.67,110.04,,,,,-0.5,,,
2022-05-20,0.21,1.79,2.84,2.63,3.05,0.25,2.59,2.97,,1981.005,,,,,,,,,,0.83,112.21,113.22,,,,,-0.5,,,
2022-05-21,0.18,1.75,2.78,2.6,2.99,0.23,2.55,2.88,,1987.987,,,,,,,,,,0.83,112.63,113.63,,,,,-0.5,,,
2022-05-22,,,,,,,,,,,8945898.0,3356377.0,,,,,,,,0.83,,,,,,,-0.5,11209.4378,,
2022-05-23,,,,,,,,,,,,,,,,,,,,0.83,,,,,,,-0.5,,,
2022-05-24,0.21,1.79,2.86,2.65,3.08,0.26,2.6,2.92,,2044.658,,,-0.275,0.315,,,,,,0.83,110.32,115.13,,,,,-0.5,,,
2022-05-25,0.26,1.7,2.76,2.5,2.98,0.21,2.55,2.87,,1987.865,,,,,,,,,,0.83,112.55,115.77,,,,,-0.5,,,
2022-05-26,0.27,1.69,2.75,2.48,2.97,0.19,2.56,2.88,,1995.75,,,,,,,,,,0.83,112.88,116.41,,,,,-0.5,,,
2022-05-27,0.29,1.68,2.75,2.46,2.99,0.13,2.62,2.96,,2007.702,,,,,,,,,,0.83,116.19,119.81,,,,,-0.5,,,
2022-05-28,0.27,1.66,2.74,2.47,2.97,0.11,2.63,2.95,,2006.688,,,,,,,,,,0.83,114.96,121.19,,,,,-0.5,,,
2022-05-29,,,,,,,,,,,8914281.0,3306180.0,,,,,,,,0.83,,,,,,,-0.5,11250.9848,,
2022-05-30,,,,,,,,,,,,,,,,,,,,0.83,,,,,,,-0.5,,,
2022-05-31,,,,,,,,,,,,,-0.253,0.2939,,,,,21718.0,0.83,,123.01,9395.027272727271,8.16,0.8,,-0.5,,,
2022-06-01,0.32,1.69,2.85,2.53,3.07,0.21,2.64,2.96,,1978.538,,,,,,,,,,0.83,114.38,125.53,,,,,-0.5,,,
2022-06-02,0.28,1.79,2.94,2.66,3.09,0.29,2.65,2.96,,1965.015,,,,,,,,,,0.83,115.26,122.2,,,,,-0.5,,,
2022-06-03,0.27,1.75,2.92,2.65,3.09,0.26,2.66,2.97,,1985.239,,,,,,,,,,0.83,116.88,,,,,,-0.5,,,
2022-06-04,0.3,1.75,2.96,2.66,3.11,0.22,2.74,3.04,,2031.228,,,,,,,,,,0.83,118.97,125.68,,,,,-0.5,,,
2022-06-05,,,,,,,,,,,8915050.0,3322030.0,,,,,,,,0.83,,,,,,,-0.5,11284.6047,,
2022-06-06,,,,,,,,,,,,,,,,,,,,0.83,,,,,,,-0.5,,,
2022-06-07,0.31,1.78,3.04,2.73,3.19,0.28,2.76,3.05,,2040.093,,,-0.229,-0.1554,,,,,,0.83,118.41,124.99,,,,,-0.5,,,
2022-06-08,0.23,1.72,2.98,2.75,3.13,0.25,2.73,3.03,,2091.395,,,,,,3.6,,,,0.83,119.55,126.89,,,,,-0.5,,,
2022-06-09,0.25,1.75,3.03,2.78,3.18,0.28,2.75,3.06,,2140.277,,,,,,,,,,0.83,121.94,129.2,,,,,-0.5,,,
2022-06-10,0.21,1.74,3.04,2.83,3.18,0.29,2.75,3.08,,2142.318,,,,,,,,,,0.83,121.52,128.47,,,,,-0.5,,,
2022-06-11,0.09,1.76,3.15,3.06,3.2,0.39,2.76,3.13,,2162.885,,,,,,,,,,0.83,120.73,127.44,,,,,-0.5,,,
2022-06-12,,,,,,,,,,,8918254.0,3339405.0,,,,,,,,0.83,,,,,,,-0.5,11320.6,,
2022-06-13,,,,,,,,,,,,,,,,,,,,0.83,,,,,,,-0.5,,,
2022-06-14,0.03,1.7,3.43,3.4,3.42,0.69,2.74,3.11,,2212.62,,,-0.203,-0.0444,,,,,,0.83,120.92,128.44,,,,,-0.5,,,
2022-06-15,0.04,1.66,3.49,3.45,3.45,0.89,2.6,2.88,,2223.857,,,,,,,,50.0,,0.83,118.92,127.02,,,,,-0.5,,,
2022-06-16,0.13,1.59,3.33,3.2,3.39,0.63,2.7,3.0,,2162.924,,,,,294.957,,,,,0.83,115.32,124.96,,,,,-0.5,,,
2022-06-17,0.14,1.69,3.28,3.14,3.35,0.66,2.62,2.87,,2178.382,,,,,,,101.018,,,1.58,117.56,125.78,,,,,-0.5,,,
2022-06-18,0.08,1.62,3.25,3.17,3.3,0.67,2.58,2.8,,2229.279,,,,,,,,,,1.58,109.56,119.22,,,,,-0.5,,,
2022-06-19,,,,,,,,,,,8932420.0,3283954.0,,,,,,,,1.58,,,,,,,-0.5,11350.5964,,
2022-06-20,,,,,,,,,,,,,,,,,,,,1.58,,,,,,,-0.5,,,
2022-06-21,,,,,,,,,,,,,-0.179,0.0293,,,,,,1.58,,118.25,,,,,-0.5,,,
2022-06-22,0.1,1.61,3.31,3.21,3.39,0.7,2.61,2.84,,2188.627,,,,,,,,,,1.58,110.49,118.51,,,,,-0.5,,,
2022-06-23,0.1,1.55,3.16,3.06,3.25,0.62,2.54,2.74,,2259.458,,,,,,,,,,1.58,106.22,115.54,,,,,-0.5,,,
2022-06-24,0.08,1.44,3.09,3.01,3.21,0.59,2.5,2.69,,2285.442,,,,,,,,,,1.58,105.75,114.5,,,,,-0.5,,,
2022-06-25,0.09,1.4,3.13,3.04,3.26,0.57,2.56,2.82,,2180.984,,,,,,,,,,1.58,109.07,117.36,,,,,-0.5,,,
2022-06-26,,,,,,,,,,,8934346.0,3147556.0,,,,,,,,1.58,,,,,,,-0.5,11396.5154,,
2022-06-27,,,,,,,,,,,,,,,,,,,,1.58,,,,,,,-0.5,,,
2022-06-28,0.12,1.41,3.2,3.08,3.31,0.65,2.55,2.79,,2155.942,,,-0.163,0.3925,,,,,,1.58,111.44,119.69,,,,,-0.5,,,
2022-06-29,0.1,1.41,3.2,3.1,3.3,0.72,2.48,2.73,,2213.784,,,,,,,,,,1.58,113.66,122.21,,,,,-0.5,,,
2022-06-30,0.04,1.32,3.1,3.06,3.22,0.74,2.36,2.59,,2226.976,,,,,,,,,,1.58,111.65,120.8,,,,-1.5,-0.5,,118.20207,74.3296692330721
2022-07-01,0.06,1.26,2.98,2.92,3.14,0.65,2.33,2.58,,2329.743,,,,,,,,,21647.0,1.58,107.76,119.78,9067.55181818182,7.570909090909091,0.62,,-0.5,,,
2022-07-02,0.04,1.15,2.88,2.84,3.11,0.54,2.34,2.6,,2167.085,,,,,,,,,,1.58,110.3,119.21,,,,,-0.5,,,
2022-07-03,,,,,,,,,,,8913553.0,3130087.0,,,,,,,,1.58,,,,,,,-0.5,11410.3922,,
2022-07-04,,,,,,,,,,,,,,,,,,,,1.58,,,,,,,-0.5,,,
2022-07-05,,,,,,,,,,,,,-0.157,0.6243,,,,,,1.58,,121.8,,,,,-0.5,,,
2022-07-06,0.0,0.92,2.82,2.82,3.05,0.52,2.3,2.51,,2138.28,,,,,,,,,,1.58,101.55,110.49,,,,,-0.5,,,
2022-07-07,-0.04,1.03,2.93,2.97,3.14,0.64,2.29,2.48,,2168.026,,,,,,,,,,1.58,100.31,108.54,,,,,-0.5,,,
2022-07-08,-0.02,1.06,3.01,3.03,3.2,0.68,2.33,2.53,,2172.457,,,,,,3.5,,,,1.58,104.62,113.4,,,,,-0.5,,,
2022-07-09,-0.03,1.11,3.09,3.12,3.27,0.72,2.37,2.62,,2144.921,,,,,,,,,,1.58,106.78,113.95,,,,,-0.5,,,
2022-07-10,,,,,,,,,,,8891851.0,3190627.0,,,,,,,,1.58,,,,,,,-0.5,11432.4412,,
2022-07-11,,,,,,,,,,,,,,,,,,,,1.58,,,,,,,-0.5,,,
2022-07-12,-0.08,0.81,2.99,3.07,3.18,0.67,2.32,2.56,,2164.266,,,-0.16,0.4386,,,,,,1.58,106.09,114.85,,,,,-0.5,,,
2022-07-13,-0.07,0.74,2.96,3.03,3.13,0.64,2.32,2.5,,2146.132,,,,,,,,,,1.58,97.69,106.98,,,,,-0.5,,,
2022-07-14,-0.22,0.52,2.91,3.13,3.08,0.6,2.31,2.51,,2155.29,,,,,,,,,,1.58,98.44,107.17,,,,,-0.5,,,
2022-07-15,-0.19,0.56,2.96,3.15,3.11,0.62,2.34,2.54,,2207.121,,,,,,,,51.5,,1.58,97.79,107.74,,,,,-0.5,,,
2022-07-16,-0.2,0.56,2.93,3.13,3.1,0.57,2.36,2.59,,2153.75,,,,,294.913,,,,,1.58,99.59,112.26,,,,,-0.5,,,
2022-07-17,,,,,,,,,,,8895867.0,3273436.0,,,,,101.223,,,1.58,,,,,,,-0.5,11459.4066,,
2022-07-18,,,,,,,,,,,,,,,,,,,,1.58,,,,,,,-0.5,,,
2022-07-19,-0.19,0.46,2.96,3.15,3.14,0.59,2.37,2.63,,2190.375,,,-0.174,0.0756,,,,,,1.58,104.48,117.27,,,,,-0.5,,,
2022-07-20,-0.22,0.49,3.01,3.23,3.17,0.62,2.39,2.67,,2211.821,,,,,,,,,,1.58,106.12,114.96,,,,,-0.5,,,
2022-07-21,-0.21,0.53,3.04,3.25,3.17,0.66,2.38,2.67,,2240.204,,,,,,,,,,1.58,104.45,115.86,,,,,-0.5,,,
2022-07-22,-0.19,0.43,2.91,3.1,3.08,0.58,2.33,2.55,,2271.756,,,,,,,,,,1.58,98.44,112.81,,,,,-0.5,,,
2022-07-23,-0.21,0.28,2.77,2.98,3.0,0.43,2.34,2.56,,2228.959,,,,,,,,,,1.58,97.71,106.77,,,,,-0.5,,,
2022-07-24,,,,,,,,,,,8899213.0,3284324.0,,,,,,,,1.58,,,,,,,-0.5,11493.5679,,
2022-07-25,,,,,,,,,,,,,,,,,,,,1.58,,,,,,,-0.5,,,
2022-07-26,-0.19,0.19,2.81,3.0,3.04,0.45,2.36,2.58,,2192.367,,,-0.194,-0.2635,,,,,,1.58,99.83,108.23,,,,,-0.5,,,
2022-07-27,-0.21,0.26,2.81,3.02,3.03,0.45,2.36,2.56,,2189.474,,,,,,,,,,1.58,97.74,107.32,,,,,-0.5,,,
2022-07-28,-0.18,0.34,2.78,2.96,3.03,0.36,2.42,2.61,,2188.994,,,,,,,,,,1.58,100.03,109.64,,,,,0.0,,,
2022-07-29,-0.17,0.26,2.68,2.85,3.02,0.2,2.48,2.67,,2239.883,,,,,,,,,,2.33,99.11,109.68,,,,,0.0,,,
2022-07-30,-0.22,0.26,2.67,2.89,3.0,0.14,2.53,2.73,,2300.2,,,,,,,,,,2.32,101.31,111.51,,,,,0.0,,,
2022-07-31,,,,,,,,,,,8890004.0,3256875.0,,,,,,,21649.3,2.32,,,7544.809523809524,7.109047619047619,0.26,,0.0,11511.2564,,
2022-08-01,,,,,,,,,,,,,,,,,,,,2.32,,,,,,,0.0,,,
2022-08-02,-0.3,0.04,2.6,2.9,2.92,0.09,2.51,2.72,,2161.885,,,-0.212,-0.1782,,,,,,2.33,96.59,106.09,,,,,0.0,,,
2022-08-03,-0.31,0.19,2.75,3.06,3.0,0.27,2.48,2.69,,2156.013,,,,,,,,,,2.33,97.14,106.51,,,,,0.0,,,
2022-08-04,-0.37,0.21,2.73,3.1,2.96,0.23,2.5,2.72,,2182.238,,,,,,,,,,2.33,93.25,101.82,,,,,0.0,,,
2022-08-05,-0.35,0.18,2.68,3.03,2.97,0.22,2.46,2.64,,2191.546,,,,,,,,,,2.33,91.29,97.99,,,,,0.0,,,
2022-08-06,-0.41,0.25,2.83,3.24,3.06,0.37,2.46,2.64,,2194.927,,,,,,,,,,2.33,91.77,100.31,,,,,0.0,,,
2022-08-07,,,,,,,,,,,8874620.0,3259011.0,,,,,,,,2.33,,,,,,,0.0,11529.5336,,
2022-08-08,,,,,,,,,,,,,,,,3.6,,,,2.33,,,,,,,0.0,,,
2022-08-09,-0.44,0.12,2.77,3.21,3.0,0.29,2.48,2.65,,2195.692,,,-0.226,-0.4737,,,,,,2.33,93.52,103.46,,,,,0.0,,,
2022-08-10,-0.48,0.13,2.8,3.28,3.01,0.33,2.47,2.66,,2186.568,,,,,,,,,,2.33,93.18,103.81,,,,,0.0,,,
2022-08-11,-0.45,0.13,2.78,3.23,3.04,0.35,2.43,2.61,,2177.646,,,,,,,,,,2.33,94.68,105.06,,,,,0.0,,,
2022-08-12,-0.36,0.25,2.87,3.23,3.15,0.4,2.47,2.67,,2199.247,,,,,,,,,,2.33,97.02,107.19,,,,,0.0,,,
2022-08-13,-0.41,0.21,2.84,3.25,3.12,0.37,2.47,2.67,,2213.193,,,,,,,,,,2.33,94.86,103.7,,,,,0.0,,,
2022-08-14,,,,,,,,,,,8879138.0,3348147.0,,,,,,,,2.33,,,,,,,0.0,11564.521,,
2022-08-15,,,,,,,,,,,,,,,,,,58.2,,2.33,,,,,,,0.0,,,
2022-08-16,-0.41,0.07,2.79,3.2,3.1,0.35,2.44,2.62,,2175.857,,,-0.234,-0.3996,295.097,,,,,2.33,92.24,98.25,,,,,0.0,,,
2022-08-17,-0.43,0.12,2.82,3.25,3.11,0.38,2.44,2.61,,2165.332,,,,,,,101.0963,,,2.33,89.23,95.36,,,,,0.0,,,
2022-08-18,-0.39,0.21,2.89,3.28,3.15,0.43,2.46,2.65,,2199.631,,,,,,,,,,2.33,90.85,97.22,,,,,0.0,,,
2022-08-19,-0.34,0.17,2.88,3.22,3.14,0.36,2.52,2.7,,2218.161,,,,,,,,,,2.33,93.2,96.35,,,,,0.0,,,
2022-08-20,-0.27,0.24,2.98,3.25,3.22,0.43,2.55,2.72,,2221.68,,,,,,,,,,2.33,93.55,96.45,,,,,0.0,,,
2022-08-21,,,,,,,,,,,8849762.0,3346750.0,,,,,,,,2.33,,,,,,,0.0,11584.1726,,
2022-08-22,,,,,,,,,,,,,,,,,,,,2.33,,,,,,,0.0,,,
2022-08-23,-0.29,0.21,3.03,3.32,3.24,0.46,2.57,2.74,,2235.665,,,-0.232,-0.3626,,,,,,2.33,93.42,95.06,,,,,0.0,,,
2022-08-24,-0.24,0.25,3.05,3.29,3.26,0.47,2.58,2.77,,2250.718,,,,,,,,,,2.33,96.46,99.49,,,,,0.0,,,
2022-08-25,-0.25,0.29,3.11,3.36,3.32,0.49,2.62,2.79,,2237.072,,,,,,,,,,2.33,95.52,99.87,,,,,0.0,,,
2022-08-26,-0.32,0.15,3.03,3.35,3.25,0.43,2.6,2.77,,2187.907,,,,,,,,,,2.33,93.33,98.81,,,,,0.0,,,
2022-08-27,-0.33,0.15,3.04,3.37,3.21,0.47,2.57,2.73,,2182.452,,,,,,,,,,2.33,93.63,101.13,,,,,0.0,,,
2022-08-28,,,,,,,,,,,8851436.0,3307365.0,,,,,,,,2.33,,,,,,,0.0,11604.9633,,
2022-08-29,,,,,,,,,,,,,,,,,,,,2.33,,,,,,,0.0,,,
2022-08-30,-0.3,0.15,3.12,3.42,3.25,0.54,2.58,2.71,,2205.188,,,-0.219,-0.2025,,,,,,2.33,97.4,,,,,,0.0,,,
2022-08-31,-0.35,0.14,3.11,3.46,3.23,0.56,2.55,2.67,,2188.975,,,,,,,,,21641.9,2.33,92.08,99.34,7990.812173913043,8.777391304347827,0.62,,0.0,,,
2022-09-01,-0.3,0.19,3.15,3.45,3.27,0.67,2.48,2.58,,2251.025,,,,,,,,,,2.33,90.09,96.55,,,,,0.0,,,
2022-09-02,-0.25,0.29,3.26,3.51,3.37,0.81,2.45,2.52,,2173.156,,,,,,,,,,2.33,87.09,92.24,,,,,0.0,,,
2022-09-03,-0.2,0.26,3.2,3.4,3.35,0.73,2.47,2.55,,2173.413,,,,,,,,,,2.33,87.29,93.09,,,,,0.0,,,
2022-09-04,,,,,,,,,,,8826093.0,3248654.0,,,,,,,,2.33,,,,,,,0.0,11622.9607,,
2022-09-05,,,,,,,,,,,,,,,,,,,,2.33,,,,,,,0.0,,,
2022-09-06,,,,,,,,,,,,,-0.198,-0.1321,,,,,,2.33,,94.22,,,,,0.0,,,
2022-09-07,-0.17,0.29,3.33,3.5,3.49,0.85,2.48,2.56,,2188.796,,,,,,,,,,2.33,87.35,91.43,,,,,0.0,,,
2022-09-08,-0.18,0.2,3.27,3.45,3.42,0.82,2.45,2.51,,2206.987,,,,,,3.5,,,,2.33,82.5,86.83,,,,,0.0,,,
2022-09-09,-0.19,0.23,3.29,3.48,3.45,0.88,2.41,2.46,,2210.466,,,,,,,,,,2.33,84.04,87.99,,,,,0.0,,,
2022-09-10,-0.23,0.25,3.33,3.56,3.47,0.91,2.42,2.51,,2209.714,,,,,,,,,,2.33,87.27,91.68,,,,,0.0,,,
2022-09-11,,,,,,,,,,,8822401.0,3285498.0,,,,,,,,2.33,,,,,,,0.0,11631.8277,,
2022-09-12,,,,,,,,,,,,,,,,,,,,2.33,,,,,,,0.0,,,
2022-09-13,-0.21,0.2,3.37,3.58,3.53,0.95,2.42,2.52,,2218.546,,,-0.171,-0.3069,,,,,,2.33,88.18,93.45,,,,,0.0,,,
2022-09-14,-0.33,0.14,3.42,3.75,3.51,0.98,2.44,2.56,,2202.719,,,,,,,,,,2.33,87.84,92.04,,,,,0.0,,,
2022-09-15,-0.37,0.17,3.41,3.78,3.47,0.95,2.46,2.62,,2225.579,,,,,,,,58.6,,2.33,88.88,92.83,,,,,0.75,,,
2022-09-16,-0.42,0.23,3.45,3.87,3.48,1.02,2.43,2.57,,2176.188,,,,,296.349,,,,,2.33,85.72,89.28,,,,,0.75,,,
2022-09-17,-0.4,0.25,3.45,3.85,3.52,1.07,2.38,2.49,,2186.833,,,,,,,101.2918,,,2.33,85.57,89.43,,,,,0.75,,,
2022-09-18,,,,,,,,,,,8832759.0,3234928.0,,,,,,,,2.33,,,,,,,0.75,11665.0679,,
2022-09-19,,,,,,,,,,,,,,,,,,,,2.33,,,,,,,0.75,,,
2022-09-20,-0.46,0.12,3.49,3.95,3.52,1.15,2.34,2.44,,2217.542,,,-0.142,-0.4338,,,,,,2.33,86.15,,,,,,0.75,,,
2022-09-21,-0.39,0.22,3.57,3.96,3.59,1.17,2.4,2.48,,2238.87,,,,,,,,,,2.33,84.69,89.62,,,,,0.75,,,
2022-09-22,-0.51,0.2,3.51,4.02,3.5,1.13,2.38,2.47,,2315.9,,,,,,,,,,2.33,83.38,89.86,,,,,0.75,,,
2022-09-23,-0.41,0.41,3.7,4.11,3.65,1.29,2.41,2.45,,2359.227,,,,,,,,,,3.08,84.02,90.4,,,,,0.75,,,
2022-09-24,-0.51,0.45,3.69,4.2,3.61,1.32,2.37,2.38,,2319.361,,,,,,,,,,3.08,79.07,84.29,,,,,0.75,,,
2022-09-25,,,,,,,,,,,8816802.0,3104032.0,,,,,,,,3.08,,,,,,,0.75,11701.8782,,
2022-09-26,,,,,,,,,,,,,,,,,,,,3.08,,,,,,,0.75,,,
2022-09-27,-0.39,0.49,3.88,4.27,3.72,1.56,2.32,2.33,,2299.011,,,-0.116,0.1352,,,,,,3.08,77.17,82.55,,,,,0.75,,,
2022-09-28,-0.33,0.62,3.97,4.3,3.87,1.64,2.33,2.35,,2327.111,,,,,,,,,,3.08,78.91,85.97,,,,,0.75,,,
2022-09-29,-0.35,0.32,3.72,4.07,3.7,1.39,2.33,2.37,,2366.798,,,,,,,,,,3.08,82.61,89.55,,,,24.2,0.75,,117.43832,75.56457209091677
2022-09-30,-0.4,0.4,3.76,4.16,3.71,1.57,2.19,2.18,,2371.763,,,,,,,,,,3.08,81.78,89.41,,,,,0.75,,,
2022-10-01,-0.39,0.5,3.83,4.22,3.79,1.68,2.15,2.14,,2425.91,,,,,,,,,21541.3,3.08,79.91,88.9,7746.011363636364,7.835,0.62,,0.75,,,
2022-10-02,,,,,,,,,,,8795567.0,2960598.0,,,,,,,,3.08,,,,,,,0.75,11710.4641,,
2022-10-03,,,,,,,,,,,,,,,,,,,,3.08,,,,,,,0.75,,,
2022-10-04,-0.45,0.21,3.67,4.12,3.73,1.43,2.24,2.26,,2252.523,,,-0.096,0.5211,,,,,,3.08,84.05,90.68,,,,,0.75,,,
2022-10-05,-0.48,0.17,3.62,4.1,3.7,1.38,2.24,2.28,,2233.616,,,,,,,,,,3.08,86.87,93.74,,,,,0.75,,,
2022-10-06,-0.39,0.3,3.76,4.15,3.78,1.54,2.22,2.26,,2230.799,,,,,,,,,,3.08,88.22,94.35,,,,,0.75,,,
2022-10-07,-0.4,0.37,3.83,4.23,3.81,1.61,2.22,2.29,,2232.801,,,,,,,,,,3.08,88.9,95.65,,,,,0.75,,,
2022-10-08,-0.41,0.44,3.89,4.3,3.86,1.62,2.27,2.36,,2226.95,,,,,,3.6,,,,3.08,93.07,98.88,,,,,0.75,,,
2022-10-09,,,,,,,,,,,8759053.0,2972874.0,,,,,,,,3.08,,,,,,,0.75,11747.9552,,
2022-10-10,,,,,,,,,,,,,,,,,,,,3.08,,,,,,,0.75,,,
2022-10-11,,,,,,,,,,,,,-0.089,0.1773,,,,,,3.08,91.6,97.13,,,,,0.75,,,
2022-10-12,-0.37,0.26,3.93,4.3,3.92,1.62,2.31,2.36,,2222.479,,,,,,,,,,3.08,89.75,95.17,,,,,0.75,,,
2022-10-13,-0.37,0.21,3.91,4.28,3.9,1.62,2.29,2.32,,2247.206,,,,,,,,,,3.08,87.83,93.44,,,,,0.75,,,
2022-10-14,-0.5,0.18,3.97,4.47,3.97,1.63,2.34,2.38,,2244.1,,,,,,,,,,3.08,89.59,95.16,,,,,0.75,,,
2022-10-15,-0.48,0.19,4.0,4.48,3.99,1.59,2.41,2.44,,2222.052,,,,,,,,59.9,,3.08,86.1,92.22,,,,,0.75,,,
2022-10-16,,,,,,,,,,,8758969.0,3087912.0,,,298.007,,,,,3.08,,,,,,,0.75,11774.6196,,
2022-10-17,,,,,,,,,,,,,,,,,101.2529,,,3.08,,,,,,,0.75,,,
2022-10-18,-0.43,0.05,4.02,4.45,4.04,1.57,2.45,2.48,,2172.301,,,-0.09,0.2893,,,,,,3.08,86.0,91.04,,,,,0.75,,,
2022-10-19,-0.42,-0.03,4.01,4.43,4.04,1.6,2.41,2.42,,2226.725,,,,,,,,,,3.08,83.29,89.46,,,,,0.75,,,
2022-10-20,-0.41,0.07,4.14,4.55,4.15,1.72,2.42,2.46,,2241.835,,,,,,,,,,3.08,86.0,91.34,,,,,0.75,,,
2022-10-21,-0.38,0.15,4.24,4.62,4.24,1.73,2.51,2.65,,2234.071,,,,,,,,,,3.08,86.02,91.52,,,,,0.75,,,
2022-10-22,-0.28,0.12,4.21,4.49,4.33,1.69,2.52,2.69,,2265.809,,,,,,,,,,3.08,85.47,91.82,,,,,0.75,,,
2022-10-23,,,,,,,,,,,8743922.0,3092044.0,,,,,,,,3.08,,,,,,,0.75,11784.8257,,
2022-10-24,,,,,,,,,,,,,,,,,,,,3.08,,,,,,,0.75,,,
2022-10-25,-0.25,0.09,4.25,4.5,4.4,1.66,2.59,2.72,,2242.044,,,-0.101,-0.1464,,,,,,3.08,86.12,91.57,,,,,0.75,,,
2022-10-26,-0.32,-0.04,4.1,4.42,4.26,1.59,2.51,2.62,,2195.616,,,,,,,,,,3.08,86.93,91.76,,,,,0.75,,,
2022-10-27,-0.35,-0.07,4.04,4.39,4.19,1.6,2.44,2.56,,2186.856,,,,,,,,,,3.08,89.39,92.93,,,,,0.75,,,
2022-10-28,-0.34,-0.17,3.96,4.3,4.12,1.51,2.45,2.57,,2152.485,,,,,,,,,,3.08,89.06,94.17,,,,,0.75,,,
2022-10-29,-0.39,-0.16,4.02,4.41,4.15,1.51,2.51,2.62,,2183.29,,,,,,,,,,3.08,87.85,94.64,,,,,0.75,,,
2022-10-30,,,,,,,,,,,8723090.0,3042838.0,,,,,,,,3.08,,,,,,,0.75,11809.7685,,
2022-10-31,,,,,,,,,,,,,,,,,,,21464.1,3.08,,,7651.082857142857,6.093809523809524,1.04,,0.75,,,
2022-11-01,-0.41,-0.12,4.1,4.51,4.22,1.58,2.52,2.67,,2275.459,,,-0.117,-0.2837,,,,,,3.08,86.54,93.3,,,,,0.75,,,
2022-11-02,-0.47,-0.16,4.07,4.54,4.14,1.56,2.51,2.65,,2200.51,,,,,,,,,,3.08,88.36,95.12,,,,,0.75,,,
2022-11-03,-0.51,-0.12,4.1,4.61,4.15,1.57,2.53,2.68,,2229.861,,,,,,,,,,3.08,90.06,96.07,,,,,1.5,,,
2022-11-04,-0.57,-0.11,4.14,4.71,4.18,1.74,2.4,2.54,,2219.791,,,,,,,,,,3.83,88.14,95.29,,,,,1.5,,,
2022-11-05,-0.49,-0.04,4.17,4.66,4.27,1.69,2.48,2.61,,2230.84,,,,,,,,,,3.83,92.58,99.53,,,,,1.5,,,
2022-11-06,,,,,,,,,,,8676870.0,3062727.0,,,,,,,,3.83,,,,,,,1.5,11837.9126,,
2022-11-07,,,,,,,,,,,,,,,,,,,,3.83,,,,,,,1.5,,,
2022-11-08,-0.5,-0.07,4.22,4.72,4.34,1.69,2.53,2.67,,2241.317,,,-0.135,-0.3808,,3.6,,,,3.83,91.8,99.87,,,,,1.5,,,
2022-11-09,-0.53,-0.14,4.14,4.67,4.28,1.64,2.5,2.61,,2232.555,,,,,,,,,,3.83,88.8,96.85,,,,,1.5,,,
2022-11-10,-0.49,-0.17,4.12,4.61,4.31,1.7,2.42,2.53,,2237.812,,,,,,,,,,3.83,85.79,93.05,,,,,1.5,,,
2022-11-11,-0.52,-0.46,3.82,4.34,4.03,1.43,2.39,2.47,,2200.586,,,,,,,,,,3.83,86.52,94.25,,,,,1.5,,,
2022-11-12,,,,,,,,,,,,,,,,,,,,3.83,89.14,96.37,,,,,1.5,,,
2022-11-13,,,,,,,,,,,8678886.0,3067888.0,,,,,,,,3.83,,,,,,,1.5,11852.4548,,
2022-11-14,,,,,,,,,,,,,,,,,,,,3.83,,,,,,,1.5,,,
2022-11-15,-0.52,-0.46,3.88,4.4,4.07,1.51,2.37,2.42,,2165.018,,,-0.153,-0.3149,,,,56.7,,3.83,85.85,93.59,,,,,1.5,,,
2022-11-16,-0.57,-0.51,3.8,4.37,3.98,1.45,2.35,2.4,,2086.574,,,,,298.786,,,,,3.83,86.87,94.3,,,,,1.5,,,
2022-11-17,-0.68,-0.65,3.67,4.35,3.85,1.38,2.29,2.35,,2099.07,,,,,,,100.9552,,,3.83,85.62,92.61,,,,,1.5,,,
2022-11-18,-0.66,-0.55,3.77,4.43,3.89,1.49,2.28,2.32,,2114.439,,,,,,,,,,3.83,81.69,91.0,,,,,1.5,,,
2022-11-19,-0.69,-0.52,3.82,4.51,3.92,1.57,2.25,2.28,,2113.413,,,,,,,,,,3.83,80.07,88.93,,,,,1.5,,,
2022-11-20,,,,,,,,,,,8625620.0,3128277.0,,,,,,,,3.83,,,,,,,1.5,11872.3202,,
2022-11-21,,,,,,,,,,,,,,,,,,,,3.83,,,,,,,1.5,,,
2022-11-22,-0.65,-0.58,3.83,4.48,3.91,1.52,2.31,2.34,,2125.426,,,-0.167,-0.2044,,,,,,3.83,79.74,88.44,,,,,1.5,,,
2022-11-23,-0.71,-0.64,3.76,4.47,3.83,1.44,2.32,2.35,,2103.932,,,,,,,,,,3.83,80.83,88.65,,,,,1.5,,,
2022-11-24,-0.75,-0.69,3.71,4.46,3.74,1.39,2.32,2.33,,2069.174,,,,,,,,,,3.83,77.93,85.9,,,,,1.5,,,
2022-11-25,,,,,,,,,,,,,,,,,,,,3.83,,85.59,,,,,1.5,,,
2022-11-26,-0.74,-0.73,3.68,4.42,3.74,1.36,2.32,2.34,,2031.066,,,,,,,,,,3.83,76.45,83.4,,,,,1.5,,,
2022-11-27,,,,,,,,,,,8621390.0,3160730.0,,,,,,,,3.83,,,,,,,1.5,11893.044,,
2022-11-28,,,,,,,,,,,,,,,,,,,,3.83,,,,,,,1.5,,,
2022-11-29,-0.77,-0.72,3.69,4.46,3.74,1.43,2.26,2.29,,2054.914,,,-0.175,-0.2166,,,,,,3.83,77.1,83.5,,,,,1.5,,,
2022-11-30,-0.73,-0.63,3.75,4.48,3.81,1.5,2.25,2.3,,2064.377,,,,,,,,,,3.83,77.96,83.22,,,,,1.5,,,
2022-12-01,-0.7,-0.69,3.68,4.38,3.8,1.34,2.34,2.41,,2115.913,,,,,,,,,21409.5,3.83,80.48,85.61,8049.861363636364,6.478181818181818,1.62,,1.5,,,
2022-12-02,-0.72,-0.8,3.53,4.25,3.64,1.17,2.36,2.45,,2050.286,,,,,,,,,,3.83,81.06,86.28,,,,,1.5,,,
2022-12-03,-0.77,-0.83,3.51,4.28,3.56,1.08,2.43,2.51,,2049.763,,,,,,,,,,3.83,79.86,86.54,,,,,1.5,,,
2022-12-04,,,,,,,,,,,8584576.0,3168995.0,,,,,,,,3.83,,,,,,,1.5,11896.6316,,
2022-12-05,,,,,,,,,,,,,,,,,,,,3.83,,,,,,,1.5,,,
2022-12-06,-0.81,-0.76,3.6,4.41,3.62,1.21,2.39,2.46,,2093.647,,,-0.181,-0.1048,,,,,,3.83,76.83,83.36,,,,,1.5,,,
2022-12-07,-0.83,-0.86,3.51,4.34,3.52,1.2,2.31,2.38,,2111.465,,,,,,,,,,3.83,74.21,79.92,,,,,1.5,,,
2022-12-08,-0.84,-0.87,3.42,4.26,3.42,1.16,2.26,2.33,,2151.549,,,,,,3.5,,,,3.83,71.93,77.11,,,,,1.5,,,
2022-12-09,-0.83,-0.8,3.48,4.31,3.44,1.2,2.28,2.36,,2175.973,,,,,,,,,,3.83,71.3,76.02,,,,,1.5,,,
2022-12-10,-0.76,-0.74,3.57,4.33,3.56,1.31,2.26,2.3,,2146.748,,,,,,,,,,3.83,71.05,76.37,,,,,1.5,,,
2022-12-11,,,,,,,,,,,8582735.0,3199048.0,,,,,,,,3.83,,,,,,,1.5,11981.2825,,
2022-12-12,,,,,,,,,,,,,,,,,,,,3.83,,,,,,,1.5,,,
2022-12-13,-0.78,-0.77,3.61,4.39,3.57,1.33,2.28,2.35,,2158.517,,,-0.184,0.1366,,,,,,3.83,72.96,78.0,,,,,1.5,,,
2022-12-14,-0.71,-0.84,3.51,4.22,3.53,1.27,2.24,2.31,,2180.676,,,,,,,,,,3.83,75.44,80.14,,,,,1.5,,,
2022-12-15,-0.74,-0.84,3.49,4.23,3.52,1.3,2.19,2.25,,2192.864,,,,,,,,59.8,,3.83,77.14,83.33,,,,,1.5,,,
2022-12-16,-0.79,-0.9,3.44,4.23,3.48,1.28,2.16,2.21,,2123.995,,,,,298.832,,,,,4.33,75.89,82.34,,,,,1.5,,,
2022-12-17,-0.69,-0.83,3.48,4.17,3.53,1.35,2.13,2.14,,2126.54,,,,,,,99.7664,,,4.33,74.19,80.2,,,,,1.5,,,
2022-12-18,,,,,,,,,,,8583413.0,3188634.0,,,,,,,,4.33,,,,,,,1.5,11993.8389,,
2022-12-19,,,,,,,,,,,,,,,,,,,,4.33,,,,,,,1.5,,,
2022-12-20,-0.68,-0.8,3.57,4.25,3.62,1.42,2.15,2.19,,2134.765,,,-0.19,0.0178,,,,,,4.33,75.05,81.66,,,,,1.5,,,
2022-12-21,-0.56,-0.66,3.69,4.25,3.74,1.45,2.24,2.26,,2159.408,,,,,,,,,,4.33,75.92,79.45,,,,,1.5,,,
2022-12-22,-0.53,-0.65,3.68,4.21,3.74,1.41,2.27,2.31,,2206.965,,,,,,,,,,4.33,78.17,80.25,,,,,2.0,,,
2022-12-23,-0.57,-0.68,3.67,4.24,3.73,1.48,2.19,2.24,,2222.898,,,,,,,,,,4.33,77.68,79.58,,,,,2.0,,,
2022-12-24,-0.56,-0.59,3.75,4.31,3.82,1.55,2.2,2.29,,2216.348,,,,,,,,,,4.33,79.57,82.45,,,,,2.0,,,
2022-12-25,,,,,,,,,,,8564411.0,3088621.0,,,,,,,,4.33,,,,,,,2.0,11993.8433,,
2022-12-26,,,,,,,,,,,,,,,,,,,,4.33,,,,,,,2.0,,,
2022-12-27,,,,,,,,,,,,,-0.201,0.0278,,,,,,4.33,,,,,,,2.0,,,
2022-12-28,-0.48,-0.62,3.84,4.32,3.93,1.58,2.26,2.33,,2221.259,,,,,,,,,,4.33,79.45,,,,,,2.0,,,
2022-12-29,-0.43,-0.58,3.88,4.31,3.98,1.6,2.28,2.33,,2293.003,,,,,,,,,,4.33,78.89,81.7,,,,,2.0,,,
2022-12-30,-0.51,-0.62,3.83,4.34,3.92,1.56,2.27,2.32,,2308.319,,,,,,,,,,4.33,78.43,80.96,,,,39.1,2.0,,117.36678,76.36867578086019
2022-12-31,-0.53,-0.54,3.88,4.41,3.97,1.58,2.3,2.33,,2553.716,,,,,,,,,21293.2,4.33,80.16,82.82,8371.091363636364,5.746818181818182,1.74,,2.0,,,
2023-01-01,,,,,,,,,,,8551169.0,3017889.0,,,,,,,,4.33,,,,,,,2.0,11987.7635,,
2023-01-02,,,,,,,,,,,,,,,,,,,,4.33,,,,,,,2.0,,,
2023-01-03,,,,,,,,,,,,,-0.218,-0.0388,,,,,,4.33,,,,,,,2.0,,,
2023-01-04,-0.61,-0.74,3.79,4.4,3.88,1.53,2.26,2.29,,2188.272,,,,,,,,,,4.33,76.87,80.36,,,,,2.0,,,
2023-01-05,-0.67,-0.86,3.69,4.36,3.81,1.47,2.22,2.21,,2229.542,,,,,,,,,,4.33,72.82,75.31,,,,,2.0,,,
2023-01-06,-0.74,-0.95,3.71,4.45,3.78,1.49,2.22,2.22,,2242.486,,,,,,,,,,4.33,73.61,76.73,,,,,2.0,,,
2023-01-07,-0.69,-1.12,3.55,4.24,3.67,1.34,2.21,2.18,,2208.265,,,,,,,,,,4.33,73.77,76.41,,,,,2.0,,,
2023-01-08,,,,,,,,,,,8507429.0,2830144.0,,,,3.5,,,,4.33,,,,,,,2.0,12011.3785,,
2023-01-09,,,,,,,,,,,,,,,,,,,,4.33,,,,,,,2.0,,,
2023-01-10,-0.66,-1.17,3.53,4.19,3.66,1.31,2.22,2.18,,2199.121,,,-0.241,-0.1529,,,,,,4.33,74.69,77.5,,,,,2.0,,,
2023-01-11,-0.63,-1.12,3.61,4.24,3.74,1.37,2.24,2.2,,2192.942,,,,,,,,,,4.33,75.11,78.4,,,,,2.0,,,
2023-01-12,-0.66,-1.18,3.54,4.2,3.67,1.31,2.23,2.21,,2199.17,,,,,,,,,,4.33,77.46,81.11,,,,,2.0,,,
2023-01-13,-0.69,-1.23,3.43,4.12,3.56,1.22,2.21,2.21,,2202.989,,,,,,,,,,4.33,78.32,82.59,,,,,2.0,,,
2023-01-14,-0.73,-1.18,3.49,4.22,3.61,1.31,2.18,2.2,,2179.781,,,,,,,,,,4.33,79.9,83.43,,,,,2.0,,,
2023-01-15,,,,,,,,,,,8508587.0,3081237.0,,,,,,64.9,,4.33,,,,,,,2.0,12015.5779,,
2023-01-16,,,,,,,,,,,,,,,300.42,,,,,4.33,,,,,,,2.0,,,
2023-01-17,,,,,,,,,,,,,-0.266,-0.4076,,,100.505,,,4.33,,82.65,,,,,2.0,,,
2023-01-18,-0.65,-1.18,3.53,4.18,3.64,1.36,2.17,2.18,,2093.328,,,,,,,,,,4.33,80.25,84.38,,,,,2.0,,,
2023-01-19,-0.69,-1.32,3.37,4.06,3.54,1.25,2.12,2.09,,2131.678,,,,,,,,,,4.33,79.53,83.78,,,,,2.0,,,
2023-01-20,-0.7,-1.32,3.39,4.09,3.57,1.19,2.2,2.21,,2110.145,,,,,,,,,,4.33,80.31,85.08,,,,,2.0,,,
2023-01-21,-0.66,-1.24,3.48,4.14,3.66,1.25,2.23,2.23,,2090.523,,,,,,,,,,4.33,81.27,86.96,,,,,2.0,,,
2023-01-22,,,,,,,,,,,8489039.0,3147332.0,,,,,,,,4.33,,,,,,,2.0,12041.5616,,
2023-01-23,,,,,,,,,,,,,,,,,,,,4.33,,,,,,,2.0,,,
2023-01-24,-0.69,-1.21,3.52,4.21,3.69,1.24,2.28,2.28,,2135.499,,,-0.287,-0.3798,,,,,,4.33,81.62,87.54,,,,,2.0,,,
2023-01-25,-0.66,-1.26,3.46,4.12,3.62,1.19,2.27,2.29,,2048.386,,,,,,,,,,4.33,79.86,85.25,,,,,2.0,,,
2023-01-26,-0.65,-1.26,3.46,4.11,3.62,1.17,2.29,2.28,,2031.561,,,,,,,,,,4.33,79.78,85.08,,,,,2.0,,,
2023-01-27,-0.68,-1.22,3.49,4.17,3.62,1.16,2.33,2.32,,2024.069,,,,,,,,,,4.33,80.64,86.29,,,,,2.0,,,
2023-01-28,-0.67,-1.21,3.52,4.19,3.64,1.19,2.33,2.33,,2003.634,,,,,,,,,,4.33,79.73,85.36,,,,,2.0,,,
2023-01-29,,,,,,,,,,,8470557.0,3031889.0,,,,,,,,4.33,,,,,,,2.0,12062.7299,,
2023-01-30,,,,,,,,,,,,,,,,,,,,4.33,,,,,,,2.0,,,
2023-01-31,-0.7,-1.17,3.55,4.25,3.66,1.26,2.29,2.3,,2048.714,,,-0.304,-0.5062,,,,,21274.0,4.33,77.97,84.9,9007.346363636363,3.471363636363636,0.44,,2.0,,,
2023-02-01,-0.69,-1.18,3.52,4.21,3.65,1.28,2.24,2.27,,2061.572,,,,,,,,,,4.33,78.95,83.42,,,,,2.0,,,
2023-02-02,-0.7,-1.27,3.39,4.09,3.55,1.14,2.25,2.29,,2038.262,,,,,,,,,,4.33,76.34,81.61,,,,,2.0,,,
2023-02-03,-0.69,-1.26,3.4,4.09,3.55,1.18,2.22,2.26,,2050.063,,,,,,,,,,4.58,75.87,80.57,,,,,2.0,,,
2023-02-04,-0.77,-1.17,3.53,4.3,3.63,1.31,2.22,2.27,,2041.217,,,,,,,,,,4.58,73.4,78.85,,,,,2.0,,,
2023-02-05,,,,,,,,,,,8433610.0,3015506.0,,,,,,,,4.58,,,,,,,2.0,12081.9223,,
2023-02-06,,,,,,,,,,,,,,,,,,,,4.58,,,,,,,2.0,,,
2023-02-07,-0.81,-1.08,3.63,4.44,3.67,1.38,2.25,2.33,,2072.261,,,-0.312,-0.5431,,,,,,4.58,74.11,80.48,,,,,2.0,,,
2023-02-08,-0.8,-1.04,3.67,4.47,3.72,1.36,2.31,2.4,,2057.958,,,,,,3.6,,,,4.58,77.17,82.92,,,,,2.0,,,
2023-02-09,-0.82,-1.09,3.63,4.45,3.7,1.29,2.34,2.46,,2059.604,,,,,,,,,,4.58,78.47,84.17,,,,,2.5,,,
2023-02-10,-0.81,-1.1,3.67,4.48,3.75,1.34,2.33,2.45,,2058.942,,,,,,,,,,4.57,78.04,83.46,,,,,2.5,,,
2023-02-11,-0.76,-1.05,3.74,4.5,3.83,1.41,2.33,2.47,,2042.893,,,,,,,,,,4.58,79.74,85.46,,,,,2.5,,,
2023-02-12,,,,,,,,,,,8435369.0,3037584.0,,,,,,,,4.58,,,,,,,2.5,12082.5515,,
2023-02-13,,,,,,,,,,,,,,,,,,,,4.58,,,,,,,2.5,,,
2023-02-14,-0.8,-1.09,3.72,4.52,3.79,1.41,2.31,2.44,,2107.775,,,-0.308,-0.6118,,,,,,4.58,80.14,85.98,,,,,2.5,,,
2023-02-15,-0.83,-1.03,3.77,4.6,3.81,1.46,2.31,2.45,,2076.548,,,,,,,,66.9,,4.58,79.08,84.96,,,,,2.5,,,
2023-02-16,-0.81,-0.98,3.81,4.62,3.85,1.46,2.35,2.51,,2011.998,,,,,301.45,,,,,4.58,78.57,84.11,,,,,2.5,,,
2023-02-17,-0.76,-0.98,3.86,4.62,3.92,1.49,2.37,2.52,,2032.457,,,,,,,100.6416,,,4.58,78.45,83.84,,,,,2.5,,,
2023-02-18,-0.78,-1.02,3.82,4.6,3.88,1.46,2.36,2.5,,2059.662,,,,,,,,,,4.58,76.31,81.97,,,,,2.5,,,
2023-02-19,,,,,,,,,,,8384767.0,3041038.0,,,,,,,,4.58,,,,,,,2.5,12100.3133,,
2023-02-20,,,,,,,,,,,,,,,,,,,,4.58,,,,,,,2.5,,,
2023-02-21,,,,,,,,,,,,,-0.293,-0.4688,,,,,,4.58,,82.79,,,,,2.5,,,
2023-02-22,-0.72,-0.91,3.95,4.67,3.98,1.53,2.42,2.58,,2046.064,,,,,,,,,,4.58,76.28,82.14,,,,,2.5,,,
2023-02-23,-0.73,-0.91,3.93,4.66,3.94,1.52,2.41,2.52,,2113.849,,,,,,,,,,4.58,73.95,79.55,,,,,2.5,,,
2023-02-24,-0.78,-0.96,3.88,4.66,3.88,1.49,2.39,2.5,,2147.417,,,,,,,,,,4.58,75.26,82.08,,,,,2.5,,,
2023-02-25,-0.83,-0.91,3.95,4.78,3.93,1.57,2.38,2.47,,2142.141,,,,,,,,,,4.58,76.19,82.31,,,,,2.5,,,
2023-02-26,,,,,,,,,,,8382190.0,3016577.0,,,,,,,,4.58,,,,,,,2.5,12094.1178,,
2023-02-27,,,,,,,,,,,,,,,,,,,,4.58,,,,,,,2.5,,,
2023-02-28,-0.86,-0.97,3.92,4.78,3.93,1.56,2.36,2.49,,2162.435,,,-0.267,-0.2293,,,,,,4.57,75.57,81.24,,,,,2.5,,,
2023-03-01,-0.89,-0.96,3.92,4.81,3.93,1.49,2.43,2.58,,2188.035,,,,,,,,,,4.57,76.88,83.21,,,,,2.5,,,
2023-03-02,-0.88,-0.89,4.01,4.89,3.97,1.57,2.44,2.59,,2133.95,,,,,,,,,,4.58,77.57,83.68,,,,,2.5,,,
2023-03-03,-0.81,-0.83,4.08,4.89,4.03,1.6,2.48,2.65,,2192.355,,,,,,,,,21240.2,4.57,78.05,84.15,8936.587,2.438,0.58,,2.5,,,
2023-03-04,-0.89,-0.94,3.97,4.86,3.9,1.45,2.52,2.71,,2186.15,,,,,,,,,,4.57,79.62,85.74,,,,,2.5,,,
2023-03-05,,,,,,,,,,,8339684.0,2998303.0,,,,,,,,4.57,,,,,,,2.5,12107.4297,,
2023-03-06,,,,,,,,,,,,,,,,,,,,4.57,,,,,,,2.5,,,
2023-03-07,-0.91,-0.95,3.98,4.89,3.92,1.49,2.49,2.7,,2190.793,,,-0.235,-0.4432,,,,,,4.57,80.39,85.86,,,,,2.5,,,
2023-03-08,-1.03,-1.07,3.97,5.0,3.88,1.59,2.38,2.54,,2170.195,,,,,,3.5,,,,4.57,77.45,83.03,,,,,2.5,,,
2023-03-09,-1.07,-1.08,3.98,5.05,3.88,1.66,2.32,2.47,,2193.237,,,,,,,,,,4.57,76.56,82.1,,,,,2.5,,,
2023-03-10,-0.97,-1.12,3.93,4.9,3.88,1.63,2.3,2.43,,2229.623,,,,,,,,,,4.57,75.6,81.0,,,,,2.5,,,
2023-03-11,-0.9,-1.31,3.7,4.6,3.7,1.44,2.26,2.34,,2188.375,,,,,,,,,,4.57,76.55,82.3,,,,,2.5,,,
2023-03-12,,,,,,,,,,,8342283.0,2999720.0,,,,,,,,4.57,,,,,,,2.5,12100.1813,,
2023-03-13,,,,,,,,,,,,,,,,,,,,4.57,,,,,,,2.5,,,
2023-03-14,-0.48,-1.32,3.55,4.03,3.7,1.31,2.24,2.26,,2126.677,,,-0.202,-0.0801,,,,,,4.58,74.68,79.67,,,,,2.5,,,
2023-03-15,-0.56,-1.24,3.64,4.2,3.77,1.33,2.31,2.35,,2042.579,,,,,,,,62.0,,4.58,71.18,76.77,,,,,2.5,,,
2023-03-16,-0.42,-1.24,3.51,3.93,3.7,1.22,2.29,2.33,,2055.823,,,,,301.821,,,,,4.58,67.38,74.3,,,,,2.5,,,
2023-03-17,-0.58,-1.18,3.56,4.14,3.71,1.34,2.22,2.26,,2066.319,,,,,,,101.0205,,,4.58,68.15,73.12,,,,,2.5,,,
2023-03-18,-0.42,-1.13,3.39,3.81,3.6,1.29,2.1,2.1,,2106.166,,,,,,,,,,4.58,66.61,71.03,,,,,2.5,,,
2023-03-19,,,,,,,,,,,8639300.0,3251482.0,,,,,,,,4.58,,,,,,,2.5,12158.3422,,
2023-03-20,,,,,,,,,,,,,,,,,,,,4.58,,,,,,,2.5,,,
2023-03-21,-0.45,-1.34,3.47,3.92,3.65,1.33,2.14,2.14,,2098.393,,,-0.17,1.1243,,,,,,4.58,67.56,72.42,,,,,2.5,,,
2023-03-22,-0.58,-1.19,3.59,4.17,3.73,1.36,2.23,2.25,,2194.631,,,,,,,,,,4.58,69.4,74.78,,,,,2.5,,,
2023-03-23,-0.48,-1.31,3.48,3.96,3.68,1.2,2.28,2.31,,2279.608,,,,,,,,,,4.58,70.71,76.08,,,,,3.0,,,
2023-03-24,-0.38,-1.35,3.38,3.76,3.66,1.19,2.19,2.26,,2233.956,,,,,,,,,,4.83,69.77,74.31,,,,,3.0,,,
2023-03-25,-0.38,-1.36,3.38,3.76,3.64,1.16,2.22,2.21,,2218.458,,,,,,,,,,4.83,69.22,73.63,,,,,3.0,,,
2023-03-26,,,,,,,,,,,8733787.0,3425075.0,,,,,,,,4.83,,,,,,,3.0,12102.2336,,
2023-03-27,,,,,,,,,,,,,,,,,,,,4.83,,,,,,,3.0,,,
2023-03-28,-0.41,-1.38,3.53,3.94,3.77,1.29,2.24,2.27,,2220.131,,,-0.151,0.2797,,,,,,4.83,72.87,76.8,,,,,3.0,,,
2023-03-29,-0.47,-1.25,3.55,4.02,3.77,1.24,2.31,2.34,,2231.749,,,,,,,,,,4.83,73.12,78.07,,,,,3.0,,,
2023-03-30,-0.51,-1.23,3.57,4.08,3.78,1.24,2.33,2.38,,2264.862,,,,,,,,,,4.83,72.95,77.51,,,,,3.0,,,
2023-03-31,-0.55,-1.42,3.55,4.1,3.74,1.21,2.34,2.4,,2271.531,,,,,,,,,20942.3,4.83,74.32,78.45,8856.310869565217,2.409130434782609,0.68,,3.0,,,
2023-04-01,-0.58,-1.37,3.48,4.06,3.67,1.16,2.32,2.4,,2375.171,,,,,,,,,,4.83,75.68,79.19,,,,44.8,3.0,,115.58614,71.66575337540226
2023-04-02,,,,,,,,,,,8705942.0,3437592.0,,,,,,,,4.83,,,,,,,3.0,12094.1585,,
2023-04-03,,,,,,,,,,,,,,,,,,,,4.83,,,,,,,3.0,,,
2023-04-04,-0.54,-1.47,3.43,3.97,3.64,1.14,2.29,2.39,,2221.01,,,-0.146,-0.2676,,,,,,4.83,80.4,85.81,,,,,3.0,,,
2023-04-05,-0.49,-1.53,3.35,3.84,3.6,1.1,2.25,2.32,,2219.375,,,,,,,,,,4.83,80.7,85.7,,,,,3.0,,,
2023-04-06,-0.49,-1.56,3.3,3.79,3.56,1.07,2.23,2.29,,2243.011,,,,,,,,,,4.83,80.69,85.89,,,,,3.0,,,
2023-04-07,-0.52,-1.61,3.3,3.82,3.54,1.06,2.24,2.31,,2173.663,,,,,,,,,,4.83,80.7,86.56,,,,,3.0,,,
2023-04-08,-0.58,-1.56,3.39,3.97,3.61,1.14,2.25,2.33,,,,,,,,3.4,,,,4.83,,,,,,,3.0,,,
2023-04-09,,,,,,,,,,,8632384.0,3292058.0,,,,,,,,4.83,,,,,,,3.0,12089.046,,
2023-04-10,,,,,,,,,,,,,,,,,,,,4.83,,,,,,,3.0,,,
2023-04-11,-0.59,-1.67,3.41,4.0,3.62,1.14,2.27,2.34,,2239.655,,,-0.15,-0.0791,,,,,,4.83,79.79,,,,,,3.0,,,
2023-04-12,-0.6,-1.61,3.43,4.03,3.62,1.14,2.29,2.36,,2297.208,,,,,,,,,,4.83,81.54,87.32,,,,,3.0,,,
2023-04-13,-0.54,-1.61,3.41,3.95,3.64,1.14,2.27,2.29,,2303.862,,,,,,,,,,4.83,83.26,88.31,,,,,3.0,,,
2023-04-14,-0.51,-1.65,3.45,3.96,3.69,1.16,2.29,2.29,,2321.699,,,,,,,,,,4.83,82.16,86.51,,,,,3.0,,,
2023-04-15,-0.56,-1.62,3.52,4.08,3.74,1.22,2.3,2.31,,2253.786,,,,,,,,63.7,,4.83,82.58,87.31,,,,,3.0,,,
2023-04-16,,,,,,,,,,,8614797.0,3413989.0,,,302.845,,,,,4.83,,,,,,,3.0,12080.6535,,
2023-04-17,,,,,,,,,,,,,,,,,101.253,,,4.83,,,,,,,3.0,,,
2023-04-18,-0.58,-1.61,3.6,4.18,3.81,1.28,2.32,2.35,,2256.845,,,-0.161,-0.4813,,,,,,4.83,80.93,85.63,,,,,3.0,,,
2023-04-19,-0.61,-1.62,3.58,4.19,3.79,1.3,2.28,2.33,,2238.994,,,,,,,,,,4.83,80.85,85.48,,,,,3.0,,,
2023-04-20,-0.64,-1.56,3.6,4.24,3.79,1.32,2.28,2.33,,2294.677,,,,,,,,,,4.83,79.18,85.34,,,,,3.0,,,
2023-04-21,-0.6,-1.58,3.54,4.14,3.75,1.28,2.26,2.28,,2277.259,,,,,,,,,,4.83,77.27,83.29,,,,,3.0,,,
2023-04-22,-0.6,-1.57,3.57,4.17,3.78,1.29,2.28,2.3,,2290.023,,,,,,,,,,4.83,77.86,83.36,,,,,3.0,,,
2023-04-23,,,,,,,,,,,8593263.0,3303152.0,,,,,,,,4.83,,,,,,,3.0,12088.8072,,
2023-04-24,,,,,,,,,,,,,,,,,,,,4.83,,,,,,,3.0,,,
2023-04-25,-0.6,-1.68,3.52,4.12,3.73,1.24,2.28,2.33,,2308.538,,,-0.175,-0.6581,,,,,,4.83,78.64,84.23,,,,,3.0,,,
2023-04-26,-0.46,-1.72,3.4,3.86,3.65,1.15,2.25,2.26,,2275.402,,,,,,,,,,4.83,77.05,82.13,,,,,3.0,,,
2023-04-27,-0.47,-1.73,3.43,3.9,3.7,1.18,2.25,2.26,,2279.561,,,,,,,,,,4.83,74.33,79.19,,,,,3.0,,,
2023-04-28,-0.54,-1.65,3.53,4.07,3.76,1.26,2.27,2.29,,2273.926,,,,,,,,,,4.83,74.77,80.11,,,,,3.0,,,
2023-04-29,-0.6,-1.66,3.44,4.04,3.67,1.26,2.18,2.2,,2325.479,,,,,,,,,,4.83,76.78,81.32,,,,,3.0,,,
2023-04-30,,,,,,,,,,,8562768.0,3135655.0,,,,,,,,4.83,,,,,,,3.0,12105.086,,
2023-05-01,,,,,,,,,,,,,,,,,,,20758.4,4.83,,,8809.1575,2.1955,0.54,,3.0,,,
2023-05-02,-0.55,-1.68,3.59,4.14,3.84,1.36,2.23,2.24,,2239.866,,,-0.187,-0.2801,,,,,,4.83,75.65,,,,,,3.0,,,
2023-05-03,-0.53,-1.8,3.44,3.97,3.72,1.24,2.2,2.18,,2267.13,,,,,,,,,,4.83,71.71,76.71,,,,,3.0,,,
2023-05-04,-0.51,-1.88,3.38,3.89,3.7,1.18,2.2,2.19,,2258.222,,,,,,,,,,4.83,68.62,72.91,,,,,3.0,,,
2023-05-05,-0.38,-1.89,3.37,3.75,3.73,1.18,2.19,2.13,,2242.399,,,,,,,,,,5.08,68.52,73.0,,,,,3.0,,,
2023-05-06,-0.48,-1.82,3.44,3.92,3.76,1.23,2.21,2.19,,2207.415,,,,,,,,,,5.08,71.32,75.85,,,,,3.0,,,
2023-05-07,,,,,,,,,,,8503994.0,3089706.0,,,,,,,,5.08,,,,,,,3.0,12098.4109,,
2023-05-08,,,,,,,,,,,,,,,,3.6,,,,5.08,,,,,,,3.0,,,
2023-05-09,-0.48,-1.79,3.52,4.0,3.84,1.29,2.23,2.22,,2217.601,,,-0.196,-0.3248,,,,,,5.08,73.13,,,,,,3.0,,,
2023-05-10,-0.48,-1.76,3.53,4.01,3.85,1.3,2.23,2.22,,2222.864,,,,,,,,,,5.08,73.68,77.76,,,,,3.0,,,
2023-05-11,-0.47,-1.81,3.43,3.9,3.8,1.26,2.17,2.13,,2233.149,,,,,,,,,,5.08,72.53,76.7,,,,,3.25,,,
2023-05-12,-0.5,-1.81,3.39,3.89,3.73,1.23,2.16,2.1,,2242.243,,,,,,,,,,5.08,70.81,75.32,,,,,3.25,,,
2023-05-13,-0.52,-1.79,3.46,3.98,3.78,1.28,2.18,2.11,,2229.199,,,,,,,,,,5.08,70.02,74.54,,,,,3.25,,,
2023-05-14,,,,,,,,,,,8503017.0,3196429.0,,,,,,,,5.08,,,,,,,3.25,12110.2332,,
2023-05-15,,,,,,,,,,,,,,,,,,59.0,,5.08,,,,,,,3.25,,,
2023-05-16,-0.49,-1.71,3.5,3.99,3.84,1.31,2.19,2.12,,2220.927,,,-0.204,-0.507,303.334,,,,,5.08,71.07,75.46,,,,,3.25,,,
2023-05-17,-0.52,-1.69,3.54,4.06,3.87,1.35,2.19,2.11,,2203.214,,,,,,,100.9286,,,5.08,70.85,75.15,,,,,3.25,,,
2023-05-18,-0.55,-1.69,3.57,4.12,3.88,1.35,2.22,2.16,,2213.676,,,,,,,,,,5.08,72.78,76.98,,,,,3.25,,,
2023-05-19,-0.59,-1.66,3.65,4.24,3.91,1.42,2.23,2.16,,2238.266,,,,,,,,,,5.08,71.82,75.75,,,,,3.25,,,
2023-05-20,-0.58,-1.59,3.7,4.28,3.95,1.46,2.24,2.19,,2276.72,,,,,,,,,,5.08,71.57,75.42,,,,,3.25,,,
2023-05-21,,,,,,,,,,,8456760.0,3248878.0,,,,,,,,5.08,,,,,,,3.25,12112.916,,
2023-05-22,,,,,,,,,,,,,,,,,,,,5.08,,,,,,,3.25,,,
2023-05-23,-0.57,-1.68,3.72,4.29,3.97,1.48,2.24,2.18,,2275.311,,,-0.209,-0.4445,,,,,,5.08,71.81,75.77,,,,,3.25,,,
2023-05-24,-0.56,-1.64,3.7,4.26,3.96,1.44,2.26,2.21,,2256.689,,,,,,,,,,5.08,72.87,76.66,,,,,3.25,,,
2023-05-25,-0.58,-1.64,3.73,4.31,3.97,1.48,2.25,2.14,,2250.709,,,,,,,,,,5.08,74.37,77.99,,,,,3.25,,,
2023-05-26,-0.67,-1.55,3.83,4.5,4.01,1.58,2.25,2.12,,2197.638,,,,,,,,,,5.08,71.68,75.66,,,,,3.25,,,
2023-05-27,-0.74,-1.54,3.8,4.54,3.96,1.57,2.23,2.13,,2189.681,,,,,,,,,,5.08,72.35,76.33,,,,,3.25,,,
2023-05-28,,,,,,,,,,,8436255.0,3240172.0,,,,,,,,5.08,,,,,,,3.25,12115.4169,,
2023-05-29,,,,,,,,,,,,,,,,,,,,5.08,,,,,,,3.25,,,
2023-05-30,,,,,,,,,,,,,-0.211,-0.3228,,,,,,5.08,,,,,,,3.25,,,
2023-05-31,-0.77,-1.86,3.69,4.46,3.9,1.47,2.22,2.12,,2200.479,,,,,,,,,20829.5,5.08,69.45,73.38,8243.156086956522,2.315217391304348,0.6,,3.25,,,
2023-06-01,-0.76,-1.88,3.64,4.4,3.85,1.46,2.18,2.07,,2254.859,,,,,,,,,,5.08,68.11,71.98,,,,,3.25,,,
2023-06-02,-0.72,-1.89,3.61,4.33,3.84,1.45,2.16,2.07,,2160.055,,,,,,,,,,5.08,70.09,74.18,,,,,3.25,,,
2023-06-03,-0.81,-1.81,3.69,4.5,3.88,1.51,2.18,2.13,,2142.102,,,,,,,,,,5.08,71.76,76.0,,,,,3.25,,,
2023-06-04,,,,,,,,,,,8385854.0,3309447.0,,,,,,,,5.08,,,,,,,3.25,12120.7915,,
2023-06-05,,,,,,,,,,,,,,,,,,,,5.08,,,,,,,3.25,,,
2023-06-06,-0.77,-1.77,3.69,4.46,3.89,1.5,2.19,2.15,,2131.417,,,-0.214,-0.462,,,,,,5.08,72.14,76.61,,,,,3.25,,,
2023-06-07,-0.81,-1.74,3.7,4.51,3.87,1.5,2.2,2.14,,2134.638,,,,,,,,,,5.08,71.71,76.22,,,,,3.25,,,
2023-06-08,-0.77,-1.63,3.79,4.56,3.95,1.58,2.21,2.15,,2161.556,,,,,,3.6,,,,5.08,72.52,76.85,,,,,3.25,,,
2023-06-09,-0.79,-1.65,3.73,4.52,3.89,1.53,2.2,2.14,,2141.798,,,,,,,,,,5.08,71.28,75.88,,,,,3.25,,,
2023-06-10,-0.84,-1.62,3.75,4.59,3.89,1.55,2.2,2.13,,2127.652,,,,,,,,,,5.08,70.16,74.74,,,,,3.25,,,
2023-06-11,,,,,,,,,,,8389325.0,3349751.0,,,,,,,,5.08,,,,,,,3.25,12085.6314,,
2023-06-12,,,,,,,,,,,,,,,,,,,,5.08,,,,,,,3.25,,,
2023-06-13,-0.82,-1.67,3.73,4.55,3.87,1.56,2.17,2.09,,2126.87,,,-0.215,-0.6934,,,,,,5.08,67.08,71.8,,,,,3.25,,,
2023-06-14,-0.83,-1.52,3.84,4.67,3.94,1.64,2.2,2.12,,2074.52,,,,,,,,,,5.08,69.39,74.24,,,,,3.25,,,
2023-06-15,-0.91,-1.53,3.83,4.74,3.9,1.62,2.21,2.15,,2109.105,,,,,,,,64.2,,5.08,68.22,73.39,,,,,3.25,,,
2023-06-16,-0.9,-1.61,3.72,4.62,3.85,1.51,2.21,2.16,,1992.14,,,,,304.014,,,,,5.07,70.61,75.75,,,,,3.25,,,
2023-06-17,-0.93,-1.57,3.77,4.7,3.86,1.55,2.22,2.17,,2011.556,,,,,,,100.1196,,,5.08,71.81,76.76,,,,,3.25,,,
2023-06-18,,,,,,,,,,,8388323.0,3325261.0,,,,,,,,5.08,,,,,,,3.25,12097.1799,,
2023-06-19,,,,,,,,,,,,,,,,,,,,5.08,,,,,,,3.25,,,
2023-06-20,,,,,,,,,,,,,-0.217,-0.607,,,,,,5.08,,76.09,,,,,3.25,,,
2023-06-21,-0.94,-1.65,3.74,4.68,3.83,1.52,2.22,2.14,,1989.489,,,,,,,,,,5.07,70.94,75.79,,,,,3.25,,,
2023-06-22,-0.96,-1.68,3.72,4.68,3.81,1.51,2.21,2.15,,2037.102,,,,,,,,,,5.07,72.55,76.92,,,,,3.5,,,
2023-06-23,-0.97,-1.6,3.8,4.77,3.88,1.56,2.24,2.18,,1994.711,,,,,,,,,,5.07,69.22,73.93,,,,,3.5,,,
2023-06-24,-0.97,-1.67,3.74,4.71,3.82,1.53,2.21,2.16,,1969.38,,,,,,,,,,5.07,68.91,73.56,,,,,3.5,,,
2023-06-25,,,,,,,,,,,8362060.0,3251558.0,,,,,,,,5.07,,,,,,,3.5,12107.071,,
2023-06-26,,,,,,,,,,,,,,,,,,,,5.07,,,,,,,3.5,,,
2023-06-27,-0.93,-1.78,3.72,4.65,3.83,1.54,2.18,2.13,,1961.027,,,-0.221,-0.5814,,,,,,5.07,69.09,73.86,,,,,3.5,,,
2023-06-28,-0.97,-1.67,3.77,4.74,3.84,1.57,2.2,2.12,,1951.098,,,,,,,,,,5.07,67.68,71.88,,,,,3.5,,,
2023-06-29,-1.0,-1.73,3.71,4.71,3.81,1.53,2.18,2.12,,1945.211,,,,,,,,,,5.07,69.54,73.64,,,,,3.5,,,
2023-06-30,-1.02,-1.61,3.85,4.87,3.92,1.65,2.2,2.15,,1934.684,,,,,,,,,,5.07,69.85,73.86,,,,46.0,3.5,,117.44355,72.26968340434712
2023-07-01,-1.06,-1.62,3.81,4.87,3.85,1.59,2.22,2.18,,2034.319,,,,,,,,,20798.9,5.08,70.66,74.51,8396.517727272727,2.479090909090909,0.76,,3.5,,,
2023-07-02,,,,,,,,,,,8340914.0,3171567.0,,,,,,,,5.08,,,,,,,3.5,12089.8081,,
2023-07-03,,,,,,,,,,,,,,,,,,,,5.08,,,,,,,3.5,,,
2023-07-04,-1.08,-1.58,3.86,4.94,3.87,1.61,2.25,2.21,,1909.639,,,-0.227,-0.6919,,,,,,5.08,69.71,74.52,,,,,3.5,,,
2023-07-05,,,,,,,,,,,,,,,,,,,,5.08,,76.23,,,,,3.5,,,
2023-07-06,-0.99,-1.49,3.95,4.94,3.95,1.69,2.26,2.2,,1867.061,,,,,,,,,,5.08,71.78,76.74,,,,,3.5,,,
2023-07-07,-0.94,-1.41,4.05,4.99,4.01,1.78,2.27,2.22,,1854.256,,,,,,,,,,5.08,71.76,76.72,,,,,3.5,,,
2023-07-08,-0.88,-1.4,4.06,4.94,4.05,1.79,2.27,2.22,,1822.303,,,,,,3.5,,,,5.08,73.91,78.77,,,,,3.5,,,
2023-07-09,,,,,,,,,,,8298312.0,3114989.0,,,,,,,,5.08,,,,,,,3.5,12092.2374,,
2023-07-10,,,,,,,,,,,,,,,,,,,,5.08,,,,,,,3.5,,,
2023-07-11,-0.84,-1.47,4.01,4.85,4.05,1.76,2.25,2.19,,1811.981,,,-0.236,-0.7505,,,,,,5.07,73.05,77.83,,,,,3.5,,,
2023-07-12,-0.89,-1.5,3.99,4.88,4.03,1.75,2.24,2.16,,1775.796,,,,,,,,,,5.08,74.87,79.54,,,,,3.5,,,
2023-07-13,-0.86,-1.61,3.86,4.72,3.96,1.6,2.26,2.18,,1820.146,,,,,,,,,,5.08,75.77,80.35,,,,,3.5,,,
2023-07-14,-0.83,-1.71,3.76,4.59,3.9,1.52,2.24,2.16,,1767.432,,,,,,,,,,5.08,76.86,81.31,,,,,3.5,,,
2023-07-15,-0.91,-1.66,3.83,4.74,3.93,1.59,2.24,2.15,,1740.777,,,,,,,,71.5,,5.08,75.44,79.9,,,,,3.5,,,
2023-07-16,,,,,,,,,,,8296923.0,3166607.0,,,304.609,,,,,5.08,,,,,,,3.5,12104.2995,,
2023-07-17,,,,,,,,,,,,,,,,,100.9067,,,5.08,,,,,,,3.5,,,
2023-07-18,-0.93,-1.68,3.81,4.74,3.94,1.56,2.25,2.16,,1728.322,,,-0.249,-0.6838,,,,,,5.08,74.17,77.8,,,,,3.5,,,
2023-07-19,-0.94,-1.69,3.8,4.74,3.91,1.57,2.23,2.13,,1716.862,,,,,,,,,,5.08,75.76,79.54,,,,,3.5,,,
2023-07-20,-0.99,-1.74,3.75,4.74,3.84,1.53,2.22,2.13,,1732.804,,,,,,,,,,5.08,75.4,79.38,,,,,3.5,,,
2023-07-21,-0.95,-1.64,3.85,4.8,3.91,1.5,2.35,2.21,,1721.001,,,,,,,,,,5.08,75.65,79.62,,,,,3.5,,,
2023-07-22,-0.98,-1.66,3.84,4.82,3.91,1.49,2.35,2.23,,1770.752,,,,,,,,,,5.08,77.06,81.06,,,,,3.5,,,
2023-07-23,,,,,,,,,,,8274552.0,3230457.0,,,,,,,,5.08,,,,,,,3.5,12119.7764,,
2023-07-24,,,,,,,,,,,,,,,,,,,,5.08,,,,,,,3.5,,,
2023-07-25,-0.95,-1.65,3.86,4.81,3.92,1.48,2.38,2.28,,1770.867,,,-0.264,-0.7287,,,,,,5.08,78.81,82.53,,,,,3.5,,,
2023-07-26,-0.94,-1.6,3.91,4.85,3.95,1.52,2.39,2.26,,1720.716,,,,,,,,,,5.08,79.76,83.46,,,,,3.5,,,
2023-07-27,-0.96,-1.65,3.86,4.82,3.94,1.5,2.36,2.24,,1749.733,,,,,,,,,,5.08,79.11,82.98,,,,,3.5,,,
2023-07-28,-0.9,-1.5,4.01,4.91,4.06,1.64,2.37,2.27,,1735.783,,,,,,,,,,5.33,80.17,84.28,,,,,3.5,,,
2023-07-29,-0.91,-1.56,3.96,4.87,4.03,1.58,2.38,2.28,,1730.227,,,,,,,,,,5.33,80.55,84.49,,,,,3.5,,,
2023-07-30,,,,,,,,,,,8243344.0,3172244.0,,,,,,,,5.33,,,,,,,3.5,12127.8594,,
2023-07-31,,,,,,,,,,,,,,,,,,,20792.2,5.33,,,8476.679047619047,2.643809523809524,0.54,,3.5,,,
2023-08-01,-0.91,-1.58,3.97,4.88,4.02,1.6,2.37,2.27,,1821.124,,,-0.28,-0.757,,,,,,5.33,81.8,85.22,,,,,3.5,,,
2023-08-02,-0.87,-1.49,4.05,4.92,4.11,1.68,2.37,2.26,,1739.554,,,,,,,,,,5.33,81.37,85.34,,,,,3.5,,,
2023-08-03,-0.8,-1.45,4.08,4.88,4.17,1.72,2.36,2.25,,1770.186,,,,,,,,,,5.33,79.5,84.01,,,,,3.75,,,
2023-08-04,-0.7,-1.34,4.2,4.9,4.32,1.83,2.37,2.24,,1776.774,,,,,,,,,,5.33,81.56,86.19,,,,,3.75,,,
2023-08-05,-0.73,-1.49,4.05,4.78,4.21,1.67,2.38,2.26,,1793.804,,,,,,,,,,5.33,82.76,87.38,,,,,3.75,,,
2023-08-06,,,,,,,,,,,8206764.0,3189533.0,,,,,,,,5.33,,,,,,,3.75,12147.5207,,
2023-08-07,,,,,,,,,,,,,,,,,,,,5.33,,,,,,,3.75,,,
2023-08-08,-0.67,-1.47,4.09,4.76,4.27,1.68,2.41,2.29,,1810.583,,,-0.297,-0.7169,,3.7,,,,5.33,81.94,86.47,,,,,3.75,,,
2023-08-09,-0.72,-1.55,4.02,4.74,4.2,1.66,2.36,2.24,,1778.351,,,,,,,,,,5.33,82.94,88.0,,,,,3.75,,,
2023-08-10,-0.79,-1.55,4.0,4.79,4.18,1.66,2.34,2.23,,1796.519,,,,,,,,,,5.33,84.35,89.31,,,,,3.75,,,
2023-08-11,-0.73,-1.45,4.09,4.82,4.24,1.76,2.33,2.25,,1759.897,,,,,,,,,,5.33,82.81,87.44,,,,,3.75,,,
2023-08-12,-0.73,-1.38,4.16,4.89,4.27,1.8,2.36,2.3,,1773.236,,,,,,,,,,5.33,83.17,87.93,,,,,3.75,,,
2023-08-13,,,,,,,,,,,8208241.0,3222856.0,,,,,,,,5.33,,,,,,,3.75,12150.9429,,
2023-08-14,,,,,,,,,,,,,,,,,,,,5.33,,,,,,,3.75,,,
2023-08-15,-0.77,-1.37,4.19,4.96,4.29,1.83,2.36,2.29,,1799.311,,,-0.312,-0.6536,,,,69.4,,5.33,82.5,87.4,,,,,3.75,,,
2023-08-16,-0.71,-1.35,4.21,4.92,4.32,1.89,2.32,2.24,,1743.784,,,,,306.082,,,,,5.33,81.06,86.28,,,,,3.75,,,
2023-08-17,-0.69,-1.28,4.28,4.97,4.38,1.96,2.32,2.23,,1796.725,,,,,,,100.8393,,,5.33,79.4,84.49,,,,,3.75,,,
2023-08-18,-0.64,-1.26,4.3,4.94,4.41,1.97,2.33,2.24,,1794.12,,,,,,,,,,5.33,80.43,85.24,,,,,3.75,,,
2023-08-19,-0.66,-1.29,4.26,4.92,4.38,1.94,2.32,2.22,,1819.201,,,,,,,,,,5.33,81.25,85.92,,,,,3.75,,,
2023-08-20,,,,,,,,,,,8145727.0,3245971.0,,,,,,,,5.33,,,,,,,3.75,12171.132,,
2023-08-21,,,,,,,,,,,,,,,,,,,,5.33,,,,,,,3.75,,,
2023-08-22,-0.63,-1.23,4.34,4.97,4.45,2.0,2.34,2.25,,1824.788,,,-0.325,-0.621,,,,,,5.33,80.71,85.44,,,,,3.75,,,
2023-08-23,-0.68,-1.23,4.34,5.02,4.42,1.99,2.35,2.27,,1812.294,,,,,,,,,,5.33,80.25,84.7,,,,,3.75,,,
2023-08-24,-0.76,-1.38,4.19,4.95,4.27,1.84,2.35,2.26,,1816.533,,,,,,,,,,5.33,78.91,83.94,,,,,3.75,,,
2023-08-25,-0.75,-1.35,4.23,4.98,4.3,1.91,2.32,2.24,,1731.623,,,,,,,,,,5.33,79.52,84.07,,,,,3.75,,,
2023-08-26,-0.78,-1.36,4.25,5.03,4.3,1.92,2.33,2.25,,1687.379,,,,,,,,,,5.33,80.47,85.42,,,,,3.75,,,
2023-08-27,,,,,,,,,,,8139066.0,3186789.0,,,,,,,,5.33,,,,,,,3.75,12185.0146,,
2023-08-28,,,,,,,,,,,,,,,,,,,,5.33,,,,,,,3.75,,,
2023-08-29,-0.78,-1.38,4.2,4.98,4.29,1.9,2.3,2.21,,1708.605,,,-0.333,-0.6739,,,,,,5.33,80.65,,,,,,3.75,,,
2023-08-30,-0.75,-1.44,4.12,4.87,4.23,1.83,2.29,2.18,,1693.278,,,,,,,,,,5.33,81.14,86.37,,,,,3.75,,,
2023-08-31,-0.78,-1.44,4.12,4.9,4.23,1.86,2.26,2.16,,1696.819,,,,,,,,,20782.0,5.33,81.64,86.62,8347.828260869564,2.648260869565217,0.68,,3.75,,,
2023-09-01,-0.76,-1.47,4.09,4.85,4.2,1.85,2.24,2.15,,1651.602,,,,,,,,,,5.33,83.55,87.29,,,,,3.75,,,
2023-09-02,-0.69,-1.35,4.18,4.87,4.29,1.92,2.26,2.17,,1574.065,,,,,,,,,,5.33,85.52,89.98,,,,,3.75,,,
2023-09-03,,,,,,,,,,,8121316.0,3238345.0,,,,,,,,5.33,,,,,,,3.75,12191.0619,,
2023-09-04,,,,,,,,,,,,,,,,,,,,5.33,,,,,,,3.75,,,
2023-09-05,,,,,,,,,,,,,-0.338,-0.6812,,,,,,5.33,,90.42,,,,,3.75,,,
2023-09-06,-0.67,-1.28,4.27,4.94,4.38,1.98,2.29,2.21,,1568.49,,,,,,,,,,5.33,86.74,91.25,,,,,3.75,,,
2023-09-07,-0.71,-1.25,4.3,5.01,4.37,2.0,2.3,2.23,,1606.244,,,,,,,,,,5.33,87.55,91.79,,,,,3.75,,,
2023-09-08,-0.67,-1.26,4.27,4.94,4.36,1.95,2.32,2.24,,1535.289,,,,,,3.7,,,,5.33,86.87,91.16,,,,,3.75,,,
2023-09-09,-0.72,-1.29,4.26,4.98,4.33,1.93,2.33,2.26,,1525.403,,,,,,,,,,5.33,87.51,91.85,,,,,3.75,,,
2023-09-10,,,,,,,,,,,8101318.0,3307291.0,,,,,,,,5.33,,,,,,,3.75,12199.1795,,
2023-09-11,,,,,,,,,,,,,,,,,,,,5.33,,,,,,,3.75,,,
2023-09-12,-0.68,-1.26,4.29,4.97,4.37,1.94,2.35,2.26,,1549.111,,,-0.337,-0.7135,,,,,,5.33,87.3,91.97,,,,,3.75,,,
2023-09-13,-0.71,-1.29,4.27,4.98,4.35,1.93,2.34,2.27,3.84,1493.781,,,,,,,,,,5.33,88.87,93.58,,,,,3.75,,,
2023-09-14,-0.71,-1.3,4.25,4.96,4.34,1.9,2.35,2.28,3.85,1546.225,,,,,,,,,,5.33,88.59,93.04,,,,,3.75,,,
2023-09-15,-0.71,-1.26,4.29,5.0,4.39,1.95,2.34,2.27,3.78,1492.427,,,,,,,,67.8,,5.33,90.13,95.2,,,,,3.75,,,
2023-09-16,-0.69,-1.23,4.33,5.02,4.42,1.98,2.35,2.27,3.79,1401.403,,,,,307.276,,,,,5.33,90.83,95.55,,,,,3.75,,,
2023-09-17,,,,,,,,,,,8098779.0,3335459.0,,,,,101.0211,,,5.33,,,,,,,3.75,12204.7685,,
2023-09-18,,,,,,,,,,,,,,,,,,,,5.33,,,,,,,3.75,,,
2023-09-19,-0.73,-1.23,4.32,5.05,4.4,1.96,2.36,2.29,3.82,1452.942,,,-0.332,-0.7072,,,,,,5.33,91.47,95.95,,,,,3.75,,,
2023-09-20,-0.71,-1.17,4.37,5.08,4.43,2.0,2.37,2.3,3.82,1453.324,,,,,,,,,,5.33,91.16,96.11,,,,,3.75,,,
2023-09-21,-0.77,-1.21,4.35,5.12,4.4,2.0,2.35,2.27,3.77,1486.984,,,,,,,,,,5.33,89.2,94.56,,,,,4.0,,,
2023-09-22,-0.63,-1.08,4.49,5.12,4.56,2.11,2.38,2.29,3.89,1454.115,,,,,,,,,,5.33,89.56,93.7,,,,,4.0,,,
2023-09-23,-0.66,-1.12,4.44,5.1,4.53,2.07,2.37,2.29,3.93,1427.575,,,,,,,,,,5.33,90.0,93.99,,,,,4.0,,,
2023-09-24,,,,,,,,,,,8024090.0,3231649.0,,,,,,,,5.33,,,,,,,4.0,12210.5689,,
2023-09-25,,,,,,,,,,,,,,,,,,,,5.33,,,,,,,4.0,,,
2023-09-26,-0.54,-1.03,4.55,5.09,4.67,2.18,2.37,2.25,3.97,1437.31,,,-0.323,-0.7157,,,,,,5.33,89.68,94.01,,,,,4.0,,,
2023-09-27,-0.48,-1.02,4.56,5.04,4.7,2.23,2.33,2.2,4.04,1438.301,,,,,,,,,,5.33,91.43,94.46,,,,,4.0,,,
2023-09-28,-0.49,-0.97,4.61,5.1,4.73,2.27,2.34,2.23,4.03,1442.805,,,,,,,,,,5.33,93.67,97.1,,,,,4.0,,,
2023-09-29,-0.45,-0.97,4.59,5.04,4.71,2.2,2.39,2.27,4.09,1453.366,,,,,,,,,,5.33,91.65,96.64,,,,50.8,4.0,,118.13897,72.91361487154595
2023-09-30,-0.44,-0.96,4.59,5.03,4.73,2.24,2.35,2.22,4.03,1557.569,,,,,,,,,,5.33,90.77,95.86,,,,,4.0,,,
2023-10-01,,,,,,,,,4.03,,8002064.0,3170324.0,,,,,,,20753.6,5.33,,,8276.71380952381,2.70047619047619,0.72,,4.0,12214.2997,,
2023-10-02,,,,,,,,,,,,,,,,,,,,5.33,,,,,,,4.0,,,
2023-10-03,-0.43,-0.93,4.69,5.12,4.81,2.34,2.35,2.23,4.11,1365.739,,,-0.31,-0.4983,,,,,,5.33,88.81,91.21,,,,,4.0,,,
2023-10-04,-0.34,-0.81,4.81,5.15,4.95,2.45,2.36,2.21,4.26,1348.465,,,,,,,,,,5.33,89.26,94.46,,,,,4.0,,,
2023-10-05,-0.32,-0.88,4.73,5.05,4.87,2.4,2.33,2.18,4.37,1342.031,,,,,,,,,,5.33,84.32,89.83,,,,,4.0,,,
2023-10-06,-0.31,-0.89,4.72,5.03,4.89,2.41,2.31,2.14,4.38,1265.132,,,,,,,,,,5.33,82.3,88.28,,,,,4.0,,,
2023-10-07,-0.3,-0.85,4.78,5.08,4.95,2.47,2.31,2.17,4.33,1283.461,,,,,,,,,,5.33,82.83,87.86,,,,,4.0,,,
2023-10-08,,,,,,,,,,,7955782.0,3145720.0,,,,3.9,,,,5.33,,,,,,,4.0,12243.9719,,
2023-10-09,,,,,,,,,,,,,,,,,,,,5.33,,,,,,,4.0,,,
2023-10-10,,,,,,,,,4.34,,,,-0.299,-0.4267,,,,,,5.33,,91.37,,,,,4.0,,,
2023-10-11,-0.3,-0.95,4.66,4.96,4.85,2.34,2.32,2.18,4.26,1222.44,,,,,,,,,,5.33,85.89,90.7,,,,,4.0,,,
2023-10-12,-0.41,-1.03,4.58,4.99,4.73,2.26,2.32,2.2,4.25,1239.382,,,,,,,,,,5.33,83.7,87.58,,,,,4.0,,,
2023-10-13,-0.36,-0.93,4.7,5.06,4.86,2.36,2.34,2.23,4.25,1157.319,,,,,,,,,,5.33,82.87,88.4,,,,,4.0,,,
2023-10-14,-0.41,-0.99,4.63,5.04,4.78,2.29,2.34,2.26,4.3,1151.818,,,,,,,,,,5.33,87.67,94.33,,,,,4.0,,,
2023-10-15,,,,,,,,,,,7952054.0,3288945.0,,,,,,63.8,,5.33,,,,,,,4.0,12258.1895,,
2023-10-16,,,,,,,,,,,,,,,307.696,,,,,5.33,,,,,,,4.0,,,
2023-10-17,-0.38,-0.9,4.71,5.09,4.87,2.33,2.38,2.3,4.27,1108.819,,,-0.289,-0.529,,,100.4689,,,5.33,86.65,90.99,,,,,4.0,,,
2023-10-18,-0.36,-0.79,4.83,5.19,4.94,2.42,2.41,2.32,4.25,1082.502,,,,,,,,,,5.33,86.66,92.52,,,,,4.0,,,
2023-10-19,-0.28,-0.7,4.91,5.19,5.0,2.47,2.44,2.35,4.32,1150.781,,,,,,,,,,5.33,88.35,91.99,,,,,4.0,,,
2023-10-20,-0.16,-0.62,4.98,5.14,5.11,2.49,2.49,2.52,4.37,1114.179,,,,,,,,,,5.33,89.35,93.12,,,,,4.0,,,
2023-10-21,-0.14,-0.65,4.93,5.07,5.09,2.46,2.47,2.47,4.52,1138.756,,,,,,,,,,5.33,89.12,93.72,,,,,4.0,,,
2023-10-22,,,,,,,,,,,7933162.0,3353881.0,,,,,,,,5.33,,,,,,,4.0,12253.6948,,
2023-10-23,,,,,,,,,,,,,,,,,,,,5.33,,,,,,,4.0,,,
2023-10-24,-0.19,-0.72,4.86,5.05,5.01,2.45,2.41,2.41,4.51,1157.976,,,-0.283,-0.3298,,,,,,5.33,85.49,91.88,,,,,4.0,,,
2023-10-25,-0.19,-0.75,4.83,5.02,4.96,2.43,2.4,2.38,4.41,1097.875,,,,,,,,,,5.33,84.58,88.0,,,,,4.0,,,
2023-10-26,-0.13,-0.64,4.95,5.08,5.09,2.52,2.43,2.4,4.37,1100.617,,,,,,,,,,5.33,86.07,90.14,,,,,4.0,,,
2023-10-27,-0.16,-0.73,4.86,5.02,5.01,2.44,2.42,2.37,4.5,1089.85,,,,,,,,,,5.33,83.8,88.45,,,,,4.0,,,
2023-10-28,-0.15,-0.75,4.84,4.99,5.03,2.42,2.42,2.39,4.53,1091.858,,,,,,,,,,5.33,86.04,90.73,,,,,4.0,,,
2023-10-29,,,,,,,,,,,7907830.0,3261886.0,,,,,,,,5.33,,,,,,,4.0,12276.2621,,
2023-10-30,,,,,,,,,,,,,,,,,,,,5.33,,,,,,,4.0,,,
2023-10-31,-0.15,-0.72,4.88,5.03,5.04,2.44,2.44,2.4,4.5,1138.035,,,-0.283,-0.3389,,,,,20737.5,5.33,83.03,90.73,7941.355909090909,3.166363636363636,1.0,,4.0,,,
2023-11-01,-0.19,-0.71,4.88,5.07,5.04,2.46,2.42,2.4,4.42,1137.697,,,,,,,,,,5.33,81.64,86.82,,,,,4.0,,,
2023-11-02,-0.18,-0.8,4.77,4.95,4.96,2.36,2.41,2.36,4.47,1079.462,,,,,,,,,,5.33,81.05,86.92,,,,,4.0,,,
2023-11-03,-0.31,-0.87,4.67,4.98,4.82,2.27,2.4,2.35,4.15,1054.986,,,,,,,,,,5.33,83.04,89.02,,,,,4.0,,,
2023-11-04,-0.26,-0.96,4.57,4.83,4.77,2.18,2.39,2.32,4.04,1071.139,,,,,,,,,,5.33,81.19,87.55,,,,,4.0,,,
2023-11-05,,,,,,,,,,,7866664.0,3267216.0,,,,,,,,5.33,,,,,,,4.0,12258.0459,,
2023-11-06,,,,,,,,,,,,,,,,,,,,5.33,,,,,,,4.0,,,
2023-11-07,-0.26,-0.89,4.67,4.93,4.84,2.25,2.42,2.35,4.0,1062.878,,,-0.288,-0.5956,,,,,,5.33,81.54,87.31,,,,,4.0,,,
2023-11-08,-0.33,-0.97,4.58,4.91,4.75,2.19,2.39,2.32,4.08,1008.685,,,,,,3.7,,,,5.33,77.96,83.43,,,,,4.0,,,
2023-11-09,-0.44,-1.05,4.49,4.93,4.64,2.15,2.34,2.29,4.08,1024.451,,,,,,,,,,5.33,75.85,81.46,,,,,4.0,,,
2023-11-10,-0.41,-0.92,4.62,5.03,4.77,2.29,2.33,2.3,4.04,993.314,,,,,,,,,,5.33,76.34,81.74,,,,,4.0,,,
2023-11-11,-0.43,-0.92,4.61,5.04,4.73,2.29,2.32,2.28,4.03,1032.72,,,,,,,,,,5.33,,83.66,,,,,4.0,,,
2023-11-12,,,,,,,,,,,7860691.0,3328908.0,,,,,,,,5.33,,,,,,,4.0,12252.9748,,
2023-11-13,,,,,,,,,,,,,,,,,,,,5.33,,,,,,,4.0,,,
2023-11-14,-0.39,-0.92,4.63,5.02,4.75,2.32,2.31,2.29,4.03,1020.272,,,-0.297,-0.7185,,,,,,5.33,78.86,84.09,,,,,4.0,,,
2023-11-15,-0.36,-1.08,4.44,4.8,4.61,2.16,2.28,2.23,3.92,988.298,,,,,,,,61.3,,5.33,78.9,84.2,,,,,4.0,,,
2023-11-16,-0.37,-1.0,4.53,4.9,4.68,2.22,2.31,2.24,3.89,944.241,,,,,308.148,,,,,5.33,77.15,82.4,,,,,4.0,,,
2023-11-17,-0.38,-1.06,4.45,4.83,4.63,2.18,2.27,2.2,4.02,912.01,,,,,,,100.8639,,,5.33,73.5,77.73,,,,,4.0,,,
2023-11-18,-0.44,-1.06,4.44,4.88,4.59,2.16,2.28,2.23,3.99,935.803,,,,,,,,,,5.33,76.47,81.22,,,,,4.0,,,
2023-11-19,,,,,,,,,,,7814991.0,3391713.0,,,,,,,,5.33,,,,,,,4.0,12256.8326,,
2023-11-20,,,,,,,,,,,,,,,,,,,,5.33,,,,,,,4.0,,,
2023-11-21,-0.47,-1.12,4.42,4.89,4.57,2.12,2.3,2.26,3.92,953.088,,,-0.308,-0.6122,,,,,,5.33,78.1,83.25,,,,,4.0,,,
2023-11-22,-0.45,-1.12,4.41,4.86,4.57,2.16,2.25,2.19,3.95,931.155,,,,,,,,,,5.33,78.35,82.42,,,,,4.0,,,
2023-11-23,-0.47,-1.12,4.42,4.89,4.55,2.16,2.26,2.21,3.9,931.604,,,,,,,,,,5.33,76.8,81.76,,,,,4.0,,,
2023-11-24,,,,,,,,,3.9,,,,,,,,,,,5.33,,80.85,,,,,4.0,,,
2023-11-25,-0.45,-1.07,4.47,4.92,4.6,2.21,2.26,2.21,3.85,865.907,,,,,,,,,,5.33,74.83,79.82,,,,,4.0,,,
2023-11-26,,,,,,,,,,,7810814.0,3453853.0,,,,,,,,5.33,,,,,,,4.0,12275.0475,,
2023-11-27,,,,,,,,,,,,,,,,,,,,5.33,,,,,,,4.0,,,
2023-11-28,-0.45,-1.1,4.39,4.84,4.53,2.18,2.21,2.12,3.89,867.22,,,-0.32,-0.7244,,,,,,5.33,74.46,79.49,,,,,4.0,,,
2023-11-29,-0.39,-1.13,4.34,4.73,4.52,2.12,2.22,2.15,3.9,873.344,,,,,,,,,,5.33,76.09,81.66,,,,,4.0,,,
2023-11-30,-0.37,-1.18,4.27,4.64,4.44,2.06,2.21,2.14,3.8,914.187,,,,,,,,,,5.33,77.56,82.98,,,,,4.0,,,
2023-12-01,-0.36,-1.08,4.37,4.73,4.54,2.14,2.23,2.15,3.84,887.822,,,,,,,,,20749.7,5.33,75.66,81.72,8189.587727272727,3.055454545454545,0.7,,4.0,,,
2023-12-02,-0.34,-1.21,4.22,4.56,4.4,2.0,2.22,2.12,3.87,768.543,,,,,,,,,,5.33,73.7,78.72,,,,,4.0,,,
2023-12-03,,,,,,,,,,,7796145.0,3441581.0,,,,,,,,5.33,,,,,,,4.0,12282.5189,,
2023-12-04,,,,,,,,,,,,,,,,,,,,5.33,,,,,,,4.0,,,
2023-12-05,-0.36,-1.18,4.28,4.64,4.43,2.07,2.21,2.13,3.8,815.847,,,-0.331,-0.5209,,,,,,5.33,72.73,78.16,,,,,4.0,,,
2023-12-06,-0.39,-1.27,4.18,4.57,4.3,2.01,2.17,2.09,3.8,834.428,,,,,,,,,,5.33,71.95,77.27,,,,,4.0,,,
2023-12-07,-0.48,-1.33,4.12,4.6,4.22,1.98,2.14,2.05,3.79,846.498,,,,,,,,,,5.33,68.98,74.33,,,,,4.0,,,
2023-12-08,-0.44,-1.3,4.14,4.58,4.25,1.97,2.17,2.06,3.77,825.734,,,,,,3.8,,,,5.33,69.0,74.21,,,,,4.0,,,
2023-12-09,-0.48,-1.21,4.23,4.71,4.31,2.02,2.21,2.11,3.75,821.408,,,,,,,,,,5.33,70.87,75.94,,,,,4.0,,,
2023-12-10,,,,,,,,,,,7737385.0,3513374.0,,,,,,,,5.33,,,,,,,4.0,12280.9394,,
2023-12-11,,,,,,,,,,,,,,,,,,,,5.33,,,,,,,4.0,,,
2023-12-12,-0.48,-1.24,4.23,4.71,4.32,2.04,2.19,2.11,3.79,838.507,,,-0.34,-0.4871,,,,,,5.33,70.95,75.75,,,,,4.0,,,
2023-12-13,-0.53,-1.26,4.2,4.73,4.3,2.04,2.16,2.08,3.76,837.803,,,,,,,,,,5.33,68.27,74.11,,,,,4.0,,,
2023-12-14,-0.42,-1.4,4.04,4.46,4.19,1.88,2.16,2.08,3.79,823.329,,,,,,,,,,5.33,69.09,74.14,,,,,4.0,,,
2023-12-15,-0.45,-1.51,3.92,4.37,4.03,1.7,2.22,2.18,3.47,769.346,,,,,,,,69.7,,5.33,71.21,77.05,,,,,4.0,,,
2023-12-16,-0.53,-1.53,3.91,4.44,4.0,1.69,2.22,2.17,3.51,683.254,,,,,308.741,,,,,5.33,71.05,76.84,,,,,4.0,,,
2023-12-17,,,,,,,,,,,7739566.0,3540619.0,,,,,100.6031,,,5.33,,,,,,,4.0,12274.1688,,
2023-12-18,,,,,,,,,,,,,,,,,,,,5.33,,,,,,,4.0,,,
2023-12-19,-0.48,-1.51,3.95,4.43,4.05,1.74,2.21,2.18,3.51,724.704,,,-0.349,-0.5973,,,,,,5.33,72.16,78.89,,,,,4.0,,,
2023-12-20,-0.48,-1.5,3.93,4.41,4.03,1.74,2.19,2.17,3.46,773.082,,,,,,,,,,5.33,73.23,79.82,,,,,4.0,,,
2023-12-21,-0.48,-1.58,3.86,4.34,3.98,1.67,2.19,2.16,3.43,779.143,,,,,,,,,,5.33,73.87,81.1,,,,,4.0,,,
2023-12-22,-0.44,-1.53,3.89,4.33,4.03,1.7,2.19,2.18,3.41,778.402,,,,,,,,,,5.33,73.59,80.73,,,,,4.0,,,
2023-12-23,-0.41,-1.54,3.9,4.31,4.05,1.71,2.19,2.16,3.39,772.258,,,,,,,,,,5.33,73.29,80.23,,,,,4.0,,,
2023-12-24,,,,,,,,,,,7724063.0,3536105.0,,,,,,,,5.33,,,,,,,4.0,12269.1176,,
2023-12-25,,,,,,,,,,,,,,,,,,,,5.33,,,,,,,4.0,,,
2023-12-26,,,,,,,,,,,,,-0.358,-0.4245,,,,,,5.33,,,,,,,4.0,,,
2023-12-27,-0.37,-1.56,3.89,4.26,4.04,1.71,2.18,2.17,3.37,793.937,,,,,,,,,,5.33,75.84,,,,,,4.0,,,
2023-12-28,-0.41,-1.65,3.79,4.2,3.95,1.64,2.15,2.12,3.34,818.869,,,,,,,,,,5.33,74.31,80.97,,,,,4.0,,,
2023-12-29,-0.42,-1.61,3.84,4.26,3.98,1.68,2.16,2.11,3.32,829.573,,,,,,,,,,5.33,72.02,79.04,,,,,4.0,,,
2023-12-30,-0.35,-1.52,3.88,4.23,4.03,1.72,2.16,2.12,3.34,1018.483,,,,,,,,,,5.33,71.89,77.69,,,,33.9,4.0,,119.61944,73.50767488269241
2023-12-31,,,,,,,,,,,7712781.0,3446459.0,,,,,,,20779.9,5.33,,,8407.900476190476,2.534761904761905,1.34,,4.0,12264.3694,,
2024-01-01,,,,,,,,,3.39,,,,,,,,,,,5.33,,,,,,,4.0,,,
2024-01-02,,,,,,,,,,,,,-0.367,-0.4099,,,,,,5.33,,,,,,,4.0,,,
2024-01-03,-0.38,-1.51,3.95,4.33,4.08,1.74,2.21,2.17,3.54,704.864,,,,,,,,,,5.33,70.62,76.24,,,,,4.0,,,
2024-01-04,-0.42,-1.57,3.91,4.33,4.05,1.71,2.2,2.17,3.71,719.897,,,,,,,,,,5.33,72.97,77.18,,,,,4.0,,,
2024-01-05,-0.39,-1.49,3.99,4.38,4.13,1.77,2.22,2.18,3.69,664.899,,,,,,,,,,5.33,72.38,75.79,,,,,4.0,,,
2024-01-06,-0.35,-1.42,4.05,4.4,4.21,1.83,2.22,2.19,3.68,694.478,,,,,,,,,,5.33,74.0,78.31,,,,,4.0,,,
2024-01-07,,,,,,,,,,,7681024.0,3262895.0,,,,,,,,5.33,,,,,,,4.0,12268.1638,,
2024-01-08,,,,,,,,,,,,,,,,3.7,,,,5.33,,,,,,,4.0,,,
2024-01-09,-0.35,-1.48,4.01,4.36,4.17,1.79,2.22,2.19,3.63,691.485,,,-0.375,-0.5569,,,,,,5.33,71.06,75.47,,,,,4.0,,,
2024-01-10,-0.34,-1.45,4.02,4.36,4.18,1.8,2.22,2.17,3.59,676.05,,,,,,,,,,5.33,72.43,77.97,,,,,4.0,,,
2024-01-11,-0.33,-1.42,4.04,4.37,4.2,1.82,2.22,2.18,3.5,679.961,,,,,,,,,,5.33,71.57,78.46,,,,,4.0,,,
2024-01-12,-0.28,-1.48,3.98,4.26,4.18,1.76,2.22,2.18,3.55,626.37,,,,,,,,,,5.33,72.15,80.21,,,,,4.0,,,
2024-01-13,-0.18,-1.49,3.96,4.14,4.2,1.69,2.27,2.22,3.56,603.116,,,,,,,,,,5.33,72.94,79.89,,,,,4.0,,,
2024-01-14,,,,,,,,,,,7686710.0,3498748.0,,,,,,,,5.33,,,,,,,4.0,12287.0173,,
2024-01-15,,,,,,,,,,,,,,,,,,79.0,,5.33,,,,,,,4.0,,,
2024-01-16,,,,,,,,,3.54,,,,-0.383,-0.7041,309.698,,,,,5.33,,79.76,,,,,4.0,,,
2024-01-17,-0.15,-1.38,4.07,4.22,4.3,1.77,2.3,2.24,3.58,583.103,,,,,,,99.2223,,,5.33,72.63,80.15,,,,,4.0,,,
2024-01-18,-0.24,-1.37,4.1,4.34,4.31,1.8,2.3,2.24,3.62,590.191,,,,,,,,,,5.33,72.79,78.88,,,,,4.0,,,
2024-01-19,-0.2,-1.31,4.14,4.34,4.37,1.8,2.34,2.28,3.58,618.234,,,,,,,,,,5.33,74.32,81.04,,,,,4.0,,,
2024-01-20,-0.24,-1.3,4.15,4.39,4.36,1.81,2.34,2.3,3.54,625.182,,,,,,,,,,5.33,73.69,80.71,,,,,4.0,,,
2024-01-21,,,,,,,,,,,7673741.0,3611719.0,,,,,,,,5.33,,,,,,,4.0,12294.315,,
2024-01-22,,,,,,,,,,,,,,,,,,,,5.33,,,,,,,4.0,,,
2024-01-23,-0.26,-1.35,4.11,4.37,4.32,1.8,2.31,2.27,3.49,647.103,,,-0.39,-0.8057,,,,,,5.33,75.26,81.7,,,,,4.0,,,
2024-01-24,-0.17,-1.31,4.14,4.31,4.38,1.85,2.29,2.26,3.51,621.195,,,,,,,,,,5.33,74.72,82.04,,,,,4.0,,,
2024-01-25,-0.16,-1.26,4.18,4.34,4.41,1.88,2.3,2.23,3.44,639.56,,,,,,,,,,5.33,75.48,82.15,,,,,4.0,,,
2024-01-26,-0.14,-1.3,4.14,4.28,4.38,1.85,2.29,2.24,3.45,557.687,,,,,,,,,,5.33,77.91,82.33,,,,,4.0,,,
2024-01-27,-0.19,-1.29,4.15,4.34,4.38,1.85,2.3,2.26,3.39,570.828,,,,,,,,,,5.33,78.45,83.34,,,,,4.0,,,
2024-01-28,,,,,,,,,,,7677230.0,3526683.0,,,,,,,,5.33,,,,,,,4.0,12296.5849,,
2024-01-29,,,,,,,,,,,,,,,,,,,,5.33,,,,,,,4.0,,,
2024-01-30,-0.21,-1.34,4.08,4.29,4.31,1.78,2.3,2.26,3.41,581.41,,,-0.396,-0.8279,,,,,,5.33,77.25,83.99,,,,,4.0,,,
2024-01-31,-0.3,-1.36,4.06,4.36,4.28,1.8,2.26,2.25,3.42,577.755,,,,,,,,,20835.5,5.33,78.3,84.14,8351.339565217391,2.720434782608696,2.78,,4.0,,,
2024-02-01,-0.28,-1.43,3.99,4.27,4.22,1.73,2.26,2.24,3.59,615.379,,,,,,,,,,5.33,76.28,82.98,,,,,4.0,,,
2024-02-02,-0.33,-1.55,3.87,4.2,4.1,1.68,2.19,2.17,3.56,503.548,,,,,,,,,,5.33,74.36,82.2,,,,,4.0,,,
2024-02-03,-0.33,-1.4,4.03,4.36,4.22,1.82,2.21,2.19,3.47,513.422,,,,,,,,,,5.33,72.72,79.54,,,,,4.0,,,
2024-02-04,,,,,,,,,,,7630124.0,3526230.0,,,,,,,,5.33,,,,,,,4.0,12332.5139,,
2024-02-05,,,,,,,,,,,,,,,,,,,,5.33,,,,,,,4.0,,,
2024-02-06,-0.29,-1.25,4.17,4.46,4.35,1.9,2.27,2.26,3.5,552.289,,,-0.403,-0.7452,,,,,,5.33,73.21,79.3,,,,,4.0,,,
2024-02-07,-0.3,-1.35,4.09,4.39,4.29,1.85,2.24,2.24,3.52,532.439,,,,,,,,,,5.33,73.83,80.46,,,,,4.0,,,
2024-02-08,-0.32,-1.34,4.09,4.41,4.31,1.86,2.23,2.26,3.43,553.055,,,,,,3.9,,,,5.33,74.26,81.18,,,,,4.0,,,
2024-02-09,-0.31,-1.29,4.15,4.46,4.36,1.91,2.24,2.28,3.38,535.705,,,,,,,,,,5.33,76.67,83.01,,,,,4.0,,,
2024-02-10,-0.31,-1.27,4.17,4.48,4.37,1.92,2.25,2.28,3.33,569.175,,,,,,,,,,5.33,77.26,83.58,,,,,4.0,,,
2024-02-11,,,,,,,,,,,7631300.0,3599323.0,,,,,,,,5.33,,,,,,,4.0,12319.3711,,
2024-02-12,,,,,,,,,,,,,,,,,,,,5.33,,,,,,,4.0,,,
2024-02-13,-0.29,-1.26,4.17,4.46,4.37,1.93,2.24,2.27,3.35,581.568,,,-0.41,-0.5991,,,,,,5.33,77.34,83.88,,,,,4.0,,,
2024-02-14,-0.33,-1.14,4.31,4.64,4.46,2.02,2.29,2.33,3.36,553.684,,,,,,,,,,5.33,78.28,84.72,,,,,4.0,,,
2024-02-15,-0.29,-1.16,4.27,4.56,4.45,1.97,2.3,2.34,3.38,575.332,,,,,,,,76.9,,5.33,77.09,84.41,,,,,4.0,,,
2024-02-16,-0.32,-1.19,4.24,4.56,4.42,1.94,2.3,2.35,3.35,493.065,,,,,310.967,,,,,5.33,78.47,84.33,,,,,4.0,,,
2024-02-17,-0.34,-1.14,4.3,4.64,4.45,1.97,2.33,2.38,3.34,532.125,,,,,,,100.285,,,5.33,79.65,84.88,,,,,4.0,,,
2024-02-18,,,,,,,,,,,7633874.0,3540945.0,,,,,,,,5.33,,,,,,,4.0,12338.7988,,
2024-02-19,,,,,,,,,,,,,,,,,,,,5.33,,,,,,,4.0,,,
2024-02-20,,,,,,,,,3.34,,,,-0.419,-0.6432,,,,,,5.33,,85.52,,,,,4.0,,,
2024-02-21,-0.32,-1.17,4.27,4.59,4.44,1.95,2.32,2.37,3.37,530.879,,,,,,,,,,5.33,78.72,84.78,,,,,4.0,,,
2024-02-22,-0.32,-1.12,4.32,4.64,4.49,1.98,2.34,2.39,3.34,574.882,,,,,,,,,,5.33,78.89,84.77,,,,,4.0,,,
2024-02-23,-0.36,-1.12,4.33,4.69,4.47,2.02,2.31,2.37,3.22,553.245,,,,,,,,,,5.33,79.64,85.84,,,,,4.0,,,
2024-02-24,-0.41,-1.2,4.26,4.67,4.37,1.96,2.3,2.34,3.23,520.107,,,,,,,,,,5.33,77.6,84.18,,,,,4.0,,,
2024-02-25,,,,,,,,,,,7581683.0,3565999.0,,,,,,,,5.33,,,,,,,4.0,12335.1987,,
2024-02-26,,,,,,,,,,,,,,,,,,,,5.33,,,,,,,4.0,,,
2024-02-27,-0.41,-1.19,4.28,4.69,4.4,1.97,2.31,2.36,3.23,524.959,,,-0.427,-0.6683,,,,,,5.33,78.53,84.01,,,,,4.0,,,
2024-02-28,-0.39,-1.14,4.31,4.7,4.44,1.99,2.32,2.38,3.26,519.725,,,,,,,,,,5.33,79.8,83.8,,,,,4.0,,,
2024-02-29,-0.37,-1.18,4.27,4.64,4.4,1.94,2.33,2.38,3.31,569.855,,,,,,,,,,5.33,79.44,84.08,,,,,4.0,,,
2024-03-01,-0.39,-1.2,4.25,4.64,4.38,1.92,2.33,2.4,3.29,502.074,,,,,,,,,,5.33,79.22,84.57,,,,,4.0,,,
2024-03-02,-0.35,-1.23,4.19,4.54,4.33,1.87,2.32,2.4,3.32,441.265,,,,,,,,,20921.7,5.33,80.9,84.82,8304.950476190475,1.793333333333333,0.84,,4.0,,,
2024-03-03,,,,,,,,,,,7567807.0,3567552.0,,,,,,,,5.33,,,,,,,4.0,12355.3649,,
2024-03-04,,,,,,,,,,,,,,,,,,,,5.33,,,,,,,4.0,,,
2024-03-05,-0.39,-1.26,4.22,4.61,4.36,1.88,2.34,2.42,3.26,439.793,,,-0.434,-0.784,,,,,,5.33,79.67,86.58,,,,,4.0,,,
2024-03-06,-0.41,-1.34,4.13,4.54,4.27,1.81,2.32,2.39,3.31,444.474,,,,,,,,,,5.33,79.11,85.82,,,,,4.0,,,
2024-03-07,-0.44,-1.36,4.11,4.55,4.24,1.81,2.3,2.38,3.27,456.847,,,,,,,,,,5.33,80.08,86.59,,,,,4.0,,,
2024-03-08,-0.41,-1.38,4.09,4.5,4.25,1.81,2.28,2.34,3.27,436.754,,,,,,3.9,,,,5.33,79.81,84.88,,,,,4.0,,,
2024-03-09,-0.39,-1.37,4.09,4.48,4.26,1.81,2.28,2.34,3.26,444.803,,,,,,,,,,5.33,78.96,84.29,,,,,4.0,,,
2024-03-10,,,,,,,,,,,7538857.0,3626176.0,,,,,,,,5.33,,,,,,,4.0,12335.8714,,
2024-03-11,,,,,,,,,,,,,,,,,,,,5.33,,,,,,,4.0,,,
2024-03-12,-0.41,-1.38,4.1,4.51,4.26,1.83,2.27,2.32,3.26,478.728,,,-0.438,-0.781,,,,,,5.33,78.87,83.44,,,,,4.0,,,
2024-03-13,-0.42,-1.32,4.16,4.58,4.31,1.86,2.3,2.35,3.2,476.862,,,,,,,,,,5.33,78.51,83.66,,,,,4.0,,,
2024-03-14,-0.42,-1.29,4.19,4.61,4.35,1.89,2.3,2.37,3.15,521.738,,,,,,,,,,5.33,80.67,83.95,,,,,4.0,,,
2024-03-15,-0.39,-1.19,4.29,4.68,4.44,1.99,2.3,2.37,3.15,483.573,,,,,,,,79.4,,5.33,82.16,86.16,,,,,4.0,,,
2024-03-16,-0.41,-1.17,4.31,4.72,4.43,1.99,2.32,2.39,3.16,413.877,,,,,312.345,,,,,5.33,81.94,85.39,,,,,4.0,,,
2024-03-17,,,,,,,,,,,7541969.0,3624633.0,,,,,100.4575,,,5.33,,,,,,,4.0,12341.9575,,
2024-03-18,,,,,,,,,,,,,,,,,,,,5.33,,,,,,,4.0,,,
2024-03-19,-0.39,-1.14,4.34,4.73,4.46,2.03,2.31,2.39,3.13,440.596,,,-0.439,-0.9208,,,,,,5.33,83.68,86.47,,,,,4.0,,,
2024-03-20,-0.38,-1.18,4.3,4.68,4.44,2.0,2.3,2.38,3.1,446.978,,,,,,,,,,5.33,84.39,87.36,,,,,4.0,,,
2024-03-21,-0.32,-1.2,4.27,4.59,4.45,1.96,2.31,2.4,3.14,496.245,,,,,,,,,,5.33,82.79,85.77,,,,,4.0,,,
2024-03-22,-0.35,-1.21,4.27,4.62,4.44,1.93,2.34,2.43,3.05,460.631,,,,,,,,,,5.33,81.99,84.92,,,,,4.0,,,
2024-03-23,-0.37,-1.24,4.22,4.59,4.39,1.87,2.35,2.41,3.08,478.531,,,,,,,,,,5.33,81.1,84.87,,,,,4.0,,,
2024-03-24,,,,,,,,,,,7514348.0,3553424.0,,,,,,,,5.33,,,,,,,4.0,12342.4916,,
2024-03-25,,,,,,,,,,,,,,,,,,,,5.33,,,,,,,4.0,,,
2024-03-26,-0.29,-1.21,4.25,4.54,4.42,1.92,2.33,2.41,3.11,473.787,,,-0.437,-0.9388,,,,,,5.33,82.41,86.18,,,,,4.0,,,
2024-03-27,-0.32,-1.22,4.24,4.56,4.4,1.92,2.32,2.38,3.15,496.062,,,,,,,,,,5.33,82.41,85.91,,,,,4.0,,,
2024-03-28,-0.34,-1.25,4.2,4.54,4.36,1.88,2.32,2.37,3.15,518.357,,,,,,,,,,5.33,82.15,84.94,,,,,4.0,,,
2024-03-29,-0.39,-1.26,4.2,4.59,4.34,1.88,2.32,2.38,3.12,594.428,,,,,,,,,,5.33,83.96,86.17,,,,,4.0,,,
2024-03-30,,,,,,,,,,,,,,,,,,,,5.33,,,,,,,4.0,,,
2024-03-31,,,,,,,,,,,7484739.0,3496121.0,,,,,,,20965.9,5.33,,,8692.819047619048,1.747142857142857,0.72,14.5,4.0,12349.0562,120.47631,70.02180522407227
2024-04-01,,,,,,,,,3.15,,,,,,,,,,,5.33,,,,,,,4.0,,,
2024-04-02,-0.39,-1.11,4.33,4.72,4.47,1.98,2.35,2.41,3.12,441.903,,,-0.433,-0.9257,,,,,,5.33,84.54,,,,,,4.0,,,
2024-04-03,-0.34,-1.06,4.36,4.7,4.51,2.0,2.36,2.44,3.23,448.424,,,,,,,,,,5.33,85.95,87.63,,,,,4.0,,,
2024-04-04,-0.32,-1.06,4.36,4.68,4.51,2.0,2.36,2.43,3.23,436.631,,,,,,,,,,5.33,86.22,90.6,,,,,4.0,,,
2024-04-05,-0.34,-1.1,4.31,4.65,4.47,1.97,2.34,2.42,3.24,438.764,,,,,,,,,,5.33,87.37,90.32,,,,,4.0,,,
2024-04-06,-0.34,-1.04,4.39,4.73,4.54,2.02,2.37,2.45,3.18,438.319,,,,,,,,,,5.33,87.69,92.81,,,,,4.0,,,
2024-04-07,,,,,,,,,,,7439558.0,3414288.0,,,,,,,,5.33,,,,,,,4.0,12340.8812,,
2024-04-08,,,,,,,,,,,,,,,,3.9,,,,5.33,,,,,,,4.0,,,
2024-04-09,-0.36,-1.01,4.42,4.78,4.55,2.04,2.38,2.47,3.15,448.597,,,-0.427,-0.8438,,,,,,5.33,87.24,91.73,,,,,4.0,,,
2024-04-10,-0.38,-1.07,4.36,4.74,4.5,2.0,2.36,2.44,3.14,441.792,,,,,,,,,,5.33,86.04,92.13,,,,,4.0,,,
2024-04-11,-0.42,-0.9,4.55,4.97,4.64,2.15,2.4,2.49,3.1,445.816,,,,,,,,,,5.33,86.98,91.57,,,,,4.0,,,
2024-04-12,-0.37,-0.89,4.56,4.93,4.65,2.16,2.4,2.48,3.16,455.361,,,,,,,,,,5.33,85.79,91.49,,,,,4.0,,,
2024-04-13,-0.38,-0.95,4.5,4.88,4.61,2.11,2.39,2.47,3.25,407.322,,,,,,,,,,5.33,86.46,93.12,,,,,4.0,,,
2024-04-14,,,,,,,,,,,7438176.0,3586845.0,,,,,,,,5.33,,,,,,,4.0,12339.3107,,
2024-04-15,,,,,,,,,,,,,,,,,,77.2,,5.33,,,,,,,4.0,,,
2024-04-16,-0.3,-0.82,4.63,4.93,4.74,2.2,2.43,2.52,3.28,327.066,,,-0.421,-0.7933,313.023,,,,,5.33,86.21,90.84,,,,,4.0,,,
2024-04-17,-0.3,-0.78,4.67,4.97,4.77,2.24,2.43,2.52,3.36,371.554,,,,,,,100.2434,,,5.33,86.15,91.29,,,,,4.0,,,
2024-04-18,-0.34,-0.86,4.59,4.93,4.71,2.2,2.39,2.47,3.42,440.508,,,,,,,,,,5.33,83.58,89.54,,,,,4.0,,,
2024-04-19,-0.34,-0.82,4.64,4.98,4.74,2.24,2.4,2.44,3.39,433.006,,,,,,,,,,5.33,83.5,88.34,,,,,4.0,,,
2024-04-20,-0.35,-0.83,4.62,4.97,4.72,2.21,2.41,2.44,3.37,397.234,,,,,,,,,,5.33,83.79,87.96,,,,,4.0,,,
2024-04-21,,,,,,,,,,,7405506.0,3522717.0,,,,,,,,5.33,,,,,,,4.0,12341.1924,,
2024-04-22,,,,,,,,,,,,,,,,,,,,5.33,,,,,,,4.0,,,
2024-04-23,-0.35,-0.8,4.62,4.97,4.72,2.21,2.41,2.45,3.29,409.816,,,-0.416,-0.4172,,,,,,5.33,83.82,87.3,,,,,4.0,,,
2024-04-24,-0.25,-0.84,4.61,4.86,4.73,2.2,2.41,2.44,3.2,435.88,,,,,,,,,,5.33,84.17,88.29,,,,,4.0,,,
2024-04-25,-0.24,-0.81,4.65,4.89,4.78,2.24,2.41,2.42,3.19,441.215,,,,,,,,,,5.33,84.09,89.02,,,,,4.0,,,
2024-04-26,-0.26,-0.77,4.7,4.96,4.82,2.28,2.42,2.43,3.24,443.928,,,,,,,,,,5.33,84.92,88.1,,,,,4.0,,,
2024-04-27,-0.29,-0.79,4.67,4.96,4.78,2.24,2.43,2.44,3.16,464.912,,,,,,,,,,5.33,85.38,89.95,,,,,4.0,,,
2024-04-28,,,,,,,,,,,7402434.0,3324363.0,,,,,,,,5.33,,,,,,,4.0,12357.9706,,
2024-04-29,,,,,,,,,,,,,,,,,,,,5.33,,,,,,,4.0,,,
2024-04-30,-0.34,-0.82,4.63,4.97,4.75,2.22,2.41,2.43,3.12,505.53,,,-0.414,-0.8346,,,,,,5.33,84.26,88.44,,,,,4.0,,,
2024-05-01,-0.35,-0.77,4.69,5.04,4.79,2.28,2.41,2.43,3.18,534.234,,,,,,,,,20955.5,5.33,83.49,88.23,9445.593636363636,1.786818181818182,0.78,,4.0,,,
2024-05-02,-0.33,-0.83,4.63,4.96,4.74,2.25,2.38,2.39,3.21,438.148,,,,,,,,,,5.33,80.7,83.55,,,,,4.0,,,
2024-05-03,-0.29,-0.88,4.58,4.87,4.72,2.21,2.37,2.37,3.16,428.68,,,,,,,,,,5.33,80.59,84.81,,,,,4.0,,,
2024-05-04,-0.31,-0.95,4.5,4.81,4.66,2.15,2.35,2.35,3.08,450.165,,,,,,,,,,5.33,79.65,83.6,,,,,4.0,,,
2024-05-05,,,,,,,,,,,7362474.0,3252733.0,,,,,,,,5.33,,,,,,,4.0,12378.3736,,
2024-05-06,,,,,,,,,,,,,,,,,,,,5.33,,,,,,,4.0,,,
2024-05-07,-0.33,-0.96,4.49,4.82,4.64,2.14,2.35,2.34,3.03,468.97,,,-0.413,-0.8219,,,,,,5.33,80.1,,,,,,4.0,,,
2024-05-08,-0.35,-0.98,4.47,4.82,4.61,2.15,2.32,2.32,3.06,475.325,,,,,,3.9,,,,5.33,79.97,82.69,,,,,4.0,,,
2024-05-09,-0.36,-0.97,4.48,4.84,4.64,2.17,2.31,2.31,3.1,493.427,,,,,,,,,,5.33,80.57,82.44,,,,,4.0,,,
2024-05-10,-0.35,-1.01,4.45,4.8,4.6,2.13,2.32,2.34,3.14,458.55,,,,,,,,,,5.33,80.86,83.27,,,,,4.0,,,
2024-05-11,-0.37,-0.97,4.5,4.87,4.64,2.16,2.34,2.34,3.12,486.434,,,,,,,,,,5.33,79.81,83.39,,,,,4.0,,,
2024-05-12,,,,,,,,,,,7353408.0,3331156.0,,,,,,,,5.33,,,,,,,4.0,12385.5875,,
2024-05-13,,,,,,,,,,,,,,,,,,,,5.33,,,,,,,4.0,,,
2024-05-14,-0.37,-0.97,4.48,4.85,4.63,2.15,2.33,2.33,3.14,492.068,,,-0.414,-0.9115,,,,,,5.33,80.71,83.18,,,,,4.0,,,
2024-05-15,-0.36,-0.99,4.45,4.81,4.59,2.12,2.33,2.32,3.14,468.344,,,,,,,,69.1,,5.33,79.62,81.0,,,,,4.0,,,
2024-05-16,-0.37,-1.09,4.36,4.73,4.52,2.05,2.31,2.29,3.13,443.779,,,,,313.175,,,,,5.33,80.23,79.98,,,,,4.0,,,
2024-05-17,-0.4,-1.07,4.38,4.78,4.52,2.07,2.31,2.3,3.08,410.121,,,,,,,100.863,,,5.33,80.85,81.65,,,,,4.0,,,
2024-05-18,-0.41,-1.04,4.42,4.83,4.56,2.1,2.32,2.32,3.09,449.373,,,,,,,,,,5.33,81.66,82.24,,,,,4.0,,,
2024-05-19,,,,,,,,,,,7304272.0,3369747.0,,,,,,,,5.33,,,,,,,4.0,12392.9993,,
2024-05-20,,,,,,,,,,,,,,,,,,,,5.33,,,,,,,4.0,,,
2024-05-21,-0.38,-1.01,4.44,4.82,4.58,2.11,2.33,2.33,3.07,489.728,,,-0.414,-0.9016,,,,,,5.33,81.39,81.91,,,,,4.0,,,
2024-05-22,-0.41,-1.04,4.41,4.82,4.55,2.09,2.32,2.33,3.07,491.72,,,,,,,,,,5.33,80.66,81.22,,,,,4.0,,,
2024-05-23,-0.43,-1.02,4.43,4.86,4.55,2.1,2.33,2.33,3.11,496.382,,,,,,,,,,5.33,79.15,79.9,,,,,4.0,,,
2024-05-24,-0.44,-0.99,4.47,4.91,4.58,2.17,2.3,2.31,3.1,467.398,,,,,,,,,,5.33,77.47,79.25,,,,,4.0,,,
2024-05-25,-0.47,-1.0,4.46,4.93,4.57,2.14,2.32,2.33,3.11,431.239,,,,,,,,,,5.33,78.48,78.92,,,,,4.0,,,
2024-05-26,,,,,,,,,,,7299566.0,3390794.0,,,,,,,,5.33,,,,,,,4.0,12382.9868,,
2024-05-27,,,,,,,,,,,,,,,,,,,,5.33,,,,,,,4.0,,,
2024-05-28,,,,,,,,,3.12,,,,-0.413,-0.9556,,,,,,5.33,,,,,,,4.0,,,
2024-05-29,-0.4,-0.92,4.54,4.94,4.66,2.2,2.34,2.33,3.09,417.836,,,,,,,,,,5.33,80.9,81.34,,,,,4.0,,,
2024-05-30,-0.35,-0.85,4.61,4.96,4.74,2.25,2.36,2.36,3.15,459.314,,,,,,,,,,5.33,80.24,81.5,,,,,4.0,,,
2024-05-31,-0.37,-0.91,4.55,4.92,4.69,2.19,2.36,2.35,3.19,452.034,,,,,,,,,21021.7,5.33,78.96,81.42,10117.163478260873,2.419130434782609,0.74,,4.0,,,
2024-06-01,-0.38,-0.95,4.51,4.89,4.65,2.16,2.35,2.34,3.2,439.806,,,,,,,,,,5.33,77.97,79.41,,,,,4.0,,,
2024-06-02,,,,,,,,,,,7284319.0,3409342.0,,,,,,,,5.33,,,,,,,4.0,12385.632,,
2024-06-03,,,,,,,,,,,,,,,,,,,,5.33,,,,,,,4.0,,,
2024-06-04,-0.41,-1.11,4.41,4.82,4.55,2.08,2.33,2.31,3.17,387.069,,,-0.409,-0.8486,,,,,,5.33,75.26,76.45,,,,,4.0,,,
2024-06-05,-0.44,-1.19,4.33,4.77,4.48,2.02,2.31,2.28,3.22,377.825,,,,,,,,,,5.33,74.27,75.33,,,,,4.0,,,
2024-06-06,-0.43,-1.22,4.29,4.72,4.44,1.99,2.3,2.27,3.2,371.841,,,,,,,,,,5.33,75.08,75.41,,,,,4.0,,,
2024-06-07,-0.44,-1.23,4.28,4.72,4.43,2.0,2.28,2.25,3.2,378.125,,,,,,,,,,5.33,76.52,77.62,,,,,4.0,,,
2024-06-08,-0.44,-1.09,4.43,4.87,4.55,2.13,2.3,2.28,3.15,395.462,,,,,,4.1,,,,5.33,76.53,78.12,,,,,4.0,,,
2024-06-09,,,,,,,,,,,7255687.0,3408310.0,,,,,,,,5.33,,,,,,,4.0,12396.3347,,
2024-06-10,,,,,,,,,,,,,,,,,,,,5.33,,,,,,,4.0,,,
2024-06-11,-0.4,-1.05,4.47,4.87,4.59,2.16,2.31,2.27,3.15,416.481,,,-0.403,-0.8296,,,,,,5.33,78.75,79.59,,,,,4.0,,,
2024-06-12,-0.42,-1.13,4.39,4.81,4.53,2.12,2.27,2.25,3.19,410.449,,,,,,,,,,5.33,78.88,80.15,,,,,4.0,,,
2024-06-13,-0.44,-1.2,4.31,4.75,4.47,2.09,2.22,2.17,3.09,447.574,,,,,,,,,,5.33,79.56,80.52,,,,,3.75,,,
2024-06-14,-0.44,-1.27,4.24,4.68,4.4,2.03,2.21,2.14,3.2,429.864,,,,,,,,,,5.33,79.61,81.44,,,,,3.75,,,
2024-06-15,-0.47,-1.31,4.2,4.67,4.34,2.03,2.17,2.11,3.29,386.885,,,,,,,,68.2,,5.33,79.41,81.49,,,,,3.75,,,
2024-06-16,,,,,,,,,,,7258974.0,3455134.0,,,313.044,,,,,5.33,,,,,,,3.75,12403.6021,,
2024-06-17,,,,,,,,,,,,,,,,,100.894,,,5.33,,,,,,,3.75,,,
2024-06-18,-0.47,-1.24,4.28,4.75,4.4,2.06,2.22,2.16,3.26,333.429,,,-0.396,-0.8629,,,,,,5.33,81.33,82.45,,,,,3.75,,,
2024-06-19,-0.47,-1.28,4.22,4.69,4.36,2.01,2.21,2.17,3.24,375.542,,,,,,,,,,5.33,82.67,84.79,,,,,3.75,,,
2024-06-20,,,,,,,,,3.24,,,,,,,,,,,5.33,,85.64,,,,,3.75,,,
2024-06-21,-0.45,-1.25,4.25,4.7,4.39,2.0,2.25,2.21,3.23,388.841,,,,,,,,,,5.33,83.34,85.92,,,,,3.75,,,
2024-06-22,-0.45,-1.24,4.25,4.7,4.39,2.02,2.23,2.19,3.21,421.04,,,,,,,,,,5.33,81.71,86.42,,,,,3.75,,,
2024-06-23,,,,,,,,,,,7252542.0,3434274.0,,,,,,,,5.33,,,,,,,3.75,12415.8748,,
2024-06-24,,,,,,,,,,,,,,,,,,,,5.33,,,,,,,3.75,,,
2024-06-25,-0.46,-1.25,4.25,4.71,4.38,2.03,2.22,2.18,3.19,435.916,,,-0.387,-0.8227,,,,,,5.33,82.63,86.75,,,,,3.75,,,
2024-06-26,-0.42,-1.26,4.23,4.65,4.36,2.01,2.22,2.17,3.19,466.31,,,,,,,,,,5.33,81.97,86.81,,,,,3.75,,,
2024-06-27,-0.39,-1.18,4.32,4.71,4.45,2.06,2.26,2.2,3.18,490.156,,,,,,,,,,5.33,82.19,85.76,,,,,3.75,,,
2024-06-28,-0.41,-1.2,4.29,4.7,4.43,2.03,2.26,2.22,3.21,531.692,,,,,,,,,,5.33,83.04,87.0,,,,,3.75,,,
2024-06-29,-0.35,-1.12,4.36,4.71,4.51,2.08,2.28,2.24,3.18,664.57,,,,,,,,,,5.33,82.83,87.26,,,,,3.75,,,
2024-06-30,,,,,,,,,,,7231163.0,3302647.0,,,,,,,,5.33,,,,,,15.6,3.75,12424.2871,119.50314,70.56498176924894
2024-07-01,,,,,,,,,3.21,,,,,,,,,,21070.7,5.33,,,9648.167,2.8195,0.88,,3.75,,,
2024-07-02,-0.29,-0.99,4.48,4.77,4.64,2.16,2.32,2.29,3.21,451.783,,,-0.38,-0.8315,,,,,,5.33,84.7,86.57,,,,,3.75,,,
2024-07-03,-0.31,-1.04,4.43,4.74,4.6,2.13,2.3,2.26,3.23,443.369,,,,,,,,,,5.33,84.09,88.28,,,,,3.75,,,
2024-07-04,-0.35,-1.11,4.36,4.71,4.53,2.09,2.27,2.23,3.25,425.898,,,,,,,,,,5.33,85.19,88.25,,,,,3.75,,,
2024-07-05,,,,,,,,,3.25,,,,,,,,,,,5.33,,88.34,,,,,3.75,,,
2024-07-06,-0.32,-1.18,4.28,4.6,4.47,2.0,2.28,2.22,3.27,390.632,,,,,,,,,,5.33,84.44,88.66,,,,,3.75,,,
2024-07-07,,,,,,,,,,,7221520.0,3184180.0,,,,,,,,5.33,,,,,,,3.75,12424.3788,,
2024-07-08,,,,,,,,,,,,,,,,4.2,,,,5.33,,,,,,,3.75,,,
2024-07-09,-0.34,-1.18,4.28,4.62,4.46,2.01,2.27,2.22,3.2,415.257,,,-0.375,-0.8255,,,,,,5.33,83.63,87.15,,,,,3.75,,,
2024-07-10,-0.32,-1.16,4.3,4.62,4.49,2.04,2.26,2.21,3.21,423.152,,,,,,,,,,5.33,82.78,86.48,,,,,3.75,,,
2024-07-11,-0.34,-1.18,4.28,4.62,4.47,2.01,2.27,2.22,3.17,422.147,,,,,,,,,,5.33,83.39,86.55,,,,,3.75,,,
2024-07-12,-0.3,-1.24,4.2,4.5,4.41,1.95,2.25,2.18,3.18,403.708,,,,,,,,,,5.33,83.92,86.49,,,,,3.75,,,
2024-07-13,-0.27,-1.25,4.18,4.45,4.39,1.94,2.24,2.15,3.19,406.59,,,,,,,,,,5.33,83.49,87.35,,,,,3.75,,,
2024-07-14,,,,,,,,,,,7224079.0,3341977.0,,,,,,,,5.33,,,,,,,3.75,12427.4516,,
2024-07-15,,,,,,,,,,,,,,,,,,66.4,,5.33,,,,,,,3.75,,,
2024-07-16,-0.21,-1.2,4.23,4.44,4.46,1.96,2.27,2.2,3.13,413.28,,,-0.369,-0.8195,313.569,,,,,5.33,83.22,86.42,,,,,3.75,,,
2024-07-17,-0.26,-1.26,4.17,4.43,4.38,1.91,2.26,2.2,3.08,409.594,,,,,,,99.9757,,,5.33,81.92,86.6,,,,,3.75,,,
2024-07-18,-0.26,-1.27,4.16,4.42,4.37,1.9,2.26,2.19,3.09,399.401,,,,,,,,,,5.33,84.16,85.76,,,,,3.75,,,
2024-07-19,-0.26,-1.23,4.2,4.46,4.41,1.89,2.31,2.19,3.09,391.652,,,,,,,,,,5.33,84.17,86.26,,,,,3.75,,,
2024-07-20,-0.24,-1.18,4.25,4.49,4.45,1.93,2.32,2.18,3.09,379.801,,,,,,,,,,5.33,81.43,85.19,,,,,3.75,,,
2024-07-21,,,,,,,,,,,7208247.0,3331425.0,,,,,,,,5.33,,,,,,,3.75,12433.7158,,
2024-07-22,,,,,,,,,,,,,,,,,,,,5.33,,,,,,,3.75,,,
2024-07-23,-0.24,-1.17,4.26,4.5,4.48,1.96,2.3,2.18,3.05,395.901,,,-0.364,-0.6562,,,,,,5.33,81.25,83.44,,,,,3.75,,,
2024-07-24,-0.15,-1.16,4.25,4.4,4.48,1.96,2.29,2.17,3.02,389.837,,,,,,,,,,5.33,78.24,82.2,,,,,3.75,,,
2024-07-25,-0.09,-1.12,4.28,4.37,4.54,2.0,2.28,2.13,3.1,399.121,,,,,,,,,,5.33,78.78,83.01,,,,,3.75,,,
2024-07-26,-0.14,-1.12,4.27,4.41,4.5,1.99,2.28,2.13,3.08,377.433,,,,,,,,,,5.33,79.43,82.58,,,,,3.75,,,
2024-07-27,-0.16,-1.18,4.2,4.36,4.45,1.93,2.27,2.13,3.1,381.257,,,,,,,,,,5.33,78.58,81.35,,,,,3.75,,,
2024-07-28,,,,,,,,,,,7205455.0,3308580.0,,,,,,,,5.33,,,,,,,3.75,12446.6324,,
2024-07-29,,,,,,,,,,,,,,,,,,,,5.33,,,,,,,3.75,,,
2024-07-30,-0.19,-1.24,4.17,4.36,4.42,1.92,2.25,2.13,3.13,385.281,,,-0.36,-0.6177,,,,,,5.33,77.27,80.94,,,,,3.75,,,
2024-07-31,-0.2,-1.25,4.15,4.35,4.4,1.9,2.25,2.12,3.2,367.054,,,,,,,,,21098.8,5.33,76.17,79.26,9385.31304347826,2.215217391304348,1.06,,3.75,,,
2024-08-01,-0.2,-1.32,4.09,4.29,4.35,1.85,2.24,2.13,3.25,413.2,,,,,,,,,,5.33,79.36,81.39,,,,,3.75,,,
2024-08-02,-0.17,-1.38,3.99,4.16,4.27,1.79,2.2,2.06,3.35,348.885,,,,,,,,,,5.33,77.74,81.37,,,,,3.75,,,
2024-08-03,-0.08,-1.49,3.8,3.88,4.11,1.76,2.04,1.89,3.72,338.473,,,,,,,,,,5.33,74.99,78.35,,,,,3.75,,,
2024-08-04,,,,,,,,,,,7178391.0,3293519.0,,,,,,,,5.33,,,,,,,3.75,12459.1701,,
2024-08-05,,,,,,,,,,,,,,,,,,,,5.33,,,,,,,3.75,,,
2024-08-06,-0.11,-1.57,3.78,3.89,4.06,1.71,2.07,1.91,3.93,316.246,,,-0.359,-0.326,,,,,,5.33,74.46,77.51,,,,,3.75,,,
2024-08-07,-0.09,-1.44,3.9,3.99,4.18,1.78,2.12,1.96,3.67,291.958,,,,,,,,,,5.33,74.6,76.62,,,,,3.75,,,
2024-08-08,-0.04,-1.38,3.96,4.0,4.26,1.85,2.11,1.97,3.57,286.66,,,,,,4.2,,,,5.33,76.68,78.26,,,,,3.75,,,
2024-08-09,-0.05,-1.35,3.99,4.04,4.28,1.87,2.12,1.98,3.48,303.159,,,,,,,,,,5.33,77.64,80.76,,,,,3.75,,,
2024-08-10,-0.11,-1.39,3.94,4.05,4.23,1.84,2.1,1.96,3.49,312.198,,,,,,,,,,5.33,78.28,81.07,,,,,3.75,,,
2024-08-11,,,,,,,,,,,7175256.0,3351662.0,,,,,,,,5.33,,,,,,,3.75,12457.4689,,
2024-08-12,,,,,,,,,,,,,,,,,,,,5.33,,,,,,,3.75,,,
2024-08-13,-0.11,-1.43,3.9,4.01,4.19,1.79,2.11,1.98,3.52,328.641,,,-0.36,-0.15,,,,,,5.33,81.45,83.06,,,,,3.75,,,
2024-08-14,-0.08,-1.47,3.85,3.93,4.16,1.76,2.09,1.96,3.54,324.494,,,,,,,,,,5.33,79.81,82.51,,,,,3.75,,,
2024-08-15,-0.11,-1.49,3.83,3.94,4.12,1.77,2.06,1.93,3.46,328.472,,,,,,,,67.9,,5.33,78.47,82.15,,,,,3.75,,,
2024-08-16,-0.16,-1.42,3.92,4.08,4.18,1.8,2.12,1.99,3.31,307.141,,,,,314.062,,,,,5.33,79.66,83.09,,,,,3.75,,,
2024-08-17,-0.17,-1.44,3.89,4.06,4.15,1.81,2.08,1.97,3.29,330.317,,,,,,,100.4309,,,5.33,78.05,81.56,,,,,3.75,,,
2024-08-18,,,,,,,,,,,7177688.0,3346138.0,,,,,,,,5.33,,,,,,,3.75,12464.9636,,
2024-08-19,,,,,,,,,,,,,,,,,,,,5.33,,,,,,,3.75,,,
2024-08-20,-0.2,-1.45,3.86,4.06,4.11,1.79,2.07,1.94,3.21,333.583,,,-0.368,-0.7297,,,,,,5.33,75.82,81.09,,,,,3.75,,,
2024-08-21,-0.17,-1.47,3.82,3.99,4.07,1.75,2.07,1.95,3.25,310.819,,,,,,,,,,5.33,75.27,78.85,,,,,3.75,,,
2024-08-22,-0.13,-1.47,3.79,3.92,4.06,1.72,2.07,1.94,3.27,321.329,,,,,,,,,,5.33,72.76,78.77,,,,,3.75,,,
2024-08-23,-0.13,-1.42,3.86,3.99,4.13,1.76,2.1,1.96,3.21,316.777,,,,,,,,,,5.33,73.72,78.8,,,,,3.75,,,
2024-08-24,-0.09,-1.44,3.81,3.9,4.1,1.68,2.13,2.01,3.19,312.896,,,,,,,,,,5.33,75.82,80.34,,,,,3.75,,,
2024-08-25,,,,,,,,,,,7139952.0,3355586.0,,,,,,,,5.33,,,,,,,3.75,12478.2958,,
2024-08-26,,,,,,,,,,,,,,,,,,,,5.33,,,,,,,3.75,,,
2024-08-27,-0.09,-1.42,3.82,3.91,4.11,1.67,2.15,2.02,3.15,353.557,,,-0.379,-0.6387,,,,,,5.33,78.4,,,,,,3.75,,,
2024-08-28,0.0,-1.4,3.83,3.83,4.13,1.68,2.15,2.02,3.17,344.045,,,,,,,,,,5.33,76.5,81.51,,,,,3.75,,,
2024-08-29,0.01,-1.37,3.84,3.83,4.13,1.69,2.15,1.99,3.19,388.89,,,,,,,,,,5.33,75.49,80.04,,,,,3.75,,,
2024-08-30,0.0,-1.35,3.87,3.87,4.15,1.71,2.16,2.01,3.15,383.434,,,,,,,,,,5.33,76.9,81.55,,,,,3.75,,,
2024-08-31,0.0,-1.3,3.91,3.91,4.2,1.76,2.15,2.01,3.13,433.13,,,,,,,,,21191.9,5.33,74.52,80.2,8981.117727272727,2.095,0.9,,3.75,,,
2024-09-01,,,,,,,,,3.17,,7123238.0,3313566.0,,,,,,,,5.33,,,,,,,3.75,12471.3352,,
2024-09-02,,,,,,,,,,,,,,,,,,,,5.33,,,,,,,3.75,,,
2024-09-03,,,,,,,,,3.17,,,,-0.391,-0.6436,,,,,,5.33,,77.82,,,,,3.75,,,
2024-09-04,-0.04,-1.35,3.84,3.88,4.13,1.73,2.11,1.95,3.31,349.808,,,,,,,,,,5.33,71.28,76.46,,,,,3.75,,,
2024-09-05,0.01,-1.41,3.77,3.76,4.06,1.7,2.07,1.9,3.35,337.312,,,,,,,,,,5.33,70.11,74.67,,,,,3.75,,,
2024-09-06,-0.02,-1.42,3.73,3.75,4.02,1.7,2.03,1.87,3.29,291.091,,,,,,,,,,5.33,70.09,74.47,,,,,3.75,,,
2024-09-07,0.06,-1.41,3.72,3.66,4.03,1.69,2.03,1.86,3.39,299.271,,,,,,,,,,5.33,68.58,72.82,,,,,3.75,,,
2024-09-08,,,,,,,,,,,7112567.0,3243002.0,,,,4.1,,,,5.33,,,,,,,3.75,12477.5527,,
2024-09-09,,,,,,,,,,,,,,,,,,,,5.33,,,,,,,3.75,,,
2024-09-10,0.02,-1.41,3.7,3.68,4.0,1.66,2.04,1.88,3.36,292.158,,,-0.402,-0.3806,,,,,,5.33,69.65,72.37,,,,,3.75,,,
2024-09-11,0.06,-1.41,3.65,3.59,3.97,1.63,2.02,1.86,3.46,281.392,,,,,,,,,,5.33,66.73,70.34,,,,,3.75,,,
2024-09-12,0.03,-1.45,3.65,3.62,3.96,1.61,2.04,1.9,3.44,279.215,,,,,,,,,,5.33,68.25,70.31,,,,,3.75,,,
2024-09-13,0.04,-1.38,3.68,3.64,4.0,1.63,2.05,1.93,3.39,294.464,,,,,,,,,,5.33,69.89,73.81,,,,,3.75,,,
2024-09-14,0.09,-1.31,3.66,3.57,3.98,1.58,2.08,1.95,3.37,284.951,,,,,,,,,,5.33,69.59,73.68,,,,,3.75,,,
2024-09-15,,,,,,,,,,,7115001.0,3320818.0,,,,,,70.1,,5.33,,,,,,,3.75,12483.8595,,
2024-09-16,,,,,,,,,,,,,,,314.732,,,,,5.33,,,,,,,3.75,,,
2024-09-17,0.07,-1.33,3.63,3.56,3.94,1.54,2.09,1.94,3.32,239.386,,,-0.412,-0.3045,,,99.8084,,,5.33,71.1,73.96,,,,,3.75,,,
2024-09-18,0.06,-1.3,3.65,3.59,3.96,1.53,2.12,1.97,3.25,256.337,,,,,,,,,,5.33,72.16,74.55,,,,,3.75,,,
2024-09-19,0.09,-1.14,3.7,3.61,4.03,1.58,2.12,1.98,3.21,305.831,,,,,,,,,,5.33,71.87,74.52,,,,,3.5,,,
2024-09-20,0.14,-1.07,3.73,3.59,4.06,1.56,2.17,2.04,3.1,311.777,,,,,,,,,,4.83,72.86,75.93,,,,,3.5,,,
2024-09-21,0.18,-1.02,3.73,3.55,4.07,1.58,2.15,2.02,3.15,339.316,,,,,,,,,,4.83,72.72,75.96,,,,,3.5,,,
2024-09-22,,,,,,,,,,,7109137.0,3313281.0,,,,,,,,4.83,,,,,,,3.5,12498.4592,,
2024-09-23,,,,,,,,,,,,,,,,,,,,4.83,,,,,,,3.5,,,
2024-09-24,0.18,-0.97,3.75,3.57,4.09,1.58,2.17,2.04,3.15,380.372,,,-0.42,-0.4369,,,,,,4.83,71.33,74.95,,,,,3.5,,,
2024-09-25,0.25,-0.95,3.74,3.49,4.09,1.55,2.19,2.06,3.21,388.977,,,,,,,,,,4.83,72.34,75.29,,,,,3.5,,,
2024-09-26,0.26,-0.9,3.79,3.53,4.14,1.61,2.18,2.06,3.19,416.193,,,,,,,,,,4.83,70.42,75.4,,,,,3.5,,,
2024-09-27,0.19,-0.89,3.79,3.6,4.12,1.63,2.16,2.03,3.14,424.916,,,,,,,,,,4.83,68.28,73.06,,,,,3.5,,,
2024-09-28,0.2,-0.93,3.75,3.55,4.1,1.6,2.15,2.03,3.14,436.518,,,,,,,,,,4.83,68.72,71.63,,,,,3.5,,,
2024-09-29,,,,,,,,,,,7080059.0,3169149.0,,,,,,,,4.83,,,,,,7.9,3.5,12502.669,120.17172,71.15225002367907
2024-09-30,,,,,,,,,,,,,,,,,,,,4.83,,,,,,,3.5,,,
2024-10-01,0.15,-0.92,3.81,3.66,4.14,1.63,2.18,2.07,3.03,465.638,,,-0.427,-0.2662,,,,,21275.5,4.83,68.75,72.35,9259.128571428571,2.400952380952381,0.9,,3.5,,,
2024-10-02,0.13,-0.97,3.74,3.61,4.08,1.55,2.19,2.07,3.07,375.221,,,,,,,,,,4.83,70.41,75.3,,,,,3.5,,,
2024-10-03,0.16,-0.9,3.79,3.63,4.14,1.58,2.21,2.1,3.06,383.398,,,,,,,,,,4.83,70.74,74.86,,,,,3.5,,,
2024-10-04,0.15,-0.83,3.85,3.7,4.18,1.64,2.21,2.11,3.04,341.248,,,,,,,,,,4.83,74.33,77.57,,,,,3.5,,,
2024-10-05,0.05,-0.75,3.98,3.93,4.26,1.75,2.23,2.14,2.89,330.012,,,,,,,,,,4.83,74.93,79.32,,,,,3.5,,,
2024-10-06,,,,,,,,,,,7046925.0,3089598.0,,,,,,,,4.83,,,,,,,3.5,12509.0174,,
2024-10-07,,,,,,,,,,,,,,,,,,,,4.83,,,,,,,3.5,,,
2024-10-08,0.04,-0.74,4.03,3.99,4.3,1.76,2.27,2.17,2.95,322.948,,,-0.432,-0.6071,,4.1,,,,4.83,77.76,81.74,,,,,3.5,,,
2024-10-09,0.06,-0.71,4.04,3.98,4.32,1.77,2.27,2.17,2.99,325.355,,,,,,,,,,4.83,74.26,78.19,,,,,3.5,,,
2024-10-10,0.07,-0.69,4.06,3.99,4.34,1.77,2.29,2.21,2.94,343.448,,,,,,,,,,4.83,73.85,77.06,,,,,3.5,,,
2024-10-11,0.11,-0.66,4.09,3.98,4.38,1.76,2.33,2.26,2.99,322.587,,,,,,,,,,4.83,76.46,79.45,,,,,3.5,,,
2024-10-12,0.13,-0.65,4.08,3.95,4.39,1.75,2.33,2.25,2.98,331.735,,,,,,,,,,4.83,76.11,80.27,,,,,3.5,,,
2024-10-13,,,,,,,,,,,7046840.0,3186207.0,,,,,,,,4.83,,,,,,,3.5,12510.9681,,
2024-10-14,,,,,,,,,,,,,,,,,,,,4.83,,,,,,,3.5,,,
2024-10-15,,,,,,,,,2.97,,,,-0.435,-0.5902,,,,70.5,,4.83,,78.47,,,,,3.5,,,
2024-10-16,0.08,-0.7,4.03,3.95,4.32,1.75,2.28,2.22,2.93,286.398,,,,,315.631,,,,,4.83,71.22,73.68,,,,,3.5,,,
2024-10-17,0.09,-0.7,4.02,3.93,4.3,1.75,2.27,2.19,2.9,272.028,,,,,,,99.4695,,,4.83,70.97,73.65,,,,,3.5,,,
2024-10-18,0.13,-0.65,4.09,3.96,4.39,1.79,2.3,2.22,2.89,262.21,,,,,,,,,,4.83,71.26,74.37,,,,,3.5,,,
2024-10-19,0.13,-0.65,4.08,3.95,4.38,1.77,2.31,2.23,2.88,259.892,,,,,,,,,,4.83,69.78,72.75,,,,,3.5,,,
2024-10-20,,,,,,,,,,,7039284.0,3209877.0,,,,,,,,4.83,,,,,,,3.5,12533.3457,,
2024-10-21,,,,,,,,,,,,,,,,,,,,4.83,,,,,,,3.5,,,
2024-10-22,0.17,-0.54,4.19,4.02,4.49,1.88,2.31,2.23,2.88,261.044,,,-0.44,-0.5265,,,,,,4.83,71.16,73.29,,,,,3.5,,,
2024-10-23,0.17,-0.52,4.2,4.03,4.49,1.87,2.33,2.25,2.92,237.76,,,,,,,,,,4.83,72.84,75.59,,,,,3.5,,,
2024-10-24,0.17,-0.49,4.24,4.07,4.51,1.93,2.31,2.23,2.95,270.839,,,,,,,,,,4.83,71.37,74.68,,,,,3.25,,,
2024-10-25,0.14,-0.49,4.21,4.07,4.47,1.91,2.3,2.33,2.93,202.798,,,,,,,,,,4.83,70.58,74.27,,,,,3.25,,,
2024-10-26,0.14,-0.48,4.25,4.11,4.51,1.96,2.29,2.32,2.89,227.0,,,,,,,,,,4.83,72.02,75.62,,,,,3.25,,,
2024-10-27,,,,,,,,,,,7029408.0,3230145.0,,,,,,,,4.83,,,,,,,3.25,12541.3365,,
2024-10-28,,,,,,,,,,,,,,,,,,,,4.83,,,,,,,3.25,,,
2024-10-29,0.16,-0.42,4.28,4.12,4.53,1.99,2.29,2.31,2.82,251.032,,,-0.445,-0.3835,,,,,,4.83,67.65,71.87,,,,,3.25,,,
2024-10-30,0.17,-0.42,4.28,4.11,4.52,1.98,2.3,2.33,2.85,244.841,,,,,,,,,,4.83,67.48,71.09,,,,,3.25,,,
2024-10-31,0.14,-0.38,4.29,4.15,4.49,1.95,2.34,2.37,2.8,228.946,,,,,,,,,21336.7,4.83,68.91,73.21,9533.991304347826,2.574782608695652,0.82,,3.25,,,
2024-11-01,0.12,-0.36,4.28,4.16,4.47,1.95,2.33,2.38,2.88,201.278,,,,,,,,,,4.83,69.58,73.25,,,,,3.25,,,
2024-11-02,0.16,-0.24,4.37,4.21,4.57,2.04,2.33,2.37,2.83,155.476,,,,,,,,,,4.83,69.81,73.63,,,,,3.25,,,
2024-11-03,,,,,,,,,,,7013490.0,3236958.0,,,,,,,,4.83,,,,,,,3.25,12556.2947,,
2024-11-04,,,,,,,,,,,,,,,,,,,,4.83,,,,,,,3.25,,,
2024-11-05,0.14,-0.34,4.31,4.17,4.5,2.03,2.28,2.32,2.87,171.885,,,-0.452,-0.2893,,,,,,4.83,71.83,74.89,,,,,3.25,,,
2024-11-06,0.07,-0.38,4.26,4.19,4.44,1.99,2.27,2.32,2.86,144.243,,,,,,,,,,4.83,72.26,76.98,,,,,3.25,,,
2024-11-07,0.15,-0.22,4.42,4.27,4.6,2.04,2.38,2.46,2.74,177.871,,,,,,,,,,4.83,71.98,76.52,,,,,3.25,,,
2024-11-08,0.1,-0.32,4.31,4.21,4.52,1.98,2.33,2.4,2.73,159.002,,,,,,4.2,,,,4.83,72.69,75.73,,,,,3.25,,,
2024-11-09,0.04,-0.33,4.3,4.26,4.47,1.95,2.35,2.43,2.63,163.621,,,,,,,,,,4.58,70.69,74.04,,,,,3.25,,,
2024-11-10,,,,,,,,,,,6994299.0,3274120.0,,,,,,,,4.58,,,,,,,3.25,12544.9781,,
2024-11-11,,,,,,,,,,,,,,,,,,,,4.58,,,,,,,3.25,,,
2024-11-12,,,,,,,,,2.63,,,,-0.46,-0.5584,,,,,,4.58,,72.19,,,,,3.25,,,
2024-11-13,0.09,-0.2,4.43,4.34,4.58,2.08,2.35,2.43,2.61,178.814,,,,,,,,,,4.58,68.43,72.56,,,,,3.25,,,
2024-11-14,0.17,-0.16,4.44,4.27,4.63,2.09,2.35,2.42,2.64,238.106,,,,,,,,,,4.58,68.76,72.86,,,,,3.25,,,
2024-11-15,0.09,-0.18,4.43,4.34,4.58,2.1,2.33,2.4,2.6,214.509,,,,,,,,71.8,,4.58,68.99,73.39,,,,,3.25,,,
2024-11-16,0.12,-0.17,4.43,4.31,4.6,2.1,2.33,2.39,2.72,172.4,,,,,316.528,,,,,4.58,67.33,73.45,,,,,3.25,,,
2024-11-17,,,,,,,,,,,6967108.0,3244149.0,,,,,99.2925,,,4.58,,,,,,,3.25,12561.0688,,
2024-11-18,,,,,,,,,,,,,,,,,,,,4.58,,,,,,,3.25,,,
2024-11-19,0.13,-0.21,4.42,4.29,4.61,2.08,2.34,2.41,2.72,200.03,,,-0.468,-0.7974,,,,,,4.58,69.46,74.35,,,,,3.25,,,
2024-11-20,0.12,-0.23,4.39,4.27,4.57,2.05,2.34,2.41,2.69,200.664,,,,,,,,,,4.58,69.75,74.32,,,,,3.25,,,
2024-11-21,0.1,-0.21,4.41,4.31,4.59,2.06,2.35,2.43,2.67,217.793,,,,,,,,,,4.58,69.25,74.33,,,,,3.25,,,
2024-11-22,0.09,-0.2,4.43,4.34,4.61,2.09,2.34,2.42,2.61,188.567,,,,,,,,,,4.58,70.39,75.09,,,,,3.25,,,
2024-11-23,0.04,-0.22,4.41,4.37,4.6,2.07,2.34,2.43,2.61,204.254,,,,,,,,,,4.58,71.68,76.1,,,,,3.25,,,
2024-11-24,,,,,,,,,,,6923731.0,3286885.0,,,,,,,,4.58,,,,,,,3.25,12558.1264,,
2024-11-25,,,,,,,,,,,,,,,,,,,,4.58,,,,,,,3.25,,,
2024-11-26,0.06,-0.35,4.27,4.21,4.45,1.98,2.29,2.35,2.64,186.749,,,-0.473,-0.6054,,,,,,4.58,69.41,74.27,,,,,3.25,,,
2024-11-27,0.09,-0.31,4.3,4.21,4.48,2.02,2.28,2.33,2.68,148.823,,,,,,,,,,4.58,69.05,74.56,,,,,3.25,,,
2024-11-28,0.06,-0.35,4.25,4.19,4.44,1.99,2.26,2.32,2.69,169.815,,,,,,,,,,4.58,69.03,73.91,,,,,3.25,,,
2024-11-29,,,,,,,,,2.69,,,,,,,,,,,4.58,,73.92,,,,,3.25,,,
2024-11-30,0.05,-0.4,4.18,4.13,4.36,1.92,2.26,2.33,2.72,197.627,,,,,,,,,,4.58,68.26,74.16,,,,,3.25,,,
2024-12-01,,,,,,,,,2.74,,6905140.0,3227674.0,,,,,,,21454.8,4.58,,,9075.727142857144,2.992380952380952,0.62,,3.25,12571.7044,,
2024-12-02,,,,,,,,,,,,,,,,,,,,4.58,,,,,,,3.25,,,
2024-12-03,0.02,-0.32,4.19,4.17,4.36,1.93,2.26,2.33,2.68,135.858,,,-0.477,-0.6055,,,,,,4.58,68.35,72.81,,,,,3.25,,,
2024-12-04,0.06,-0.26,4.23,4.17,4.4,1.95,2.28,2.36,2.66,161.572,,,,,,,,,,4.58,70.15,74.8,,,,,3.25,,,
2024-12-05,0.06,-0.28,4.19,4.13,4.35,1.9,2.29,2.37,2.66,162.866,,,,,,,,,,4.58,68.81,74.68,,,,,3.25,,,
2024-12-06,0.02,-0.29,4.17,4.15,4.33,1.92,2.25,2.35,2.66,131.964,,,,,,,,,,4.58,68.58,73.78,,,,,3.25,,,
2024-12-07,0.05,-0.27,4.15,4.1,4.34,1.91,2.24,2.31,2.67,130.014,,,,,,,,,,4.58,68.58,73.78,,,,,3.25,,,
2024-12-08,,,,,,,,,,,6895827.0,3225075.0,,,,4.1,,,,4.58,,,,,,,3.25,12577.4464,,
2024-12-09,,,,,,,,,,,,,,,,,,,,4.58,,,,,,,3.25,,,
2024-12-10,0.07,-0.22,4.2,4.13,4.39,1.93,2.27,2.33,2.67,153.029,,,-0.479,-0.5194,,,,,,4.58,68.65,73.73,,,,,3.25,,,
2024-12-11,0.07,-0.19,4.22,4.15,4.41,1.93,2.29,2.34,2.67,174.842,,,,,,,,,,4.58,68.85,73.64,,,,,3.25,,,
2024-12-12,0.11,-0.12,4.26,4.15,4.48,1.96,2.3,2.38,2.64,180.12,,,,,,,,,,4.58,70.57,74.38,,,,,3.25,,,
2024-12-13,0.14,-0.03,4.32,4.18,4.55,2.0,2.32,2.39,2.66,165.025,,,,,,,,,,4.58,70.25,73.52,,,,,3.25,,,
2024-12-14,0.15,0.06,4.4,4.25,4.61,2.07,2.33,2.4,2.68,135.777,,,,,,,,,,4.58,71.54,74.89,,,,,3.25,,,
2024-12-15,,,,,,,,,,,6897485.0,3264559.0,,,,,,74.0,,4.58,,,,,,,3.25,12599.9226,,
2024-12-16,,,,,,,,,,,,,,,317.604,,,,,4.58,,,,,,,3.25,,,
2024-12-17,0.14,0.02,4.39,4.25,4.6,2.07,2.32,2.38,2.69,110.753,,,-0.481,-0.576,,,100.3273,,,4.58,71.03,74.3,,,,,3.25,,,
2024-12-18,0.15,0.02,4.4,4.25,4.59,2.09,2.31,2.36,2.75,118.093,,,,,,,,,,4.58,70.31,73.16,,,,,3.25,,,
2024-12-19,0.15,0.14,4.5,4.35,4.65,2.18,2.32,2.38,2.73,131.651,,,,,,,,,,4.58,70.8,74.57,,,,,3.0,,,
2024-12-20,0.25,0.22,4.57,4.32,4.74,2.28,2.29,2.35,2.91,112.417,,,,,,,,,,4.33,70.1,73.75,,,,,3.0,,,
2024-12-21,0.22,0.18,4.52,4.3,4.72,2.23,2.29,2.34,2.86,98.356,,,,,,,,,,4.33,69.71,73.19,,,,,3.0,,,
2024-12-22,,,,,,,,,,,6889332.0,3282229.0,,,,,,,,4.33,,,,,,,3.0,12600.642,,
2024-12-23,,,,,,,,,,,,,,,,,,,,4.33,,,,,,,3.0,,,
2024-12-24,0.29,0.23,4.59,4.3,4.78,2.27,2.32,2.38,2.85,116.004,,,-0.482,-0.496,,,,,,4.33,69.5,72.12,,,,,3.0,,,
2024-12-25,0.3,0.19,4.59,4.29,4.76,2.24,2.35,2.39,2.86,180.989,,,,,,,,,,4.33,70.87,73.5,,,,,3.0,,,
2024-12-26,,,,,,,,,,,,,,,,,,,,4.33,,,,,,,3.0,,,
2024-12-27,0.28,0.23,4.58,4.3,4.76,2.23,2.35,2.39,2.86,196.818,,,,,,,,,,4.33,70.38,,,,,,3.0,,,
2024-12-28,0.31,0.31,4.62,4.31,4.82,2.28,2.34,2.38,2.84,268.739,,,,,,,,,,4.33,71.28,73.77,,,,,3.0,,,
2024-12-29,,,,,,,,,,,6885963.0,3247382.0,,,,,,,,4.33,,,,,,,3.0,12610.0464,,
2024-12-30,,,,,,,,,,,,,,,,,,,,4.33,,,,,,0.0,3.0,,121.43633,70.98704093535315
2024-12-31,0.31,0.18,4.55,4.24,4.77,2.24,2.31,2.35,2.94,260.743,,,-0.485,-0.62,,,,,21487.6,4.33,71.73,74.24,8909.907727272726,3.450909090909091,0.44,,3.0,,,
2025-01-01,0.33,0.21,4.58,4.25,4.78,2.24,2.34,2.38,2.92,473.46,,,,,,,,,,4.33,72.44,74.58,,,,,3.0,,,
2025-01-02,,,,,,,,,,,,,,,,,,,,4.33,,,,,,,3.0,,,
2025-01-03,0.32,0.21,4.57,4.25,4.79,2.23,2.34,2.41,2.88,239.858,,,,,,,,,,4.33,73.79,76.14,,,,,3.0,,,
2025-01-04,0.32,0.26,4.6,4.28,4.82,2.26,2.34,2.4,2.81,237.377,,,,,,,,,,4.33,74.64,76.72,,,,,3.0,,,
2025-01-05,,,,,,,,,,,6852491.0,3095997.0,,,,,,,,4.33,,,,,,,3.0,12600.4743,,
2025-01-06,,,,,,,,,,,,,,,,,,,,4.33,,,,,,,3.0,,,
2025-01-07,0.34,0.27,4.62,4.28,4.85,2.28,2.34,2.4,2.76,231.926,,,-0.49,-0.6125,,,,,,4.33,74.31,77.27,,,,,3.0,,,
2025-01-08,0.37,0.32,4.67,4.3,4.91,2.29,2.38,2.44,2.79,208.296,,,,,,4.0,,,,4.33,74.99,77.84,,,,,3.0,,,
2025-01-09,0.39,0.32,4.67,4.28,4.91,2.27,2.4,2.47,2.84,185.144,,,,,,,,,,4.33,73.99,77.37,,,,,3.0,,,
2025-01-10,0.41,0.33,4.68,4.27,4.92,2.29,2.39,2.46,2.82,168.225,,,,,,,,,,4.33,,78.44,,,,,3.0,,,
2025-01-11,0.37,0.41,4.77,4.4,4.96,2.34,2.43,2.51,2.81,178.8,,,,,,,,,,4.33,77.27,79.76,,,,,3.0,,,
2025-01-12,,,,,,,,,,,6853554.0,3254743.0,,,,,,,,4.33,,,,,,,3.0,12610.6079,,
2025-01-13,,,,,,,,,,,,,,,,,,,,4.33,,,,,,,3.0,,,
2025-01-14,0.39,0.42,4.79,4.4,4.97,2.34,2.45,2.55,2.85,183.669,,,-0.496,-0.7967,,,,,,4.33,79.57,82.69,,,,,3.0,,,
2025-01-15,0.41,0.42,4.78,4.37,4.98,2.34,2.44,2.55,2.8,160.219,,,,,,,,71.7,,4.33,78.2,82.39,,,,,3.0,,,
2025-01-16,0.39,0.31,4.66,4.27,4.88,2.24,2.42,2.52,2.72,119.977,,,,,318.961,,,,,4.33,80.73,83.48,,,,,3.0,,,
2025-01-17,0.38,0.27,4.61,4.23,4.84,2.19,2.42,2.51,2.73,94.489,,,,,,,100.0647,,,4.33,79.35,82.39,,,,,3.0,,,
2025-01-18,0.34,0.27,4.61,4.27,4.84,2.2,2.41,2.52,2.64,118.327,,,,,,,,,,4.33,78.56,83.02,,,,,3.0,,,
2025-01-19,,,,,,,,,,,6834070.0,3340816.0,,,,,,,,4.33,,,,,,,3.0,12614.3112,,
2025-01-20,,,,,,,,,,,,,,,,,,,,4.33,,,,,,,3.0,,,
2025-01-21,,,,,,,,,2.64,,,,-0.501,-0.8183,,,,,,4.33,,81.68,,,,,3.0,,,
2025-01-22,0.28,0.21,4.57,4.29,4.8,2.19,2.38,2.47,2.61,96.015,,,,,,,,,,4.33,76.79,80.57,,,,,3.0,,,
2025-01-23,0.31,0.24,4.6,4.29,4.82,2.2,2.4,2.48,2.59,123.981,,,,,,,,,,4.33,76.12,80.0,,,,,3.0,,,
2025-01-24,0.36,0.29,4.65,4.29,4.87,2.23,2.42,2.52,2.61,132.031,,,,,,,,,,4.33,75.03,78.62,,,,,3.0,,,
2025-01-25,0.36,0.28,4.63,4.27,4.85,2.2,2.43,2.52,2.6,104.972,,,,,,,,,,4.33,74.97,78.71,,,,,3.0,,,
2025-01-26,,,,,,,,,,,6831760.0,3332278.0,,,,,,,,4.33,,,,,,,3.0,12644.5063,,
2025-01-27,,,,,,,,,,,,,,,,,,,,4.33,,,,,,,3.0,,,
2025-01-28,0.36,0.21,4.53,4.17,4.76,2.13,2.4,2.49,2.66,92.863,,,-0.506,-0.9647,,,,,,4.33,73.51,77.3,,,,,3.0,,,
2025-01-29,0.36,0.24,4.55,4.19,4.78,2.13,2.42,2.52,2.66,112.76,,,,,,,,,,4.33,74.15,78.01,,,,,3.0,,,
2025-01-30,0.34,0.24,4.55,4.21,4.79,2.15,2.4,2.52,2.68,121.842,,,,,,,,,,4.33,72.94,77.02,,,,,3.0,,,
2025-01-31,0.34,0.22,4.52,4.18,4.76,2.14,2.38,2.5,2.67,125.965,,,,,,,,,21539.3,4.33,73.1,77.42,8976.68043478261,3.730434782608696,0.8,,3.0,,,
2025-02-01,0.36,0.27,4.58,4.22,4.83,2.16,2.42,2.54,2.68,187.913,,,,,,,,,,4.33,72.84,77.11,,,,,3.0,,,
2025-02-02,,,,,,,,,,,6818186.0,3224785.0,,,,,,,,4.33,,,,,,,3.0,12640.1945,,
2025-02-03,,,,,,,,,,,,,,,,,,,,4.33,,,,,,,3.0,,,
2025-02-04,0.28,0.2,4.54,4.26,4.77,2.09,2.45,2.61,2.73,97.781,,,-0.509,-0.7517,,,,,,4.33,73.52,76.49,,,,,3.0,,,
2025-02-05,0.31,0.19,4.52,4.21,4.75,2.08,2.44,2.59,2.71,85.654,,,,,,,,,,4.33,73.04,76.58,,,,,3.0,,,
2025-02-06,0.26,0.1,4.43,4.17,4.64,2.01,2.42,2.57,2.69,78.788,,,,,,,,,,4.33,71.39,74.71,,,,,2.75,,,
2025-02-07,0.24,0.11,4.45,4.21,4.65,2.03,2.42,2.57,2.66,79.983,,,,,,,,,,4.33,70.97,74.54,,,,,2.75,,,
2025-02-08,0.2,0.14,4.49,4.29,4.69,2.07,2.42,2.59,2.67,95.248,,,,,,4.2,,,,4.33,71.32,74.68,,,,,2.75,,,
2025-02-09,,,,,,,,,,,6810935.0,3177065.0,,,,,,,,4.33,,,,,,,2.75,12642.6025,,
2025-02-10,,,,,,,,,,,,,,,,,,,,4.33,,,,,,,2.75,,,
2025-02-11,0.23,0.16,4.51,4.28,4.71,2.07,2.44,2.6,2.66,99.653,,,-0.508,-0.7746,,,,,,4.33,72.73,76.23,,,,,2.75,,,
2025-02-12,0.25,0.19,4.54,4.29,4.75,2.08,2.46,2.64,2.66,76.446,,,,,,,,,,4.33,73.67,77.65,,,,,2.75,,,
2025-02-13,0.26,0.27,4.62,4.36,4.83,2.16,2.46,2.66,2.65,67.67,,,,,,,,,,4.33,71.72,75.38,,,,,2.75,,,
2025-02-14,0.21,0.18,4.52,4.31,4.72,2.08,2.44,2.64,2.65,67.82,,,,,,,,,,4.33,71.66,75.61,,,,,2.75,,,
2025-02-15,0.21,0.13,4.47,4.26,4.69,2.04,2.43,2.62,2.62,58.77,,,,,,,,64.7,,4.33,71.05,75.19,,,,,2.75,,,
2025-02-16,,,,,,,,,,,6813513.0,3220027.0,,,319.679,,,,,4.33,,,,,,,2.75,12656.8411,,
2025-02-17,,,,,,,,,,,,,,,,,101.0993,,,4.33,,,,,,,2.75,,,
2025-02-18,,,,,,,,,2.62,,,,-0.503,-0.8241,,,,,,4.33,,75.81,,,,,2.75,,,
2025-02-19,0.26,0.21,4.55,4.29,4.77,2.1,2.45,2.65,2.62,77.817,,,,,,,,,,4.33,72.21,76.46,,,,,2.75,,,
2025-02-20,0.25,0.19,4.53,4.28,4.76,2.08,2.45,2.66,2.68,73.196,,,,,,,,,,4.33,72.58,76.34,,,,,2.75,,,
2025-02-21,0.22,0.17,4.5,4.28,4.74,2.05,2.45,2.66,2.66,63.207,,,,,,,,,,4.33,72.88,76.95,,,,,2.75,,,
2025-02-22,0.23,0.1,4.42,4.19,4.67,2.0,2.42,2.61,2.78,68.983,,,,,,,,,,4.33,70.72,74.88,,,,,2.75,,,
2025-02-23,,,,,,,,,,,6782332.0,3270082.0,,,,,,,,4.33,,,,,,,2.75,12686.7918,,
2025-02-24,,,,,,,,,,,,,,,,,,,,4.33,,,,,,,2.75,,,
2025-02-25,0.27,0.09,4.4,4.13,4.66,1.98,2.42,2.61,2.78,76.818,,,-0.494,-0.7522,,,,,,4.33,71.06,74.89,,,,,2.75,,,
2025-02-26,0.23,0.0,4.3,4.07,4.55,1.92,2.38,2.57,2.84,96.0,,,,,,,,,,4.33,69.15,73.11,,,,,2.75,,,
2025-02-27,0.2,-0.06,4.25,4.05,4.51,1.89,2.36,2.54,2.81,126.058,,,,,,,,,,4.33,68.87,73.49,,,,,2.75,,,
2025-02-28,0.22,-0.03,4.29,4.07,4.56,1.92,2.37,2.57,2.81,182.148,,,,,,,,,,4.33,70.62,75.01,,,,,2.75,,,
2025-03-01,0.25,-0.08,4.24,3.99,4.51,1.86,2.38,2.58,2.87,234.422,,,,,,,,,,4.33,69.97,74.76,,,,,2.75,,,
2025-03-02,,,,,,,,,,,6766101.0,3327249.0,,,,,,,,4.33,,,,,,,2.75,12691.5167,,
2025-03-03,,,,,,,,,,,,,,,,,,,21607.3,4.33,,,9330.975,3.746,0.48,,2.75,,,
2025-03-04,0.2,-0.19,4.16,3.96,4.45,1.8,2.36,2.59,2.94,119.987,,,-0.48,-0.4388,,,,,,4.33,68.63,72.85,,,,,2.75,,,
2025-03-05,0.26,-0.12,4.22,3.96,4.53,1.87,2.35,2.59,2.99,135.257,,,,,,,,,,4.33,68.47,72.31,,,,,2.75,,,
2025-03-06,0.29,-0.07,4.28,3.99,4.57,1.94,2.34,2.56,2.88,139.493,,,,,,,,,,4.33,66.58,70.92,,,,,2.75,,,
2025-03-07,0.33,-0.05,4.29,3.96,4.58,1.95,2.34,2.53,2.99,129.269,,,,,,,,,,4.33,66.62,71.08,,,,,2.75,,,
2025-03-08,0.33,-0.02,4.32,3.99,4.62,1.99,2.33,2.52,2.97,136.305,,,,,,4.2,,,,4.33,67.29,72.49,,,,,2.75,,,
2025-03-09,,,,,,,,,,,6756764.0,3312625.0,,,,,,,,4.33,,,,,,,2.75,12707.4104,,
2025-03-10,,,,,,,,,,,,,,,,,,,,4.33,,,,,,,2.75,,,
2025-03-11,0.33,-0.11,4.22,3.89,4.54,1.91,2.31,2.49,3.16,129.054,,,-0.463,-0.3445,,,,,,4.33,66.31,71.08,,,,,2.75,,,
2025-03-12,0.34,-0.06,4.28,3.94,4.59,1.97,2.31,2.5,3.22,137.31,,,,,,,,,,4.33,66.52,71.51,,,,,2.75,,,
2025-03-13,0.31,-0.03,4.32,4.01,4.63,1.99,2.33,2.53,3.2,131.055,,,,,,,,,,4.33,67.65,72.36,,,,,2.5,,,
2025-03-14,0.33,-0.07,4.27,3.94,4.59,1.98,2.29,2.48,3.4,113.435,,,,,,,,,,4.33,66.82,70.82,,,,,2.5,,,
2025-03-15,0.29,-0.02,4.31,4.02,4.62,2.01,2.3,2.48,3.25,126.234,,,,,,,,57.0,,4.33,67.43,71.94,,,,,2.5,,,
2025-03-16,,,,,,,,,,,6759571.0,3400235.0,,,319.785,,,,,4.33,,,,,,,2.5,12719.5391,,
2025-03-17,,,,,,,,,,,,,,,,,101.0404,,,4.33,,,,,,,2.5,,,
2025-03-18,0.25,-0.03,4.31,4.06,4.6,2.02,2.29,2.48,3.18,89.496,,,-0.444,-0.2065,,,,,,4.33,67.84,71.93,,,,,2.5,,,
2025-03-19,0.25,-0.05,4.29,4.04,4.58,1.99,2.3,2.46,3.23,149.503,,,,,,,,,,4.33,67.49,71.93,,,,,2.5,,,
2025-03-20,0.26,-0.08,4.25,3.99,4.56,1.94,2.31,2.5,3.19,193.378,,,,,,,,,,4.33,67.4,71.94,,,,,2.5,,,
2025-03-21,0.29,-0.09,4.24,3.95,4.55,1.93,2.31,2.51,3.17,192.64,,,,,,,,,,4.33,68.55,72.61,,,,,2.5,,,
2025-03-22,0.31,-0.08,4.25,3.94,4.59,1.92,2.33,2.51,3.21,200.85,,,,,,,,,,4.33,68.52,72.64,,,,,2.5,,,
2025-03-23,,,,,,,,,,,6755982.0,3467789.0,,,,,,,,4.33,,,,,,,2.5,12730.5963,,
2025-03-24,,,,,,,,,,,,,,,,,,,,4.33,,,,,,,2.5,,,
2025-03-25,0.3,0.01,4.34,4.04,4.66,1.98,2.36,2.54,3.05,196.565,,,-0.426,-0.6357,,,,,,4.33,69.46,73.96,,,,,2.5,,,
2025-03-26,0.35,-0.02,4.31,3.96,4.65,1.96,2.35,2.56,3.09,214.786,,,,,,,,,,4.33,69.48,73.78,,,,,2.5,,,
2025-03-27,0.37,0.02,4.35,3.98,4.69,1.98,2.37,2.56,3.19,241.371,,,,,,,,,,4.33,70.05,74.6,,,,,2.5,,,
2025-03-28,0.41,0.05,4.38,3.97,4.73,1.99,2.39,2.6,3.27,291.785,,,,,,,,,,4.33,70.3,74.72,,,,,2.5,,,
2025-03-29,0.38,-0.06,4.27,3.89,4.64,1.9,2.37,2.58,3.47,286.575,,,,,,,,,,4.33,69.74,74.69,,,,,2.5,,,
2025-03-30,,,,,,,,,,,6740253.0,3450933.0,,,,,,,,4.33,,,,,,,2.5,12737.2307,,
2025-03-31,,,,,,,,,,,,,,,,,,,21684.1,4.33,,,9735.823333333332,4.135238095238095,0.5,,2.5,,,
2025-04-01,0.34,-0.09,4.23,3.89,4.59,1.85,2.38,2.61,3.55,399.167,,,-0.408,-0.6177,,,,,,4.33,71.87,77.23,,,,6.2,2.5,,120.54515,67.95052793590538
2025-04-02,0.3,-0.15,4.17,3.87,4.52,1.84,2.33,2.54,3.5,230.063,,,,,,,,,,4.33,71.61,77.78,,,,,2.5,,,
2025-04-03,0.29,-0.12,4.2,3.91,4.54,1.88,2.32,2.51,3.42,233.488,,,,,,,,,,4.33,72.12,77.27,,,,,2.5,,,
2025-04-04,0.35,-0.25,4.06,3.71,4.49,1.78,2.28,2.5,4.01,196.265,,,,,,,,,,4.33,67.43,72.54,,,,,2.5,,,
2025-04-05,0.33,-0.27,4.01,3.68,4.41,1.83,2.18,2.34,4.45,184.499,,,,,,,,,,4.33,62.42,68.36,,,,,2.5,,,
2025-04-06,,,,,,,,,,,6723452.0,3379339.0,,,,,,,,4.33,,,,,,,2.5,12733.3355,,
2025-04-07,,,,,,,,,,,,,,,,,,,,4.33,,,,,,,2.5,,,
2025-04-08,0.42,-0.14,4.15,3.73,4.58,1.96,2.19,2.31,4.61,148.146,,,-0.393,0.1149,,4.2,,,,4.33,61.05,66.13,,,,,2.5,,,
2025-04-09,0.55,-0.05,4.26,3.71,4.71,2.04,2.22,2.35,4.57,156.911,,,,,,,,,,4.33,60.04,64.86,,,,,2.5,,,
2025-04-10,0.43,-0.01,4.34,3.91,4.72,2.07,2.27,2.45,4.37,168.115,,,,,,,,,,4.33,62.63,67.3,,,,,2.5,,,
2025-04-11,0.56,0.06,4.4,3.84,4.86,2.21,2.19,2.32,4.42,129.95,,,,,,,,,,4.33,60.57,65.37,,,,,2.5,,,
2025-04-12,0.52,0.14,4.48,3.96,4.85,2.28,2.2,2.33,4.26,98.531,,,,,,,,,,4.33,61.91,66.83,,,,,2.5,,,
2025-04-13,,,,,,,,,,,6727416.0,3474682.0,,,,,,,,4.33,,,,,,,2.5,12761.2944,,
2025-04-14,,,,,,,,,,,,,,,,,,,,4.33,,,,,,,2.5,,,
2025-04-15,0.54,0.05,4.38,3.84,4.8,2.15,2.23,2.35,4.14,102.838,,,-0.382,0.5864,,,,52.2,,4.33,61.99,67.18,,,,,2.5,,,
2025-04-16,0.51,0.02,4.35,3.84,4.79,2.16,2.19,2.31,4.09,88.878,,,,,320.302,,,,,4.33,61.74,66.58,,,,,2.5,,,
2025-04-17,0.52,-0.04,4.29,3.77,4.74,2.12,2.17,2.29,4.16,54.772,,,,,,,101.1279,,,4.33,62.88,67.94,,,,,2.5,,,
2025-04-18,0.53,0.0,4.34,3.81,4.8,2.11,2.23,2.26,4.02,58.6,,,,,,,,,,4.33,65.07,69.33,,,,,2.5,,,
2025-04-19,,,,,,,,,,,,,,,,,,,,4.33,,,,,,,2.5,,,
2025-04-20,,,,,,,,,,,6727113.0,3452030.0,,,,,,,,4.33,,,,,,,2.5,12800.5371,,
2025-04-21,,,,,,,,,,,,,,,,,,,,4.33,,,,,,,2.5,,,
2025-04-22,0.67,0.08,4.42,3.75,4.91,2.2,2.22,2.25,4.16,114.114,,,-0.382,-0.1898,,,,,,4.33,63.48,,,,,,2.5,,,
2025-04-23,0.65,0.08,4.41,3.76,4.88,2.14,2.27,2.3,3.99,137.951,,,,,,,,,,4.33,64.6,68.93,,,,,2.5,,,
2025-04-24,0.59,0.07,4.4,3.81,4.83,2.11,2.29,2.33,3.75,171.78,,,,,,,,,,4.33,62.64,68.26,,,,,2.25,,,
2025-04-25,0.55,0.0,4.32,3.77,4.77,2.02,2.3,2.35,3.73,130.004,,,,,,,,,,4.33,63.55,67.5,,,,,2.25,,,
2025-04-26,0.55,-0.03,4.29,3.74,4.74,2.02,2.27,2.32,3.67,94.021,,,,,,,,,,4.33,63.85,66.99,,,,,2.25,,,
2025-04-27,,,,,,,,,,,6726930.0,3256734.0,,,,,,,,4.33,,,,,,,2.25,12810.3615,,
2025-04-28,,,,,,,,,,,,,,,,,,,,4.33,,,,,,,2.25,,,
2025-04-29,0.56,-0.09,4.23,3.67,4.69,1.98,2.25,2.32,3.73,148.649,,,-0.389,-0.2573,,,,,,4.33,63.3,66.13,,,,,2.25,,,
2025-04-30,0.54,-0.12,4.19,3.65,4.64,1.96,2.23,2.29,3.74,157.537,,,,,,,,,,4.33,61.84,64.04,,,,,2.25,,,
2025-05-01,0.57,-0.14,4.17,3.6,4.66,1.94,2.23,2.29,3.94,250.601,,,,,,,,,21770.8,4.33,59.55,63.37,9172.695909090908,3.403636363636364,0.68,,2.25,,,
2025-05-02,0.55,-0.06,4.25,3.7,4.74,2.0,2.25,2.3,3.78,157.353,,,,,,,,,,4.33,60.59,62.37,,,,,2.25,,,
2025-05-03,0.5,0.0,4.33,3.83,4.79,2.06,2.27,2.31,3.6,147.882,,,,,,,,,,4.33,59.67,61.57,,,,,2.25,,,
2025-05-04,,,,,,,,,,,6709277.0,3219214.0,,,,,,,,4.33,,,,,,,2.25,12830.7638,,
2025-05-05,,,,,,,,,,,,,,,,,,,,4.33,,,,,,,2.25,,,
2025-05-06,0.53,0.03,4.36,3.83,4.83,2.08,2.28,2.33,3.6,124.69,,,-0.403,-0.3286,,,,,,4.33,58.5,,,,,,2.25,,,
2025-05-07,0.52,-0.03,4.3,3.78,4.81,2.04,2.26,2.34,3.66,129.858,,,,,,,,,,4.33,60.42,62.37,,,,,2.25,,,
2025-05-08,0.48,-0.08,4.26,3.78,4.77,2.01,2.25,2.33,3.67,154.859,,,,,,4.3,,,,4.33,59.42,60.31,,,,,2.25,,,
2025-05-09,0.47,0.03,4.37,3.9,4.83,2.08,2.29,2.39,3.51,139.768,,,,,,,,,,4.33,61.25,62.22,,,,,2.25,,,
2025-05-10,0.49,0.03,4.37,3.88,4.83,2.08,2.29,2.39,3.53,142.272,,,,,,,,,,4.33,62.37,64.26,,,,,2.25,,,
2025-05-11,,,,,,,,,,,6710889.0,3218636.0,,,,,,,,4.33,,,,,,,2.25,12825.2464,,
2025-05-12,,,,,,,,,,,,,,,,,,,,4.33,,,,,,,2.25,,,
2025-05-13,0.47,0.03,4.45,3.98,4.89,2.16,2.29,2.35,3.15,147.505,,,-0.42,-0.4639,,,,,,4.33,63.32,65.28,,,,,2.25,,,
2025-05-14,0.47,0.08,4.49,4.02,4.94,2.17,2.32,2.38,3.09,144.214,,,,,,,,,,4.33,65.04,66.93,,,,,2.25,,,
2025-05-15,0.48,0.12,4.53,4.05,4.97,2.16,2.37,2.44,3.1,165.024,,,,,,,,52.2,,4.33,64.48,65.91,,,,,2.25,,,
2025-05-16,0.49,0.07,4.45,3.96,4.91,2.11,2.34,2.41,3.2,109.436,,,,,320.62,,,,,4.33,63.03,64.36,,,,,2.25,,,
2025-05-17,0.45,0.06,4.43,3.98,4.89,2.09,2.34,2.42,3.16,136.799,,,,,,,100.9655,,,4.33,63.84,65.2,,,,,2.25,,,
2025-05-18,,,,,,,,,,,6713270.0,3235723.0,,,,,,,,4.33,,,,,,,2.25,12840.9331,,
2025-05-19,,,,,,,,,,,,,,,,,,,,4.33,,,,,,,2.25,,,
2025-05-20,0.49,0.07,4.46,3.97,4.92,2.1,2.36,2.43,3.21,180.417,,,-0.438,-0.8936,,,,,,4.33,63.98,66.25,,,,,2.25,,,
2025-05-21,0.51,0.1,4.48,3.97,4.96,2.13,2.35,2.42,3.2,136.033,,,,,,,,,,4.33,63.97,66.93,,,,,2.25,,,
2025-05-22,0.58,0.22,4.58,4.0,5.08,2.23,2.35,2.43,3.25,162.802,,,,,,,,,,4.33,62.93,65.86,,,,,2.25,,,
2025-05-23,0.54,0.17,4.54,4.0,5.05,2.2,2.34,2.42,3.32,173.018,,,,,,,,,,4.33,62.55,64.87,,,,,2.25,,,
2025-05-24,0.51,0.15,4.51,4.0,5.04,2.18,2.33,2.4,3.4,154.841,,,,,,,,,,4.33,62.89,65.41,,,,,2.25,,,
2025-05-25,,,,,,,,,,,6688726.0,3289469.0,,,,,,,,4.33,,,,,,,2.25,12859.2293,,
2025-05-26,,,,,,,,,,,,,,,,,,,,4.33,,,,,,,2.25,,,
2025-05-27,,,,,,,,,3.4,,,,-0.454,-0.4939,,,,,,4.33,,,,,,,2.25,,,
2025-05-28,0.51,0.08,4.43,3.92,4.94,2.11,2.32,2.41,3.24,138.066,,,,,,,,,,4.33,61.61,64.32,,,,,2.25,,,
2025-05-29,0.51,0.12,4.47,3.96,4.97,2.15,2.32,2.39,3.23,173.641,,,,,,,,,,4.33,62.54,65.72,,,,,2.25,,,
2025-05-30,0.51,0.07,4.43,3.92,4.92,2.11,2.32,2.38,3.22,165.66,,,,,,,,,,4.33,61.66,64.6,,,,,2.25,,,
2025-05-31,0.52,0.05,4.41,3.89,4.92,2.07,2.34,2.39,3.31,315.657,,,,,,,,,21836.1,4.33,61.46,64.32,9531.200909090909,3.457272727272727,0.82,,2.25,,,
2025-06-01,,,,,,,,,3.32,,6673244.0,3270661.0,,,,,,,,4.33,,,,,,,2.25,12861.9282,,
2025-06-02,,,,,,,,,,,,,,,,,,,,4.33,,,,,,,2.25,,,
2025-06-03,0.52,0.02,4.46,3.94,4.99,2.13,2.33,2.38,3.27,135.841,,,-0.466,-0.5257,,,,,,4.33,63.27,66.55,,,,,2.25,,,
2025-06-04,0.5,0.03,4.46,3.96,4.98,2.14,2.32,2.38,3.19,153.177,,,,,,,,,,4.33,64.1,67.48,,,,,2.25,,,
2025-06-05,0.5,-0.07,4.37,3.87,4.89,2.06,2.31,2.32,3.23,168.882,,,,,,,,,,4.33,63.57,66.69,,,,,2.25,,,
2025-06-06,0.48,-0.04,4.4,3.92,4.88,2.11,2.29,2.31,3.18,152.727,,,,,,,,,,4.33,64.06,67.14,,,,,2.25,,,
2025-06-07,0.47,0.08,4.51,4.04,4.97,2.2,2.31,2.35,3.09,149.284,,,,,,,,,,4.33,65.3,68.02,,,,,2.25,,,
2025-06-08,,,,,,,,,,,6672885.0,3294381.0,,,,4.1,,,,4.33,,,,,,,2.25,12868.1528,,
2025-06-09,,,,,,,,,,,,,,,,,,,,4.33,,,,,,,2.25,,,
2025-06-10,0.48,0.05,4.49,4.01,4.95,2.18,2.31,2.34,3.12,179.315,,,-0.475,-0.7987,,,,,,4.33,65.99,68.73,,,,,2.25,,,
2025-06-11,0.46,0.02,4.47,4.01,4.93,2.18,2.29,2.32,3.12,182.725,,,,,,,,,,4.33,65.66,68.41,,,,,2.25,,,
2025-06-12,0.47,-0.04,4.41,3.94,4.91,2.14,2.27,2.3,3.12,204.625,,,,,,,,,,4.33,68.91,71.29,,,,,2.0,,,
2025-06-13,0.46,-0.1,4.36,3.9,4.84,2.11,2.25,2.28,3.17,181.417,,,,,,,,,,4.33,68.73,70.84,,,,,2.0,,,
2025-06-14,0.45,-0.04,4.41,3.96,4.9,2.13,2.28,2.31,3.18,168.645,,,,,,,,,,4.33,73.84,76.0,,,,,2.0,,,
2025-06-15,,,,,,,,,,,6677155.0,3407108.0,,,,,,60.7,,4.33,,,,,,,2.0,12885.4417,,
2025-06-16,,,,,,,,,,,,,,,321.435,,,,,4.33,,,,,,,2.0,,,
2025-06-17,0.49,0.03,4.46,3.97,4.96,2.16,2.3,2.32,3.1,140.759,,,-0.483,-0.7752,,,101.4785,,,4.33,72.53,75.05,,,,,2.0,,,
2025-06-18,0.45,-0.03,4.39,3.94,4.88,2.08,2.31,2.35,3.17,168.939,,,,,,,,,,4.33,75.62,78.7,,,,,2.0,,,
2025-06-19,0.44,-0.04,4.38,3.94,4.88,2.07,2.31,2.36,3.16,205.05,,,,,,,,,,4.33,75.89,78.38,,,,,2.0,,,
2025-06-20,,,,,,,,,3.16,,,,,,,,,,,4.33,,80.37,,,,,2.0,,,
2025-06-21,0.48,-0.01,4.38,3.9,4.89,2.05,2.33,2.37,3.13,138.283,,,,,,,,,,4.33,75.72,78.73,,,,,2.0,,,
2025-06-22,,,,,,,,,,,6681056.0,3406366.0,,,,,,,,4.33,,,,,,,2.0,12903.9684,,
2025-06-23,,,,,,,,,,,,,,,,,,,,4.33,,,,,,,2.0,,,
2025-06-24,0.5,-0.04,4.34,3.84,4.87,2.04,2.3,2.33,3.12,165.319,,,-0.49,-0.644,,,,,,4.33,69.36,74.34,,,,,2.0,,,
2025-06-25,0.55,-0.08,4.3,3.75,4.83,2.01,2.29,2.3,3.06,187.367,,,,,,,,,,4.33,65.45,69.13,,,,,2.0,,,
2025-06-26,0.55,-0.09,4.29,3.74,4.83,2.01,2.28,2.28,3.04,210.879,,,,,,,,,,4.33,65.98,68.4,,,,,2.0,,,
2025-06-27,0.56,-0.13,4.26,3.7,4.81,1.98,2.28,2.29,3.04,252.432,,,,,,,,,,4.33,66.44,68.57,,,,,2.0,,,
2025-06-28,0.56,-0.1,4.29,3.73,4.85,2.0,2.29,2.31,3.02,285.742,,,,,,,,,,4.33,66.66,69.37,,,,,2.0,,,
2025-06-29,,,,,,,,,,,6662200.0,3369328.0,,,,,,,,4.33,,,,,,,2.0,12918.5787,,
2025-06-30,,,,,,,,,,,,,,,,,,,,4.33,,,,,,18.5,2.0,,118.78171,68.54846214249969
2025-07-01,0.52,-0.17,4.24,3.72,4.78,1.95,2.29,2.31,2.96,460.731,,,-0.496,-0.6924,,,,,21942.6,4.33,66.3,68.15,9835.068095238095,3.677142857142857,0.68,,2.0,,,
2025-07-02,0.48,-0.14,4.26,3.78,4.78,1.97,2.29,2.32,2.91,245.53,,,,,,,,,,4.33,66.64,67.63,,,,,2.0,,,
2025-07-03,0.52,-0.11,4.3,3.78,4.82,2.0,2.3,2.34,2.88,237.307,,,,,,,,,,4.33,68.66,70.8,,,,,2.0,,,
2025-07-04,0.47,-0.07,4.35,3.88,4.86,2.02,2.33,2.37,2.8,214.665,,,,,,,,,,4.33,68.13,70.42,,,,,2.0,,,
2025-07-05,,,,,,,,,2.8,,,,,,,,,,,4.33,,71.03,,,,,2.0,,,
2025-07-06,,,,,,,,,,,6659598.0,3225980.0,,,,,,,,4.33,,,,,,,2.0,12947.713,,
2025-07-07,,,,,,,,,,,,,,,,,,,,4.33,,,,,,,2.0,,,
2025-07-08,0.5,-0.02,4.4,3.9,4.92,2.05,2.35,2.4,2.86,218.03,,,-0.503,-0.8715,,4.3,,,,4.33,69.16,71.95,,,,,2.0,,,
2025-07-09,0.52,0.0,4.42,3.9,4.94,2.07,2.35,2.39,2.92,219.415,,,,,,,,,,4.33,69.55,72.5,,,,,2.0,,,
2025-07-10,0.48,-0.08,4.34,3.86,4.87,2.01,2.33,2.38,2.94,227.273,,,,,,,,,,4.33,69.61,71.98,,,,,2.0,,,
2025-07-11,0.49,-0.07,4.35,3.86,4.86,2.01,2.34,2.39,2.92,183.339,,,,,,,,,,4.33,67.78,70.38,,,,,2.0,,,
2025-07-12,0.53,0.02,4.43,3.9,4.96,2.06,2.37,2.44,2.97,181.637,,,,,,,,,,4.33,69.63,72.06,,,,,2.0,,,
2025-07-13,,,,,,,,,,,6661912.0,3330249.0,,,,,,,,4.33,,,,,,,2.0,12958.5261,,
2025-07-14,,,,,,,,,,,,,,,,,,,,4.33,,,,,,,2.0,,,
2025-07-15,0.53,0.01,4.43,3.9,4.97,2.04,2.39,2.45,2.95,217.841,,,-0.51,-0.7493,,,,61.7,,4.33,68.19,70.96,,,,,2.0,,,
2025-07-16,0.55,0.08,4.5,3.95,5.01,2.09,2.41,2.48,2.95,198.277,,,,,322.169,,,,,4.33,67.76,70.27,,,,,2.0,,,
2025-07-17,0.58,0.05,4.46,3.88,5.01,2.05,2.41,2.49,3.0,197.086,,,,,,,101.894,,,4.33,67.13,69.67,,,,,2.0,,,
2025-07-18,0.56,0.06,4.47,3.91,5.01,2.04,2.43,2.53,2.91,193.66,,,,,,,,,,4.33,68.76,71.32,,,,,2.0,,,
2025-07-19,0.56,0.04,4.44,3.88,5.0,2.03,2.41,2.5,2.93,199.298,,,,,,,,,,4.33,68.53,71.06,,,,,2.0,,,
2025-07-20,,,,,,,,,,,6659273.0,3398822.0,,,,,,,,4.33,,,,,,,2.0,12971.5021,,
2025-07-21,,,,,,,,,,,,,,,,,,,,4.33,,,,,,,2.0,,,
2025-07-22,0.53,-0.03,4.38,3.85,4.94,1.98,2.4,2.49,2.89,213.666,,,-0.514,-0.7129,,,,,,4.33,68.39,71.92,,,,,2.0,,,
2025-07-23,0.52,-0.06,4.35,3.83,4.9,1.96,2.39,2.47,2.9,196.374,,,,,,,,,,4.33,67.56,69.69,,,,,2.0,,,
2025-07-24,0.52,-0.01,4.4,3.88,4.95,2.03,2.37,2.44,2.83,189.632,,,,,,,,,,4.33,66.05,69.17,,,,,2.0,,,
2025-07-25,0.52,0.01,4.43,3.91,4.96,1.98,2.45,2.5,2.82,132.186,,,,,,,,,,4.33,67.16,70.42,,,,,2.0,,,
2025-07-26,0.49,-0.02,4.4,3.91,4.92,1.96,2.44,2.47,2.84,150.509,,,,,,,,,,4.33,66.38,69.23,,,,,2.0,,,
2025-07-27,,,,,,,,,,,6657715.0,3362277.0,,,,,,,,4.33,,,,,,,2.0,12987.979,,
2025-07-28,,,,,,,,,,,,,,,,,,,,4.33,,,,,,,2.0,,,
2025-07-29,0.51,0.02,4.42,3.91,4.96,1.98,2.44,2.47,2.82,170.463,,,-0.519,-0.7922,,,,,,4.33,67.81,70.87,,,,,2.0,,,
2025-07-30,0.48,-0.06,4.34,3.86,4.86,1.91,2.43,2.48,2.86,171.018,,,,,,,,,,4.33,70.27,73.21,,,,,2.0,,,
2025-07-31,0.44,-0.03,4.38,3.94,4.89,1.96,2.42,2.48,2.89,155.481,,,,,,,,,22025.5,4.33,71.09,73.98,9770.580434782609,3.31,0.58,,2.0,,,
2025-08-01,0.43,-0.04,4.37,3.94,4.89,1.98,2.39,2.46,2.86,214.445,,,,,,,,,,4.33,70.36,73.43,,,,,2.0,,,
2025-08-02,0.54,-0.12,4.23,3.69,4.81,1.9,2.33,2.38,3.13,97.426,,,,,,,,,,4.33,68.39,70.55,,,,,2.0,,,
2025-08-03,,,,,,,,,,,6642578.0,3347414.0,,,,,,,,4.33,,,,,,,2.0,13001.4037,,
2025-08-04,,,,,,,,,,,,,,,,,,,,4.33,,,,,,,2.0,,,
2025-08-05,0.53,-0.13,4.22,3.69,4.8,1.85,2.37,2.41,3.02,125.73,,,-0.521,-0.674,,,,,,4.33,67.33,69.56,,,,,2.0,,,
2025-08-06,0.5,-0.12,4.22,3.72,4.78,1.86,2.36,2.41,2.98,84.356,,,,,,,,,,4.33,66.2,69.14,,,,,2.0,,,
2025-08-07,0.53,-0.1,4.22,3.69,4.81,1.88,2.34,2.4,2.98,91.966,,,,,,,,,,4.33,65.38,67.97,,,,,2.0,,,
2025-08-08,0.51,-0.09,4.23,3.72,4.81,1.88,2.35,2.41,2.95,77.961,,,,,,4.3,,,,4.33,64.9,66.99,,,,,2.0,,,
2025-08-09,0.51,-0.05,4.27,3.76,4.85,1.88,2.39,2.46,2.94,80.303,,,,,,,,,,4.33,64.94,67.17,,,,,2.0,,,
2025-08-10,,,,,,,,,,,6640843.0,3332492.0,,,,,,,,4.33,,,,,,,2.0,13014.6621,,
2025-08-11,,,,,,,,,,,,,,,,,,,,4.33,,,,,,,2.0,,,
2025-08-12,0.51,-0.07,4.27,3.76,4.84,1.87,2.4,2.46,2.94,82.214,,,-0.523,-0.561,,,,,,4.33,65.03,67.36,,,,,2.0,,,
2025-08-13,0.57,-0.04,4.29,3.72,4.88,1.91,2.38,2.43,2.93,57.492,,,,,,,,,,4.33,64.22,66.8,,,,,2.0,,,
2025-08-14,0.57,-0.05,4.24,3.67,4.83,1.87,2.37,2.42,2.9,57.202,,,,,,,,,,4.33,63.68,66.25,,,,,2.0,,,
2025-08-15,0.55,-0.01,4.29,3.74,4.88,1.9,2.39,2.43,2.89,28.818,,,,,,,,58.2,,4.33,64.99,68.12,,,,,2.0,,,
2025-08-16,0.58,0.03,4.33,3.75,4.92,1.95,2.38,2.42,2.88,33.757,,,,,323.291,,,,,4.33,63.78,67.3,,,,,2.0,,,
2025-08-17,,,,,,,,,,,6643615.0,3320050.0,,,,,101.6247,,,4.33,,,,,,,2.0,13030.199,,
2025-08-18,,,,,,,,,,,,,,,,,,,,4.33,,,,,,,2.0,,,
2025-08-19,0.57,0.01,4.34,3.77,4.94,1.96,2.38,2.42,2.88,38.24,,,-0.526,-0.816,,,,,,4.33,64.51,68.18,,,,,2.0,,,
2025-08-20,0.55,0.0,4.3,3.75,4.9,1.95,2.35,2.39,2.9,22.344,,,,,,,,,,4.33,63.38,66.62,,,,,2.0,,,
2025-08-21,0.55,-0.01,4.29,3.74,4.89,1.94,2.35,2.4,2.94,34.999,,,,,,,,,,4.33,64.19,67.61,,,,,2.0,,,
2025-08-22,0.54,0.01,4.33,3.79,4.92,1.94,2.39,2.44,2.95,25.358,,,,,,,,,,4.33,64.56,68.41,,,,,2.0,,,
2025-08-23,0.58,-0.01,4.26,3.68,4.88,1.85,2.41,2.48,2.88,36.275,,,,,,,,,,4.33,64.08,68.29,,,,,2.0,,,
2025-08-24,,,,,,,,,,,6618415.0,3317292.0,,,,,,,,4.33,,,,,,,2.0,13040.3498,,
2025-08-25,,,,,,,,,,,,,,,,,,,,4.33,,,,,,,2.0,,,
2025-08-26,0.55,-0.01,4.28,3.73,4.89,1.87,2.41,2.49,2.8,47.567,,,-0.527,-0.7494,,,,,,4.33,65.18,,,,,,2.0,,,
2025-08-27,0.65,-0.02,4.26,3.61,4.9,1.84,2.42,2.5,2.78,28.574,,,,,,,,,,4.33,63.6,66.89,,,,,2.0,,,
2025-08-28,0.65,-0.02,4.24,3.59,4.91,1.81,2.43,2.5,2.78,34.744,,,,,,,,,,4.33,64.49,67.75,,,,,2.0,,,
2025-08-29,0.6,-0.04,4.22,3.62,4.88,1.81,2.41,2.49,2.75,31.966,,,,,,,,,,4.33,64.96,68.61,,,,,2.0,,,
2025-08-30,0.64,0.0,4.23,3.59,4.92,1.82,2.41,2.47,2.82,77.898,,,,,,,,,,4.33,64.36,67.83,,,,,2.0,,,
2025-08-31,,,,,,,,,,,6603384.0,3224967.0,,,,,,,22092.6,4.33,,,9671.875714285714,2.893809523809524,1.12,,2.0,13063.6724,,
2025-09-01,,,,,,,,,2.84,,,,,,,,,,,4.33,,,,,,,2.0,,,
2025-09-02,,,,,,,,,2.84,,,,-0.528,-0.6018,,,,,,4.33,,67.09,,,,,2.0,,,
2025-09-03,0.62,0.08,4.28,3.66,4.97,1.87,2.41,2.48,2.92,21.066,,,,,,,,,,4.33,65.95,68.09,,,,,2.0,,,
2025-09-04,0.61,0.04,4.22,3.61,4.9,1.82,2.4,2.46,2.88,17.923,,,,,,,,,,4.33,64.36,67.76,,,,,2.0,,,
2025-09-05,0.58,0.01,4.17,3.59,4.86,1.79,2.38,2.44,2.84,20.128,,,,,,,,,,4.33,63.81,66.41,,,,,2.0,,,
2025-09-06,0.59,0.03,4.1,3.51,4.78,1.73,2.37,2.42,2.83,20.997,,,,,,,,,,4.33,62.22,64.92,,,,,2.0,,,
2025-09-07,,,,,,,,,,,6602071.0,3181701.0,,,,,,,,4.33,,,,,,,2.0,13070.2233,,
2025-09-08,,,,,,,,,,,,,,,,4.4,,,,4.33,,,,,,,2.0,,,
2025-09-09,0.56,-0.05,4.05,3.49,4.69,1.7,2.35,2.41,2.84,19.416,,,-0.528,-0.4165,,,,,,4.33,62.6,65.44,,,,,2.0,,,
2025-09-10,0.54,-0.02,4.08,3.54,4.72,1.72,2.36,2.43,2.87,22.915,,,,,,,,,,4.33,62.97,67.97,,,,,2.0,,,
2025-09-11,0.5,-0.05,4.04,3.54,4.69,1.69,2.35,2.41,2.84,29.4,,,,,,,,,,4.33,64.01,67.62,,,,,2.0,,,
2025-09-12,0.49,-0.07,4.01,3.52,4.65,1.67,2.34,2.41,2.78,26.897,,,,,,,,,,4.33,62.71,67.25,,,,,2.0,,,
2025-09-13,0.5,-0.02,4.06,3.56,4.68,1.7,2.36,2.42,2.79,17.331,,,,,,,,,,4.33,63.02,67.87,,,,,2.0,,,
2025-09-14,,,,,,,,,,,6605962.0,3160774.0,,,,,,,,4.33,,,,,,,2.0,13080.2443,,
2025-09-15,,,,,,,,,,,,,,,,,,55.1,,4.33,,,,,,,2.0,,,
2025-09-16,0.51,-0.01,4.05,3.54,4.66,1.68,2.37,2.41,2.75,16.954,,,-0.528,-0.5557,324.245,,,,,4.33,63.66,67.88,,,,,2.0,,,
2025-09-17,0.53,0.0,4.04,3.51,4.65,1.67,2.37,2.42,2.79,18.817,,,,,,,101.668,,,4.33,64.89,69.69,,,,,2.0,,,
2025-09-18,0.54,0.04,4.06,3.52,4.66,1.68,2.38,2.43,2.79,13.963,,,,,,,,,,4.33,64.41,69.19,,,,,2.0,,,
2025-09-19,0.54,0.08,4.11,3.57,4.72,1.73,2.38,2.44,2.71,13.707,,,,,,,,,,4.08,63.91,67.83,,,,,2.0,,,
2025-09-20,0.57,0.11,4.14,3.57,4.75,1.75,2.39,2.43,2.72,11.363,,,,,,,,,,4.08,63.02,67.05,,,,,2.0,,,
2025-09-21,,,,,,,,,,,6608597.0,3073355.0,,,,,,,,4.08,,,,,,,2.0,13093.7507,,
2025-09-22,,,,,,,,,,,,,,,,,,,,4.08,,,,,,,2.0,,,
2025-09-23,0.54,0.15,4.15,3.61,4.77,1.78,2.37,2.42,2.69,14.173,,,-0.527,-0.5893,,,,,,4.09,62.99,66.87,,,,,2.0,,,
2025-09-24,0.59,0.12,4.12,3.53,4.73,1.75,2.37,2.42,2.71,14.402,,,,,,,,,,4.09,63.76,67.96,,,,,2.0,,,
2025-09-25,0.59,0.14,4.16,3.57,4.76,1.78,2.38,2.42,2.7,29.172,,,,,,,,,,4.09,65.4,69.64,,,,,2.0,,,
2025-09-26,0.54,0.14,4.18,3.64,4.75,1.8,2.38,2.42,2.76,25.369,,,,,,,,,,4.09,65.51,70.48,,,,,2.0,,,
2025-09-27,0.57,0.18,4.2,3.63,4.77,1.82,2.38,2.42,2.75,48.073,,,,,,,,,,4.09,66.5,71.15,,,,,2.0,,,
2025-09-28,,,,,,,,,,,6608395.0,3002218.0,,,,,,,,4.09,,,,,,,2.0,13106.3303,,
2025-09-29,,,,,,,,,,,,,,,,,,,,4.09,,,,,,9.5,2.0,,121.02875,
2025-09-30,0.52,0.11,4.15,3.63,4.71,1.8,2.35,2.41,2.74,56.22,,,-0.527,-0.5352,,,,,,4.09,64.27,69.0,,,,,2.0,,,
2025-10-01,0.56,0.14,4.16,3.6,4.73,1.8,2.36,2.42,2.8,49.071,,,,,,,,,22176.1,4.09,63.17,68.52,9994.773181818182,3.015,1.32,,2.0,,,
2025-10-02,0.57,0.11,4.12,3.55,4.72,1.77,2.35,2.39,2.81,10.179,,,,,,,,,,4.09,62.59,66.67,,,,,2.0,,,
2025-10-03,0.55,0.08,4.1,3.55,4.69,1.76,2.34,2.37,2.81,8.436,,,,,,,,,,4.09,61.28,65.44,,,,,2.0,,,
2025-10-04,0.55,0.1,4.13,3.58,4.71,1.8,2.33,2.38,2.8,25.392,,,,,,,,,,4.09,61.65,66.13,,,,,2.0,,,
2025-10-05,,,,,,,,,,,6587119.0,2966094.0,,,,,,,,4.09,,,,,,,2.0,13135.565,,
2025-10-06,,,,,,,,,,,,,,,,,,,,4.09,,,,,,,2.0,,,
2025-10-07,0.58,0.16,4.18,3.6,4.76,1.84,2.34,2.38,2.76,21.776,,,-0.526,-0.4906,,,,,,4.09,62.49,67.09,,,,,2.0,,,
2025-10-08,0.57,0.13,4.14,3.57,4.73,1.79,2.35,2.39,2.82,4.622,,,,,,,,,,4.09,62.52,67.1,,,,,2.0,,,
2025-10-09,0.55,0.12,4.13,3.58,4.72,1.78,2.35,2.39,2.84,5.231,,,,,,,,,,4.1,63.37,67.42,,,,,2.0,,,
2025-10-10,0.54,0.11,4.14,3.6,4.72,1.8,2.34,2.39,2.95,4.496,,,,,,,,,,4.1,62.36,67.23,,,,,2.0,,,
2025-10-11,0.53,0.03,4.05,3.52,4.63,1.75,2.3,2.35,3.18,4.124,,,,,,,,,,4.1,59.75,64.41,,,,,2.0,,,
2025-10-12,,,,,,,,,,,6590815.0,2998471.0,,,,,,,,4.1,,,,,,,2.0,13142.0228,,
2025-10-13,,,,,,,,,,,,,,,,,,,,4.1,,,,,,,2.0,,,
2025-10-14,,,,,,,,,3.18,,,,-0.524,-0.4813,,,,,,4.1,,64.15,,,,,2.0,,,
2025-10-15,0.55,0.01,4.03,3.48,4.62,1.73,2.3,2.33,3.11,3.516,,,,,,,,53.6,,4.1,59.52,63.0,,,,,2.0,,,
2025-10-16,0.55,0.02,4.05,3.5,4.64,1.76,2.29,2.33,2.95,5.484,,,,,,,,,,4.1,59.08,62.33,,,,,2.0,,,
2025-10-17,0.58,-0.03,3.99,3.41,4.58,1.71,2.28,2.29,3.04,6.96,,,,,,,101.2195,,,4.11,58.29,61.08,,,,,2.0,,,
2025-10-18,0.56,0.02,4.02,3.46,4.6,1.75,2.27,2.29,3.04,4.102,,,,,,,,,,4.11,58.3,61.23,,,,,2.0,,,
2025-10-19,,,,,,,,,,,6596454.0,3019028.0,,,,,,,,4.11,,,,,,,2.0,13167.998,,
2025-10-20,,,,,,,,,,,,,,,,,,,,4.11,,,,,,,2.0,,,
2025-10-21,0.54,0.03,4.0,3.46,4.58,1.74,2.26,2.28,2.99,5.931,,,-0.521,-0.3594,,,,,,4.11,58.34,60.71,,,,,2.0,,,
2025-10-22,0.53,0.02,3.98,3.45,4.55,1.7,2.28,2.3,2.97,4.699,,,,,,,,,,4.11,58.66,61.0,,,,,2.0,,,
2025-10-23,0.52,0.01,3.97,3.45,4.54,1.68,2.29,2.32,3.01,4.005,,,,,,,,,,4.11,59.3,62.28,,,,,2.0,,,
2025-10-24,0.53,0.06,4.01,3.48,4.58,1.71,2.3,2.42,2.96,6.941,,,,,,,,,,4.11,62.44,66.32,,,,,2.0,,,
2025-10-25,0.54,0.09,4.02,3.48,4.59,1.73,2.29,2.4,2.88,2.435,,,,,,,,,,4.11,62.27,65.8,,,,,2.0,,,
2025-10-26,,,,,,,,,,,6589533.0,2933037.0,,,,,,,,4.11,,,,,,,2.0,13181.843,,
2025-10-27,,,,,,,,,,,,,,,,,,,,4.11,,,,,,,2.0,,,
2025-10-28,0.53,0.12,4.01,3.48,4.57,1.73,2.28,2.37,2.8,10.642,,,-0.518,-0.5042,,,,,,4.12,62.13,65.52,,,,,2.0,,,
2025-10-29,0.52,0.1,3.99,3.47,4.55,1.71,2.28,2.36,2.82,14.096,,,,,,,,,,4.12,60.97,64.03,,,,,2.0,,,
2025-10-30,0.49,0.15,4.08,3.59,4.61,1.78,2.3,2.37,2.76,19.504,,,,,,,,,,4.12,61.26,65.01,,,,,2.0,,,
2025-10-31,0.5,0.19,4.11,3.61,4.65,1.82,2.29,2.38,2.85,19.166,,,,,,,,,22249.8,3.87,61.36,65.11,10739.91826086957,3.353478260869565,1.58,,2.0,,,
2025-11-01,0.51,0.22,4.11,3.6,4.67,1.81,2.3,2.4,2.94,51.802,,,,,,,,,,3.86,61.75,65.44,,,,,2.0,,,
2025-11-02,,,,,,,,,,,6587034.0,2848021.0,,,,,,,,3.86,,,,,,,2.0,13179.2801,,
2025-11-03,,,,,,,,,,,,,,,,,,,,3.86,,,,,,,2.0,,,
2025-11-04,0.53,0.15,4.13,3.6,4.69,1.82,2.31,2.41,3.04,23.792,,,-0.515,-0.4587,,,,,,3.87,61.79,65.79,,,,,2.0,,,
2025-11-05,0.52,0.14,4.1,3.58,4.67,1.81,2.29,2.38,3.13,16.983,,,,,,,,,,3.87,61.38,65.04,,,,,2.0,,,
2025-11-06,0.54,0.21,4.17,3.63,4.74,1.87,2.3,2.39,3.05,12.814,,,,,,,,,,3.87,60.4,63.54,,,,,2.0,,,
2025-11-07,0.54,0.18,4.11,3.57,4.69,1.83,2.28,2.37,3.13,10.754,,,,,,,,,,3.87,60.24,63.41,,,,,2.0,,,
2025-11-08,0.56,0.19,4.11,3.55,4.7,1.83,2.28,2.36,3.15,4.903,,,,,,4.5,,,,3.87,60.54,63.72,,,,,2.0,,,
2025-11-09,,,,,,,,,,,6572732.0,2862569.0,,,,,,,,3.87,,,,,,,2.0,13201.2318,,
2025-11-10,,,,,,,,,,,,,,,,,,,,3.87,,,,,,,2.0,,,
2025-11-11,0.55,0.18,4.13,3.58,4.71,1.84,2.29,2.38,3.02,7.152,,,-0.511,-0.3103,,,,,,3.87,60.94,63.01,,,,,2.0,,,
2025-11-12,,,,,,,,,3.02,,,,,,,,,,,3.87,,63.86,,,,,2.0,,,
2025-11-13,0.52,0.13,4.08,3.56,4.67,1.81,2.27,2.37,3.02,5.886,,,,,,,,,,3.87,59.3,61.88,,,,,2.0,,,
2025-11-14,0.53,0.15,4.11,3.58,4.7,1.83,2.28,2.37,3.09,3.761,,,,,,,,,,3.88,59.54,62.14,,,,,2.0,,,
2025-11-15,0.52,0.19,4.14,3.62,4.74,1.86,2.28,2.38,3.07,1.559,,,,,,,,51.0,,3.88,60.87,63.45,,,,,2.0,,,
2025-11-16,,,,,,,,,,,6580462.0,2855030.0,,,325.063,,,,,3.88,,,,,,,2.0,13230.9709,,
2025-11-17,,,,,,,,,,,,,,,,,101.0344,,,3.88,,,,,,,2.0,,,
2025-11-18,0.53,0.16,4.13,3.6,4.73,1.85,2.28,2.37,3.13,3.172,,,-0.509,-0.5026,,,,,,3.88,60.66,63.16,,,,,2.0,,,
2025-11-19,0.54,0.18,4.12,3.58,4.74,1.85,2.27,2.36,3.2,0.905,,,,,,,,,,3.88,61.51,64.86,,,,,2.0,,,
2025-11-20,0.55,0.18,4.13,3.58,4.75,1.86,2.27,2.36,3.17,1.129,,,,,,,,,,3.88,60.27,63.78,,,,,2.0,,,
2025-11-21,0.55,0.16,4.1,3.55,4.73,1.86,2.24,2.34,3.17,6.52,,,,,,,,,,3.88,60.07,63.64,,,,,2.0,,,
2025-11-22,0.55,0.16,4.06,3.51,4.71,1.82,2.24,2.32,3.19,2.503,,,,,,,,,,3.88,58.86,62.78,,,,,2.0,,,
2025-11-23,,,,,,,,,,,6555283.0,2888643.0,,,,,,,,3.88,,,,,,,2.0,13246.1934,,
2025-11-24,,,,,,,,,,,,,,,,,,,,3.88,,,,,,,2.0,,,
2025-11-25,0.58,0.13,4.04,3.46,4.68,1.81,2.23,2.3,3.15,1.077,,,-0.509,-0.1262,,,,,,3.88,59.11,64.83,,,,,2.0,,,
2025-11-26,0.58,0.11,4.01,3.43,4.67,1.79,2.22,2.27,3.1,2.314,,,,,,,,,,3.88,58.25,63.99,,,,,2.0,,,
2025-11-27,0.55,0.08,4.0,3.45,4.64,1.77,2.23,2.29,3.0,2.217,,,,,,,,,,3.88,58.81,64.81,,,,,2.0,,,
2025-11-28,,,,,,,,,3.0,,,,,,,,,,,3.88,,64.18,,,,,2.0,,,
2025-11-29,0.55,0.14,4.02,3.47,4.67,1.79,2.23,2.29,2.95,7.561,,,,,,,,,,3.89,58.58,64.07,,,,,2.0,,,
2025-11-30,,,,,,,,,,,6552419.0,2896586.0,,,,,,,,3.89,,,,,,,2.0,13272.1441,,
2025-12-01,,,,,,,,,2.92,,,,,,,,,,22279.8,3.89,,,10812.028,4.4635,0.86,,2.0,,,
2025-12-02,0.55,0.28,4.09,3.54,4.74,1.85,2.24,2.31,2.94,3.24,,,-0.51,-0.3856,,,,,,3.89,59.47,64.22,,,,,2.0,,,
2025-12-03,0.58,0.32,4.09,3.51,4.74,1.85,2.24,2.3,2.92,5.62,,,,,,,,,,3.89,58.81,63.37,,,,,2.0,,,
2025-12-04,0.57,0.34,4.06,3.49,4.73,1.82,2.24,2.29,2.89,2.514,,,,,,,,,,3.89,59.09,63.75,,,,,2.0,,,
2025-12-05,0.59,0.4,4.11,3.52,4.76,1.85,2.26,2.33,2.88,2.233,,,,,,,,,,3.89,59.82,64.15,,,,,2.0,,,
2025-12-06,0.58,0.43,4.14,3.56,4.79,1.88,2.26,2.34,2.85,1.485,,,,,,,,,,3.89,60.23,64.42,,,,,2.0,,,
2025-12-07,,,,,,,,,,,6535781.0,2858284.0,,,,,,,,3.89,,,,,,,2.0,13270.565,,
2025-12-08,,,,,,,,,,,,,,,,4.4,,,,3.89,,,,,,,2.0,,,
2025-12-09,0.6,0.44,4.17,3.57,4.81,1.91,2.26,2.32,2.89,1.703,,,-0.514,-0.4215,,,,,,3.89,59.04,63.3,,,,,2.0,,,
2025-12-10,0.57,0.45,4.18,3.61,4.8,1.92,2.26,2.32,2.89,3.211,,,,,,,,,,3.89,58.4,62.62,,,,,2.0,,,
2025-12-11,0.59,0.44,4.13,3.54,4.78,1.88,2.25,2.32,2.91,5.045,,,,,,,,,,3.89,58.67,63.12,,,,,2.0,,,
2025-12-12,0.62,0.48,4.14,3.52,4.79,1.89,2.25,2.32,2.88,2.874,,,,,,,,,,3.64,57.76,61.87,,,,,2.0,,,
2025-12-13,0.67,0.56,4.19,3.52,4.85,1.93,2.26,2.32,2.91,0.838,,,,,,,,,,3.64,57.61,62.11,,,,,2.0,,,
2025-12-14,,,,,,,,,,,6539303.0,2932112.0,,,,,,,,3.64,,,,,,,2.0,13301.1737,,
2025-12-15,,,,,,,,,,,,,,,,,,52.9,,3.64,,,,,,,2.0,,,
2025-12-16,0.67,0.53,4.18,3.51,4.84,1.93,2.25,2.29,2.91,2.601,,,-0.519,-0.3541,326.031,,,,,3.64,56.97,61.55,,,,,2.0,,,
2025-12-17,0.67,0.51,4.15,3.48,4.82,1.92,2.23,2.25,2.98,1.554,,,,,,,101.4941,,,3.64,55.44,59.93,,,,,2.0,,,
2025-12-18,0.67,0.52,4.16,3.49,4.83,1.92,2.24,2.26,2.99,10.361,,,,,,,,,,3.64,56.07,60.61,,,,,2.0,,,
2025-12-19,0.66,0.5,4.12,3.46,4.8,1.88,2.24,2.26,2.95,11.708,,,,,,,,,,3.64,56.22,60.69,,,,,2.0,,,
2025-12-20,0.68,0.54,4.16,3.48,4.82,1.92,2.24,2.27,2.9,3.047,,,,,,,,,,3.64,56.8,61.35,,,,,2.0,,,
2025-12-21,,,,,,,,,,,6556861.0,2959044.0,,,,,,,,3.64,,,,,,,2.0,13313.1764,,
2025-12-22,,,,,,,,,,,,,,,,,,,,3.64,,,,,,,2.0,,,
2025-12-23,0.73,0.53,4.17,3.44,4.84,1.94,2.23,2.25,2.88,1.523,,,-0.528,-0.3314,,,,,,3.64,58.18,62.22,,,,,2.0,,,
2025-12-24,0.7,0.53,4.18,3.48,4.83,1.94,2.24,2.24,2.83,5.893,,,,,,,,,,3.64,58.55,63.7,,,,,2.0,,,
2025-12-25,0.68,0.46,4.15,3.47,4.79,1.91,2.24,2.24,2.84,4.803,,,,,,,,,,3.64,58.72,63.7,,,,,2.0,,,
2025-12-26,,,,,,,,,,,,,,,,,,,,3.64,,,,,,,2.0,,,
2025-12-27,0.68,0.5,4.14,3.46,4.81,1.91,2.23,2.22,2.86,20.339,,,,,,,,,,3.64,56.6,,,,,,2.0,,,
2025-12-28,,,,,,,,,,,6581231.0,2955581.0,,,,,,,,3.64,,,,,,,2.0,13333.7662,,
2025-12-29,,,,,,,,,,,,,,,,,,,,3.64,,,,,,,2.0,,,
2025-12-30,0.67,0.44,4.12,3.45,4.8,1.9,2.22,2.23,2.87,10.551,,,-0.54,-0.5727,,,,,,3.64,57.89,63.1,,,,6.5,2.0,,122.56815,
2025-12-31,0.69,0.49,4.14,3.45,4.81,1.9,2.24,2.25,2.84,12.605,,,,,,,,,22355.3,3.64,57.79,62.3,11790.96409090909,4.431363636363636,0.56,,2.0,,,
2026-01-01,0.71,0.51,4.18,3.47,4.84,1.93,2.25,2.26,2.81,105.993,,,,,,,,,,3.64,57.26,61.35,,,,,2.0,,,
2026-01-02,,,,,,,,,,,,,,,,,,,,3.64,,,,,,,2.0,,,
2026-01-03,0.72,0.54,4.19,3.47,4.86,1.94,2.25,2.28,2.83,5.667,,,,,,,,,,3.64,57.21,61.98,,,,,2.0,,,
2026-01-04,,,,,,,,,,,6640618.0,2957410.0,,,,,,,,3.64,,,,,,,2.0,13333.8096,,
2026-01-05,,,,,,,,,,,,,,,,,,,,3.64,,,,,,,2.0,,,
2026-01-06,0.71,0.53,4.17,3.46,4.85,1.91,2.26,2.29,2.81,6.485,,,-0.551,-0.5566,,,,,,3.64,58.1,63.0,,,,,2.0,,,
2026-01-07,0.71,0.55,4.18,3.47,4.86,1.91,2.27,2.3,2.79,2.582,,,,,,,,,,3.64,56.97,62.1,,,,,2.0,,,
2026-01-08,0.68,0.53,4.15,3.47,4.82,1.88,2.27,2.3,2.79,4.582,,,,,,4.3,,,,3.64,56.01,61.08,,,,,2.0,,,
2026-01-09,0.7,0.57,4.19,3.49,4.85,1.92,2.27,2.31,2.76,3.083,,,,,,,,,,3.64,57.74,63.34,,,,,2.0,,,
2026-01-10,0.64,0.56,4.18,3.54,4.82,1.9,2.28,2.32,2.74,3.28,,,,,,,,,,3.64,58.96,65.11,,,,,2.0,,,
2026-01-11,,,,,,,,,,,6573602.0,2996379.0,,,,,,,,3.64,,,,,,,2.0,13369.8734,,
2026-01-12,,,,,,,,,,,,,,,,,,,,3.64,,,,,,,2.0,,,
2026-01-13,0.65,0.52,4.19,3.54,4.83,1.9,2.29,2.36,2.74,3.402,,,-0.563,-0.6559,,,,,,3.64,59.39,65.4,,,,,2.0,,,
2026-01-14,0.65,0.51,4.18,3.53,4.83,1.88,2.3,2.37,2.75,3.277,,,,,,,,,,3.64,60.85,67.58,,,,,2.0,,,
2026-01-15,0.64,0.48,4.15,3.51,4.79,1.86,2.29,2.36,2.76,3.223,,,,,,,,56.4,,3.64,61.84,68.87,,,,,2.0,,,
2026-01-16,0.61,0.49,4.17,3.56,4.79,1.88,2.29,2.36,2.71,2.003,,,,,326.588,,,,,3.64,59.13,66.16,,,,,2.0,,,
2026-01-17,0.65,0.57,4.24,3.59,4.83,1.91,2.33,2.39,2.65,1.222,,,,,,,101.0388,,,3.64,59.4,66.97,,,,,2.0,,,
2026-01-18,,,,,,,,,,,6581700.0,3049630.0,,,,,,,,3.64,,,,,,,2.0,13395.0085,,
2026-01-19,,,,,,,,,,,,,,,,,,,,3.64,,,,,,,2.0,,,
2026-01-20,,,,,,,,,2.65,,,,-0.569,-0.6426,,,,,,3.64,,66.91,,,,,2.0,,,
2026-01-21,0.7,0.6,4.3,3.6,4.91,1.97,2.33,2.4,2.73,3.506,,,,,,,,,,3.64,60.3,67.68,,,,,2.0,,,
2026-01-22,0.66,0.56,4.26,3.6,4.87,1.92,2.34,2.42,2.69,3.344,,,,,,,,,,3.64,60.38,66.72,,,,,2.0,,,
2026-01-23,0.65,0.55,4.26,3.61,4.84,1.95,2.31,2.42,2.64,2.058,,,,,,,,,,3.64,59.24,65.46,,,,,2.0,,,
2026-01-24,0.64,0.54,4.24,3.6,4.82,1.92,2.32,2.46,2.68,0.927,,,,,,,,,,3.64,60.7,68.16,,,,,2.0,,,
2026-01-25,,,,,,,,,,,6584580.0,2954903.0,,,,,,,,3.64,,,,,,,2.0,13436.8043,,
2026-01-26,,,,,,,,,,,,,,,,,,,,3.64,,,,,,,2.0,,,
2026-01-27,0.66,0.55,4.22,3.56,4.8,1.9,2.32,2.45,2.69,1.489,,,-0.571,-0.7062,,,,,,3.64,60.46,67.7,,,,,2.0,,,
2026-01-28,0.71,0.57,4.24,3.53,4.83,1.9,2.34,2.47,2.71,1.253,,,,,,,,,,3.64,62.04,70.28,,,,,2.0,,,
2026-01-29,0.7,0.58,4.26,3.56,4.85,1.9,2.36,2.5,2.72,1.103,,,,,,,,,,3.64,62.75,70.9,,,,,2.0,,,
2026-01-30,0.71,0.57,4.24,3.53,4.85,1.89,2.35,2.52,2.77,2.852,,,,,,,,,,3.64,64.77,71.0,,,,,2.0,,,
2026-01-31,0.74,0.59,4.26,3.52,4.87,1.9,2.36,2.53,2.8,9.629,,,,,,,,,22413.4,3.64,64.5,72.25,12986.60681818182,4.144545454545455,0.64,,2.0,,,
2026-02-01,,,,,,,,,2.88,,6587568.0,2901600.0,,,,,,,,3.64,,,,,,,2.0,13441.2913,,
2026-02-02,,,,,,,,,,,,,,,,,,,,3.64,,,,,,,2.0,,,
2026-02-03,0.72,0.6,4.29,3.57,4.9,1.94,2.35,2.52,2.81,10.415,,,-0.567,-0.6691,,,,,,3.64,61.6,67.72,,,,,2.0,,,
2026-02-04,0.71,0.59,4.28,3.57,4.9,1.92,2.36,2.53,2.85,1.785,,,,,,,,,,3.64,62.62,70.01,,,,,2.0,,,
2026-02-05,0.72,0.6,4.29,3.57,4.91,1.94,2.35,2.51,2.86,2.414,,,,,,,,,,3.64,64.56,71.15,,,,,2.0,,,
2026-02-06,0.74,0.54,4.21,3.47,4.85,1.89,2.32,2.48,2.97,1.748,,,,,,,,,,3.64,62.9,69.87,,,,,2.0,,,
2026-02-07,0.72,0.54,4.22,3.5,4.85,1.88,2.34,2.5,2.87,3.111,,,,,,,,,,3.64,63.77,70.45,,,,,2.0,,,
2026-02-08,,,,,,,,,,,6605909.0,2925170.0,,,,4.4,,,,3.64,,,,,,,2.0,13485.1626,,
2026-02-09,,,,,,,,,,,,,,,,,,,,3.64,,,,,,,2.0,,,
2026-02-10,0.74,0.53,4.22,3.48,4.85,1.87,2.35,2.5,2.84,1.306,,,-0.559,-0.6493,,,,,,3.64,64.53,71.19,,,,,2.0,,,
2026-02-11,0.71,0.47,4.16,3.45,4.78,1.84,2.32,2.47,2.86,1.447,,,,,,,,,,3.64,64.2,71.01,,,,,2.0,,,
2026-02-12,0.66,0.48,4.18,3.52,4.82,1.86,2.32,2.49,2.84,1.048,,,,,,,,,,3.64,64.8,71.52,,,,,2.0,,,
2026-02-13,0.62,0.39,4.09,3.47,4.72,1.8,2.29,2.45,2.92,2.844,,,,,,,,,,3.64,63.08,69.8,,,,,2.0,,,
2026-02-14,0.64,0.36,4.04,3.4,4.69,1.77,2.27,2.42,2.95,0.377,,,,,,,,,,3.64,63.05,69.96,,,,,2.0,,,
2026-02-15,,,,,,,,,,,6622382.0,2939557.0,,,,,,56.6,,3.64,,,,,,,2.0,13519.4754,,
2026-02-16,,,,,,,,,,,,,,,327.46,,,,,3.64,,,,,,,2.0,,,
2026-02-17,,,,,,,,,2.94,,,,-0.545,-0.6073,,,101.9053,,,3.64,,70.81,,,,,2.0,,,
2026-02-18,0.62,0.36,4.05,3.43,4.68,1.79,2.26,2.39,2.94,0.441,,,,,,,,,,3.64,62.53,69.77,,,,,2.0,,,
2026-02-19,0.62,0.39,4.09,3.47,4.71,1.8,2.29,2.43,2.86,0.856,,,,,,,,,,3.64,65.33,71.78,,,,,2.0,,,
2026-02-20,0.61,0.39,4.08,3.47,4.7,1.79,2.29,2.43,2.88,0.632,,,,,,,,,,3.64,66.66,73.17,,,,,2.0,,,
2026-02-21,0.6,0.39,4.08,3.48,4.72,1.8,2.28,2.43,2.86,0.496,,,,,,,,,,3.64,66.69,72.75,,,,,2.0,,,
2026-02-22,,,,,,,,,,,6613395.0,2949804.0,,,,,,,,3.64,,,,,,,2.0,13538.93,,
2026-02-23,,,,,,,,,,,,,,,,,,,,3.64,,,,,,,2.0,,,
2026-02-24,0.6,0.34,4.03,3.43,4.7,1.77,2.26,2.4,2.95,0.877,,,-0.528,-0.4786,,,,,,3.64,66.36,71.9,,,,,2.0,,,
2026-02-25,0.61,0.35,4.04,3.43,4.7,1.78,2.26,2.4,2.97,0.917,,,,,,,,,,3.64,65.62,71.21,,,,,2.0,,,
2026-02-26,0.6,0.36,4.05,3.45,4.7,1.77,2.28,2.42,2.94,1.159,,,,,,,,,,3.64,65.3,70.69,,,,,2.0,,,
2026-02-27,0.6,0.34,4.02,3.42,4.67,1.74,2.28,2.43,2.98,3.796,,,,,,,,,,3.64,65.1,71.66,,,,,2.0,,,
2026-02-28,0.59,0.3,3.97,3.38,4.64,1.72,2.25,2.4,3.1,16.318,,,,,,,,,,3.64,66.96,71.32,,,,,2.0,,,
2026-03-01,,,,,,,,,3.12,,6613797.0,2965765.0,,,,,,,,3.64,,,,,,,2.0,13547.5903,,
2026-03-02,,,,,,,,,,,,,,,,,,,,3.64,,,,,,,2.0,,,
2026-03-03,0.58,0.33,4.05,3.47,4.7,1.76,2.29,2.46,3.03,0.627,,,-0.509,-0.4337,,,,,22598.9,3.64,71.13,77.24,12951.345,3.1475,0.52,,2.0,,,
2026-03-04,0.55,0.35,4.06,3.51,4.7,1.77,2.29,2.46,3.08,1.203,,,,,,,,,,3.64,74.48,83.28,,,,,2.0,,,
2026-03-05,0.55,0.38,4.09,3.54,4.72,1.8,2.29,2.46,2.97,0.877,,,,,,,,,,3.64,74.58,81.56,,,,,2.0,,,
2026-03-06,0.56,0.43,4.13,3.57,4.74,1.82,2.31,2.51,3.0,2.793,,,,,,,,,,3.64,80.88,88.59,,,,,2.0,,,
2026-03-07,0.59,0.46,4.15,3.56,4.77,1.8,2.35,2.56,3.13,1.512,,,,,,,,,,3.64,90.77,95.74,,,,,2.0,,,
2026-03-08,,,,,,,,,,,6628894.0,3015531.0,,,,4.3,,,,3.64,,,,,,,2.0,13575.3536,,
2026-03-09,,,,,,,,,,,,,,,,,,,,3.64,,,,,,,2.0,,,
2026-03-10,0.56,0.41,4.12,3.56,4.72,1.78,2.34,2.56,3.19,0.332,,,-0.49,-0.4251,,,,,,3.64,94.65,94.35,,,,,2.0,,,
2026-03-11,0.58,0.44,4.15,3.57,4.78,1.82,2.33,2.53,3.06,0.278,,,,,,,,,,3.64,83.71,89.84,,,,,2.0,,,
2026-03-12,0.57,0.5,4.21,3.64,4.86,1.85,2.36,2.58,3.09,0.552,,,,,,,,,,3.64,86.8,90.98,,,,,2.0,,,
2026-03-13,0.51,0.55,4.27,3.76,4.88,1.89,2.38,2.63,3.17,0.137,,,,,,,,,,3.64,95.61,102.38,,,,,2.0,,,
2026-03-14,0.55,0.56,4.28,3.73,4.9,1.92,2.36,2.61,3.28,0.427,,,,,,,,,,3.64,98.48,103.23,,,,,2.0,,,
2026-03-15,,,,,,,,,,,6646344.0,3037665.0,,,,,,53.3,,3.64,,,,,,,2.0,13595.6264,,
2026-03-16,,,,,,,,,,,,,,,330.293,,,,,3.64,,,,,,,2.0,,,
2026-03-17,0.55,0.51,4.23,3.68,4.86,1.87,2.36,2.58,3.27,0.582,,,-0.474,-0.2964,,,101.7543,,,3.64,93.39,101.04,,,,,2.0,,,
2026-03-18,0.52,0.48,4.2,3.68,4.85,1.83,2.37,2.62,3.22,0.797,,,,,,,,,,3.64,96.01,108.39,,,,,2.0,,,
2026-03-19,0.5,0.53,4.26,3.76,4.88,1.86,2.4,2.66,3.2,0.698,,,,,,,,,,3.64,96.12,118.09,,,,,2.0,,,
2026-03-20,0.46,0.52,4.25,3.79,4.83,1.88,2.37,2.61,3.27,0.637,,,,,,,,,,3.64,96.11,111.05,,,,,2.0,,,
2026-03-21,0.51,0.65,4.39,3.88,4.96,2.01,2.38,2.63,3.24,0.822,,,,,,,,,,3.64,98.71,118.42,,,,,2.0,,,
2026-03-22,,,,,,,,,,,6655939.0,3019995.0,,,,,,,,3.64,,,,,,,2.0,13606.2713,,
2026-03-23,,,,,,,,,,,,,,,,,,,,3.64,,,,,,,2.0,,,
2026-03-24,0.51,0.6,4.34,3.83,4.91,2.01,2.33,2.53,3.19,0.857,,,-0.464,-0.3625,,,,,,3.64,89.33,103.79,,,,,2.0,,,
2026-03-25,0.49,0.65,4.39,3.9,4.94,2.06,2.33,2.55,3.19,1.123,,,,,,,,,,3.64,93.18,108.42,,,,,2.0,,,
2026-03-26,0.49,0.6,4.33,3.84,4.89,2.02,2.31,2.51,3.17,0.777,,,,,,,,,,3.64,91.51,109.14,,,,,2.0,,,
2026-03-27,0.46,0.69,4.42,3.96,4.93,2.08,2.34,2.56,3.21,0.885,,,,,,,,,,3.64,96.18,113.39,,,,,2.0,,,
2026-03-28,0.56,0.71,4.44,3.88,4.98,2.13,2.31,2.56,3.42,0.992,,,,,,,,,,3.64,101.26,121.47,,,,,2.0,,,
2026-03-29,,,,,,,,,,,6657161.0,2993955.0,,,,,,,,3.64,,,,,,,2.0,13635.7642,,
2026-03-30,,,,,,,,,,,,,,,,,,,,3.64,,,,,,,2.0,,,
2026-03-31,0.53,0.64,4.35,3.82,4.91,2.04,2.31,2.57,3.46,0.752,,,-0.46,-0.1771,,,,,22640.4,3.64,104.69,121.88,12528.709545454552,3.035909090909091,0.54,,2.0,,,
2026-04-01,0.51,0.6,4.3,3.79,4.88,2.0,2.3,2.54,3.28,15.782,,,,,,,,,,3.64,102.86,126.69,,,,5.3,2.0,,122.59387,
2026-04-02,0.52,0.63,4.33,3.81,4.91,2.02,2.31,2.55,3.16,2.107,,,,,,,,,,3.64,101.9,119.56,,,,,2.0,,,
2026-04-03,0.52,0.61,4.31,3.79,4.88,1.97,2.34,2.57,3.17,0.327,,,,,,,,,,3.64,113.23,127.61,,,,,2.0,,,
2026-04-04,0.51,0.64,4.35,3.84,4.91,1.99,2.36,2.61,3.13,,,,,,,,,,,3.64,,,,,,,2.0,,,
2026-04-05,,,,,,,,,,,6675344.0,3026708.0,,,,,,,,3.64,,,,,,,2.0,13690.3557,,
2026-04-06,,,,,,,,,,,,,,,,,,,,3.64,,,,,,,2.0,,,
2026-04-07,0.5,0.62,4.34,3.84,4.89,1.98,2.36,2.6,3.05,0.227,,,-0.465,-0.2295,,,,,,3.64,114.01,,,,,,2.0,,,
2026-04-08,0.52,0.62,4.33,3.81,4.9,1.96,2.37,2.61,3.12,15.345,,,,,,4.3,,,,3.64,114.58,138.21,,,,,2.0,,,
2026-04-09,0.5,0.6,4.29,3.79,4.89,1.96,2.33,2.56,2.94,0.177,,,,,,,,,,3.64,96.17,122.11,,,,,2.0,,,
2026-04-10,0.51,0.61,4.29,3.78,4.9,1.95,2.34,2.56,2.9,0.402,,,,,,,,,,3.64,99.62,119.03,,,,,2.0,,,
2026-04-11,0.5,0.62,4.31,3.81,4.91,1.95,2.36,2.58,2.94,0.507,,,,,,,,,,3.64,98.34,119.07,,,,,2.0,,,
2026-04-12,,,,,,,,,,,6693871.0,3116247.0,,,,,,,,3.64,,,,,,,2.0,13708.1058,,
2026-04-13,,,,,,,,,,,,,,,,,,,,3.64,,,,,,,2.0,,,
2026-04-14,0.52,0.59,4.3,3.78,4.9,1.92,2.38,2.61,2.95,0.227,,,-0.475,-0.638,,,,,,3.64,100.72,123.28,,,,,2.0,,,
2026-04-15,0.5,0.55,4.26,3.76,4.87,1.89,2.37,2.59,2.84,0.306,,,,,,,,49.8,,3.64,93.07,118.69,,,,,2.0,,,
2026-04-16,0.53,0.58,4.29,3.76,4.89,1.9,2.39,2.61,2.85,0.223,,,,,332.407,,,,,3.64,93.04,114.93,,,,,2.0,,,
2026-04-17,0.54,0.62,4.32,3.78,4.93,1.93,2.39,2.6,2.86,0.158,,,,,,,102.5198,,,3.64,96.46,116.63,,,,,2.0,,,
2026-04-18,0.55,0.56,4.26,3.71,4.88,1.9,2.36,2.56,2.83,0.137,,,,,,,,,,3.64,85.91,98.63,,,,,2.0,,,
2026-04-19,,,,,,,,,,,6705696.0,3129588.0,,,,,,,,3.64,,,,,,,2.0,13720.2729,,
2026-04-20,,,,,,,,,,,,,,,,,,,,3.64,,,,,,,2.0,,,
2026-04-21,0.54,0.55,4.26,3.72,4.88,1.91,2.35,2.57,2.87,0.503,,,-0.487,-0.7485,,,,,,3.64,91.06,103.4,,,,,2.0,,,
2026-04-22,0.52,0.61,4.3,3.78,4.89,1.92,2.38,2.6,2.85,0.807,,,,,,,,,,3.64,93.64,106.14,,,,,2.0,,,
2026-04-23,0.51,0.61,4.3,3.79,4.9,1.92,2.38,2.61,2.84,0.538,,,,,,,,,,3.64,94.76,113.44,,,,,2.0,,,
2026-04-24,0.51,0.65,4.34,3.83,4.92,1.92,2.42,2.58,2.86,0.114,,,,,,,,,,3.64,99.27,113.25,,,,,2.0,,,
2026-04-25,0.53,0.62,4.31,3.78,4.91,1.89,2.42,2.61,2.86,0.082,,,,,,,,,,3.64,98.42,111.86,,,,,2.0,,,
2026-04-26,,,,,,,,,,,6707419.0,2901825.0,,,,,,,,3.64,,,,,,,2.0,13730.4987,,
2026-04-27,,,,,,,,,,,,,,,,,,,,3.64,,,,,,,2.0,,,
2026-04-28,0.57,0.67,4.35,3.78,4.94,1.91,2.44,2.62,2.84,0.363,,,-0.497,-0.6716,,,,,,3.64,99.89,113.89,,,,,2.0,,,
2026-04-29,0.52,0.68,4.36,3.84,4.94,1.92,2.44,2.63,2.85,0.643,,,,,,,,,,3.64,103.45,117.62,,,,,2.0,,,
2026-04-30,0.5,0.74,4.42,3.92,4.98,1.96,2.46,2.67,2.82,0.747,,,,,,,,,,3.64,110.47,124.16,,,,,2.0,,,
2026-05-01,0.52,0.72,4.4,3.88,4.98,1.94,2.46,2.67,2.83,8.261,,,,,,,,,22756.7,3.64,108.64,124.24,12890.687727272732,2.682727272727273,0.46,,2.0,,,
2026-05-02,0.51,0.71,4.39,3.88,4.97,1.91,2.48,2.69,2.77,0.607,,,,,,,,,,3.64,105.38,118.26,,,,,2.0,,,
2026-05-03,,,,,,,,,,,6699950.0,2918599.0,,,,,,,,3.64,,,,,,,2.0,13741.962,,
2026-05-04,,,,,,,,,,,,,,,,,,,,3.64,,,,,,,2.0,,,
2026-05-05,0.5,0.75,4.45,3.95,5.02,1.95,2.5,2.72,2.78,0.618,,,-0.505,-0.6669,,,,,,3.64,109.76,,,,,,2.0,,,
2026-05-06,0.5,0.74,4.43,3.93,4.98,1.96,2.47,2.67,2.77,1.122,,,,,,,,,,3.64,105.66,114.51,,,,,2.0,,,
2026-05-07,0.49,0.67,4.36,3.87,4.94,1.94,2.42,2.58,2.75,1.633,,,,,,,,,,3.64,98.75,103.7,,,,,2.0,,,
2026-05-08,0.49,0.72,4.41,3.92,4.97,1.96,2.45,2.61,2.79,0.773,,,,,,4.3,,,,3.63,98.38,101.82,,,,,2.0,,,
2026-05-09,0.48,0.69,4.38,3.9,4.95,1.93,2.45,2.62,2.81,0.787,,,,,,,,,,3.63,98.87,103.48,,,,,2.0,,,
2026-05-10,,,,,,,,,,,6709505.0,3032588.0,,,,,,,,3.63,,,,,,,2.0,13755.1492,,
2026-05-11,,,,,,,,,,,,,,,,,,,,3.63,,,,,,,2.0,,,
2026-05-12,0.47,0.72,4.42,3.95,4.98,1.95,2.47,2.67,2.79,1.133,,,-0.509,-0.7565,,,,,,3.63,101.56,106.11,,,,,2.0,,,
2026-05-13,0.46,0.76,4.46,4.0,5.03,1.99,2.47,2.69,2.82,1.199,,,,,,,,,,3.63,105.78,111.37,,,,,2.0,,,
2026-05-14,0.48,0.77,4.46,3.98,5.03,1.99,2.47,2.7,2.82,3.719,,,,,,,,,,3.63,104.52,110.28,,,,,2.0,,,
2026-05-15,0.47,0.78,4.47,4.0,5.02,2.0,2.47,2.67,2.76,2.034,,,,,,,,44.8,,3.63,104.66,110.91,,,,,2.0,,,
2026-05-16,0.5,0.9,4.59,4.09,5.12,2.1,2.49,2.7,2.8,0.647,,,,,333.979,,,,,3.63,108.99,113.96,,,,,2.0,,,
2026-05-17,,,,,,,,,,,6728502.0,3102810.0,,,,,102.5099,,,3.63,,,,,,,2.0,13779.7687,,
2026-05-18,,,,,,,,,,,,,,,,,,,,3.63,,,,,,,2.0,,,
2026-05-19,0.54,0.93,4.61,4.07,5.14,2.13,2.48,2.69,2.83,7.193,,,-0.511,-0.7367,,,,,,3.63,112.25,116.73,,,,,2.0,,,
2026-05-20,0.54,1.0,4.67,4.13,5.18,2.18,2.49,2.66,2.86,12.911,,,,,,,,,,3.62,112.09,114.64,,,,,2.0,,,
2026-05-21,0.53,0.92,4.57,4.04,5.11,2.13,2.44,2.59,2.8,24.867,,,,,,,,,,3.62,101.69,108.93,,,,,2.0,,,
2026-05-22,0.49,0.89,4.57,4.08,5.1,2.18,2.39,2.57,2.78,3.281,,,,,,,,,,3.62,100.2,105.84,,,,,2.0,,,
2026-05-23,0.43,0.88,4.56,4.13,5.07,2.16,2.4,2.54,2.74,0.965,,,,,,,,,,3.62,100.35,106.9,,,,,2.0,,,
2026-05-24,,,,,,,,,,,6713643.0,3129562.0,,,,,,,,3.62,,,,,,,2.0,13808.1678,,
2026-05-25,,,,,,,,,,,,,,,,,,,,3.62,,,,,,,2.0,,,
2026-05-26,,,,,,,,,2.74,,,,-0.51,-0.7573,,,,,,3.62,,,,,,,2.0,,,
2026-05-27,0.49,0.82,4.5,4.01,5.03,2.1,2.4,2.53,2.72,1.787,,,,,,,,,,3.62,97.63,102.75,,,,,2.0,,,
2026-05-28,0.48,0.8,4.48,4.0,5.01,2.09,2.39,2.53,2.71,1.853,,,,,,,,,,3.62,92.35,97.11,,,,,2.0,,,
2026-05-29,0.46,0.76,4.45,3.99,4.98,2.06,2.39,2.54,2.72,1.163,,,,,,,,,,3.62,92.65,95.47,,,,,2.0,,,
2026-05-30,0.47,0.76,4.45,3.98,4.99,2.07,2.38,2.52,2.72,11.677,,,,,,,,,,3.62,91.16,92.88,,,,,2.0,,,
2026-05-31,,,,,,,,,,,6704383.0,3066560.0,,,,,,,23013.9,3.62,,,13512.156190476187,2.938095238095238,0.54,,2.0,13818.9105,,
2026-06-01,,,,,,,,,2.74,,,,,,,,,,,3.62,,,,,,,2.0,,,
2026-06-02,0.42,0.69,4.47,4.05,4.99,2.07,2.4,2.54,2.72,1.302,,,-0.509,-0.6782,,,,,,3.62,95.96,98.29,,,,,2.0,,,
2026-06-03,0.41,0.69,4.46,4.05,4.97,2.07,2.39,2.52,2.71,2.502,,,,,,,,,,3.62,97.47,98.49,,,,,2.0,,,
2026-06-04,0.41,0.71,4.49,4.08,4.99,2.11,2.38,2.53,2.75,2.062,,,,,,,,,,3.62,99.76,101.69,,,,,2.0,,,
2026-06-05,0.42,0.69,4.47,4.05,4.97,2.11,2.36,2.48,2.74,1.122,,,,,,,,,,3.62,96.83,98.98,,,,,2.0,,,
2026-06-06,0.38,0.77,4.55,4.17,5.01,2.19,2.36,2.48,2.76,0.761,,,,,,,,,,3.62,94.32,97.29,,,,,2.0,,,
2026-06-07,,,,,,,,,,,6711495.0,3013902.0,,,,,,,,3.62,,,,,,,2.0,13814.1889,,
2026-06-08,,,,,,,,,,,,,,,,4.2,,,,3.62,,,,,,,2.0,,,
2026-06-09,0.41,0.76,4.56,4.15,5.03,2.21,2.35,2.47,2.75,1.832,,,-0.508,-0.864,,,,,,3.62,95.0,97.46,,,,,2.0,,,
2026-06-10,0.4,0.74,4.53,4.13,5.01,2.2,2.33,2.44,2.78,0.577,,,,,,,,,,3.62,91.9,94.15,,,,,2.0,,,
2026-06-11,0.42,0.76,4.55,4.13,5.03,2.21,2.34,2.44,2.8,0.387,,,,,,,,,,3.62,93.68,95.73,,,,,2.0,,,
2026-06-12,0.4,0.67,4.45,4.05,4.95,2.16,2.29,2.4,2.78,0.46,,,,,,,,,,3.62,91.58,92.84,,,,,2.0,,,
2026-06-13,0.39,0.7,4.48,4.09,4.97,2.17,2.31,2.39,2.71,0.454,,,,,,,,,,3.62,88.62,88.64,,,,,2.0,,,
2026-06-14,,,,,,,,,,,6725397.0,3080723.0,,,,,,,,3.62,,,,,,,2.0,13856.6933,,
2026-06-15,,,,,,,,,,,,,,,,,,49.5,,3.62,,,,,,,2.0,,,
2026-06-16,0.4,0.68,4.47,4.07,4.97,2.15,2.32,2.4,2.66,0.581,,,-0.508,-0.7664,332.568,,,,,3.63,84.65,84.36,,,,,2.0,,,
2026-06-17,0.38,0.64,4.43,4.05,4.93,2.14,2.29,2.36,2.71,10.721,,,,,,,102.7868,,,3.63,79.8,80.5,,,,,2.0,,,
2026-06-18,0.29,0.66,4.49,4.2,4.93,2.23,2.26,2.31,2.63,6.828,,,,,,,,,,3.63,80.65,80.33,,,,,2.25,,,
2026-06-19,0.27,0.63,4.46,4.19,4.9,2.21,2.25,2.27,2.66,0.251,,,,,,,,,,3.63,80.35,79.35,,,,,2.25,,,
2026-06-20,,,,,,,,,2.66,,,,,,,,,,,3.63,,80.46,,,,,2.25,,,
2026-06-21,,,,,,,,,,,6736424.0,3033444.0,,,,,,,,3.63,,,,,,,2.25,13862.5645,,
2026-06-22,,,,,,,,,,,,,,,,,,,,3.63,,,,,,,2.25,,,
2026-06-23,0.27,0.66,4.51,4.24,4.95,2.28,2.23,2.28,2.65,3.925,,,-0.51,-0.9508,,,,,,3.63,78.94,76.49,,,,,2.25,,,
2026-06-24,0.34,0.65,4.5,4.16,4.94,2.29,2.21,2.24,2.71,6.484,,,,,,,,,,3.63,74.62,75.69,,,,,2.25,,,
2026-06-25,0.3,0.56,4.41,4.11,4.86,2.23,2.18,2.19,2.76,4.534,,,,,,,,,,3.63,71.42,72.09,,,,,2.25,,,
2026-06-26,0.31,0.56,4.4,4.09,4.86,2.19,2.21,2.23,2.78,5.718,,,,,,,,,,3.63,72.67,73.74,,,,,2.25,,,
2026-06-27,0.31,0.55,4.38,4.07,4.87,2.18,2.2,2.21,2.83,6.426,,,,,,,,,,3.63,70.3,70.16,,,,,2.25,,,
2026-06-28,,,,,,,,,,,6735645.0,2951416.0,,,,,,,,3.63,,,,,,,2.25,13874.7563,,
2026-06-29,,,,,,,,,,,,,,,,,,,,3.63,,,,,,,2.25,,,
2026-06-30,0.28,0.51,4.38,4.1,4.86,2.16,2.22,2.24,2.8,3.546,,,-0.514,-0.6423,,,,,,3.63,71.87,71.59,,,,8.1,2.25,,,
2026-07-01,0.3,0.57,4.44,4.14,4.91,2.2,2.24,2.26,2.75,26.9,,,,,,,,,23115.2,3.63,70.56,70.46,13552.040909090912,3.205909090909091,0.56,,2.25,,,
2026-07-02,0.31,0.63,4.48,4.17,4.97,2.25,2.23,2.26,2.74,1.001,,,,,,,,,,3.63,69.74,69.24,,,,,2.25,,,
2026-07-03,0.35,0.67,4.49,4.14,4.98,2.26,2.23,2.24,2.75,2.175,,,,,,,,,,3.63,69.73,68.53,,,,,2.25,,,
2026-07-04,,,,,,,,,2.74,,,,,,,,,,,3.63,,68.68,,,,,2.25,,,
2026-07-05,,,,,,,,,,,6724564.0,2966897.0,,,,,,,,3.63,,,,,,,2.25,13861.9875,,
2026-07-06,,,,,,,,,,,,,,,,,,,,3.63,,,,,,,2.25,,,
2026-07-07,0.35,0.61,4.48,4.13,4.99,2.24,2.24,2.27,2.72,2.719,,,-0.52,-0.7223,,,,,,3.63,69.6,69.56,,,,,2.25,,,
2026-07-08,0.36,0.69,4.55,4.19,5.05,2.3,2.25,2.28,2.67,4.484,,,,,,4.1,,,,3.63,71.53,71.78,,,,,2.25,,,
2026-07-09,0.35,0.69,4.56,4.21,5.06,2.31,2.25,2.31,2.7,3.347,,,,,,,,,,3.62,74.56,76.5,,,,,2.25,,,
2026-07-10,0.38,0.71,4.54,4.16,5.05,2.31,2.23,2.28,2.7,5.772,,,,,,,,,,3.62,73.15,74.46,,,,,2.25,,,
2026-07-11,0.35,0.71,4.56,4.21,5.06,2.32,2.24,2.28,2.69,0.545,,,,,,,,,,3.62,72.45,74.34,,,,,2.25,,,
2026-07-12,,,,,,,,,,,6735609.0,3098911.0,,,,,,,,3.62,,,,,,,2.25,13865.7869,,
2026-07-13,,,,,,,,,,,,,,,,,,,,3.62,,,,,,,2.25,,,
2026-07-14,0.36,0.73,4.62,4.26,5.1,2.36,2.26,2.31,2.69,0.795,,,-0.526,-0.8819,,,,,,3.62,79.2,81.62,,,,,2.25,,,
2026-07-15,0.4,0.74,4.58,4.18,5.08,2.33,2.25,2.28,2.72,0.278,,,,,,,,55.2,,3.63,80.44,83.69,,,,,2.25,,,
2026-07-16,0.42,0.72,4.55,4.13,5.08,2.32,2.23,2.25,2.71,0.151,,,,,332.813,,,,,3.63,80.73,83.08,,,,,2.25,,,
2026-07-17,0.41,0.73,4.57,4.16,5.09,2.35,2.22,2.24,2.71,0.125,,,,,,,102.9939,,,3.63,80.03,81.23,,,,,2.25,,,
2026-07-18,0.37,0.7,4.55,4.18,5.06,2.31,2.24,2.27,2.73,0.1,,,,,,,,,,3.63,83.43,85.01,,,,,2.25,,,
2026-07-19,,,,,,,,,,,6743028.0,3142721.0,,,,,,,,3.63,,,,,,,2.25,13908.2231,,
2026-07-20,,,,,,,,,,,,,,,,,,,,3.63,,,,,,,2.25,,,
2026-07-21,0.39,0.74,4.6,4.21,5.11,2.35,2.25,2.28,2.69,0.03,,,-0.53,-0.6994,,,,,,3.63,84.38,86.99,,,,,2.25,,,
2026-07-22,0.37,0.76,4.63,4.26,5.13,2.37,2.26,2.28,2.69,0.275,,,,,,,,,,3.63,86.04,93.85,,,,,2.25,,,
2026-07-23,0.36,0.78,4.67,4.31,5.15,2.39,2.28,2.3,2.68,0.376,,,,,,,,,,3.63,87.66,94.12,,,,,2.25,,,
2026-07-24,0.34,0.76,4.71,4.37,5.17,2.43,2.28,2.29,2.77,0.904,,,,,,,,,,3.63,93.08,105.32,,,,,2.25,,,
2026-07-25,0.36,0.73,4.69,4.33,5.16,2.43,2.26,2.24,2.79,0.675,,,,,,,,,,3.63,91.74,100.31,,,,,2.25,,,
2026-07-26,,,,,,,,,,,6747378.0,3062149.0,,,,,,,,3.63,,,,,,,2.25,13903.0305,,
2026-07-27,,,,,,,,,,,,,,,,,,,,3.63,,,,,,,2.25,,,
2026-07-28,0.34,0.69,4.65,4.31,5.12,2.44,2.21,2.18,2.81,1.38,,,-0.536,-0.8252,,,,,,3.63,84.25,91.82,,,,,2.25,,,
2026-07-29,0.35,0.71,4.61,4.26,5.09,2.41,2.2,2.16,2.84,1.126,,,,,,,,,,3.63,80.91,85.51,,,,,2.25,,,
2026-07-30,0.45,0.84,4.67,4.22,5.2,2.41,2.26,2.24,2.87,2.576,,,,,,,,,,3.63,86.08,91.95,,,,,2.25,,,
2026-07-31,0.45,0.86,4.68,4.23,5.21,2.41,2.27,2.24,2.84,1.076,,,,,,,,,23218.0,3.63,85.15,91.91,13542.82086956522,2.963181818181818,0.76,,2.25,,,
2026-08-01,0.47,0.92,4.75,4.28,5.27,2.47,2.28,2.26,2.85,2.151,,,,,,,,,,3.63,86.16,96.95,,,,,2.25,,,
2026-08-02,,,,,,,,,,,6738190.0,2984570.0,,,,,,,,3.63,,,,,,,2.25,13925.4955,,
2026-08-03,,,,,,,,,,,,,,,,,,,,3.63,,,,,,,2.25,,,
2026-08-04,0.45,0.79,4.7,4.25,5.23,2.43,2.27,2.23,2.78,2.127,,,-0.541,-0.5045,,,,,,3.63,81.96,88.9,,,,,2.25,,,
2026-08-05,0.43,0.74,4.63,4.2,5.18,2.4,2.23,2.19,2.73,2.251,,,,,,,,,,3.63,77.33,86.47,,,,,2.25,,,
2026-08-06,0.45,0.74,4.63,4.18,5.17,2.41,2.22,2.18,2.75,1.65,,,,,,,,,,3.63,76.78,86.65,,,,,2.25,,,
2026-08-07,0.44,0.79,4.69,4.25,5.22,2.43,2.26,2.23,2.71,1.429,,,,,,,,,,3.63,78.88,89.65,,,,,2.25,,,
2026-08-08,0.46,0.78,4.65,4.19,5.19,2.4,2.25,2.22,2.7,1.45,,,,,,4.1,,,,3.63,79.77,87.62,,,,,2.25,,,
2026-08-09,,,,,,,,,,,6748567.0,2993349.0,,,,,,,,3.63,,,,,,,2.25,13954.0486,,
2026-08-10,,,,,,,,,,,,,,,,,,,,3.63,,,,,,,2.25,,,
2026-08-11,0.47,0.83,4.72,4.25,5.25,2.43,2.29,2.25,2.7,0.975,,,-0.546,-0.769,,,,,,3.63,83.76,92.74,,,,,2.25,,,
2026-08-12,0.48,0.81,4.7,4.22,5.24,2.43,2.27,2.23,2.72,1.25,,,,,,,,,,3.63,84.77,93.26,,,,,2.25,,,
2026-08-13,0.48,0.81,4.68,4.2,5.24,2.42,2.26,2.24,2.71,0.725,,,,,,,,,,3.63,84.97,92.52,,,,,2.25,,,
2026-08-14,0.48,0.76,4.63,4.15,5.21,2.39,2.24,2.21,2.71,0.45,,,,,,,,,,3.63,82.77,92.03,,,,,2.25,,,
2026-08-15,0.51,0.82,4.68,4.17,5.25,2.41,2.27,2.24,2.67,0.25,,,,,,,,,,3.63,83.99,92.02,,,,,2.25,,,
2026-08-16,,,,,,,,,,,6759955.0,2944059.0,,,334.131,,,,,3.63,,,,,,,2.25,13981.1992,,
2026-08-17,,,,,,,,,,,,,,,,,,,,3.63,,,,,,,2.25,,,
2026-08-18,0.53,0.85,4.72,4.19,5.31,2.44,2.28,2.25,2.7,0.255,,,-0.551,-0.8275,,,,,,3.63,86.04,92.43,,,,,2.25,,,
2026-08-19,0.52,0.85,4.71,4.19,5.28,2.41,2.3,2.27,2.75,0.155,,,,,,,,,,3.63,86.48,95.29,,,,,2.25,,,
2026-08-20,0.46,0.79,4.65,4.19,5.19,2.35,2.3,2.28,2.73,0.317,,,,,,,,,,3.63,87.28,92.37,,,,,2.25,,,
2026-08-21,0.5,0.82,4.69,4.19,5.23,2.35,2.34,2.34,2.75,0.225,,,,,,,,,,3.63,89.75,94.0,,,,,2.25,,,
2026-08-22,0.5,0.86,4.74,4.24,5.27,2.4,2.34,2.34,2.7,0.2,,,,,,,,,,3.63,87.21,96.92,,,,,2.25,,,
2026-08-23,,,,,,,,,,,6745699.0,2935287.0,,,,,,,,3.63,,,,,,,2.25,14016.5128,,
2026-08-24,,,,,,,,,,,,,,,,,,,,3.63,,,,,,,2.25,,,
2026-08-25,0.46,0.83,4.7,4.24,5.23,2.38,2.32,2.32,2.69,0.38,,,-0.555,-0.81,,,,,,3.63,86.34,92.71,,,,,2.25,,,
2026-08-26,0.47,0.78,4.64,4.17,5.17,2.32,2.32,2.31,2.7,0.405,,,,,,,,,,3.63,83.9,88.24,,,,,2.25,,,
2026-08-27,0.47,0.81,4.66,4.19,5.18,2.34,2.32,2.31,2.67,0.702,,,,,,,,,,3.63,83.46,87.77,,,,,2.25,,,
2026-08-28,0.47,0.83,4.67,4.2,5.19,2.34,2.33,2.31,2.63,0.456,,,,,,,,,,3.63,84.81,90.18,,,,,2.25,,,
2026-08-29,0.39,0.83,4.73,4.34,5.22,2.42,2.31,2.3,2.6,0.175,,,,,,,,,,3.63,84.57,89.75,,,,,2.25,,,
2026-08-30,,,,,,,,,,,6730912.0,2924936.0,,,,,,,,3.63,,,,,,,2.25,14033.8643,,
2026-08-31,,,,,,,,,,,,,,,,,,,,3.63,,,,,,,2.25,,,
2026-09-01,0.41,0.84,4.75,4.34,5.25,2.44,2.31,2.31,2.63,6.726,,,-0.56,-0.8518,,,,,,3.63,87.03,,,,,,2.25,,,
2026-09-02,0.4,0.87,4.79,4.39,5.27,2.44,2.35,2.37,2.65,0.725,,,,,,,,,,3.63,91.48,96.02,,,,,2.25,,,
2026-09-03,0.4,0.87,4.79,4.39,5.27,2.45,2.34,2.35,2.66,0.525,,,,,,,,,,3.63,92.15,97.59,,,,,2.25,,,
2026-09-04,0.43,0.88,4.77,4.34,5.25,2.42,2.35,2.37,2.65,0.702,,,,,,,,,,3.63,92.55,100.52,,,,,2.25,,,
2026-09-05,0.41,0.87,4.78,4.37,5.24,2.43,2.35,2.37,2.68,0.675,,,,,,,,,,3.63,92.69,102.24,,,,,2.25,,,
2026-09-06,,,,,,,,,,,6737204.0,2894531.0,,,,,,,,3.63,,,,,,,2.25,,,
2026-09-07,,,,,,,,,,,,,,,,,,,,3.63,,,,,,,2.25,,,
2026-09-08,,,,,,,,,2.68,,,,-0.564,-0.7884,,,,,,3.63,,104.47,,,,,2.25,,,
2026-09-09,0.41,0.86,4.8,4.39,5.25,2.43,2.37,2.4,2.67,0.626,,,,,,,,,,3.63,94.21,106.12,,,,,2.25,,,
2026-09-10,0.4,0.88,4.83,4.43,5.28,2.46,2.37,2.41,2.71,0.432,,,,,,,,,,3.63,97.26,109.51,,,,,2.25,,,
