Date,SPY,TLT,GLD,BIL,^VIX,DX-Y.NYB,SLV,EEM,IWM,VTV,VUG,HYG,VNQ,VGK,AAXJ,EWJ
2004-01-02,73.64418029785156,39.6543083190918,,,18.219999313354492,86.91999816894531,,12.007376670837402,41.70135498046875,,,,,,,27.2883243560791
2004-01-09,74.41216278076172,40.8330078125,,,16.75,85.11000061035156,,12.341270446777344,42.561546325683594,,,,,,,27.372716903686523
2004-01-16,75.6304702758789,41.14299774169922,,,15.0,87.7300033569336,,12.080461502075195,43.753116607666016,,,,,,,27.569644927978516
2004-01-23,75.7628402709961,41.034950256347656,,,14.84000015258789,86.55999755859375,,12.39572525024414,44.207393646240234,,,,,,,27.485246658325195
2004-01-30,75.13388061523438,40.87529373168945,,,16.6299991607666,87.19999694824219,,12.030305862426758,43.045631408691406,27.449478149414062,6.54975700378418,,,,,27.1757869720459
2004-02-06,75.77610778808594,41.204429626464844,,,16.0,86.0199966430664,,12.124885559082031,43.31370544433594,27.689132690429688,6.623762130737305,,,,,26.97886085510254
2004-02-13,76.22630310058594,41.402523040771484,,,15.579999923706055,85.55999755859375,,12.481709480285645,43.43661880493164,27.973388671875,6.633014678955078,,,,,27.007003784179688
2004-02-20,76.06075286865234,41.185577392578125,,,16.040000915527344,87.23999786376953,,12.309746742248535,43.02701187133789,27.945520401000977,6.588083267211914,,,,,26.75380516052246
2004-02-27,76.15347290039062,41.80803298950195,,,14.550000190734863,87.30999755859375,,12.506073951721191,43.45523452758789,28.162874221801758,6.613192558288574,,,,,27.316448211669922
2004-03-05,77.0539321899414,42.44051742553711,,,14.479999542236328,88.18000030517578,,12.743239402770996,44.494110107421875,28.50843048095703,6.659448623657227,,,,,27.79469871520996
2004-03-12,74.53800201416016,42.74359893798828,,,18.299999237060547,89.12000274658203,,12.087625503540039,43.28764343261719,27.45505714416504,6.432137966156006,,,,,27.42898178100586
2004-03-19,73.78937530517578,42.814605712890625,,,19.149999618530273,88.16000366210938,,12.084040641784668,42.33811950683594,27.421615600585938,6.391168117523193,,,,,28.666793823242188
2004-03-26,73.76945495605469,42.50688552856445,,,17.329999923706055,88.88999938964844,,12.11485481262207,42.602325439453125,27.254405975341797,6.3951311111450195,,,,,30.467267990112305
2004-04-02,76.16797637939453,41.2135124206543,,,15.640000343322754,88.51000213623047,,12.804141998291016,44.91522979736328,27.854087829589844,6.613600254058838,,,,,31.170574188232422
2004-04-09,75.98857879638672,40.89979553222656,,,16.260000228881836,89.0199966430664,,12.929534912109375,44.43400955200195,27.893308639526367,6.5937371253967285,,,,,30.720458984375
2004-04-16,75.62979125976562,40.19160842895508,,,14.9399995803833,89.94000244140625,,12.67516803741455,43.370819091796875,27.66912841796875,6.573878765106201,,,,,30.185943603515625
2004-04-23,75.98194122314453,39.94443130493164,,,14.010000228881836,91.08000183105469,,12.582023620605469,43.92667007446289,27.7700138092041,6.648024559020996,,,,,30.185943603515625
2004-04-30,73.72296905517578,39.75432586669922,,,17.190000534057617,90.4800033569336,,11.342448234558105,41.4495964050293,27.21517562866211,6.450740814208984,,,,,28.52613639831543
2004-05-07,73.05851745605469,38.80241394042969,,,18.1299991607666,91.12999725341797,,11.208460807800293,40.60649871826172,26.83967399597168,6.445444583892822,,,,,27.569644927978516
2004-05-14,73.11170196533203,38.79762649536133,,,18.469999313354492,91.66000366210938,,10.670361518859863,40.34537124633789,26.77802085876465,6.373947620391846,,,,,25.825437545776367
2004-05-21,72.95884704589844,39.00281524658203,,,18.489999771118164,90.48999786376953,,10.949798583984375,40.58413314819336,26.7443904876709,6.343496799468994,,,,,27.091394424438477
2004-05-28,74.98530578613281,39.651737213134766,,,15.5,88.94999694824219,,11.475003242492676,42.341190338134766,27.41693687438965,6.536804676055908,,,,,28.104162216186523
2004-06-04,75.06505584716797,39.0395393371582,,,16.780000686645508,88.54000091552734,,11.306621551513672,42.30388259887695,27.529043197631836,6.539453983306885,,,,,27.654043197631836
2004-06-11,75.9753189086914,39.02997589111328,,,15.039999961853027,90.01000213623047,,11.286561012268066,42.41579818725586,27.79804039001465,6.587120532989502,,,,,28.779321670532227
2004-06-18,75.77250671386719,39.55689239501953,,,14.989999771118164,89.08000183105469,,10.905373573303223,42.460548400878906,27.904529571533203,6.571228981018066,,,,,28.751195907592773
2004-06-25,75.91255950927734,39.820335388183594,,,15.1899995803833,88.87999725341797,,11.428434371948242,43.61277389526367,28.134313583374023,6.583146572113037,,,,,29.567033767700195
2004-07-02,75.27240753173828,40.567710876464844,,,15.079999923706055,87.97000122070312,,11.43559741973877,43.463138580322266,27.877382278442383,6.4916582107543945,,,,,29.173173904418945
2004-07-09,74.50553131103516,40.582149505615234,,,15.779999732971191,87.41999816894531,,11.357497215270996,42.135318756103516,27.65203094482422,6.386910915374756,,,,,28.69492530822754
2004-07-16,73.82533264160156,41.115966796875,,,14.34000015258789,87.13999938964844,,11.335287094116211,41.33113479614258,27.64076042175293,6.295423984527588,,,,,28.469873428344727
2004-07-23,72.65840911865234,40.856292724609375,,,16.5,89.26000213623047,,11.04151439666748,40.26137924194336,27.31960678100586,6.172115325927734,,,,,27.541507720947266
2004-07-30,73.91200256347656,40.68310546875,,,15.319999694824219,89.95999908447266,,11.159736633300781,41.14413070678711,27.668928146362305,6.230453014373779,,,,,27.68216896057129
2004-08-06,71.2513427734375,41.72602081298828,,,19.34000015258789,88.36000061035156,,10.975590705871582,38.798912048339844,26.97030258178711,5.979857921600342,,,,,26.585010528564453
2004-08-13,71.47806549072266,41.8322639465332,,,17.979999542236328,87.9000015258789,,10.981328010559082,38.656761169433594,27.021015167236328,5.973228454589844,,,,,26.556882858276367
2004-08-20,73.67198944091797,41.78399658203125,,,16.0,88.12000274658203,,11.406935691833496,40.77754211425781,27.95627784729004,6.142942428588867,,,,,27.766576766967773
2004-08-27,74.31879425048828,41.9191780090332,,,14.710000038146973,89.7699966430664,,11.566004753112793,41.05434799194336,28.13091468811035,6.242387294769287,,,,,28.019756317138672
2004-09-03,74.76559448242188,42.00942611694336,,,13.90999984741211,89.62999725341797,,11.668463706970215,41.49945068359375,28.485868453979492,6.243714809417725,,,,,27.457111358642578
2004-09-10,75.39244842529297,42.22272872924805,,,13.760000228881836,88.38999938964844,,11.898463249206543,42.53554153442383,28.67742919921875,6.319290637969971,,,,,27.90723419189453
2004-09-17,75.7664794921875,42.6202507019043,,,14.029999732971191,88.91000366210938,,12.180773735046387,42.801109313964844,28.79572868347168,6.320616245269775,,,,,27.597774505615234
2004-09-24,74.63487243652344,43.35224533081055,,,14.279999732971191,88.4000015258789,,12.153544425964355,42.242103576660156,28.423904418945312,6.246364116668701,,,,,26.95073890686035
2004-10-01,76.10130310058594,42.56652069091797,,,12.75,87.62999725341797,,12.596352577209473,43.76051330566406,28.834766387939453,6.379074573516846,,20.01603889465332,,,27.90723419189453
2004-10-08,75.33792877197266,42.80992126464844,,,15.050000190734863,87.44999694824219,,12.660840034484863,42.96569061279297,28.79510498046875,6.295386791229248,,20.08252716064453,,,28.019756317138672
2004-10-15,74.50093078613281,43.160369873046875,,,15.039999961853027,87.08999633789062,,12.350591659545898,42.5982780456543,28.44939422607422,6.2409186363220215,,20.485347747802734,,,27.457111358642578
2004-10-22,73.65052032470703,43.72013473510742,,,15.279999732971191,85.87000274658203,,12.431556701660156,42.362091064453125,28.081035614013672,6.182469844818115,,20.430593490600586,,,27.372716903686523
2004-10-29,75.79997253417969,43.535179138183594,,,16.270000457763672,84.91000366210938,,12.711710929870605,43.56181716918945,28.84609603881836,6.376416206359863,,20.766929626464844,,,27.935367584228516
2004-11-05,78.53197479248047,42.917362213134766,,,13.84000015258789,84.01000213623047,,13.269877433776855,45.18521499633789,29.792512893676758,6.570366859436035,,20.71999168395996,,,28.863727569580078
2004-11-12,79.54312896728516,42.946712493896484,,,13.329999923706055,83.69000244140625,,13.595893859863281,46.43369674682617,30.308242797851562,6.675312042236328,,21.588224411010742,,,28.751195907592773
2004-11-19,78.85874938964844,43.13729476928711,44.779998779296875,,13.5,83.30999755859375,,13.585144996643066,45.96504592895508,29.939878463745117,6.6062331199646,,20.97029685974121,,,29.004390716552734
2004-11-26,79.48336029052734,43.13243865966797,45.290000915527344,,12.779999732971191,81.77999877929688,,14.036551475524902,47.05232238769531,30.376251220703125,6.688597202301025,,21.549118041992188,,,29.173173904418945
2004-12-03,80.08776092529297,42.91178894042969,45.599998474121094,,12.960000038146973,80.9800033569336,,14.126111030578613,47.8546257019043,30.49526596069336,6.765645503997803,,22.112285614013672,,,29.59516143798828
2004-12-10,80.14149475097656,43.60374450683594,43.439998626708984,,12.760000228881836,82.55000305175781,,13.577977180480957,47.31474304199219,30.415931701660156,6.732434272766113,,22.343027114868164,,,28.32921028137207
2004-12-17,80.59432220458984,43.55464553833008,44.189998626708984,,11.949999809265137,82.16000366210938,,14.000723838806152,47.91835403442383,30.83529281616211,6.762986183166504,,22.35085678100586,,,29.03251075744629
2004-12-24,81.49175262451172,43.476104736328125,44.27000045776367,,11.229999542236328,81.22000122070312,,14.413400650024414,48.586490631103516,31.2773380279541,6.841366767883301,,22.52283477783203,,,29.829517364501953
2004-12-31,81.55921173095703,43.621925354003906,43.79999923706055,,13.289999961853027,80.8499984741211,,14.639680862426758,48.706844329833984,31.249942779541016,6.876683235168457,,22.614818572998047,,,30.846416473388672
2005-01-07,79.91954040527344,43.61701583862305,41.84000015258789,,13.489999771118164,83.61000061035156,,13.886846542358398,45.83332061767578,30.627790451049805,6.701421737670898,,21.39910316467285,,,29.77301597595215
2005-01-14,79.78460693359375,44.41997146606445,42.31999969482422,,12.430000305175781,83.05999755859375,,14.240778923034668,46.22072219848633,30.5535888671875,6.706776142120361,,21.275135040283203,,,30.64868927001953
2005-01-21,78.7994384765625,44.83382797241211,42.7400016784668,,14.359999656677246,83.26000213623047,,14.034074783325195,45.72048568725586,30.285329818725586,6.589042663574219,,21.455076217651367,,,29.914249420166016
2005-01-28,79.23800659179688,45.05051803588867,42.689998626708984,,13.239999771118164,83.4800033569336,,14.372782707214355,46.186866760253906,30.251073837280273,6.591717720031738,,20.703256607055664,,,29.914249420166016
2005-02-04,81.12738800048828,45.814048767089844,41.470001220703125,,11.210000038146973,84.38999938964844,,14.947920799255371,47.68380355834961,31.272777557373047,6.725503921508789,,21.415096282958984,,,29.88600730895996
2005-02-11,81.49175262451172,45.883277893066406,42.08000183105469,,11.430000305175781,84.56999969482422,,15.19451904296875,47.616111755371094,31.506793975830078,6.781694412231445,,21.75901985168457,,,29.942487716674805
2005-02-18,81.23531341552734,44.92893600463867,42.75,,11.180000305175781,83.48999786376953,,15.4548921585083,47.22119903564453,31.44399070739746,6.738883018493652,,21.77900505065918,,,30.083728790283203
2005-02-25,81.9371109008789,44.99814224243164,43.5,,11.489999771118164,82.66000366210938,,15.998842239379883,47.79290008544922,31.843547821044922,6.776342868804932,,21.395103454589844,,,30.224977493286133
2005-03-04,82.81428527832031,44.89646530151367,43.380001068115234,,11.9399995803833,82.54000091552734,,15.985065460205078,48.40220642089844,32.14604949951172,6.843236923217773,,21.93497657775879,,,31.01591682434082
2005-03-11,81.23531341552734,43.86470413208008,44.43000030517578,,12.800000190734863,81.41999816894531,,15.635481834411621,47.044429779052734,31.615230560302734,6.734869956970215,,21.199148178100586,23.522136688232422,,31.213645935058594
2005-03-18,80.30115509033203,43.9837532043457,43.88999938964844,,13.140000343322754,82.12999725341797,,15.205391883850098,46.562992095947266,31.415456771850586,6.633191108703613,,21.35910415649414,23.19864845275879,,30.874670028686523
2005-03-25,79.3528060913086,43.785343170166016,42.38999938964844,,13.420000076293945,84.12999725341797,,14.506232261657715,46.13048553466797,30.796546936035156,6.613190650939941,,20.841325759887695,22.75963020324707,,30.25322151184082
2005-04-01,79.54925537109375,44.46050262451172,42.619998931884766,,14.09000015258789,84.43000030517578,,14.795622825622559,45.95668029785156,31.037588119506836,6.578328609466553,,20.982961654663086,22.5978946685791,,29.547033309936523
2005-04-08,79.93537902832031,44.28630828857422,42.689998626708984,,12.619999885559082,84.47000122070312,,15.107481956481934,45.828224182128906,31.158103942871094,6.633305072784424,,21.043668746948242,22.944486618041992,,29.88600730895996
2005-04-15,77.3272933959961,45.3516845703125,42.400001525878906,,17.739999771118164,84.55999755859375,,14.164628028869629,43.68982696533203,30.18244743347168,6.425469398498535,,21.326950073242188,22.49622344970703,,28.445369720458984
2005-04-22,78.28927612304688,45.54096603393555,43.38999938964844,,15.380000114440918,83.5,,14.476497650146484,44.343448638916016,30.417753219604492,6.434854984283447,,21.509065628051758,22.528566360473633,,28.614858627319336
2005-04-29,78.41117095947266,46.02389907836914,43.349998474121094,,15.3100004196167,84.43000030517578,,14.525089263916016,43.53868865966797,30.64158821105957,6.464354991912842,,22.180843353271484,22.269784927368164,,28.953832626342773
2005-05-06,79.31888580322266,45.49922180175781,42.52000045776367,,14.050000190734863,84.61000061035156,,15.125616073608398,44.84592056274414,31.07776641845703,6.587717056274414,,22.217247009277344,22.514707565307617,,29.575273513793945
2005-05-13,78.39085388183594,46.3686408996582,41.95000076293945,,16.31999969482422,86.0999984741211,,14.464165687561035,43.89384078979492,30.325929641723633,6.542125225067139,,22.37912940979004,22.108028411865234,,28.445369720458984
2005-05-20,80.69409942626953,46.68843460083008,41.650001525878906,,13.140000343322754,86.62999725341797,,14.947920799255371,45.790435791015625,31.31307029724121,6.7539825439453125,,23.25730323791504,22.505456924438477,,28.417131423950195
2005-05-27,81.45955657958984,46.88827133178711,41.880001068115234,,12.149999618530273,86.41999816894531,,15.114736557006836,46.45160675048828,31.53690528869629,6.811644077301025,,22.72311782836914,22.644100189208984,,28.699600219726562
2005-06-03,81.39186096191406,47.768280029296875,42.16999816894531,,12.149999618530273,88.04000091552734,,15.197417259216309,46.66318130493164,31.548383712768555,6.819687366485596,,23.14803123474121,22.413040161132812,,28.72785186767578
2005-06-10,81.42568969726562,47.58773422241211,42.619998931884766,,11.960000038146973,88.69000244140625,,15.33957290649414,47.18832778930664,31.634449005126953,6.810298919677734,,23.593181610107422,22.574783325195312,,28.756093978881836
2005-06-17,82.54330444335938,47.3068962097168,43.630001068115234,,11.479999542236328,87.7300033569336,,15.907462120056152,48.37466049194336,32.30595016479492,6.893433094024658,,24.24472999572754,23.0137996673584,,29.236295700073242
2005-06-24,80.92457580566406,48.34000015258789,43.900001525878906,,12.180000305175781,88.77999877929688,,15.502761840820312,47.11442565917969,31.726293563842773,6.76202917098999,,23.848134994506836,22.644100189208984,,28.869083404541016
2005-07-01,81.29862213134766,47.907691955566406,42.70000076293945,,11.399999618530273,90.12999725341797,,15.635481834411621,48.454925537109375,31.830768585205078,6.785001277923584,,24.22210693359375,22.644100189208984,,28.643096923828125
2005-07-08,82.51609802246094,47.62084197998047,42.2599983215332,,11.449999809265137,90.25,,15.837839126586914,49.96205520629883,32.22332763671875,6.904552459716797,,24.909502029418945,22.736528396606445,,28.897329330444336
2005-07-15,83.54994201660156,47.288734436035156,42.04999923706055,,10.329999923706055,89.72000122070312,,16.264299392700195,49.98475646972656,32.54659652709961,7.006646156311035,,24.745830535888672,23.138578414916992,,28.869083404541016
2005-07-22,84.02607727050781,47.07735824584961,42.45000076293945,,10.520000457763672,89.63999938964844,,16.540630340576172,50.98446273803711,32.615875244140625,7.067091464996338,,25.06089210510254,23.152435302734375,,28.98208236694336
2005-07-29,84.16210174560547,46.855899810791016,42.81999969482422,,11.569999694824219,89.3499984741211,,16.775617599487305,51.41616439819336,32.6505012512207,7.089927673339844,,25.731897354125977,23.254098892211914,,28.953832626342773
2005-08-05,83.57715606689453,46.297794342041016,43.599998474121094,,12.479999542236328,88.05999755859375,,16.840892791748047,49.96205520629883,32.36762619018555,7.045597553253174,,24.52079963684082,23.74395751953125,,28.72785186767578
2005-08-12,83.69957733154297,47.131187438964844,44.4900016784668,,12.739999771118164,86.9800033569336,,17.19990348815918,49.62124252319336,32.638973236083984,7.044254302978516,,24.27529525756836,24.26153564453125,,30.93116569519043
2005-08-19,83.29827117919922,47.368621826171875,43.599998474121094,,13.420000076293945,88.58000183105469,,16.65159797668457,49.31074905395508,32.379180908203125,6.9958977699279785,,24.2016544342041,23.73009490966797,,30.846416473388672
2005-08-26,82.13521575927734,47.71713638305664,43.61000061035156,,13.720000267028809,87.86000061035156,,16.645063400268555,48.84877014160156,32.055904388427734,6.904552459716797,,24.189373016357422,23.489784240722656,,31.241884231567383
2005-09-02,83.16226196289062,48.23347091674805,44.25,,13.569999694824219,86.30000305175781,,17.384845733642578,50.11354446411133,32.55814743041992,6.97037410736084,,24.84403419494629,24.372434616088867,,31.948074340820312
2005-09-09,84.74700164794922,47.64552307128906,44.84000015258789,,11.979999542236328,86.88999938964844,,17.854825973510742,51.0374755859375,33.18737030029297,7.103361129760742,,25.285917282104492,24.672832489013672,,32.654273986816406
2005-09-16,84.35639190673828,46.6824951171875,45.81999969482422,,11.220000267028809,88.05000305175781,,17.93968963623047,50.69667053222656,33.216251373291016,7.038882255554199,,25.06089210510254,24.455629348754883,,32.99324417114258
2005-09-23,82.9493179321289,46.94097137451172,46.279998779296875,,12.960000038146973,89.20999908447266,,17.935333251953125,49.514739990234375,32.615875244140625,6.916641712188721,,24.279390335083008,23.93343162536621,,33.10622787475586
2005-09-30,84.04222106933594,46.7331657409668,46.70000076293945,,11.920000076293945,89.5199966430664,,18.468408584594727,50.43393325805664,33.014678955078125,7.0259575843811035,,25.018566131591797,24.229183197021484,,34.433868408203125
2005-10-07,81.69933319091797,46.734161376953125,47.36000061035156,,14.59000015258789,89.16999816894531,,17.654651641845703,48.69431686401367,31.997323989868164,6.848254203796387,,23.859731674194336,23.96114158630371,,33.21923065185547
2005-10-14,81.05725860595703,45.914913177490234,46.79999923706055,,14.869999885559082,89.3499984741211,,16.95838165283203,47.790313720703125,31.584569931030273,6.825368881225586,,23.565876007080078,23.702362060546875,,34.010169982910156
2005-10-21,80.68841552734375,46.525516510009766,46.52000045776367,,16.1299991607666,90.30999755859375,,16.786497116088867,47.873870849609375,31.21830940246582,6.838832378387451,,23.586566925048828,22.99070167541504,,32.90849685668945
2005-10-28,81.8291244506836,45.599430084228516,47.220001220703125,,14.25,89.58999633789062,,16.99319839477539,47.904273986816406,31.991504669189453,6.911527156829834,,24.174278259277344,23.512895584106445,,33.78417205810547
2005-11-04,83.40699005126953,45.04038619995117,45.5099983215332,,13.170000076293945,91.26000213623047,,17.85700225830078,49.74266052246094,32.41007995605469,7.0461506843566895,,23.772817611694336,23.762447357177734,,34.6316032409668
2005-11-11,84.53398132324219,45.74061584472656,46.79999923706055,,11.630000114440918,91.9800033569336,,18.03542137145996,50.46430206298828,32.86933898925781,7.149808883666992,,24.75783348083496,23.887203216552734,,34.85758590698242
2005-11-18,85.46975708007812,46.072845458984375,48.459999084472656,,11.119999885559082,91.93000030517578,,18.353092193603516,50.81376266479492,33.125144958496094,7.256159782409668,,25.08064842224121,23.96114158630371,,35.45079040527344
2005-11-25,86.83589172363281,46.261962890625,49.41999816894531,,10.880000114440918,92.04000091552734,,18.535863876342773,51.6265983581543,33.77622985839844,7.350395679473877,,25.726287841796875,24.076684951782227,,35.366050720214844
2005-12-02,86.64460754394531,45.94480514526367,50.31999969482422,,11.010000228881836,91.94999694824219,,18.755617141723633,52.279911041259766,33.6657829284668,7.361165523529053,,25.548330307006836,24.49260902404785,,35.987491607666016
2005-12-09,86.2894287109375,45.96538162231445,52.400001525878906,,11.6899995803833,91.25,,18.95144271850586,52.14316940307617,33.55533218383789,7.326164245605469,,25.49452018737793,24.72365951538086,,36.524192810058594
2005-12-16,86.76744842529297,46.56083297729492,50.09000015258789,,10.680000305175781,89.69999694824219,,19.038476943969727,51.535438537597656,33.8343620300293,7.3463592529296875,,25.58142852783203,25.065631866455078,,37.51286315917969
2005-12-23,87.04212188720703,47.125511169433594,50.119998931884766,,10.270000457763672,90.83999633789062,,19.589807510375977,51.9557991027832,33.96226501464844,7.359818935394287,,25.66420555114746,25.005552291870117,,38.72220230102539
2005-12-30,85.49711608886719,47.372901916503906,51.58000183105469,,12.069999694824219,91.16999816894531,,19.416000366210938,50.8805046081543,33.503997802734375,7.2217326164245605,,25.314420700073242,24.94390296936035,,38.35342025756836
2006-01-06,88.19573974609375,47.280094146728516,53.720001220703125,,11.0,88.8499984741211,,20.854875564575195,53.08443832397461,34.447505950927734,7.45930290222168,,26.461973190307617,26.304916381835938,,40.25405502319336
2006-01-13,88.3604965209961,47.43992233276367,55.439998626708984,,11.229999542236328,88.88999938964844,,20.78006935119629,53.6563606262207,34.558860778808594,7.475505828857422,,26.483238220214844,26.082027435302734,,39.913658142089844
2006-01-20,86.49969482421875,47.620361328125,55.20000076293945,,14.5600004196167,88.94999694824219,,20.439054489135742,53.526737213134766,33.996253967285156,7.30947208404541,,26.444971084594727,25.522457122802734,,37.4740104675293
2006-01-27,88.26435089111328,46.65637969970703,55.630001068115234,,11.970000267028809,89.31999969482422,,22.130939483642578,55.49422836303711,34.652618408203125,7.418808460235596,,27.171764373779297,26.300182342529297,,40.11222839355469
2006-02-03,86.70565795898438,46.998016357421875,56.5,,12.960000038146973,89.88999938964844,,21.297094345092773,54.739261627197266,34.17792892456055,7.30947208404541,,26.92100715637207,26.148418426513672,,39.40302658081055
2006-02-10,86.9597396850586,46.7135009765625,54.790000915527344,,12.869999885559082,90.55000305175781,,21.319091796875,54.28167724609375,34.23066711425781,7.286523342132568,,26.844499588012695,26.2385311126709,,38.52362823486328
2006-02-17,88.44976806640625,47.04975509643555,54.959999084472656,,12.010000228881836,90.63999938964844,,21.73051643371582,55.40273666381836,34.928062438964844,7.395864963531494,,27.74555206298828,26.49934196472168,,37.72930908203125
2006-02-24,88.86180114746094,47.101497650146484,55.63999938964844,,11.460000038146973,90.61000061035156,,21.6909122467041,55.936546325683594,35.086299896240234,7.397213459014893,,27.826290130615234,26.61789894104004,,39.2044563293457
2006-03-03,88.41548156738281,46.37415313720703,56.279998779296875,,11.960000038146973,89.66000366210938,,21.561107635498047,55.83738708496094,34.98667526245117,7.4201579093933105,,27.703044891357422,26.80284309387207,,38.381771087646484
2006-03-10,88.2987060546875,45.82905960083008,53.83000183105469,,11.850000381469727,90.8499984741211,,20.824066162109375,55.15106964111328,34.828433990478516,7.3499650955200195,,28.493589401245117,26.67479705810547,,38.807308197021484
2006-03-17,90.04933166503906,46.12494659423828,55.119998931884766,,12.119999885559082,88.91999816894531,,21.657915115356445,56.485591888427734,35.613731384277344,7.487652778625488,,29.615663528442383,27.62324333190918,,39.6583366394043
2006-03-24,89.76670837402344,46.24958801269531,55.709999084472656,,11.1899995803833,90.06999969482422,,21.561107635498047,57.2485237121582,35.5500602722168,7.475335597991943,,28.877782821655273,27.514171600341797,,39.913658142089844
2006-03-31,89.50473022460938,45.09706497192383,58.099998474121094,,11.390000343322754,89.7300033569336,,21.78111457824707,58.06636047363281,35.373165130615234,7.467213153839111,,29.035959243774414,27.499940872192383,,40.849788665771484
2006-04-07,89.30480194091797,44.34566879272461,58.59000015258789,,12.260000228881836,89.62999725341797,,22.298145294189453,57.33261489868164,35.30828857421875,7.473980903625488,,27.950105667114258,27.604276657104492,,41.64409255981445
2006-04-14,88.73257446289062,44.00176239013672,59.5,,12.380000114440918,89.62000274658203,,22.26514434814453,56.9886360168457,35.160884857177734,7.422549724578857,,27.253276824951172,27.46674919128418,,41.07672882080078
2006-04-21,90.41471099853516,44.18934631347656,63.20000076293945,,11.59000015258789,88.05000305175781,,23.519207000732422,58.6090087890625,35.9745979309082,7.517297744750977,,28.215158462524414,28.53373146057129,,41.927772521972656
2006-04-28,90.63533782958984,43.855831146240234,65.08999633789062,,11.59000015258789,86.11000061035156,13.812000274658203,23.2001895904541,58.24213790893555,36.23403549194336,7.467213153839111,,28.048437118530273,28.93682861328125,,41.9845085144043
2006-05-05,91.35919189453125,43.73553466796875,67.98999786376953,,11.619999885559082,85.12000274658203,13.994999885559082,24.2452449798584,59.25107192993164,36.74705123901367,7.5430121421813965,,28.227985382080078,29.866300582885742,,43.714942932128906
2006-05-12,89.09796905517578,43.23850631713867,71.12000274658203,,14.1899995803833,83.95999908447266,14.46399974822998,22.947179794311523,56.178470611572266,35.79180145263672,7.344047546386719,,27.364429473876953,29.316211700439453,,42.09797668457031
2006-05-19,87.62266540527344,44.16973114013672,65.58000183105469,,17.18000030517578,84.87999725341797,12.600000381469727,21.778921127319336,54.955509185791016,35.15498352050781,7.204634666442871,,26.97113800048828,28.016855239868164,,41.07672882080078
2006-05-26,88.50506591796875,44.05464553833008,65.0999984741211,,14.260000228881836,85.26000213623047,12.670000076293945,21.18708610534668,55.52112579345703,35.52646255493164,7.260130882263184,,27.471302032470703,28.34404945373535,,40.50937271118164
2006-06-02,88.93253326416016,44.5348014831543,63.5,,14.319999694824219,84.05000305175781,12.175000190734863,21.253093719482422,55.96443557739258,35.880245208740234,7.307503700256348,,28.11256980895996,28.666521072387695,,40.33916091918945
2006-06-09,86.41622924804688,45.02324676513672,60.45000076293945,,18.1200008392334,85.72000122070312,11.192000389099121,19.1519832611084,53.15168380737305,35.02526092529297,7.051693439483643,,28.232254028320312,26.85026741027832,,36.45276641845703
2006-06-16,86.3134765625,44.28265380859375,57.68000030517578,,17.25,85.91999816894531,10.289999961853027,19.514999389648438,52.62431335449219,34.866058349609375,7.085531234741211,,27.890249252319336,26.907180786132812,,36.67970275878906
2006-06-23,86.16803741455078,43.8151969909668,57.9900016784668,,15.890000343322754,86.81999969482422,10.352999687194824,19.250988006591797,52.55187225341797,34.74222183227539,7.06251859664917,,27.46703338623047,26.997270584106445,,36.70808029174805
2006-06-30,88.13460540771484,44.28792953491211,61.22999954223633,,13.079999923706055,85.22000122070312,11.138999938964844,20.6590633392334,54.90962219238281,35.68140411376953,7.1851420402526855,,28.645689010620117,28.372516632080078,,38.693824768066406
2006-07-07,87.67063903808594,44.44453430175781,62.630001068115234,,13.970000267028809,84.9800033569336,11.324999809265137,20.483055114746094,53.96039581298828,35.817771911621094,7.082049369812012,,29.07775115966797,28.23023796081543,,38.239952087402344
2006-07-14,85.5309829711914,44.8399543762207,65.8499984741211,,18.049999237060547,86.08999633789062,11.49899959564209,19.581010818481445,51.69451904296875,35.12407302856445,6.867730617523193,,28.637054443359375,27.220157623291016,,36.45276641845703
2006-07-21,85.82874298095703,44.99288558959961,61.709999084472656,,17.399999618530273,85.93000030517578,10.838000297546387,19.75921630859375,51.09741973876953,35.414588928222656,6.839245796203613,,28.796918869018555,27.46674919128418,,36.2258186340332
2006-07-28,88.61930084228516,45.187984466552734,63.11000061035156,,14.329999923706055,85.44000244140625,11.399999618530273,21.347700119018555,53.33268737792969,36.5944938659668,7.023725986480713,,29.859773635864258,28.742408752441406,,38.52362823486328
2006-08-04,88.77163696289062,45.69703674316406,64.27999877929688,,14.34000015258789,84.56999969482422,12.383000373840332,21.099082946777344,53.294395446777344,36.72492599487305,7.0332231521606445,,30.300487518310547,28.875179290771484,,38.60872268676758
2006-08-11,87.94763946533203,45.209991455078125,62.709999084472656,,14.300000190734863,85.5199966430664,11.918999671936035,21.004470825195312,51.748077392578125,36.345462799072266,6.962681293487549,,29.216020584106445,28.543224334716797,,38.15483856201172
2006-08-18,90.4958267211914,45.93524169921875,61.040000915527344,,11.640000343322754,85.08999633789062,12.0600004196167,21.64031219482422,54.30486297607422,37.1458854675293,7.21905517578125,,29.980758666992188,29.448984146118164,,39.80018615722656
2006-08-25,89.88648986816406,46.28995132446289,61.77000045776367,,12.3100004196167,85.37999725341797,12.420000076293945,21.134286880493164,53.27910232543945,37.07474899291992,7.149877548217773,,30.227035522460938,29.169193267822266,,38.778934478759766
2006-09-01,91.00130462646484,46.64474868774414,62.13999938964844,,11.960000038146973,84.94000244140625,12.960000038146973,21.71731948852539,54.978511810302734,37.38898468017578,7.282811164855957,,30.620220184326172,29.738262176513672,,39.232818603515625
2006-09-08,90.21194458007812,46.41616439819336,60.63999938964844,,13.15999984741211,85.94999694824219,12.130000114440918,21.138690948486328,54.02164077758789,37.08659744262695,7.204134941101074,,30.823291778564453,28.998485565185547,,38.86404037475586
2006-09-15,91.777099609375,46.48524475097656,57.400001525878906,,11.760000228881836,85.98999786376953,10.798999786376953,21.301498413085938,55.62156677246094,37.45420455932617,7.364192485809326,,31.579397201538086,29.259300231933594,,38.04136276245117
2006-09-22,91.4363021850586,47.66518783569336,58.5,,12.59000015258789,85.19999694824219,11.151000022888184,20.848270416259766,54.76417922973633,37.44827651977539,7.309939384460449,,31.251035690307617,29.562801361083984,,37.445648193359375
2006-09-29,92.90380859375,47.52165222167969,59.470001220703125,,11.979999542236328,85.97000122070312,11.451000213623047,21.290494918823242,55.29275894165039,37.99403381347656,7.4529314041137695,,31.402809143066406,29.927936553955078,,38.41014099121094
2006-10-06,93.89836883544922,47.10224914550781,56.9900016784668,,11.5600004196167,86.44000244140625,11.095000267028809,21.759119033813477,56.4446907043457,38.339969635009766,7.544005393981934,,32.022132873535156,29.961130142211914,,38.86404037475586
2006-10-13,95.02506256103516,46.50992965698242,58.56999969482422,,10.75,87.12000274658203,11.638999938964844,22.41915512084961,58.28777313232422,38.83504104614258,7.635074615478516,,32.750511169433594,30.39743423461914,,38.72220230102539
2006-10-20,95.17107391357422,46.71803665161133,58.779998779296875,,10.630000114440918,86.2699966430664,11.876999855041504,22.397151947021484,58.057376861572266,38.972206115722656,7.632356643676758,,32.75487518310547,30.77205467224121,,39.11934280395508
2006-10-27,95.91529083251953,47.422420501708984,59.400001525878906,,10.800000190734863,85.55999755859375,12.01099967956543,22.441152572631836,58.47209930419922,39.264469146728516,7.688086986541748,,33.05145263671875,30.994935989379883,,39.488128662109375
2006-11-03,94.96244049072266,47.42316436767578,62.29999923706055,,11.15999984741211,85.70999908447266,12.552000045776367,22.705177307128906,57.46604537963867,38.91255569458008,7.621485710144043,,32.05266189575195,31.013914108276367,,38.89241027832031
2006-11-10,96.14480590820312,48.135589599609375,62.4900016784668,,10.789999961853027,85.05000305175781,12.967000007629395,23.31679344177246,58.76389694213867,39.37779998779297,7.730228900909424,,32.2838249206543,31.815332412719727,,38.12648010253906
2006-11-17,97.66091918945312,48.1838264465332,61.779998779296875,,10.050000190734863,85.37000274658203,12.763999938964844,23.53900718688965,60.353553771972656,39.8549690246582,7.87294864654541,,32.90751647949219,31.739459991455078,,38.04136276245117
2006-11-24,97.6122817993164,48.542747497558594,63.5,,10.729999542236328,83.70999908447266,13.41100025177002,23.98343276977539,60.330570220947266,39.8072395324707,7.921887397766113,,34.8963737487793,32.06193542480469,,37.4740104675293
2006-12-01,97.52185821533203,49.15495681762695,64.12000274658203,,11.65999984741211,82.4800033569336,13.958000183105469,24.05824089050293,59.73150634765625,39.94443130493164,7.8430495262146,,34.82221984863281,32.08563995361328,,39.232818603515625
2006-12-08,98.35646057128906,48.52050018310547,62.04999923706055,,12.069999694824219,83.33000183105469,13.680000305175781,24.619266510009766,60.499454498291016,40.24264907836914,7.936833381652832,,34.66084289550781,32.49346923828125,,39.82854080200195
2006-12-15,99.54789733886719,48.24623107910156,61.0,,10.050000190734863,84.05999755859375,12.8149995803833,24.993289947509766,60.591644287109375,40.970333099365234,7.980337619781494,,34.172359466552734,32.906044006347656,,40.14059829711914
2006-12-22,98.43586730957031,48.06341552734375,61.650001525878906,,11.359999656677246,83.94000244140625,12.58899974822998,24.980798721313477,59.46829605102539,40.658573150634766,7.851485252380371,,33.44873809814453,32.80855178833008,,40.36932373046875
2006-12-29,99.0443115234375,47.70851516723633,63.209999084472656,,11.5600004196167,83.72000122070312,12.86400032043457,25.47617530822754,60.17781448364258,41.0010871887207,7.885550498962402,,34.24482727050781,33.1883544921875,,40.597877502441406
2007-01-05,98.28898620605469,48.129295349121094,60.16999816894531,,12.140000343322754,84.62999725341797,12.175000190734863,24.59699821472168,59.17522048950195,40.43621826171875,7.8814592361450195,,33.706687927246094,32.803680419921875,,39.940765380859375
2007-01-12,100.17728424072266,47.49808883666992,62.16999816894531,,10.149999618530273,85.02999877929688,12.779999732971191,24.969640731811523,60.91045379638672,40.85087585449219,8.095434188842773,,35.183197021484375,33.13478469848633,,40.140769958496094
2007-01-19,99.88358306884766,47.471107482910156,63.0,,10.399999618530273,84.86000061035156,12.800999641418457,25.134763717651367,59.9695930480957,41.01311111450195,8.062723159790039,,35.97929000854492,33.407447814941406,,40.54074478149414
2007-01-26,99.40104675292969,46.88844680786133,64.16999816894531,,11.130000114440918,85.27999877929688,13.354999542236328,25.25749969482422,60.20863723754883,40.922969818115234,8.000029563903809,,36.65530014038086,33.2321662902832,,40.655025482177734
2007-02-02,101.27532958984375,47.236427307128906,64.27999877929688,,10.079999923706055,84.95999908447266,13.392000198364258,25.73948097229004,61.8899040222168,41.77027130126953,8.151309967041016,,37.464717864990234,33.874908447265625,,41.169273376464844
2007-02-09,100.66686248779297,47.4693603515625,66.12000274658203,,11.100000381469727,84.87000274658203,13.805999755859375,25.471712112426758,61.936180114746094,41.511871337890625,8.09952163696289,,38.06956100463867,33.89925003051758,,40.769317626953125
2007-02-16,101.91874694824219,48.016517639160156,66.36000061035156,,10.020000457763672,84.08999633789062,13.901000022888184,26.32857894897461,62.59941864013672,42.0346794128418,8.19764518737793,,38.016197204589844,34.49327087402344,,42.5977783203125
2007-02-23,101.6180191040039,48.124813079833984,67.72000122070312,,10.579999923706055,84.06999969482422,14.527999877929688,26.219240188598633,63.200958251953125,41.812339782714844,8.211275100708008,,37.31796646118164,34.58580780029297,,42.96917724609375
2007-03-02,96.98116302490234,49.04814910888672,63.709999084472656,,18.610000610351562,83.73999786376953,12.878000259399414,24.09938621520996,59.27546691894531,40.12373733520508,7.836486339569092,,35.31217956542969,32.50179672241211,,41.283565521240234
2007-03-09,98.45686340332031,48.61314392089844,64.25,,14.09000015258789,84.23999786376953,12.854999542236328,25.036582946777344,60.29349136352539,40.58646011352539,7.912808418273926,,35.71245574951172,33.26137924194336,,41.9692268371582
2007-03-16,97.26758575439453,48.85783386230469,64.62000274658203,,16.790000915527344,83.2300033569336,13.092000007629395,24.61707878112793,59.591697692871094,40.08767318725586,7.840573310852051,,35.134300231933594,32.9254150390625,,41.169273376464844
2007-03-23,100.67998504638672,48.281429290771484,65.1500015258789,,12.949999809265137,83.27999877929688,13.121999740600586,26.08981704711914,62.00113296508789,41.67412567138672,8.079080581665039,,36.117156982421875,34.52737045288086,,42.56920623779297
2007-03-30,99.70396423339844,48.0041389465332,65.73999786376953,,14.640000343322754,82.93000030517578,13.35200023651123,25.996105194091797,61.39067840576172,41.351844787597656,7.981274127960205,,35.494049072265625,34.53224563598633,,41.626399993896484
2007-04-06,101.27680206298828,47.89274597167969,66.86000061035156,,13.229999542236328,82.68000030517578,13.65999984741211,26.794952392578125,62.15569305419922,41.87788772583008,8.142455101013184,,35.816123962402344,35.452518463134766,,41.940670013427734
2007-04-13,102.0351791381836,47.54893493652344,67.83999633789062,,12.199999809265137,82.12999725341797,13.989999771118164,27.408584594726562,62.866546630859375,42.186256408691406,8.195728302001953,31.18716049194336,35.650634765625,35.939430236816406,,41.45498275756836
2007-04-20,104.35218048095703,48.11109161376953,68.69999694824219,,12.069999694824219,81.63999938964844,13.871000289916992,27.48223114013672,63.60060119628906,43.15370559692383,8.356917381286621,31.259014129638672,35.963748931884766,36.71364212036133,,41.82638168334961
2007-04-27,104.9910888671875,47.93642807006836,67.55999755859375,,12.449999809265137,81.52999877929688,13.48900032043457,27.495622634887695,63.76287841796875,43.353240966796875,8.414284706115723,31.597082138061523,36.03083419799805,36.66006851196289,,41.11214065551758
2007-05-04,105.9670639038086,48.533878326416016,68.19000244140625,,12.90999984741211,81.73999786376953,13.383000373840332,27.83255386352539,63.99471664428711,43.746246337890625,8.482576370239258,31.634004592895508,35.20330810546875,37.20054626464844,,41.22642517089844
2007-05-11,105.92495727539062,48.30925750732422,66.44999694824219,,12.949999809265137,82.12000274658203,13.147000312805176,28.10480499267578,63.6237907409668,43.957881927490234,8.468920707702637,31.7029972076416,35.44934844970703,36.8451042175293,,41.54070281982422
2007-05-18,107.16072845458984,47.619041442871094,65.5199966430664,,12.760000228881836,82.19999694824219,12.904000282287598,28.305612564086914,63.1524658203125,44.45368194580078,8.526290893554688,31.760009765625,33.346981048583984,37.224884033203125,,40.7121696472168
2007-05-25,106.50773620605469,47.31232452392578,64.94000244140625,,13.34000015258789,82.33000183105469,12.880000114440918,28.060161590576172,63.73971176147461,44.363006591796875,8.497604370117188,31.823013305664062,33.34248352050781,37.020381927490234,,40.797874450683594
2007-06-01,108.18589782714844,47.06918716430664,66.44000244140625,70.17767333984375,12.779999732971191,82.31999969482422,13.63700008392334,29.037540435791016,65.44737243652344,44.8406867980957,8.649229049682617,31.71377182006836,35.364341735839844,37.50243377685547,,41.940670013427734
2007-06-08,106.05132293701172,46.084869384765625,64.22000122070312,70.22362518310547,14.84000015258789,82.69000244140625,13.029999732971191,28.13826560974121,64.01787567138672,43.915550231933594,8.49897289276123,31.424123764038086,34.017948150634766,36.426353454589844,,41.88352584838867
2007-06-15,107.93987274169922,46.02431106567383,64.8499984741211,70.34619140625,13.9399995803833,82.8499984741211,13.16100025177002,29.54853057861328,65.16146087646484,44.68345260620117,8.645125389099121,31.270261764526367,33.66011047363281,37.29792785644531,,41.82638168334961
2007-06-22,106.16289520263672,46.062835693359375,64.77999877929688,70.4381332397461,15.75,82.33999633789062,13.005999565124512,29.3298397064209,64.07197570800781,43.71601867675781,8.55224323272705,31.167652130126953,32.26446533203125,36.7233772277832,,41.22642517089844
2007-06-29,106.0782699584961,46.838226318359375,64.2699966430664,70.46876525878906,16.229999542236328,81.91999816894531,12.350000381469727,29.372241973876953,64.1785659790039,43.696571350097656,8.537590980529785,30.718088150024414,32.13404846191406,37.166473388671875,,41.45498275756836
2007-07-06,107.87645721435547,46.08525848388672,64.95999908447266,70.51949310302734,14.720000267028809,81.45999908447266,12.680000305175781,30.860597610473633,65.64952850341797,44.41379928588867,8.710126876831055,30.82221794128418,33.23914337158203,37.98448181152344,,41.797821044921875
2007-07-13,109.19509887695312,46.51582336425781,66.02999877929688,70.5810775756836,15.149999618530273,80.58000183105469,12.963000297546387,31.864742279052734,65.7269287109375,44.99732971191406,8.831995010375977,30.82221794128418,33.039859771728516,38.622344970703125,,42.22637939453125
2007-07-20,108.24314880371094,47.454349517822266,67.58000183105469,70.65800476074219,16.950000762939453,80.29000091552734,13.232999801635742,31.2354793548584,64.44956970214844,44.280094146728516,8.789542198181152,30.594566345214844,32.124977111816406,37.960140228271484,,41.740684509277344
2007-07-27,102.32681274414062,48.183021545410156,65.41000366210938,70.71954345703125,24.170000076293945,80.94999694824219,12.621000289916992,29.242807388305664,59.324546813964844,41.575252532958984,8.36643123626709,29.143741607666016,29.03612518310547,35.374610900878906,,40.74074172973633
2007-08-03,101.40301513671875,48.73143768310547,66.69000244140625,70.71168518066406,25.15999984741211,80.18000030517578,13.027000427246094,28.506450653076172,58.3336067199707,40.84587478637695,8.300704002380371,29.633092880249023,29.190126419067383,35.720314025878906,,40.140769958496094
2007-08-10,102.0447006225586,47.70610809326172,66.56999969482422,70.88166046142578,28.299999237060547,80.68000030517578,12.765000343322754,28.461830139160156,60.43161392211914,41.51449203491211,8.347260475158691,30.039413452148438,30.286163330078125,35.22853469848633,,39.76935577392578
2007-08-17,102.0447006225586,48.099647521972656,65.01000213623047,71.03611755371094,29.989999771118164,81.43000030517578,11.663999557495117,27.27916717529297,60.70256805419922,41.82448196411133,8.23360824584961,30.45796775817871,30.61679458618164,34.38129806518555,,38.85512161254883
2007-08-24,104.59741973876953,48.687068939208984,66.11000061035156,71.02069854736328,20.719999313354492,80.66999816894531,11.899999618530273,29.231664657592773,61.64705276489258,42.72405242919922,8.475971221923828,30.5037899017334,31.327861785888672,35.900474548339844,,39.91220474243164
2007-08-31,104.0755844116211,49.25798797607422,66.5199966430664,71.0516128540039,23.3799991607666,80.79000091552734,11.998000144958496,29.88994026184082,60.95806884765625,42.24386978149414,8.515684127807617,31.05978012084961,31.4682674407959,36.20724105834961,,40.19791793823242
2007-09-07,103.0037612915039,50.24958801269531,69.38999938964844,71.12447357177734,26.229999542236328,79.95999908447266,12.442000389099121,29.488269805908203,60.17615509033203,41.69074630737305,8.455434799194336,30.913169860839844,30.639429092407227,35.60832595825195,,39.02654266357422
2007-09-14,104.99932861328125,50.03255081176758,69.98999786376953,71.20207214355469,24.920000076293945,79.62000274658203,12.479999542236328,30.60844612121582,60.454864501953125,42.669342041015625,8.585515975952148,31.62628936767578,31.66754913330078,36.09038162231445,,38.79798126220703
2007-09-21,107.67259216308594,48.90846633911133,72.33999633789062,71.20207214355469,19.0,78.5999984741211,13.418999671936035,32.35565948486328,62.67672348022461,43.87283706665039,8.801867485046387,31.890647888183594,32.53714370727539,37.49269485473633,,39.369384765625
2007-09-28,108.10477447509766,49.370365142822266,73.51000213623047,71.18656158447266,18.0,77.72000122070312,13.654999732971191,33.3486442565918,62.11522674560547,43.744384765625,8.898499488830566,31.967451095581055,32.70096206665039,38.076995849609375,,40.969295501708984
2007-10-05,110.42167663574219,49.3172721862793,73.4000015258789,71.23321533203125,16.90999984741211,78.30999755859375,13.295000076293945,35.048980712890625,65.28929901123047,44.729251861572266,9.042620658874512,32.13602828979492,35.094268798828125,38.44218826293945,,41.854957580566406
2007-10-12,110.76171875,48.95413589477539,74.58999633789062,71.35771179199219,17.729999542236328,78.22000122070312,13.739999771118164,35.591224670410156,65.04869079589844,44.613014221191406,9.137328147888184,32.32162094116211,34.110389709472656,39.00215148925781,,41.48355484008789
2007-10-19,106.04303741455078,50.5351448059082,75.69999694824219,71.46668243408203,22.959999084472656,77.41000366210938,13.454000473022461,33.96228790283203,61.37797927856445,42.563751220703125,8.825752258300781,31.795820236206055,31.61642074584961,38.047794342041016,,39.68364715576172
2007-10-26,108.84169006347656,50.55748748779297,77.69000244140625,71.41996765136719,19.559999465942383,77.02999877929688,14.133000373840332,36.37221908569336,63.644073486328125,43.54251480102539,9.052227020263672,31.8855037689209,32.79705810546875,39.182308197021484,,40.39789581298828
2007-11-02,107.12709045410156,51.08280944824219,79.83000183105469,71.56192016601562,23.010000228881836,76.33999633789062,14.529999732971191,36.00403594970703,61.719444274902344,42.368003845214844,9.061833381652832,31.834121704101562,31.37387466430664,39.148223876953125,,40.39789581298828
2007-11-09,102.83348846435547,51.245513916015625,82.18000030517578,71.6243896484375,28.5,75.4000015258789,15.289999961853027,34.274688720703125,59.63962936401367,41.00385284423828,8.661039352416992,31.678491592407227,30.179506301879883,38.042930603027344,,38.28371047973633
2007-11-16,103.29403686523438,51.85158157348633,77.75,71.65558624267578,25.489999771118164,75.83000183105469,14.34000015258789,34.319305419921875,59.20502471923828,40.96714782714844,8.729668617248535,31.75629234313965,30.26646614074707,37.84328842163086,,38.45515060424805
2007-11-23,102.117919921875,52.592185974121094,81.25,71.749267578125,25.610000610351562,75.05000305175781,14.663000106811523,32.88674545288086,58.25048065185547,40.275909423828125,8.619858741760254,30.79429817199707,29.401582717895508,37.731300354003906,,38.969398498535156
2007-11-30,105.32746887207031,52.9568977355957,77.31999969482422,71.749267578125,22.8700008392334,76.1500015258789,13.899999618530273,34.45319747924805,59.48441696166992,41.60335159301758,8.866933822631836,31.75941276550293,30.22527503967285,38.38376998901367,,40.19791793823242
2007-12-07,106.92162322998047,51.68711471557617,78.5999984741211,71.82603454589844,20.850000381469727,76.29000091552734,14.276000022888184,35.709503173828125,60.912349700927734,42.27010726928711,9.052227020263672,31.84778594970703,30.920848846435547,38.65157699584961,,40.7121696472168
2007-12-14,104.27176666259766,51.04490661621094,78.5199966430664,71.84172058105469,23.270000457763672,77.44000244140625,13.73900032043457,33.44905090332031,58.203956604003906,41.0833740234375,8.865558624267578,31.973098754882812,28.738035202026367,37.229766845703125,,37.88374710083008
2007-12-21,105.50897979736328,51.64201736450195,80.0999984741211,71.9356689453125,18.469999313354492,77.72000122070312,14.21500015258789,34.30146026611328,60.99771499633789,41.32986068725586,8.96753215789795,32.020084381103516,29.007835388183594,37.26872253417969,,38.340858459472656
2007-12-28,104.9177474975586,52.3077278137207,83.0,71.93404388427734,20.739999771118164,76.22000122070312,14.652000427246094,34.382137298583984,59.614681243896484,41.20648956298828,8.940011978149414,31.663917541503906,28.356603622436523,37.985107421875,,38.27735900878906
2008-01-04,100.6512222290039,53.32015609741211,85.12999725341797,71.91842651367188,23.940000534057617,75.79000091552734,15.166999816894531,32.69615173339844,56.13404846191406,39.64582443237305,8.503814697265625,31.25432586669922,26.491283416748047,36.663856506347656,,37.353614807128906
2008-01-11,99.8249740600586,53.280582427978516,88.58000183105469,71.9498291015625,23.68000030517578,75.9800033569336,16.07699966430664,33.18883514404297,54.677940368652344,39.55946350097656,8.37309455871582,30.844755172729492,26.67735481262207,35.78971481323242,,36.891754150390625
2008-01-18,94.062744140625,54.010231018066406,87.41999816894531,72.01264953613281,27.18000030517578,76.37999725341797,16.030000686645508,30.60107421875,52.34194564819336,37.196876525878906,7.950653076171875,30.803775787353516,25.621408462524414,33.905765533447266,,36.08348846435547
2008-01-25,94.76072692871094,54.270389556884766,90.30000305175781,72.075439453125,29.079999923706055,75.97000122070312,16.29800033569336,30.140037536621094,53.315277099609375,37.659515380859375,7.965789794921875,31.081050872802734,27.88679313659668,33.106990814208984,,35.996883392333984
2008-02-01,99.41902923583984,54.05034255981445,89.3499984741211,72.19319152832031,24.020000457763672,75.44999694824219,16.618999481201172,31.554826736450195,56.538944244384766,39.84939956665039,8.282275199890137,31.170656204223633,29.552095413208008,34.68446350097656,,37.03608703613281
2008-02-08,94.7821273803711,53.181968688964844,91.0,72.2089614868164,28.010000228881836,76.66999816894531,17.025999069213867,29.90045928955078,54.24969482421875,37.80140686035156,7.9740447998046875,30.501346588134766,27.500690460205078,32.32830047607422,,34.52467346191406
2008-02-15,96.25651550292969,52.14899826049805,89.1500015258789,72.24046325683594,25.020000457763672,76.0999984741211,16.95199966430664,31.267797470092773,54.40540313720703,38.26405334472656,8.108896255493164,30.368135452270508,27.630943298339844,33.237606048583984,,35.9102783203125
2008-02-22,96.59841918945312,52.22845458984375,93.38999938964844,72.2719955444336,24.059999465942383,75.5199966430664,17.916000366210938,31.916433334350586,54.05500030517578,38.38742446899414,8.14604663848877,30.450641632080078,27.742586135864258,33.95600509643555,,36.05461502075195
2008-02-29,95.31634521484375,53.482757568359375,96.18000030517578,72.31917572021484,26.540000915527344,73.70999908447266,19.667999267578125,31.554826736450195,53.61896896362305,37.49296569824219,8.067615509033203,30.571151733398438,27.463483810424805,34.11174774169922,,36.17007827758789
2008-03-07,92.3888931274414,52.541683197021484,96.08999633789062,72.36181640625,27.489999771118164,73.02999877929688,20.040000915527344,30.133249282836914,51.36083984375,36.20991134643555,7.890110015869141,30.48685646057129,26.93784523010254,33.40842819213867,,34.66900634765625
2008-03-14,92.31767272949219,54.11965560913086,98.70999908447266,72.45640563964844,31.15999984741211,71.66000366210938,20.42099952697754,29.6382999420166,51.50099182128906,36.20372772216797,7.846076488494873,30.091014862060547,27.444875717163086,33.49882888793945,,33.28340148925781
2008-03-21,94.54271697998047,55.36157989501953,89.91000366210938,72.51953887939453,26.6200008392334,72.75,16.701000213623047,29.064250946044922,52.544395446777344,37.72121047973633,7.87634801864624,30.566682815551758,29.56138038635254,32.946231842041016,,34.78446960449219
2008-03-28,94.13470458984375,54.43300247192383,91.87999725341797,72.40914916992188,25.709999084472656,71.68000030517578,17.75,30.19200897216797,53.1839485168457,37.13241195678711,7.9476728439331055,30.72313117980957,29.132078170776367,34.31270217895508,,35.9680061340332
2008-04-04,97.98573303222656,54.4642448425293,90.25,72.4721908569336,22.450000762939453,72.0199966430664,17.614999771118164,31.814720153808594,55.500343322753906,38.7352294921875,8.297961235046387,31.076358795166016,30.964839935302734,35.7846794128418,,36.891754150390625
2008-04-11,95.4732666015625,54.73311233520508,91.30000305175781,72.48797607421875,23.459999084472656,71.80999755859375,17.577999114990234,31.491535186767578,53.6129150390625,37.542415618896484,8.132465362548828,31.018465042114258,29.78830337524414,34.774906158447266,,36.17007827758789
2008-04-18,99.12384796142578,53.07403564453125,90.62000274658203,72.4247817993164,20.1299991607666,72.01000213623047,17.67099952697754,32.978660583496094,55.89813232421875,38.97752380371094,8.504817962646484,31.503755569458008,31.06327247619629,36.06098556518555,,37.815486907958984
2008-04-25,99.92554473876953,52.53049850463867,87.2699966430664,72.48797607421875,19.59000015258789,72.79000091552734,16.684999465942383,33.125545501708984,56.0775260925293,39.28193664550781,8.54757022857666,31.78335189819336,31.939807891845703,36.19160842895508,,37.815486907958984
2008-05-02,101.2927017211914,52.600196838378906,84.58000183105469,72.44692993164062,18.18000030517578,73.5,16.256999969482422,33.819393157958984,56.584449768066406,39.70439147949219,8.631698608398438,32.2570915222168,31.752334594726562,36.30213165283203,,38.59488296508789
2008-05-09,99.42445373535156,53.111228942871094,87.41999816894531,72.47854614257812,19.40999984741211,73.05000305175781,16.665000915527344,33.22273254394531,55.76554489135742,38.722816467285156,8.583429336547852,31.998537063598633,30.66016387939453,36.17653274536133,,37.90208435058594
2008-05-16,102.11589813232422,52.73222351074219,89.0999984741211,72.46276092529297,16.469999313354492,72.83999633789062,16.75,35.05338668823242,57.6763916015625,39.698177337646484,8.841318130493164,32.03083801269531,31.935138702392578,37.2064094543457,,39.31654739379883
2008-05-23,98.52259826660156,52.69208526611328,91.2300033569336,72.47854614257812,19.549999237060547,71.88999938964844,18.020999908447266,33.60467529296875,56.31931686401367,38.275516510009766,8.554468154907227,31.79812240600586,30.38829803466797,36.32224655151367,,38.4505500793457
2008-05-30,100.46240234375,51.83650588989258,87.44999694824219,72.51019287109375,17.829999923706055,72.87999725341797,16.67300033569336,34.194557189941406,58.237918853759766,38.697959899902344,8.769603729248047,31.74643325805664,31.044538497924805,36.21671676635742,,39.08562469482422
2008-06-06,97.55623626708984,52.30157470703125,89.05999755859375,72.5212631225586,23.559999465942383,72.38999938964844,17.399999618530273,32.70518493652344,57.652984619140625,37.461673736572266,8.633075714111328,31.523265838623047,30.2711181640625,35.02607727050781,,38.5082893371582
2008-06-13,97.4560775756836,51.21243667602539,85.83000183105469,72.64796447753906,21.219999313354492,74.1500015258789,16.33099937438965,31.916433334350586,57.18503189086914,37.281494140625,8.635831832885742,31.718433380126953,30.02736473083496,34.106719970703125,,37.469085693359375
2008-06-20,94.65592193603516,51.7541618347168,88.94999694824219,72.67962646484375,22.8700008392334,73.02999877929688,17.195999145507812,31.007884979248047,56.6000862121582,36.03278350830078,8.44414234161377,31.080812454223633,29.132078170776367,33.34812545776367,,36.314414978027344
2008-06-27,91.74241638183594,53.20055389404297,91.47000122070312,72.72710418701172,23.440000534057617,72.36000061035156,17.329999923706055,30.791723251342773,54.38505172729492,34.948421478271484,8.195301055908203,30.61237144470215,27.711029052734375,32.715126037597656,,36.11151885986328
2008-07-04,90.86479949951172,53.2479362487793,92.05999755859375,72.70503234863281,24.780000686645508,72.73999786376953,18.000999450683594,29.51844596862793,52.08295440673828,34.610530853271484,8.00040054321289,30.51137924194336,27.103036880493164,32.453880310058594,,35.64742660522461
2008-07-11,89.08789825439453,53.300018310546875,95.16000366210938,72.78424072265625,27.489999771118164,72.0999984741211,18.638999938964844,29.5024471282959,52.66227340698242,33.90342712402344,7.936817169189453,30.350866317749023,26.908294677734375,31.383825302124023,,34.77726745605469
2008-07-18,90.62737274169922,52.31104278564453,94.16999816894531,72.80009460449219,24.049999237060547,72.19000244140625,17.968000411987305,29.692180633544922,53.92266082763672,34.76071548461914,8.001782417297363,30.478612899780273,27.97701644897461,32.44384765625,,34.98031234741211
2008-07-25,90.26773071289062,52.1317138671875,91.69000244140625,72.80009460449219,22.90999984741211,72.86000061035156,17.25,29.207565307617188,55.3317985534668,34.591758728027344,7.97828483581543,30.78980827331543,28.243026733398438,32.14241027832031,,35.24135971069336
2008-08-01,90.75688934326172,53.13386535644531,89.56999969482422,72.79375457763672,22.56999969482422,73.41999816894531,17.280000686645508,29.118404388427734,55.903255462646484,34.87960433959961,7.976903438568115,30.622751235961914,28.637252807617188,31.58980369567871,,34.31318664550781
2008-08-08,93.06608581542969,53.40084457397461,84.43000030517578,72.82547760009766,20.65999984741211,75.8499984741211,15.1899995803833,28.22688865661621,57.24193572998047,35.73688888549805,8.193917274475098,30.43801498413086,29.402000427246094,31.84099006652832,,33.733089447021484
2008-08-15,93.64159393310547,54.00448226928711,77.62999725341797,72.85720825195312,19.579999923706055,77.18000030517578,12.699999809265137,27.616544723510742,58.7919807434082,35.655540466308594,8.246438026428223,30.58646583557129,29.667999267578125,30.680477142333984,36.45130920410156,32.688907623291016
2008-08-22,93.26750183105469,54.02772521972656,81.08000183105469,72.90483856201172,18.809999465942383,76.80999755859375,13.260000228881836,27.547971725463867,57.68032455444336,35.405235290527344,8.260261535644531,30.35221290588379,29.026756286621094,30.61014747619629,35.78960418701172,32.77592468261719
2008-08-29,92.64881134033203,54.46885299682617,81.70999908447266,72.87311553955078,20.649999618530273,77.37999725341797,13.369999885559082,27.46567153930664,57.82906723022461,35.51789093017578,8.144149780273438,30.48420524597168,29.29275894165039,30.78096580505371,35.869606018066406,33.094970703125
2008-09-05,89.50518035888672,55.62232971191406,78.9800033569336,72.94148254394531,23.059999465942383,78.93000030517578,12.029999732971191,25.346595764160156,56.08329772949219,34.87334060668945,7.750216007232666,30.696767807006836,29.112253189086914,28.645837783813477,33.448238372802734,31.76073455810547
2008-09-12,90.70652770996094,55.307735443115234,75.55000305175781,72.97328186035156,25.65999984741211,78.97000122070312,10.75,25.058561325073242,56.56085968017578,34.97974395751953,7.86494255065918,30.557260513305664,29.639493942260742,29.07285499572754,31.841276168823242,32.079795837402344
2008-09-19,89.8061752319336,54.74263381958008,85.9800033569336,72.94148254394531,32.06999969482422,77.68000030517578,12.460000038146973,26.382131576538086,58.71371841430664,35.39897155761719,7.73362922668457,29.534259796142578,30.860225677490234,29.66064453125,33.586395263671875,32.80491638183594
2008-09-26,87.44020080566406,55.05143356323242,86.63999938964844,73.19585418701172,34.7400016784668,76.94999694824219,13.149999618530273,24.54422378540039,55.40971374511719,34.35270309448242,7.502814292907715,28.630834579467773,29.49711036682129,28.716157913208008,31.586782455444336,32.19580078125
2008-10-03,79.83576202392578,56.914817810058594,82.58999633789062,73.20057678222656,45.13999938964844,80.30999755859375,10.989999771118164,21.067296981811523,49.18857955932617,31.55675506591797,6.6837992668151855,27.58083724975586,25.551326751708984,25.44062614440918,29.20903778076172,28.65716552734375
2008-10-10,64.03356170654297,56.0674934387207,83.22000122070312,73.2801513671875,69.94999694824219,83.0,9.800000190734863,16.836008071899414,41.14738082885742,25.933351516723633,5.580689430236816,22.824357986450195,22.54386329650879,20.39169692993164,23.668262481689453,23.46523666381836
2008-10-17,67.44141387939453,54.85205841064453,77.20999908447266,72.94585418701172,70.33000183105469,82.41000366210938,9.229999542236328,16.733142852783203,40.95124435424805,26.678096771240234,5.769160747528076,23.44739532470703,20.388132095336914,21.15028953552246,24.097278594970703,25.350574493408203
2008-10-24,62.97722244262695,56.52326965332031,72.20999908447266,73.04135131835938,79.12999725341797,86.44000244140625,9.130000114440918,13.592252731323242,37.00517654418945,25.131818771362305,5.314610481262207,23.380413055419922,16.933155059814453,18.457521438598633,20.105302810668945,24.0743465423584
2008-10-31,70.06068420410156,54.244388580322266,71.33999633789062,73.0732192993164,59.88999938964844,85.62999725341797,9.579999923706055,17.43950653076172,42.167259216308594,27.71316146850586,5.946547508239746,24.1173152923584,19.974300384521484,20.959383010864258,23.915489196777344,26.10470962524414
2008-11-07,67.91175079345703,55.300376892089844,72.5,73.22779846191406,56.099998474121094,85.91000366210938,9.9399995803833,16.89773178100586,39.71175765991211,26.602367401123047,5.722042560577393,24.638168334960938,18.646209716796875,20.86393165588379,23.24652671813965,26.249731063842773
2008-11-14,62.673301696777344,55.834232330322266,73.30000305175781,73.22779846191406,66.30999755859375,86.36000061035156,9.359999656677246,15.238133430480957,35.80488204956055,24.9803466796875,5.2827372550964355,23.826475143432617,15.306733131408691,19.110618591308594,22.141284942626953,24.94449806213379
2008-11-21,57.5361442565918,60.3809814453125,78.8499984741211,73.19593048095703,72.66999816894531,88.19000244140625,9.520000457763672,14.326040267944336,31.882369995117188,22.727188110351562,4.922425270080566,21.65519905090332,12.506197929382324,17.367359161376953,20.723365783691406,24.016328811645508
2008-11-28,65.18399047851562,62.02375411987305,80.30999755859375,73.03652954101562,55.279998779296875,86.5199966430664,10.229999542236328,15.738752365112305,37.13856887817383,25.870241165161133,5.431021213531494,22.40601348876953,15.436660766601562,19.412044525146484,22.199453353881836,25.118528366088867
2008-12-05,63.62116241455078,65.03468322753906,74.5199966430664,73.15770721435547,59.93000030517578,87.12000274658203,9.399999618530273,15.457585334777832,36.16575241088867,25.478940963745117,5.2730393409729,22.063512802124023,15.98521900177002,18.5228328704834,22.141284942626953,24.480417251586914
2008-12-12,64.38811492919922,66.14727020263672,80.80999755859375,73.14180755615234,54.279998779296875,83.63999938964844,10.140000343322754,16.980026245117188,36.785526275634766,25.586244583129883,5.302140235900879,22.268606185913086,16.41347312927246,19.839069366455078,24.22089195251465,26.452768325805664
2008-12-19,64.3272705078125,71.9691162109375,82.62999725341797,73.12586975097656,44.93000030517578,81.30000305175781,10.670000076293945,17.44635772705078,38.205482482910156,25.573604583740234,5.422707557678223,24.319416046142578,17.765634536743164,19.88428497314453,25.129806518554688,26.510780334472656
2008-12-26,63.57596969604492,71.40396118164062,85.5999984741211,73.22151947021484,43.380001068115234,80.88999938964844,10.640000343322754,16.718368530273438,37.587406158447266,25.261674880981445,5.320828437805176,25.741352081298828,17.447851181030273,19.955303192138672,23.864587783813477,26.81834602355957
2009-01-02,67.80657958984375,68.71953582763672,86.2300033569336,73.0747299194336,39.189998626708984,81.83999633789062,11.40999984741211,18.19269561767578,39.698001861572266,26.984054565429688,5.667382717132568,26.08003044128418,17.44290542602539,21.20284652709961,25.558822631835938,28.163650512695312
2009-01-09,64.9837417602539,66.58143615722656,83.91999816894531,73.17049407958984,42.81999969482422,82.66000366210938,11.100000381469727,17.302534103393555,38.0458984375,25.71459197998047,5.490625381469727,27.071331024169922,16.360450744628906,20.389230728149414,23.711896896362305,26.84758949279785
2009-01-16,62.0441780090332,67.50878143310547,82.70999908447266,73.21831512451172,46.11000061035156,84.20999908447266,11.109999656677246,16.16896629333496,36.74160385131836,24.119802474975586,5.331961154937744,26.15576171875,16.118255615234375,18.783689498901367,22.766616821289062,25.765504837036133
2009-01-23,60.621822357177734,63.60468292236328,88.52999877929688,73.21831512451172,47.27000045776367,85.61000061035156,11.850000381469727,15.452662467956543,35.08949279785156,23.539276123046875,5.241495132446289,25.233304977416992,15.401556015014648,17.557844161987305,21.930408477783203,25.034353256225586
2009-01-30,60.41758346557617,61.27767562866211,91.30999755859375,73.20238494873047,44.84000015258789,86.0,12.520000457763672,15.751702308654785,35.16063690185547,23.341529846191406,5.230361461639404,25.89760971069336,14.857853889465332,17.926685333251953,22.388504028320312,24.65416145324707
2009-02-06,63.44464111328125,60.58172607421875,89.58999633789062,73.08743286132812,43.369998931884766,85.3499984741211,12.90999984741211,17.34425926208496,37.12102127075195,24.292030334472656,5.554646968841553,25.669185638427734,15.386731147766113,18.96811294555664,24.20634651184082,25.414546966552734
2009-02-13,60.36653137207031,60.652774810791016,92.55000305175781,73.21511840820312,42.93000030517578,86.04000091552734,13.539999961853027,16.67664337158203,35.31081771850586,22.91411590576172,5.373715400695801,25.658729553222656,13.375030517578125,18.10025405883789,22.977481842041016,23.513580322265625
2009-02-20,56.47145080566406,61.547157287597656,97.80000305175781,73.23109436035156,49.29999923706055,86.48999786376953,14.25,14.965859413146973,32.520423889160156,20.949317932128906,5.096746444702148,24.615724563598633,12.821457862854004,16.711681365966797,21.09420394897461,22.28525733947754
2009-02-27,53.925777435302734,60.33891296386719,92.62999725341797,73.19917297363281,46.349998474121094,88.01000213623047,12.880000114440918,14.764179229736328,30.947378158569336,20.177440643310547,4.839266300201416,23.38144302368164,11.808188438415527,16.06621551513672,20.730640411376953,21.554107666015625
2009-03-06,50.271400451660156,61.91984176635742,92.29000091552734,73.22625732421875,49.33000183105469,88.51000213623047,13.180000305175781,14.673770904541016,27.824960708618164,18.41677474975586,4.577609539031982,21.789098739624023,10.453883171081543,14.851213455200195,20.316173553466797,20.822973251342773
2009-03-13,55.501319885253906,61.0112190246582,91.30000305175781,73.1784439086914,42.36000061035156,87.43000030517578,13.050000190734863,16.24546241760254,31.12127113342285,20.828113555908203,4.989580154418945,23.532222747802734,12.67811393737793,16.201818466186523,22.468488693237305,21.378637313842773
2009-03-20,56.35403823852539,61.717960357666016,93.58999633789062,73.21033477783203,45.88999938964844,83.83999633789062,13.609999656677246,16.62100601196289,31.603469848632812,21.191734313964844,5.0647358894348145,23.816892623901367,11.368291854858398,16.999162673950195,22.64300537109375,22.431489944458008
2009-03-27,59.95378494262695,62.09799575805664,90.69000244140625,73.24226379394531,41.040000915527344,85.11000061035156,13.149999618530273,17.803253173828125,34.01432418823242,22.621652603149414,5.345834255218506,24.611143112182617,12.102089881896973,17.324609756469727,24.926197052001953,24.069242477416992
2009-04-03,61.900577545166016,61.299163818359375,87.58999633789062,73.20713806152344,39.70000076293945,84.16999816894531,12.600000381469727,19.02027130126953,36.18730545043945,23.414836883544922,5.521886825561523,25.08148765563965,14.178749084472656,18.75657844543457,26.45319175720215,24.420196533203125
2009-04-10,63.039215087890625,60.95967483520508,86.30999755859375,73.17526245117188,36.529998779296875,85.79000091552734,12.170000076293945,19.437532424926758,36.988304138183594,23.943622589111328,5.581967353820801,25.71459197998047,14.924731254577637,18.463668823242188,26.787673950195312,24.800386428833008
2009-04-17,63.97221374511719,60.572509765625,85.22000122070312,73.15926361083984,33.939998626708984,85.9800033569336,11.680000305175781,19.548799514770508,37.868587493896484,24.401466369628906,5.653225421905518,26.763790130615234,15.66567325592041,18.98980712890625,27.347576141357422,24.94661521911621
2009-04-24,63.66368865966797,59.899505615234375,89.72000122070312,73.25505065917969,36.81999969482422,84.70999908447266,12.670000076293945,19.486217498779297,37.765499114990234,24.111268997192383,5.657420635223389,26.57884979248047,16.159635543823242,19.174230575561523,27.347576141357422,25.29756736755371
2009-05-01,64.56729888916016,58.01438903808594,86.94999694824219,73.2630386352539,35.29999923706055,84.55000305175781,12.3100004196167,20.23033332824707,38.7171630859375,24.395017623901367,5.763607501983643,27.08393096923828,15.469095230102539,19.917327880859375,28.467369079589844,25.268320083618164
2009-05-08,68.30657958984375,56.71806335449219,89.9800033569336,73.18324279785156,32.04999923706055,82.52999877929688,13.789999961853027,21.968931198120117,40.45396423339844,26.619775772094727,5.915908336639404,27.510465621948242,16.83001708984375,21.495750427246094,31.172306060791016,26.906085968017578
2009-05-15,65.1697006225586,58.57002639770508,91.55000305175781,73.19917297363281,33.119998931884766,83.0199966430664,13.770000457763672,20.91881561279297,37.87652587890625,24.89800453186035,5.73566198348999,26.453083038330078,14.924731254577637,20.372961044311523,29.68167495727539,26.58437728881836
2009-05-22,65.39744567871094,55.87567138671875,94.1500015258789,73.23109436035156,32.630001068115234,79.95999908447266,14.5,22.0802059173584,37.90032196044922,25.007640838623047,5.778976917266846,27.61798667907715,15.348129272460938,21.73440933227539,31.06324005126953,26.73060417175293
2009-05-29,67.97601318359375,56.25804901123047,96.19999694824219,73.2470474243164,28.920000076293945,80.43000030517578,15.470000267028809,23.116411209106445,39.787803649902344,25.962017059326172,6.005329132080078,27.901153564453125,16.411663055419922,22.37445640563965,32.75745391845703,27.403255462646484
2009-06-05,69.4599838256836,53.845638275146484,93.70999908447266,73.20556640625,29.6200008392334,80.66999816894531,15.010000228881836,23.37372589111328,42.19077682495117,26.34894371032715,6.1702046394348145,28.49266242980957,17.359254837036133,22.276826858520508,33.26646041870117,27.140045166015625
2009-06-12,69.84933471679688,53.923545837402344,92.16999816894531,73.23748779296875,28.149999618530273,80.13999938964844,14.630000114440918,23.464126586914062,41.85768127441406,26.652021408081055,6.188369274139404,28.847196578979492,16.996347427368164,22.721599578857422,33.368255615234375,27.98817253112793
2009-06-19,67.99800109863281,54.95445251464844,91.9000015258789,73.25345611572266,27.989999771118164,80.26000213623047,13.989999771118164,22.0802059173584,40.69188690185547,25.723424911499023,6.058426856994629,28.28284454345703,15.8521728515625,21.918827056884766,31.528608322143555,27.72496223449707
2009-06-26,67.85020446777344,56.6925163269043,92.29000091552734,73.25345611572266,25.93000030517578,79.87999725341797,13.899999618530273,22.659507751464844,40.62845230102539,25.578689575195312,6.068096160888672,28.347957611083984,15.80500316619873,21.794069290161133,32.33171844482422,28.081148147583008
2009-07-03,66.3504867553711,56.7004280090332,91.25,73.25505828857422,27.950000762939453,80.1500015258789,13.15999984741211,22.379072189331055,39.7202033996582,25.013755798339844,5.951727390289307,28.403717041015625,15.308051109313965,21.631351470947266,31.908029556274414,27.434246063232422
2009-07-10,64.98374938964844,57.86086654663086,89.58000183105469,73.23905181884766,29.020000457763672,80.2300033569336,12.5,21.67797088623047,38.27974319458008,24.33840560913086,5.854984760284424,27.940059661865234,14.636919975280762,20.866552352905273,31.856887817382812,27.0225887298584
2009-07-17,69.54205322265625,54.86048889160156,91.93000030517578,73.25505828857422,24.34000015258789,79.3499984741211,13.170000076293945,23.5358829498291,41.303924560546875,26.10468864440918,6.262984275817871,28.845470428466797,15.69741439819336,22.591419219970703,34.01185607910156,27.257816314697266
2009-07-24,72.44548034667969,54.986759185791016,93.41000366210938,73.20714569091797,23.09000015258789,78.75,13.65999984741211,24.818889617919922,43.619815826416016,27.35797691345215,6.492920875549316,29.900550842285156,16.98845863342285,23.82269859313965,35.816184997558594,28.43400001525879
2009-07-31,72.99956512451172,57.00706100463867,93.3499984741211,73.19117736816406,25.920000076293945,78.3499984741211,13.699999809265137,25.085308074951172,44.224639892578125,27.72810935974121,6.512551307678223,30.831525802612305,17.59811782836914,24.32714080810547,36.67817687988281,29.02208137512207
2009-08-07,74.76528930664062,54.59263229370117,93.75,73.21038818359375,24.760000228881836,78.97000122070312,14.390000343322754,25.61113739013672,45.4343147277832,28.767108917236328,6.584053993225098,30.694934844970703,20.554180145263672,24.75564193725586,36.71468734741211,29.139699935913086
2009-08-14,74.46235656738281,56.31809997558594,93.0,73.24226379394531,24.270000457763672,78.88999938964844,14.430000305175781,25.043241500854492,44.893150329589844,28.572294235229492,6.558818340301514,30.142654418945312,19.611528396606445,24.728519439697266,36.18143081665039,29.668977737426758
2009-08-21,76.07295227050781,56.57148361206055,93.6500015258789,73.21038818359375,25.010000228881836,78.04000091552734,13.920000076293945,25.45688819885254,46.27790069580078,29.286605834960938,6.677992820739746,30.352506637573242,19.85231590270996,25.547550201416016,35.9622802734375,29.845407485961914
2009-08-28,76.37582397460938,58.224552154541016,93.87000274658203,73.24226379394531,24.760000228881836,78.37000274658203,14.5,25.253570556640625,46.19832229614258,29.422977447509766,6.690609455108643,30.304658889770508,20.441476821899414,25.829622268676758,35.845401763916016,30.110048294067383
2009-09-04,75.400634765625,57.62334442138672,97.52999877929688,73.261474609375,25.260000228881836,78.13999938964844,15.970000267028809,25.51999282836914,45.40248107910156,28.871007919311523,6.665372371673584,30.287181854248047,19.25290298461914,25.46077537536621,36.6051139831543,29.55136489868164
2009-09-11,77.40274810791016,58.52510452270508,98.77999877929688,73.21353912353516,24.149999618530273,76.61000061035156,16.5,26.543601989746094,47.28861999511719,29.695720672607422,6.844837188720703,31.193269729614258,20.579805374145508,26.632387161254883,37.80312728881836,30.25707244873047
2009-09-18,79.21892547607422,57.95623016357422,98.66999816894531,73.21353912353516,23.920000076293945,76.43000030517578,16.700000762939453,27.363876342773438,49.2702522277832,30.565879821777344,6.97662878036499,31.824546813964844,22.337051391601562,27.32124137878418,38.358299255371094,29.904216766357422
2009-09-25,77.53388977050781,59.299808502197266,97.0,73.2454605102539,25.610000610351562,76.80999755859375,15.739999771118164,26.704849243164062,47.72700119018555,29.796173095703125,6.842027187347412,31.85797119140625,21.13467788696289,26.561864852905273,37.83233642578125,29.463151931762695
2009-10-02,76.07899475097656,60.110225677490234,98.37000274658203,73.21672058105469,28.68000030517578,77.0,15.819999694824219,26.543601989746094,46.267208099365234,29.129518508911133,6.754851818084717,31.232885360717773,20.33793067932129,25.824190139770508,37.47440719604492,28.11054801940918
2009-10-09,79.61979675292969,58.22211837768555,102.83999633789062,73.23271942138672,23.1200008392334,76.43000030517578,17.440000534057617,27.93878173828125,48.995365142822266,30.573915481567383,7.037474632263184,32.10151672363281,21.403711318969727,27.028345108032227,39.08149337768555,29.257314682006836
2009-10-16,80.82975769042969,57.94892120361328,103.18000030517578,73.2486801147461,21.43000030517578,75.5999984741211,17.18000030517578,28.569761276245117,49.202754974365234,31.057565689086914,7.149964332580566,32.202613830566406,21.088111877441406,27.825687408447266,39.344482421875,28.816255569458008
2009-10-23,80.22845458984375,57.64540100097656,103.48999786376953,73.21672058105469,22.270000457763672,75.47000122070312,17.399999618530273,28.576778411865234,47.91048049926758,30.724231719970703,7.116215705871582,32.51710510253906,21.17089080810547,27.831111907958984,39.67319869995117,28.4927978515625
2009-10-30,76.87322998046875,58.1492919921875,102.52999877929688,73.2646484375,30.690000534057617,76.30000305175781,16.06999969482422,26.340280532836914,44.93501663208008,29.319059371948242,6.83781099319458,31.89186668395996,20.48796272277832,26.203872680664062,37.19682312011719,28.081148147583008
2009-11-06,79.52330017089844,56.84461975097656,107.43000030517578,73.26622009277344,24.190000534057617,75.81999969482422,17.09000015258789,27.79856300354004,46.330997467041016,30.214468002319336,7.088094711303711,32.319580078125,20.45691680908203,27.304969787597656,38.89887237548828,28.2869815826416
2009-11-13,81.37165069580078,57.20404052734375,109.73999786376953,73.21830749511719,23.360000610351562,75.33000183105469,17.149999618530273,28.773086547851562,46.849517822265625,30.887630462646484,7.258233547210693,32.42905807495117,21.771045684814453,28.048072814941406,40.38176727294922,28.16936492919922
2009-11-20,81.23056030273438,57.934898376464844,112.94000244140625,73.21830749511719,22.190000534057617,75.66000366210938,18.219999313354492,28.499662399291992,46.73784637451172,30.93337631225586,7.227293014526367,32.54988098144531,21.641700744628906,27.57617950439453,40.323333740234375,27.375446319580078
2009-11-27,81.33450317382812,58.71446990966797,115.05999755859375,73.23430633544922,24.739999771118164,75.0,17.950000762939453,28.13509178161621,45.93215560913086,30.913759231567383,7.23714017868042,32.32335662841797,21.046730041503906,27.511089324951172,39.432132720947266,27.551864624023438
2009-12-04,82.40343475341797,57.031951904296875,113.75,73.25025939941406,21.25,75.91000366210938,18.149999618530273,29.333969116210938,48.1976432800293,31.403945922851562,7.321502685546875,32.798683166503906,22.919607162475586,27.91789436340332,41.2875862121582,29.374940872192383
2009-12-11,82.4776611328125,56.2681770324707,109.31999969482422,73.21830749511719,21.59000015258789,76.56999969482422,16.8700008392334,28.990432739257812,47.99821090698242,31.4627685546875,7.332755088806152,33.061073303222656,22.531578063964844,27.20733070373535,40.59362030029297,29.257314682006836
2009-12-18,82.2500228881836,56.69587707519531,108.94999694824219,73.21830749511719,21.68000030517578,77.81999969482422,16.950000762939453,28.29634666442871,48.80390930175781,31.260160446166992,7.362282752990723,33.33108139038086,22.888568878173828,26.80052947998047,39.88503646850586,29.02208137512207
2009-12-25,83.94413757324219,54.8139762878418,108.36000061035156,73.23430633544922,19.469999313354492,77.83999633789062,17.170000076293945,29.118589401245117,50.74811935424805,31.818586349487305,7.565038681030273,33.70753479003906,24.06427574157715,27.5354061126709,40.82796096801758,29.461990356445312
2010-01-01,83.16798400878906,55.119869232177734,107.30999755859375,73.25663757324219,21.68000030517578,77.86000061035156,16.540000915527344,29.339130401611328,50.0112419128418,31.47583770751953,7.486029624938965,33.623966217041016,23.445890426635742,27.32685089111328,41.07866668701172,28.89826774597168
2010-01-08,85.5038833618164,54.751983642578125,111.37000274658203,73.20872497558594,18.1299991607666,77.47000122070312,18.149999618530273,30.54098129272461,51.67721176147461,32.425052642822266,7.692020893096924,34.32832336425781,23.356800079345703,28.38654136657715,42.55339813232422,30.025720596313477
2010-01-15,84.809814453125,55.84955978393555,110.86000061035156,73.22471618652344,17.90999984741211,77.31999969482422,18.049999237060547,29.657264709472656,51.004417419433594,32.214107513427734,7.608778476715088,34.098628997802734,23.367279052734375,27.924331665039062,41.926639556884766,31.06416130065918
2010-01-22,81.50372314453125,56.413734436035156,107.16999816894531,73.22471618652344,27.309999465942383,78.27999877929688,16.780000686645508,28.00296401977539,49.44255828857422,31.053939819335938,7.306853771209717,33.214412689208984,22.324434280395508,26.182573318481445,39.64817428588867,30.174062728881836
2010-01-29,80.14544677734375,56.60380554199219,105.95999908447266,73.25663757324219,24.6200008392334,79.45999908447266,15.899999618530273,27.062694549560547,48.14502716064453,30.7045841217041,7.14178466796875,33.007686614990234,22.1514949798584,25.61327362060547,38.394657135009766,29.194961547851562
2010-02-05,79.60066986083984,56.60072326660156,104.68000030517578,73.25663757324219,26.110000610351562,80.44000244140625,14.899999618530273,26.299175262451172,47.47222900390625,30.38157844543457,7.10933256149292,32.76969909667969,22.057167053222656,24.80722427368164,37.08213424682617,29.135622024536133
2010-02-12,80.63055419921875,55.49921798706055,107.04000091552734,73.25663757324219,22.729999542236328,80.31999969482422,15.239999771118164,27.175813674926758,48.8738899230957,30.671613693237305,7.246187210083008,32.364654541015625,22.010000228881836,25.038330078125,38.483131408691406,29.076292037963867
2010-02-19,82.944091796875,55.04387283325195,109.47000122070312,73.20872497558594,20.020000457763672,80.63999938964844,15.970000267028809,27.840373992919922,50.50782775878906,31.5615177154541,7.452170372009277,33.471771240234375,23.194355010986328,25.771102905273438,38.98454666137695,28.95760726928711
2010-02-26,82.64555358886719,56.409976959228516,109.43000030517578,73.24069213867188,19.5,80.36000061035156,16.06999969482422,27.543445587158203,50.29959487915039,31.508787155151367,7.418310642242432,33.62603759765625,23.388246536254883,25.47233772277832,38.859195709228516,29.491661071777344
2010-03-05,85.26507568359375,55.72474670410156,110.80999755859375,73.20872497558594,17.420000076293945,80.43000030517578,17.010000228881836,28.950305938720703,53.35920715332031,32.40526580810547,7.659569263458252,34.13361358642578,24.326290130615234,26.802635192871094,40.51089096069336,30.085054397583008
2010-03-12,86.16812133789062,55.854366302490234,107.94999694824219,73.20872497558594,17.579999923706055,79.83000183105469,16.760000228881836,29.24722671508789,54.24025344848633,32.76122283935547,7.752683639526367,34.27741622924805,25.196210861206055,27.03936767578125,41.09341812133789,30.559764862060547
2010-03-19,86.90513610839844,56.33588409423828,108.27999877929688,73.20872497558594,16.969999313354492,80.72000122070312,16.649999618530273,29.119962692260742,53.99196243286133,33.11058807373047,7.7809038162231445,34.23465347290039,25.70453643798828,26.780075073242188,41.10816192626953,30.559764862060547
2010-03-26,87.36226654052734,54.909889221191406,108.58999633789062,73.24069213867188,17.770000457763672,81.68000030517578,16.610000610351562,29.056346893310547,54.44759750366211,33.3078498840332,7.836594581604004,34.44453811645508,26.024179458618164,26.853357315063477,41.248260498046875,30.797119140625
2010-04-02,88.27649688720703,55.11435317993164,110.26000213623047,73.24069213867188,17.469999313354492,80.77999877929688,17.540000915527344,30.555116653442383,54.94544219970703,33.73861312866211,7.90166711807251,34.26047897338867,25.902748107910156,27.625595092773438,42.76722717285156,31.449861526489258
2010-04-09,89.58792114257812,55.132972717285156,113.63999938964844,73.20872497558594,16.139999389648438,81.08999633789062,18.010000228881836,30.951005935668945,56.40678787231445,34.23563766479492,8.017658233642578,34.628536224365234,26.89006805419922,27.681962966918945,43.401371002197266,31.56853675842285
2010-04-16,89.44550323486328,55.67816162109375,111.23999786376953,73.20872497558594,18.360000610351562,80.81999969482422,17.40999984741211,30.017818450927734,57.378334045410156,34.08984375,8.038878440856934,34.6363525390625,26.055864334106445,27.557950973510742,42.46490478515625,31.153156280517578
2010-04-23,91.2814712524414,55.833091735839844,113.19000244140625,73.20872497558594,16.6200008392334,81.3499984741211,17.90999984741211,30.44199562072754,59.52223205566406,34.825443267822266,8.194476127624512,35.07099533081055,27.861557006835938,27.507217407226562,43.05480194091797,31.03448486328125
2010-04-30,89.03334045410156,57.084720611572266,115.36000061035156,73.20872497558594,22.049999237060547,81.87000274658203,18.260000228881836,29.727956771850586,57.53091812133789,34.04345703125,7.976634502410889,35.00440216064453,27.6134033203125,26.09803581237793,41.99299240112305,30.826799392700195
2010-05-07,83.37556457519531,59.42875671386719,118.2699966430664,73.24069213867188,40.95000076293945,84.44999694824219,18.0,26.999069213867188,52.48039627075195,31.94928550720215,7.413650035858154,33.316490173339844,25.934423446655273,23.037294387817383,39.00666809082031,29.491661071777344
2010-05-14,85.3464126586914,58.99357223510742,120.37000274658203,73.24069213867188,31.239999771118164,86.0999984741211,18.93000030517578,27.918134689331055,55.85276412963867,32.69152069091797,7.615927696228027,33.904109954833984,26.916475296020508,23.66860008239746,39.95049285888672,29.461990356445312
2010-05-21,81.76441192626953,61.200801849365234,115.22000122070312,73.24069213867188,40.099998474121094,85.37000274658203,17.290000915527344,26.398149490356445,52.2475471496582,31.293209075927734,7.279268264770508,33.24550247192383,25.522605895996094,23.144390106201172,37.944847106933594,28.927934646606445
2010-05-28,81.95924377441406,60.000823974609375,118.87999725341797,73.24069213867188,32.06999969482422,86.4800033569336,18.030000686645508,26.935443878173828,53.195011138916016,31.39923858642578,7.3174567222595215,33.36776351928711,26.14034080505371,23.031654357910156,38.54212951660156,28.215864181518555
2010-06-04,80.0483169555664,61.00895690917969,119.19000244140625,73.25663757324219,35.47999954223633,88.2300033569336,17.049999237060547,26.299175262451172,51.035099029541016,30.564224243164062,7.184491157531738,33.206016540527344,24.551116943359375,22.355253219604492,37.90061569213867,27.68181037902832
2010-06-11,82.19157409667969,60.77190017700195,120.01000213623047,73.25663757324219,28.790000915527344,87.51000213623047,17.850000381469727,27.402040481567383,52.1431770324707,31.46548843383789,7.340090274810791,33.48418045043945,26.399045944213867,23.460052490234375,38.99928283691406,27.94883918762207
2010-06-18,84.12610626220703,60.94656753540039,122.83000183105469,73.24069213867188,23.950000762939453,85.69999694824219,18.75,28.222135543823242,53.63665008544922,32.19448471069336,7.519739151000977,34.282955169677734,27.0484619140625,24.474647521972656,40.24543762207031,28.749910354614258
2010-06-25,81.21976470947266,61.795066833496094,122.76000213623047,73.24069213867188,28.530000686645508,85.30999755859375,18.670000076293945,28.06029510498047,51.894248962402344,31.07706069946289,7.249122619628906,34.056461334228516,26.200870513916016,23.922264099121094,40.901451110839844,28.508939743041992
2010-07-02,76.95059204101562,63.072792053222656,118.48999786376953,73.24069213867188,30.1200008392334,84.43000030517578,17.459999084472656,26.86472511291504,48.190128326416016,29.46283531188965,6.868932247161865,33.90787887573242,24.21820831298828,23.054203033447266,38.7417106628418,27.702072143554688
2010-07-09,81.28754425048828,62.090274810791016,118.36000061035156,73.22471618652344,24.979999542236328,83.94999694824219,17.729999542236328,28.444583892822266,50.703556060791016,31.1571102142334,7.230677127838135,34.66850280761719,25.46003532409668,24.66067123413086,40.804962158203125,28.688236236572266
2010-07-16,80.30870056152344,63.07902526855469,116.66999816894531,73.24069213867188,26.25,82.48999786376953,17.489999771118164,27.505205154418945,49.197113037109375,30.636816024780273,7.173933029174805,34.71653366088867,25.086952209472656,24.66067123413086,39.54326248168945,27.94114875793457
2010-07-23,83.13227844238281,62.44072723388672,116.08999633789062,73.24069213867188,23.469999313354492,82.45999908447266,17.719999313354492,29.284318923950195,52.346954345703125,31.63736915588379,7.451982498168945,35.5692138671875,26.616573333740234,25.731645584106445,41.51746368408203,28.628469467163086
2010-07-30,83.0268325805664,62.878746032714844,115.48999786376953,73.22471618652344,23.5,81.54000091552734,17.579999923706055,29.462234497070312,52.37917709350586,31.75076675415039,7.416515350341797,35.4771728515625,27.15488624572754,25.866933822631836,41.68815231323242,28.77788543701172
2010-08-06,84.6230697631836,62.84362030029297,117.83999633789062,73.20872497558594,21.739999771118164,80.41000366210938,18.06999969482422,29.946163177490234,52.47584533691406,32.32441329956055,7.566890716552734,35.61781692504883,27.51197624206543,26.92099380493164,42.28190994262695,29.465208053588867
2010-08-13,81.55107116699219,64.21854400634766,118.73999786376953,73.24069213867188,26.239999771118164,82.94999694824219,17.739999771118164,28.949851989746094,49.197113037109375,31.217132568359375,7.261889457702637,35.1099853515625,26.531307220458984,25.286346435546875,40.901451110839844,28.210100173950195
2010-08-20,80.96379089355469,66.57283782958984,119.97000122070312,73.24069213867188,25.489999771118164,83.05999755859375,17.59000015258789,29.191810607910156,49.261566162109375,30.84362030029297,7.257632255554199,35.3598747253418,26.366090774536133,24.908689498901367,41.25769805908203,28.419281005859375
2010-08-27,80.45932006835938,66.13966369628906,121.01000213623047,73.22471618652344,24.450000762939453,82.91999816894531,18.700000762939453,28.81463623046875,49.664344787597656,30.7835636138916,7.179607391357422,35.07367706298828,26.813785552978516,25.027053833007812,41.00535583496094,28.449167251586914
2010-09-03,83.49365997314453,65.22183990478516,121.86000061035156,73.24069213867188,21.309999465942383,83.0999984741211,19.420000076293945,29.91058349609375,51.82331848144531,31.964216232299805,7.453402042388916,35.66804885864258,28.444671630859375,26.143125534057617,41.90339279174805,28.92730712890625
2010-09-10,83.93790435791016,64.42847442626953,121.7300033569336,73.22471618652344,21.989999771118164,82.69999694824219,19.420000076293945,30.07425308227539,51.3318977355957,32.124305725097656,7.484607219696045,35.858890533447266,27.8903865814209,26.182573318481445,42.385807037353516,29.28590965270996
2010-09-17,85.15177154541016,64.0191879272461,124.54000091552734,73.22471618652344,22.010000228881836,81.4000015258789,20.290000915527344,30.615110397338867,52.53223419189453,32.4111442565918,7.6477508544921875,36.130863189697266,28.423357009887695,26.656076431274414,43.231895446777344,29.136486053466797
2010-09-24,86.9155502319336,65.17147827148438,126.69000244140625,73.24069213867188,21.709999084472656,79.38999938964844,21.010000228881836,31.397916793823242,54.10177993774414,32.88706970214844,7.857327938079834,36.02938461303711,28.3834171295166,27.777786254882812,44.46390151977539,29.495084762573242
2010-10-01,86.75658416748047,66.11605834960938,128.91000366210938,73.22471618652344,22.5,78.08999633789062,21.649999618530273,32.33018112182617,54.80437469482422,32.9139404296875,7.845935821533203,36.45878982543945,28.146799087524414,27.805971145629883,45.681087493896484,29.614622116088867
2010-10-08,88.21753692626953,65.86957550048828,131.66000366210938,73.22471618652344,20.709999084472656,77.31999969482422,22.729999542236328,32.899497985839844,55.9511833190918,33.491485595703125,7.969817638397217,36.6263313293457,28.862045288085938,28.488004684448242,46.400978088378906,30.57089614868164
2010-10-15,89.09564971923828,63.37306213378906,133.67999267578125,73.22471618652344,19.030000686645508,77.04000091552734,23.75,33.24821090698242,56.76689529418945,33.464622497558594,8.134997367858887,36.7121467590332,29.249237060546875,28.944578170776367,46.87598419189453,30.30194854736328
2010-10-22,89.5876693725586,64.0746078491211,129.72999572753906,73.24069213867188,18.780000686645508,77.47000122070312,22.760000228881836,32.75716781616211,56.79109573364258,33.659393310546875,8.174867630004883,36.8837776184082,29.88379669189453,28.91640281677246,46.423255920410156,30.33183479309082
2010-10-29,89.69364166259766,63.4678840637207,132.6199951171875,73.24069213867188,21.200000762939453,77.2699966430664,24.170000076293945,32.82121276855469,56.774932861328125,33.598934173583984,8.233250617980957,37.07992172241211,29.33527183532715,28.803651809692383,46.23029708862305,29.943349838256836
2010-11-05,92.89564514160156,62.12310028076172,136.3800048828125,73.22471618652344,18.260000228881836,76.55000305175781,26.200000762939453,34.50782012939453,59.577362060546875,34.84136199951172,8.516616821289062,37.75908279418945,30.808761596679688,29.739356994628906,48.6572151184082,30.899608612060547
2010-11-12,90.98807525634766,60.74721908569336,133.69000244140625,73.24069213867188,20.610000610351562,78.08000183105469,25.520000457763672,33.02760696411133,58.17211151123047,34.149627685546875,8.341470718383789,36.9487190246582,29.254594802856445,28.786752700805664,46.96505355834961,30.630664825439453
2010-11-19,91.05619812011719,61.24175262451172,132.1999969482422,73.22471618652344,18.040000915527344,78.5,26.739999771118164,33.098758697509766,58.51131820678711,34.082462310791016,8.387031555175781,37.1091194152832,28.59853172302246,28.905126571655273,46.48263931274414,31.34786605834961
2010-11-26,89.92828369140625,61.54611587524414,133.11000061035156,73.24069213867188,22.219999313354492,80.36000061035156,26.1299991607666,31.8818416595459,59.133174896240234,33.58550262451172,8.381339073181152,36.430389404296875,28.937320709228516,27.338117599487305,45.19866943359375,30.690427780151367
2010-12-03,93.02433013916016,60.372520446777344,138.07000732421875,73.24069213867188,18.010000228881836,79.37999725341797,28.600000381469727,33.547096252441406,61.11181640625,34.6868782043457,8.617713928222656,37.02882766723633,29.399803161621094,28.41473388671875,47.27676010131836,31.796123504638672
2010-12-10,94.2279052734375,59.26543426513672,135.41000366210938,73.24069213867188,17.610000610351562,80.06999969482422,27.979999542236328,33.15568542480469,62.791603088378906,35.31816864013672,8.680365562438965,37.01641845703125,29.01797103881836,28.634559631347656,46.824039459228516,31.6168270111084
2010-12-17,94.58647155761719,59.32268142700195,134.1999969482422,73.24069213867188,16.110000610351562,80.37000274658203,28.510000228881836,33.02048110961914,63.00970458984375,35.439056396484375,8.721661567687988,37.05779266357422,28.7921199798584,28.403461456298828,46.60137939453125,32.03519821166992
2010-12-24,95.57572937011719,59.12546920776367,134.66000366210938,73.22471618652344,16.469999313354492,80.5,28.610000610351562,33.42974090576172,63.862911224365234,35.956172943115234,8.771501541137695,37.34355163574219,29.534244537353516,28.76237678527832,46.938819885253906,32.34490203857422
2010-12-31,95.68987274169922,60.0876579284668,138.72000122070312,73.22471618652344,17.75,79.02999877929688,30.18000030517578,34.1868782043457,63.473480224609375,36.0528450012207,8.774786949157715,37.62964630126953,30.102371215820312,28.980812072753906,47.7407341003418,32.8263053894043
2011-01-07,96.74761199951172,58.95770263671875,133.5800018310547,73.22471618652344,17.139999389648438,81.01000213623047,28.100000381469727,33.907005310058594,63.700626373291016,36.505775451660156,8.859075546264648,37.82554244995117,29.912094116210938,28.272375106811523,47.83818054199219,33.036930084228516
2011-01-14,98.39127349853516,58.63206100463867,132.69000244140625,73.22471618652344,15.460000038146973,79.16000366210938,27.739999771118164,34.39496994018555,65.33934783935547,37.11421585083008,9.013368606567383,38.07559585571289,30.265451431274414,29.659727096557617,48.04801940917969,33.54841613769531
2011-01-21,97.68354797363281,58.42779541015625,131.02999877929688,73.22471618652344,18.469999313354492,78.20999908447266,26.829999923706055,33.35444641113281,62.621681213378906,36.992530822753906,8.896220207214355,38.0339241027832,30.15129852294922,29.813236236572266,46.66900634765625,32.946659088134766
2011-01-28,97.18892669677734,58.683143615722656,130.27999877929688,73.22471618652344,20.040000915527344,78.12999725341797,27.299999237060547,32.52919006347656,62.800106048583984,36.796485900878906,8.864789962768555,38.046409606933594,30.67320442199707,29.606603622436523,45.82960891723633,32.85640335083008
2011-02-04,99.79901885986328,56.89726257324219,131.66000366210938,73.24069213867188,15.930000305175781,78.04000091552734,28.399999618530273,33.36880111694336,64.79584503173828,37.76995849609375,9.116235733032227,38.53546142578125,31.015714645385742,30.391796112060547,46.961299896240234,34.15019226074219
2011-02-11,101.29046630859375,57.31375503540039,132.32000732421875,73.22471618652344,15.6899995803833,78.45999908447266,29.209999084472656,32.744476318359375,66.58063507080078,38.33783721923828,9.253382682800293,38.56902313232422,31.81488800048828,30.604305267333984,45.29749298095703,34.090023040771484
2011-02-18,102.37102508544922,57.332881927490234,135.41000366210938,73.22471618652344,16.43000030517578,77.66000366210938,31.790000915527344,33.232452392578125,67.61905670166016,38.87190246582031,9.331960678100586,38.740989685058594,31.929067611694336,31.100210189819336,46.15935516357422,34.902408599853516
2011-02-25,100.69693756103516,59.120399475097656,137.3800048828125,73.24069213867188,19.219999313354492,77.27999877929688,32.560001373291016,32.66554260253906,66.66986083984375,38.270233154296875,9.15052318572998,38.60676193237305,31.755075454711914,30.651519775390625,44.99021530151367,34.360809326171875
2011-03-04,100.80347442626953,58.36625289916992,139.35000610351562,73.24069213867188,19.059999465942383,76.4000015258789,34.689998626708984,33.65583801269531,66.88079833984375,38.2905158996582,9.164809226989746,38.83306121826172,31.434324264526367,30.75780487060547,46.23431396484375,34.42099380493164
2011-03-11,99.5631103515625,58.841796875,138.22000122070312,73.24069213867188,20.079999923706055,76.77999877929688,35.029998779296875,33.03152084350586,65.04733276367188,37.93896484375,9.010509490966797,38.486934661865234,31.445188522338867,30.05527687072754,45.64974594116211,32.525428771972656
2011-03-18,97.64175415039062,60.069427490234375,138.3699951171875,73.25663757324219,24.440000534057617,75.72000122070312,34.27000045776367,32.457427978515625,64.46322631835938,37.36435317993164,8.814784049987793,38.486934661865234,31.053783416748047,29.588890075683594,44.338172912597656,31.201547622680664
2011-03-25,100.34717559814453,59.240291595458984,139.25999450683594,73.22471618652344,17.90999984741211,76.22000122070312,36.38999938964844,33.971588134765625,66.84156799316406,38.18107986450195,9.107735633850098,38.744388580322266,31.219697952270508,30.297327041625977,46.331748962402344,31.081188201904297
2011-04-01,101.7610855102539,59.50248336791992,139.1999969482422,73.22471618652344,17.399999618530273,75.83000183105469,36.86000061035156,35.48573303222656,68.7276382446289,38.77933883666992,9.248116493225098,38.76945495605469,32.06850814819336,31.058883666992188,48.06300354003906,30.990921020507812
2011-04-08,101.53946685791016,58.01150894165039,143.66000366210938,73.22471618652344,17.8700008392334,75.06999969482422,39.86000061035156,35.90913391113281,68.27236938476562,38.77933883666992,9.199413299560547,39.08800506591797,31.509931564331055,31.76732063293457,48.37778854370117,30.028091430664062
2011-04-15,100.9127426147461,59.81227493286133,145.0500030517578,73.24069213867188,15.319999694824219,74.83000183105469,41.84000015258789,35.25611114501953,67.89028930664062,38.48020935058594,9.167900085449219,39.00729751586914,32.293033599853516,31.395383834838867,47.89811706542969,30.178539276123047
2011-04-22,102.2425537109375,59.767086029052734,146.74000549316406,73.22471618652344,14.6899995803833,74.0,45.540000915527344,36.009605407714844,68.65448760986328,38.77933883666992,9.341229438781738,39.24939727783203,32.851600646972656,32.08020782470703,48.75251388549805,30.750213623046875
2011-04-29,104.26783752441406,60.599727630615234,152.3699951171875,73.22471618652344,14.75,72.93000030517578,46.880001068115234,35.880428314208984,70.23162841796875,39.703956604003906,9.495939254760742,39.4362678527832,33.859230041503906,33.219608306884766,48.59513854980469,31.682952880859375
2011-05-06,102.56355285644531,61.623863220214844,145.3000030517578,73.25663757324219,18.399999618530273,74.83999633789062,34.47999954223633,34.62460708618164,67.6951904296875,38.99691390991211,9.346962928771973,39.45038604736328,33.108985900878906,31.643346786499023,47.635807037353516,31.652868270874023
2011-05-13,102.44124603271484,61.63032913208008,145.6300048828125,73.24069213867188,17.06999969482422,75.76000213623047,34.38999938964844,33.670188903808594,67.89028930664062,38.89493179321289,9.359850883483887,39.403404235839844,33.14732360839844,31.277311325073242,46.89385223388672,30.810392379760742
2011-05-20,102.11265563964844,61.785888671875,147.49000549316406,73.24069213867188,17.43000030517578,75.43000030517578,34.18000030517578,33.77783203125,67.36186218261719,38.80654525756836,9.326909065246582,39.54867935180664,33.240413665771484,31.336362838745117,46.90134811401367,30.118364334106445
2011-05-27,102.03620147705078,62.5313720703125,149.6999969482422,73.24069213867188,15.979999542236328,74.94999694824219,37.029998779296875,34.26580810546875,68.00409698486328,38.772544860839844,9.332633972167969,39.38200759887695,33.78803634643555,31.59021759033203,46.848873138427734,30.35907554626465
2011-06-03,99.67465209960938,62.66873550415039,150.22000122070312,73.22471618652344,17.950000762939453,73.77999877929688,35.34000015258789,34.3519172668457,65.75216674804688,37.841148376464844,9.124922752380371,39.078617095947266,33.229461669921875,31.74370574951172,47.02125549316406,30.268802642822266
2011-06-10,97.51941680908203,63.19567108154297,149.24000549316406,73.24069213867188,18.860000610351562,74.79000091552734,35.25,33.34727478027344,63.41089630126953,37.08650207519531,8.885700225830078,38.5411262512207,31.81660270690918,30.480329513549805,45.62726974487305,30.08827781677246
2011-06-17,97.58051300048828,63.03953552246094,149.94000244140625,73.24069213867188,21.850000381469727,74.98999786376953,34.95000076293945,32.85929489135742,63.59785842895508,37.24966049194336,8.842720985412598,38.20571517944336,32.462799072265625,30.33864974975586,44.95272445678711,30.08827781677246
2011-06-24,97.3961410522461,63.091617584228516,146.25999450683594,73.22471618652344,21.100000381469727,75.66999816894531,33.36000061035156,32.97770690917969,64.98805236816406,37.016239166259766,8.891799926757812,38.47233963012695,32.35277557373047,29.695138931274414,45.1357536315918,30.714847564697266
2011-07-01,102.8569564819336,61.1199836730957,144.92999267578125,73.22471618652344,15.869999885559082,74.3499984741211,33.0,34.9056282043457,68.36180114746094,38.88996124267578,9.43065357208252,39.47209548950195,33.761077880859375,31.92081069946289,47.50732421875,31.92887306213379
2011-07-08,103.2256088256836,62.25590515136719,150.25,73.22471618652344,15.949999809265137,75.18000030517578,35.75,34.73893737792969,69.4153060913086,38.794219970703125,9.534112930297852,39.58893585205078,34.66130828857422,31.135631561279297,47.6058235168457,32.1109733581543
2011-07-15,101.14423370361328,62.77812576293945,155.1999969482422,73.24069213867188,19.530000686645508,75.12999725341797,38.2400016784668,33.81845474243164,67.52357482910156,37.939430236816406,9.347309112548828,39.35960388183594,33.893638610839844,29.984418869018555,46.704166412353516,32.35377883911133
2011-07-22,103.36388397216797,62.69978713989258,156.1199951171875,73.24069213867188,17.520000457763672,74.19999694824219,39.06999969482422,34.53599548339844,68.53468322753906,38.623252868652344,9.58152961730957,39.7447395324707,34.89326477050781,31.100210189819336,47.620975494384766,33.0214958190918
2011-07-29,99.33164978027344,63.92048263549805,158.2899932861328,73.24069213867188,25.25,73.9000015258789,38.849998474121094,34.144615173339844,65.02031707763672,36.988887786865234,9.228042602539062,39.40286636352539,33.71138381958008,30.149730682373047,47.219398498535156,32.50554275512695
2011-08-05,92.2271957397461,67.01513671875,161.75,73.24069213867188,32.0,74.5999984741211,37.31999969482422,30.861339569091797,58.16273880004883,34.253536224365234,8.5311279296875,37.818485260009766,29.563739776611328,27.569852828979492,43.33243179321289,30.320297241210938
2011-08-12,90.72179412841797,69.14375305175781,169.97000122070312,73.24069213867188,36.36000061035156,74.61000061035156,38.119998931884766,29.9118709564209,56.907020568847656,33.494483947753906,8.4650239944458,37.174102783203125,30.259611129760742,26.991294860839844,42.07465744018555,29.77398109436035
2011-08-19,86.51289367675781,72.8311767578125,179.9499969482422,73.24069213867188,43.04999923706055,73.98999786376953,41.68000030517578,28.759464263916016,53.22953796386719,32.236202239990234,7.9707159996032715,37.165367126464844,29.38701057434082,25.314685821533203,39.945552825927734,28.62065887451172
2011-08-26,90.60660552978516,71.0562515258789,177.47000122070312,73.24069213867188,35.59000015258789,73.80999755859375,40.40999984741211,29.3682861328125,56.35253143310547,33.576541900634766,8.40467357635498,37.39178466796875,30.336933135986328,26.20020866394043,40.64262771606445,29.10625648498535
2011-09-02,90.51444244384766,73.91156005859375,183.24000549316406,73.24069213867188,33.91999816894531,74.75,42.18000030517578,30.122055053710938,55.82254409790039,33.494483947753906,8.410421371459961,38.123268127441406,30.61859893798828,26.300567626953125,41.45335388183594,29.136615753173828
2011-09-09,89.03209686279297,74.6998519897461,180.6999969482422,73.22471618652344,38.52000045776367,77.19000244140625,40.52000045776367,28.998645782470703,55.03974533081055,32.8790283203125,8.302654266357422,37.6324577331543,30.408721923828125,24.3405818939209,40.468353271484375,28.013647079467773
2011-09-16,93.8160171508789,73.73417663574219,176.02999877929688,73.20872497558594,30.979999542236328,76.58000183105469,39.38999938964844,29.375526428222656,58.317684173583984,34.50654602050781,8.775406837463379,38.07504653930664,31.590618133544922,25.48587989807129,40.68809509277344,29.531169891357422
2011-09-23,87.65533447265625,79.37722778320312,159.8000030517578,73.22471618652344,41.25,78.30000305175781,29.979999542236328,26.005285263061523,53.32133102416992,32.09943771362305,8.212847709655762,37.33887481689453,28.752243041992188,23.821060180664062,36.346519470214844,28.347497940063477
2011-09-30,87.35423278808594,79.35747528076172,158.05999755859375,73.22471618652344,42.959999084472656,78.55000305175781,28.90999984741211,25.43994140625,52.633724212646484,32.42332458496094,8.062949180603027,36.29595184326172,28.367464065551758,24.004072189331055,35.338783264160156,28.71170425415039
2011-10-07,89.33057403564453,77.87306213378906,159.17999267578125,73.22471618652344,36.20000076293945,78.72000122070312,30.229999542236328,26.411165237426758,53.61601638793945,32.912593841552734,8.292126655578613,36.77583694458008,27.820972442626953,24.712495803833008,36.285888671875,28.468894958496094
2011-10-14,94.62667846679688,75.04769134521484,163.39999389648438,73.20872497558594,28.239999771118164,76.62000274658203,31.34000015258789,28.694231033325195,58.23271560668945,34.65609359741211,8.855695724487305,38.12109375,29.577547073364258,26.761064529418945,39.513671875,29.19731903076172
2011-10-21,95.70748901367188,74.50757598876953,159.52000427246094,73.20872497558594,31.31999969482422,76.30000305175781,30.479999542236328,28.165143966674805,58.22453308105469,35.338314056396484,8.86722469329834,38.77827453613281,30.759775161743164,26.77876853942871,38.83174514770508,29.10625648498535
2011-10-28,99.281982421875,73.40771484375,169.6199951171875,73.20872497558594,24.530000686645508,75.08999633789062,34.27000045776367,30.730873107910156,62.23553466796875,36.77859878540039,9.208826065063477,39.748600006103516,32.789608001708984,28.39044952392578,42.15802001953125,30.28993034362793
2011-11-04,96.87325286865234,76.91232299804688,170.85000610351562,73.20872497558594,30.15999984741211,76.91000366210938,33.20000076293945,29.853878021240234,61.064937591552734,35.682865142822266,9.041626930236816,39.3896484375,32.159446716308594,26.613462448120117,41.18058395385742,28.4081974029541
2011-11-11,97.78424835205078,76.36432647705078,173.9600067138672,73.20872497558594,30.040000915527344,76.94000244140625,33.7400016784668,29.563974380493164,60.88486862182617,36.06877136230469,9.087752342224121,39.06132507324219,31.92523765563965,26.62527084350586,40.44562530517578,28.286794662475586
2011-11-18,94.17118835449219,78.80082702636719,167.6199951171875,73.22471618652344,32.0,78.0199966430664,31.399999618530273,27.933202743530273,58.9202995300293,34.711212158203125,8.75335693359375,38.107418060302734,30.88804054260254,25.172977447509766,38.521087646484375,27.801191329956055
2011-11-25,89.81697082519531,79.76483154296875,163.39999389648438,73.22471618652344,34.470001220703125,79.61000061035156,30.200000762939453,26.164730072021484,54.53280258178711,32.99528503417969,8.371399879455566,36.71428680419922,29.192773818969727,23.437326431274414,36.42227554321289,26.82996368408203
2011-12-02,96.39457702636719,78.53179931640625,169.82000732421875,73.20872497558594,27.520000457763672,78.62999725341797,31.649999618530273,28.824684143066406,60.16454315185547,35.531272888183594,8.979649543762207,38.81044006347656,30.904762268066406,25.9050350189209,39.68793869018555,28.317142486572266
2011-12-09,97.31332397460938,77.25423431396484,166.39999389648438,73.19280242919922,26.3799991607666,78.62999725341797,31.329999923706055,28.534774780273438,61.01583480834961,35.91718292236328,9.028656005859375,39.15871047973633,31.41777801513672,26.10575294494629,39.15754699707031,28.529600143432617
2011-12-16,94.46543884277344,80.96768951416016,155.22999572753906,73.20872497558594,24.290000915527344,80.25,28.850000381469727,27.19392967224121,59.149539947509766,35.09711837768555,8.705794334411621,39.05603790283203,31.534894943237305,24.381898880004883,37.72551345825195,27.46733283996582
2011-12-23,98.19464111328125,78.28690338134766,156.30999755859375,73.20872497558594,20.729999542236328,80.01000213623047,28.280000686645508,28.164352416992188,61.321720123291016,36.69677734375,8.978067398071289,39.94011688232422,32.80342483520508,25.648469924926758,38.60533142089844,27.889806747436523
2011-12-30,97.503173828125,80.51809692382812,151.99000549316406,73.19598388671875,23.399999618530273,80.16999816894531,26.940000534057617,27.761898040771484,60.66365432739258,36.453678131103516,8.93466854095459,40.171451568603516,32.70193099975586,25.599040985107422,38.11646270751953,27.981952667236328
2012-01-06,99.22016143798828,78.84471130371094,157.1999969482422,73.17999267578125,20.6299991607666,81.23999786376953,27.90999984741211,27.966779708862305,61.51911163330078,37.03010940551758,9.111162185668945,39.933353424072266,32.611724853515625,25.302453994750977,38.513671875,27.859092712402344
2012-01-13,100.09807586669922,80.27239990234375,159.25999450683594,73.17999267578125,20.90999984741211,81.43000030517578,28.81999969482422,28.74974250793457,62.83523941040039,37.47457504272461,9.186388969421387,39.98727035522461,32.92182540893555,25.413671493530273,39.54487609863281,28.104812622070312
2012-01-20,102.51428985595703,77.68251037597656,162.07000732421875,73.17999267578125,18.280000686645508,80.22000122070312,31.219999313354492,30.279056549072266,64.36520385742188,38.18989562988281,9.386029243469238,40.23879623413086,33.761924743652344,26.859527587890625,41.62256622314453,29.026283264160156
2012-01-27,102.41329956054688,78.41307830810547,168.97000122070312,73.17999267578125,18.530000686645508,78.9000015258789,32.959999084472656,30.996156692504883,65.57433319091797,37.960723876953125,9.498867988586426,40.78684616088867,34.87831115722656,27.254972457885742,42.50863265991211,29.333446502685547
2012-02-03,104.52648162841797,77.59586334228516,167.63999938964844,73.17999267578125,17.100000381469727,78.94000244140625,32.689998626708984,32.1083984375,68.23116302490234,38.73854446411133,9.736125946044922,40.97987365722656,35.701499938964844,28.144739151000977,43.76137161254883,29.702030181884766
2012-02-10,104.38668060302734,77.87545776367188,167.13999938964844,73.19598388671875,20.790000915527344,79.11000061035156,32.5099983215332,31.405925750732422,66.84930419921875,38.59965133666992,9.747695922851562,40.76755142211914,34.97414779663086,27.724565505981445,42.989864349365234,29.57916831970215
2012-02-17,105.97933959960938,77.60253143310547,167.35000610351562,73.17999267578125,17.780000686645508,79.33000183105469,32.279998779296875,32.14497756958008,68.09955596923828,39.23163604736328,9.883685111999512,40.91212844848633,35.154579162597656,28.323915481567383,44.15857696533203,30.62350845336914
2012-02-24,106.38336181640625,78.21492767333984,172.22999572753906,73.19598388671875,17.309999465942383,78.3499984741211,34.369998931884766,32.33522415161133,67.97620391845703,39.19691467285156,9.961806297302246,41.47226333618164,34.7880973815918,28.74407958984375,44.11275100708008,30.930646896362305
2012-03-02,106.67857360839844,78.15962982177734,166.33999633789062,73.17999267578125,17.290000915527344,79.4000015258789,33.7599983215332,32.66449737548828,66.01029205322266,39.30108642578125,9.99507999420166,41.515445709228516,34.54566192626953,28.466026306152344,44.456478118896484,30.562061309814453
2012-03-09,106.88056182861328,77.37242889404297,166.3800048828125,73.19598388671875,17.110000610351562,80.04000091552734,33.220001220703125,32.04253005981445,67.12075805664062,39.30108642578125,10.02401351928711,41.21104049682617,34.607669830322266,28.089120864868164,43.883583068847656,30.96137046813965
2012-03-16,109.47925567626953,74.34339141845703,161.3000030517578,73.17999267578125,14.470000267028809,79.77999877929688,31.59000015258789,32.262054443359375,68.27233123779297,40.33586883544922,10.241011619567871,41.11562728881836,35.62255096435547,29.05921173095703,44.212039947509766,31.022802352905273
2012-03-23,108.97201538085938,75.53099822998047,161.52999877929688,73.19598388671875,14.819999694824219,79.33999633789062,31.239999771118164,31.39129638671875,68.21757507324219,40.044185638427734,10.206295013427734,41.120174407958984,35.4985237121582,28.546356201171875,43.188480377197266,30.6849365234375
2012-03-30,109.87721252441406,74.857177734375,162.1199951171875,73.17999267578125,15.5,78.93000030517578,31.3799991607666,31.427879333496094,68.3248291015625,40.29709243774414,10.295361518859863,41.22013854980469,36.17599868774414,28.478397369384766,43.11207962036133,31.26852035522461
2012-04-06,109.08126068115234,75.5260238647461,158.30999755859375,73.17999267578125,16.700000762939453,80.06999969482422,30.719999313354492,31.274211883544922,67.31002044677734,39.78009796142578,10.29101276397705,41.002994537353516,35.755409240722656,27.31675910949707,43.119728088378906,30.1934757232666
2012-04-13,107.013427734375,78.15483093261719,160.85000610351562,73.16400909423828,19.549999237060547,79.87999725341797,30.549999237060547,30.849807739257812,65.62684631347656,38.94873046875,10.116931915283203,41.07156753540039,35.39167022705078,26.754493713378906,42.62321853637695,29.855609893798828
2012-04-20,107.64547729492188,78.30867767333984,159.5399932861328,73.17999267578125,17.440000534057617,79.18000030517578,30.75,30.974210739135742,66.17962646484375,39.38886260986328,10.116931915283203,41.286407470703125,36.37492752075195,27.557743072509766,42.81418228149414,29.91703987121582
2012-04-27,109.54947662353516,78.4558334350586,161.3800048828125,73.17999267578125,16.31999969482422,78.69999694824219,30.3700008392334,30.959571838378906,67.97006225585938,40.06653594970703,10.324380874633789,41.60641860961914,37.30703353881836,27.940828323364258,42.93640899658203,29.978469848632812
2012-05-04,106.90416717529297,79.21549224853516,159.47000122070312,73.17999267578125,19.15999984741211,79.47000122070312,29.40999984741211,30.26442527770996,65.25555419921875,39.235172271728516,10.016837120056152,41.77096176147461,37.09674072265625,26.964553833007812,42.42461395263672,28.99557113647461
2012-05-11,105.8195571899414,80.12743377685547,153.55999755859375,73.19598388671875,19.889999389648438,80.27999877929688,28.079999923706055,29.247318267822266,65.0987777709961,38.89982604980469,9.905134201049805,41.74335479736328,37.278621673583984,26.414640426635742,40.88926696777344,28.442689895629883
2012-05-18,101.23906707763672,83.27891540527344,154.5500030517578,73.19598388671875,25.100000381469727,81.29000091552734,27.790000915527344,27.286272048950195,61.62520217895508,37.23708724975586,9.442374229431152,40.26321029663086,34.726680755615234,24.771066665649414,38.42964172363281,27.30621337890625
2012-05-25,103.08063507080078,82.74243927001953,152.67999267578125,73.19598388671875,21.760000228881836,82.4000015258789,27.6200008392334,27.183837890625,63.192832946777344,37.754066467285156,9.673030853271484,40.51603698730469,35.61900329589844,24.85757064819336,38.11646270751953,27.060489654541016
2012-06-01,100.0061264038086,87.58987426757812,157.5,73.19598388671875,26.65999984741211,82.88999938964844,27.6200008392334,26.84723472595215,60.90736770629883,36.67817306518555,9.3480806350708,39.9953498840332,34.66416549682617,23.875131607055664,37.78036880493164,26.569032669067383
2012-06-08,103.86093139648438,84.12947082519531,154.72999572753906,73.17999267578125,21.229999542236328,82.51000213623047,27.75,27.75458335876465,63.506378173828125,38.040496826171875,9.696242332458496,41.02217483520508,36.16462707519531,25.11090660095215,38.91850662231445,27.214061737060547
2012-06-15,105.21476745605469,84.92908477783203,157.83999633789062,73.17999267578125,21.110000610351562,81.58999633789062,27.809999465942383,28.53022003173828,63.71263122558594,38.69023895263672,9.752814292907715,41.29970169067383,36.24420166015625,25.648469924926758,40.04902267456055,27.859092712402344
2012-06-22,104.68145751953125,84.0018310546875,152.63999938964844,73.17999267578125,18.110000610351562,82.22000122070312,26.149999618530273,27.98310661315918,63.9354133605957,38.43873596191406,9.722352981567383,41.70674514770508,36.085060119628906,25.697900772094727,39.50944900512695,28.096548080444336
2012-06-29,106.75215911865234,84.12278747558594,155.19000244140625,73.16400909423828,17.079999923706055,81.6500015258789,26.649999618530273,28.975358963012695,65.96937561035156,39.359031677246094,9.896832466125488,42.22478485107422,37.494171142578125,26.464078903198242,40.5737190246582,29.181949615478516
2012-07-06,106.27369689941406,85.5563735961914,153.7100067138672,73.16400909423828,17.100000381469727,83.29000091552734,26.299999237060547,28.70878791809082,66.7737045288086,39.04945373535156,9.885187149047852,42.372703552246094,37.98699951171875,25.93269920349121,40.45805358886719,28.96487045288086
2012-07-13,106.4776611328125,86.97708892822266,154.13999938964844,73.17999267578125,16.739999771118164,83.30000305175781,26.440000534057617,28.50144386291504,66.14347839355469,39.246463775634766,9.842989921569824,42.372703552246094,38.239131927490234,26.08098602294922,40.08015441894531,28.40665626525879
2012-07-20,107.04237365722656,87.57642364501953,153.6699981689453,73.16400909423828,16.270000457763672,83.47000122070312,26.479999542236328,28.57549285888672,65.44701385498047,39.3238410949707,9.927392959594727,42.49364471435547,37.84946823120117,25.945053100585938,40.05701446533203,27.786422729492188
2012-07-27,108.77583312988281,86.51251220703125,157.5399932861328,73.19598388671875,16.700000762939453,82.70999908447266,26.959999084472656,29.271556854248047,65.77039337158203,39.964134216308594,10.083094596862793,42.7587890625,38.12452697753906,26.797731399536133,40.75882339477539,28.065534591674805
2012-08-03,109.3013916015625,85.97978210449219,155.5500030517578,73.17999267578125,15.640000343322754,82.37999725341797,26.959999084472656,29.5677547454834,65.181640625,40.097808837890625,10.123842239379883,42.892669677734375,38.46834945678711,27.242624282836914,41.360374450683594,27.972492218017578
2012-08-10,110.4700698852539,84.81913757324219,157.17999267578125,73.16400909423828,14.739999771118164,82.55000305175781,27.260000228881836,30.160137176513672,66.26789093017578,40.56218338012695,10.247532844543457,42.775718688964844,37.64889144897461,27.65660285949707,42.13929748535156,28.62373924255371
2012-08-17,111.52111053466797,82.05255126953125,156.72000122070312,73.16400909423828,13.449999809265137,82.5999984741211,27.229999542236328,29.96761703491211,67.75210571289062,40.70993423461914,10.420707702636719,42.81782913208008,38.00990676879883,27.95319938659668,41.86936950683594,28.96487045288086
2012-08-24,110.99559783935547,84.21858215332031,161.97000122070312,73.16400909423828,15.180000305175781,81.58999633789062,29.739999771118164,29.656614303588867,66.94782257080078,40.50587463378906,10.3814115524292,43.103153228759766,37.96979904174805,27.817245483398438,41.6071662902832,28.8408203125
2012-08-31,110.72102355957031,86.18214416503906,164.22000122070312,73.16400909423828,17.469999313354492,81.25,30.790000915527344,29.08643341064453,67.26287078857422,40.41442108154297,10.358128547668457,43.18735885620117,38.239131927490234,27.79253387451172,40.951629638671875,28.096548080444336
2012-09-07,113.20746612548828,83.87091827392578,168.44000244140625,73.16400909423828,14.380000114440918,80.25,32.63999938964844,30.09349822998047,69.86648559570312,41.420555114746094,10.588051795959473,43.52033615112305,38.817901611328125,28.97270393371582,41.88480758666992,28.12755012512207
2012-09-14,115.49000549316406,79.99618530273438,171.8000030517578,73.16400909423828,14.510000228881836,78.8499984741211,33.599998474121094,31.37453842163086,71.64095306396484,42.26486587524414,10.788871765136719,44.15530014038086,39.40240478515625,29.99221420288086,43.85911560058594,29.337005615234375
2012-09-21,115.0262222290039,82.19386291503906,171.9600067138672,73.16400909423828,13.979999542236328,79.33000183105469,33.47999954223633,30.937650680541992,70.89468383789062,42.053794860839844,10.740849494934082,43.81197738647461,38.13025665283203,29.66473960876465,43.44266128540039,29.026885986328125
2012-09-28,113.52793884277344,83.99935913085938,171.88999938964844,73.16400909423828,15.729999542236328,79.94000244140625,33.47999954223633,30.604434967041016,69.45626068115234,41.5849723815918,10.571186065673828,43.412200927734375,37.52666091918945,28.607894897460938,43.38867950439453,28.43766975402832
2012-10-05,115.2391357421875,82.09521484375,172.6199951171875,73.16400909423828,14.329999923706055,79.33999633789062,33.45000076293945,31.063539505004883,70.01399993896484,42.37105178833008,10.686532020568848,43.71712112426758,37.64216613769531,29.46120262145996,44.1676025390625,28.43766975402832
2012-10-12,112.67634582519531,84.0060806274414,170.05999755859375,73.16400909423828,16.139999389648438,79.69000244140625,32.45000076293945,30.560009002685547,68.34086608886719,41.49998474121094,10.44415283203125,43.74077606201172,37.411128997802734,28.917619705200195,43.22671127319336,27.786422729492188
2012-10-19,113.070556640625,82.49502563476562,166.97000122070312,73.16400909423828,17.059999465942383,79.63999938964844,31.100000381469727,30.73031234741211,68.13277435302734,42.03821563720703,10.375526428222656,43.95354461669922,37.85588836669922,29.44856834411621,43.33469009399414,28.344633102416992
2012-10-26,111.46192932128906,83.10491180419922,165.92999267578125,73.16400909423828,17.809999465942383,80.06999969482422,31.079999923706055,30.515581130981445,67.5417251586914,41.33710861206055,10.247041702270508,43.726600646972656,36.8277587890625,29.075626373291016,43.48893737792969,28.28261375427246
2012-11-02,111.62753295898438,82.84736633300781,162.60000610351562,73.17999267578125,17.59000015258789,80.58999633789062,29.950000762939453,30.804380416870117,67.58338928222656,41.45750045776367,10.271862983703613,43.69349670410156,37.61330032348633,29.119876861572266,43.91309356689453,28.158552169799805
2012-11-09,108.9464340209961,85.3681640625,167.82000732421875,73.17999267578125,18.610000610351562,81.02999877929688,31.540000915527344,30.360076904296875,66.07669830322266,40.39522933959961,10.061605453491211,43.21119689941406,36.81620407104492,28.468849182128906,43.58918762207031,27.75541114807129
2012-11-16,107.53491973876953,85.63246154785156,165.8800048828125,73.17999267578125,16.40999984741211,81.26000213623047,31.209999084472656,29.92319107055664,64.49510955810547,39.71534729003906,9.953556060791016,42.99372482299805,36.0653190612793,27.937898635864258,42.871952056884766,28.096548080444336
2012-11-23,111.46192932128906,84.16878509521484,169.61000061035156,73.16400909423828,15.140000343322754,80.19000244140625,32.97999954223633,30.82658576965332,66.98403930664062,41.0255126953125,10.353629112243652,43.6745719909668,36.9894905090332,29.543376922607422,44.31412887573242,28.809803009033203
2012-11-30,112.0927963256836,84.56182098388672,166.0500030517578,73.16400909423828,15.869999885559082,80.1500015258789,32.36000061035156,30.945058822631836,68.32422637939453,41.1175651550293,10.447073936462402,43.99610137939453,37.08768081665039,29.834136962890625,44.88483810424805,28.93385124206543
2012-12-07,112.29779815673828,84.48369598388672,165.16000366210938,73.16400909423828,15.899999618530273,80.41999816894531,32.029998779296875,31.68555450439453,68.40745544433594,41.59914016723633,10.384291648864746,44.30458450317383,37.66527557373047,30.03639793395996,45.702327728271484,29.088912963867188
2012-12-14,112.0533218383789,83.9201889038086,164.1300048828125,73.16400909423828,17.0,79.5999984741211,31.170000076293945,32.12244415283203,68.5572738647461,41.62746047973633,10.333183288574219,44.32834243774414,37.341819763183594,30.542062759399414,46.14963150024414,29.119918823242188
2012-12-21,113.39601135253906,83.00353240966797,160.3300018310547,73.16400909423828,17.84000015258789,79.62000274658203,29.0,32.235191345214844,70.68760681152344,42.172767639160156,10.473357200622559,44.50423049926758,38.30642318725586,30.863880157470703,45.89373779296875,30.530607223510742
2012-12-28,111.20419311523438,83.90750885009766,160.5399932861328,73.17999267578125,22.719999313354492,79.68000030517578,29.100000381469727,32.5660514831543,69.29381561279297,41.330169677734375,10.259214401245117,44.42143630981445,38.06496810913086,30.51982307434082,46.391807556152344,30.311187744140625
2013-01-04,116.23906707763672,80.56646728515625,160.44000244140625,73.17999267578125,13.829999923706055,80.5,29.239999771118164,33.52738571166992,73.2484359741211,43.272438049316406,10.732147216796875,44.92327117919922,39.123138427734375,31.3863468170166,47.699275970458984,30.906757354736328
2013-01-11,116.79492950439453,81.55317687988281,161.05999755859375,73.14805603027344,13.359999656677246,79.55999755859375,29.479999542236328,33.13987350463867,73.3324203491211,43.45808029174805,10.801182746887207,45.171783447265625,39.26345443725586,31.889711380004883,47.32571029663086,30.969444274902344
2013-01-18,117.79560089111328,81.68243408203125,163.08999633789062,73.14805603027344,12.460000038146973,80.05000305175781,30.809999465942383,33.370887756347656,74.36514282226562,43.96508026123047,10.867274284362793,45.26737594604492,39.807159423828125,31.870594024658203,47.520286560058594,30.93810272216797
2013-01-25,119.32039642333984,80.314697265625,160.64999389648438,73.14805603027344,12.890000343322754,79.75,30.209999084472656,32.90885543823242,75.51546478271484,44.672000885009766,10.978901863098145,45.32948684692383,40.309940338134766,32.57146072387695,46.88988494873047,30.93810272216797
2013-02-01,120.10660552978516,78.7950668334961,161.4499969482422,73.14805603027344,12.899999618530273,79.12999725341797,30.780000686645508,33.1696662902832,75.87646484375,45.08616256713867,11.020024299621582,44.91404342651367,40.14038848876953,32.788089752197266,47.317935943603516,31.15751838684082
2013-02-08,120.55133056640625,79.87252044677734,161.57000732421875,73.16400909423828,13.020000457763672,80.25,30.43000030517578,32.67782974243164,76.23750305175781,45.171844482421875,11.091995239257812,44.68338394165039,40.292381286621094,31.9024600982666,46.79650115966797,31.47097396850586
2013-02-15,120.79744720458984,79.44969940185547,155.75999450683594,73.14805603027344,12.460000038146973,80.58000183105469,28.829999923706055,32.782161712646484,77.02677154541016,45.40034866333008,11.072898864746094,44.88520431518555,40.479461669921875,31.82598304748535,47.185630798339844,31.063480377197266
2013-02-22,120.62278747558594,79.81117248535156,152.97000122070312,73.16400909423828,14.170000076293945,81.4800033569336,27.829999923706055,32.25305938720703,76.43061828613281,45.37892532348633,11.00974178314209,45.04375076293945,40.6373176574707,31.75591278076172,46.65641403198242,31.753080368041992
2013-03-01,120.79744720458984,81.26054382324219,152.44000244140625,73.16400909423828,15.359999656677246,82.30999755859375,27.6200008392334,32.27541732788086,76.31309509277344,45.428924560546875,11.04940128326416,45.27292251586914,40.5262451171875,31.265296936035156,46.79650115966797,32.31730651855469
2013-03-08,123.44194030761719,78.42433166503906,152.7100067138672,73.14805603027344,12.59000015258789,82.69999694824219,28.010000228881836,32.88648986816406,78.6976089477539,46.4428825378418,11.293208122253418,45.46132278442383,40.906253814697266,31.985286712646484,47.24788284301758,32.8188362121582
2013-03-15,124.30208587646484,79.11457061767578,154.0,73.16400909423828,11.300000190734863,82.26000213623047,27.799999237060547,31.87299346923828,79.55402374267578,46.914180755615234,11.335805892944336,45.59174728393555,41.18103790283203,32.322975158691406,45.83925247192383,33.351707458496094
2013-03-22,124.11865997314453,80.18758392333984,155.5500030517578,73.16400909423828,13.569999694824219,82.52999877929688,27.75,31.269371032714844,79.0586166381836,46.74264144897461,11.323861122131348,45.55791473388672,40.974552154541016,31.883663177490234,45.22441864013672,33.759212493896484
2013-03-29,124.97212982177734,80.48149108886719,154.4499969482422,73.16400909423828,12.699999809265137,82.98999786376953,27.420000076293945,31.87299346923828,79.50826263427734,47.073081970214844,11.41814136505127,45.5772819519043,41.55188751220703,31.454710006713867,45.97933578491211,33.85324478149414
2013-04-05,123.7677001953125,84.12187194824219,152.80999755859375,73.16400909423828,13.920000076293945,82.5,26.389999389648438,31.008544921875,77.23490142822266,46.74981689453125,11.267881393432617,45.653987884521484,42.565208435058594,31.281856536865234,44.741905212402344,34.354774475097656
2013-04-12,126.67121124267578,83.51222229003906,143.9499969482422,73.16400909423828,12.0600004196167,82.30999755859375,25.280000686645508,31.209749221801758,78.84308624267578,47.73395538330078,11.562508583068848,46.00846481323242,43.53728485107422,32.10774230957031,44.81195068359375,35.60859680175781
2013-04-19,124.02288055419922,84.12870025634766,135.47000122070312,73.16400909423828,14.970000267028809,82.70999908447266,22.399999618530273,31.03089714050293,76.29188537597656,46.979705810546875,11.238421440124512,45.862815856933594,43.47837448120117,31.16659927368164,45.39564895629883,35.54591369628906
2013-04-26,126.22450256347656,84.5121841430664,140.91000366210938,73.14805603027344,13.609999656677246,82.4800033569336,23.100000381469727,31.478036880493164,78.22000885009766,47.820159912109375,11.444662094116211,46.30950927734375,43.46658706665039,32.38304901123047,46.002689361572266,36.17281723022461
2013-05-03,128.7212677001953,83.00341033935547,142.08999633789062,73.14805603027344,12.850000381469727,82.0999984741211,23.290000915527344,32.431915283203125,79.78607940673828,48.437931060791016,11.770217895507812,46.824649810791016,44.462223052978516,33.2409553527832,47.029972076416016,36.925106048583984
2013-05-10,130.3485107421875,81.507080078125,139.60000610351562,73.14805603027344,12.59000015258789,83.13999938964844,22.979999542236328,32.46916961669922,81.52899932861328,48.94076156616211,11.961719512939453,46.60506057739258,44.833396911621094,33.503448486328125,47.40353012084961,36.862422943115234
2013-05-17,133.164306640625,80.34710693359375,131.07000732421875,73.16400909423828,12.449999809265137,84.27999877929688,21.399999618530273,32.35738754272461,83.398193359375,50.1978759765625,12.129661560058594,46.58066940307617,45.67585754394531,33.618709564208984,47.364627838134766,37.95951461791992
2013-05-24,131.86412048339844,80.16866302490234,133.75999450683594,73.16400909423828,13.989999771118164,83.69999694824219,21.610000610351562,31.500391006469727,82.41307067871094,49.83869934082031,11.946990966796875,46.214698791503906,43.967369079589844,33.29218673706055,46.06493377685547,35.76532745361328
2013-05-31,130.38043212890625,78.55570220947266,133.9199981689453,73.16400909423828,16.299999237060547,83.37999725341797,21.440000534057617,30.703001022338867,82.3457260131836,49.357418060302734,11.804099082946777,45.34123229980469,41.699180603027344,32.88883590698242,45.247779846191406,33.9786262512207
2013-06-07,131.4573211669922,77.85736083984375,133.27999877929688,73.16400909423828,15.140000343322754,81.69000244140625,20.860000610351562,30.322940826416016,82.68248748779297,49.83869934082031,11.845346450805664,45.29169464111328,41.675594329833984,33.08729553222656,44.741905212402344,34.48015213012695
2013-06-14,130.16506958007812,78.31141662597656,134.42999267578125,73.14805603027344,17.149999618530273,80.66999816894531,21.329999923706055,29.294544219970703,82.26993560791016,49.45079803466797,11.715710639953613,45.52223205566406,41.345699310302734,32.82481002807617,43.37996292114258,34.04130935668945
2013-06-21,127.55799865722656,74.58233642578125,125.05000305175781,73.16400909423828,18.899999618530273,82.31999969482422,19.389999389648438,27.878631591796875,80.8049087524414,48.49540328979492,11.452024459838867,44.21754837036133,39.242469787597656,31.333049774169922,41.535491943359375,34.88764572143555
2013-06-28,128.64048767089844,75.98595428466797,119.11000061035156,73.14805603027344,16.860000610351562,83.16999816894531,18.969999313354492,29.067829132080078,81.67212677001953,48.850162506103516,11.550756454467773,44.57558822631836,40.87274932861328,31.424467086791992,43.0355224609375,35.321922302246094
2013-07-05,130.7255096435547,73.27719116210938,118.08999633789062,73.16400909423828,14.890000343322754,84.41999816894531,18.209999084472656,28.1920223236084,84.28787231445312,49.60881423950195,11.796104431152344,44.30438995361328,40.93815994262695,31.594215393066406,42.2497673034668,36.51819610595703
2013-07-12,134.32595825195312,74.2839584350586,124.12999725341797,73.13208770751953,13.84000015258789,82.98999786376953,19.209999084472656,29.40003204345703,86.83334350585938,51.03940963745117,12.140484809875488,45.640682220458984,42.3239860534668,32.80863571166992,43.954856872558594,37.33671951293945
2013-07-19,135.65716552734375,75.30460357666016,125.11000061035156,73.14805603027344,12.539999961853027,82.58000183105469,18.8799991607666,29.656736373901367,88.2117919921875,51.682464599609375,12.18334674835205,46.3014030456543,43.019866943359375,33.44847869873047,43.899845123291016,37.62004852294922
2013-07-26,135.6090545654297,74.5736312866211,128.77999877929688,73.13208770751953,12.720000267028809,81.62000274658203,19.31999969482422,30.072002410888672,88.05110931396484,51.64634323120117,12.209954261779785,45.74913024902344,42.36561584472656,33.83370590209961,44.795589447021484,35.825618743896484
2013-08-02,137.0845184326172,73.64107513427734,126.36000061035156,73.14805603027344,11.979999542236328,81.91000366210938,19.1200008392334,29.98139190673828,88.93060302734375,52.11598587036133,12.390271186828613,45.69070053100586,40.878692626953125,34.31686019897461,44.607025146484375,36.864498138427734
2013-08-09,135.7694091796875,74.15265655517578,126.86000061035156,73.14805603027344,13.40999984741211,81.12999725341797,19.760000228881836,29.717144012451172,87.98345184326172,51.624671936035156,12.27646541595459,45.37358474731445,40.97384262084961,34.66288757324219,43.78984451293945,36.14043426513672
2013-08-16,132.97879028320312,71.46336364746094,132.5800018310547,73.14805603027344,14.369999885559082,81.26000213623047,22.34000015258789,29.671842575073242,85.98765563964844,50.49030303955078,12.039979934692383,44.85824966430664,38.27357864379883,34.66288757324219,44.19057846069336,35.73118209838867
2013-08-23,133.6123046875,72.09941101074219,134.89999389648438,73.14805603027344,13.979999542236328,81.33999633789062,23.149999618530273,29.181079864501953,87.24771881103516,50.649261474609375,12.147876739501953,45.23978042602539,39.17170333862305,34.71511459350586,43.051239013671875,35.63673782348633
2013-08-30,131.230712890625,73.27465057373047,134.6199951171875,73.14805603027344,17.010000228881836,82.08999633789062,22.600000381469727,28.7054386138916,84.88829803466797,49.587127685546875,11.969036102294922,45.26454162597656,38.3628044128418,33.32443618774414,42.94124221801758,34.2200813293457
2013-09-06,133.14723205566406,71.43016815185547,134.14999389648438,73.14805603027344,15.850000381469727,82.1500015258789,22.969999313354492,30.185251235961914,86.58807373046875,50.06402587890625,12.218819618225098,45.11509704589844,38.54124069213867,34.19932174682617,44.88203048706055,35.63673782348633
2013-09-13,135.78541564941406,71.77674865722656,127.81999969482422,73.14805603027344,14.15999984741211,81.44999694824219,21.420000076293945,31.076160430908203,88.63463592529297,51.15502166748047,12.470085144042969,45.359214782714844,39.48692321777344,35.23091506958008,45.950653076171875,36.51819610595703
2013-09-20,137.56741333007812,72.72638702392578,127.95999908447266,73.13208770751953,13.119999885559082,80.44000244140625,21.0,31.770761489868164,90.13990783691406,51.68970489501953,12.675531387329102,46.00675964355469,40.498043060302734,35.99481964111328,46.97212600708008,37.46263885498047
2013-09-27,136.10885620117188,73.8631820678711,128.97000122070312,73.13208770751953,15.460000038146973,80.2699966430664,20.959999084472656,31.129003524780273,90.37139892578125,51.026161193847656,12.608509063720703,45.74774169921875,40.12470245361328,35.92534637451172,46.280670166015625,37.840415954589844
2013-10-04,136.0927276611328,73.46589660644531,126.52999877929688,73.14805603027344,16.739999771118164,80.12000274658203,20.93000030517578,31.793407440185547,90.74445343017578,50.968017578125,12.626299858093262,45.94606399536133,39.55448913574219,35.7484245300293,47.17641067504883,36.95893859863281
2013-10-11,137.19671630859375,73.29212951660156,122.5999984741211,73.10018157958984,15.720000267028809,80.36000061035156,20.520000457763672,32.33701705932617,91.30406951904297,51.60757064819336,12.645578384399414,46.141265869140625,40.712921142578125,36.0367431640625,47.91502380371094,37.58858108520508
2013-10-18,140.52471923828125,74.3902587890625,126.8499984741211,73.13208770751953,13.039999961853027,79.63999938964844,21.110000610351562,32.699424743652344,93.85633850097656,52.755863189697266,12.998492240905762,46.76198959350586,41.93136978149414,37.07217788696289,48.300045013427734,38.029300689697266
2013-10-25,141.78176879882812,75.25895690917969,130.4600067138672,73.13208770751953,13.09000015258789,79.18000030517578,21.709999084472656,32.2766227722168,94.18700408935547,53.10471725463867,13.124529838562012,46.86711883544922,42.64562225341797,37.661983489990234,47.30999755859375,37.27375793457031
2013-11-01,141.99131774902344,73.99752044677734,126.94999694824219,73.11613464355469,13.279999732971191,80.7300033569336,21.079999923706055,32.07276153564453,92.1859130859375,53.213722229003906,13.109701156616211,46.686492919921875,41.70927810668945,36.973880767822266,47.522151947021484,37.08486557006836
2013-11-08,142.8615264892578,72.06024932861328,124.27999877929688,73.11613464355469,12.899999618530273,81.20999908447266,20.690000534057617,31.076160430908203,92.61835479736328,53.831478118896484,13.045940399169922,46.72673416137695,39.98664855957031,36.81660842895508,46.3592414855957,36.89598846435547
2013-11-15,145.0856170654297,72.98013305664062,124.31999969482422,73.11613464355469,12.1899995803833,80.83999633789062,20.0,31.89912223815918,93.97502899169922,54.580055236816406,13.308404922485352,46.86759948730469,40.53886032104492,37.163936614990234,47.372867584228516,38.43855667114258
2013-11-22,145.69798278808594,72.40869903564453,119.91999816894531,73.11613464355469,12.260000228881836,80.70999908447266,19.1299991607666,31.74810791015625,94.83991241455078,54.914337158203125,13.309885025024414,46.86255645751953,39.66852569580078,37.32121276855469,47.3414192199707,38.28115463256836
2013-11-29,145.8511199951172,72.78499603271484,120.69999694824219,73.10018157958984,13.699999809265137,80.68000030517578,19.239999771118164,31.974620819091797,96.24746704101562,54.73268127441406,13.391444206237793,46.98831558227539,39.31440734863281,37.589908599853516,48.03288650512695,37.966339111328125
2013-12-06,145.802734375,71.93229675292969,118.55000305175781,73.13208770751953,13.789999961853027,80.2699966430664,18.760000228881836,31.665061950683594,95.3741226196289,54.681793212890625,13.41664981842041,46.93271255493164,39.57250213623047,37.052520751953125,47.80501937866211,37.58858108520508
2013-12-13,143.52230834960938,72.1349868774414,119.37999725341797,73.13208770751953,15.760000228881836,80.20999908447266,18.950000762939453,30.917613983154297,93.44086456298828,53.77333068847656,13.23129653930664,46.95293426513672,38.63015365600586,36.27923583984375,46.70496368408203,37.11635208129883
2013-12-20,147.09661865234375,72.86189270019531,115.94000244140625,73.11613464355469,13.789999961853027,80.58000183105469,18.6200008392334,30.83898162841797,96.60359191894531,55.0597038269043,13.590141296386719,47.0590705871582,39.32640838623047,37.41832733154297,46.5351676940918,37.4603385925293
2013-12-27,148.95191955566406,71.3891372680664,117.12000274658203,73.13208770751953,12.460000038146973,80.38999938964844,19.270000457763672,31.46369171142578,98.02252197265625,55.71120834350586,13.764931678771973,47.1082763671875,39.55561447143555,38.398887634277344,47.149742126464844,38.09473419189453
2014-01-03,148.17417907714844,71.64153289794922,119.29000091552734,73.11613464355469,13.760000228881836,80.79000091552734,19.420000076293945,30.564720153808594,97.62248229980469,55.41862106323242,13.689019203186035,47.24542999267578,39.57999801635742,37.87899398803711,46.02354431152344,38.09473419189453
2014-01-10,149.1868896484375,73.21222686767578,120.26000213623047,73.11613464355469,12.140000343322754,80.66000366210938,19.3799991607666,30.67900848388672,98.32893371582031,55.79167938232422,13.788743019104004,47.52989196777344,40.3054084777832,38.55681228637695,46.324913024902344,38.3167610168457
2014-01-17,148.78182983398438,73.96250915527344,120.93000030517578,73.10018157958984,12.4399995803833,81.26000213623047,19.510000228881836,30.313322067260742,98.67793273925781,55.550289154052734,13.81107234954834,47.636573791503906,40.469970703125,38.62260818481445,46.14250564575195,38.22160720825195
2014-01-24,144.93344116210938,75.36489868164062,122.29000091552734,73.10018157958984,18.139999389648438,80.45999908447266,19.15999984741211,29.132474899291992,96.56696319580078,54.0068244934082,13.497013092041016,47.25051498413086,40.402931213378906,37.63551330566406,44.41355514526367,37.047996520996094
2014-01-31,144.3582305908203,75.92587280273438,120.08999633789062,73.10018157958984,18.40999984741211,81.2699966430664,18.450000762939453,29.09438705444336,95.46894836425781,53.81660842895508,13.427059173583984,47.36733627319336,41.03689193725586,36.92477035522461,44.35803985595703,35.93782424926758
2014-02-07,145.57350158691406,75.07241821289062,122.16999816894531,73.11613464355469,15.289999961853027,80.69000244140625,19.270000457763672,29.50577735900879,94.26878356933594,54.04337692260742,13.63245964050293,47.68998718261719,41.39654541015625,37.93821716308594,44.65148162841797,36.28673553466797
2014-02-14,149.08969116210938,74.92475891113281,127.1500015258789,73.11613464355469,13.569999694824219,80.12999725341797,20.649999618530273,30.214282989501953,97.08619689941406,55.30888748168945,13.976287841796875,47.94013595581055,42.298709869384766,38.92534255981445,45.85699462890625,36.09641647338867
2014-02-21,148.98434448242188,74.98806762695312,127.58000183105469,73.10018157958984,14.680000305175781,80.23999786376953,20.969999313354492,30.0390625,98.44813537597656,55.301570892333984,13.989683151245117,48.07284164428711,42.49378967285156,39.19515609741211,45.785606384277344,36.50876235961914
2014-02-28,150.92880249023438,76.32378387451172,127.62000274658203,73.11613464355469,14.0,79.77999877929688,20.350000381469727,30.077159881591797,100.03128814697266,55.95261001586914,14.180198669433594,48.46082305908203,43.115562438964844,39.636070251464844,46.11872482299805,36.825958251953125
2014-03-07,152.52481079101562,74.6205062866211,129.08999633789062,73.10018157958984,14.109999656677246,79.72000122070312,20.079999923706055,30.107627868652344,101.88689422607422,56.69874572753906,14.268014907836914,48.24689865112305,42.87173080444336,39.543922424316406,46.29319763183594,36.92112731933594
2014-03-14,149.6082000732422,76.473876953125,133.10000610351562,73.10018157958984,17.81999969482422,79.44000244140625,20.6200008392334,29.254383087158203,100.04832458496094,55.69658279418945,13.977777481079102,48.118675231933594,42.95097732543945,38.16854476928711,44.992515563964844,35.01795959472656
2014-03-21,151.5216827392578,76.2695541381836,128.47000122070312,73.11613464355469,15.0,80.11000061035156,19.520000457763672,29.69624137878418,100.95909118652344,56.713375091552734,14.056659698486328,48.21610641479492,42.816871643066406,38.33964157104492,45.08768844604492,34.51046371459961
2014-03-28,150.94390869140625,77.07281494140625,124.55999755859375,73.10018157958984,14.40999984741211,80.18000030517578,19.059999465942383,31.037063598632812,97.53316497802734,56.919952392578125,13.841291427612305,48.349510192871094,42.96780014038086,39.152931213378906,46.70561218261719,35.93782424926758
2014-04-04,151.68438720703125,76.62822723388672,125.56999969482422,73.10018157958984,13.960000038146973,80.41999816894531,19.15999984741211,31.46369171142578,97.70384216308594,57.405433654785156,13.83830451965332,48.59397888183594,43.6181526184082,39.46696472167969,47.3083610534668,36.001258850097656
2014-04-11,147.7051239013672,78.23198699951172,126.93000030517578,73.10018157958984,17.030000686645508,79.44999694824219,19.190000534057617,31.86745834350586,94.22203826904297,55.97102355957031,13.432265281677246,48.33623123168945,43.23775863647461,38.892364501953125,48.117332458496094,34.2567138671875
2014-04-18,151.67628479003906,77.75161743164062,124.75,73.11613464355469,13.359999656677246,79.83000183105469,18.8799991607666,32.00458526611328,96.36405944824219,57.383365631103516,13.823381423950195,48.511505126953125,44.03538131713867,39.58054733276367,48.275943756103516,35.4620361328125
2014-04-25,151.5948486328125,78.65593719482422,125.43000030517578,73.10018157958984,14.0600004196167,79.7699966430664,18.940000534057617,31.09800910949707,95.24610900878906,57.36130905151367,13.7965087890625,48.57334899902344,44.21946334838867,39.68076705932617,47.141815185546875,34.95453643798828
2014-05-02,153.0352325439453,79.82417297363281,125.05999755859375,73.10018157958984,12.90999984741211,79.5199966430664,18.690000534057617,31.699861526489258,95.60453033447266,57.721736907958984,14.020428657531738,48.688594818115234,44.93120193481445,40.375633239746094,47.466983795166016,35.525482177734375
2014-05-09,152.95388793945312,78.78306579589844,124.0999984741211,73.10018157958984,12.920000076293945,79.9000015258789,18.420000076293945,31.707477569580078,93.89775848388672,57.74382019042969,13.965193748474121,48.78697204589844,45.53861999511719,40.26203536987305,47.25284957885742,35.335166931152344
2014-05-16,153.027099609375,80.41199493408203,124.5,73.10018157958984,12.4399995803833,80.04000091552734,18.610000610351562,32.71308898925781,93.50518798828125,57.60405349731445,14.023412704467773,48.99409484863281,45.79632568359375,40.31550598144531,48.98973846435547,35.36688232421875
2014-05-23,154.89881896972656,79.8171157836914,124.51000213623047,73.10018157958984,11.359999656677246,80.38999938964844,18.65999984741211,32.86545181274414,95.55331420898438,58.067481994628906,14.272711753845215,49.05099868774414,45.48952865600586,40.36894989013672,49.291114807128906,36.12813949584961
2014-05-30,156.79483032226562,80.80859375,120.43000030517578,73.10018157958984,11.399999618530273,80.37000274658203,18.079999923706055,32.41598892211914,96.31285095214844,58.75156021118164,14.459311485290527,49.211509704589844,45.82699203491211,40.74310302734375,49.0135383605957,36.73080825805664
2014-06-06,158.99197387695312,79.23516082763672,120.61000061035156,73.0841293334961,10.729999542236328,80.41000366210938,18.280000686645508,33.185428619384766,98.89004516601562,59.58277893066406,14.666816711425781,49.320213317871094,46.68598175048828,41.23752212524414,49.75904083251953,37.4603385925293
2014-06-13,157.9747772216797,79.63274383544922,122.95999908447266,73.0841293334961,12.180000305175781,80.58000183105469,18.920000076293945,33.22352600097656,98.64259338378906,59.25910949707031,14.554851531982422,49.38262939453125,45.65520477294922,40.76314163208008,49.75904083251953,37.52378463745117
2014-06-20,160.211669921875,79.3842544555664,126.5,73.10018157958984,10.850000381469727,80.37000274658203,20.030000686645508,33.185428619384766,100.91255950927734,60.25952911376953,14.723542213439941,49.58026123046875,46.397605895996094,41.11725997924805,49.57663345336914,38.665679931640625
2014-06-27,160.11363220214844,80.4067153930664,126.66000366210938,73.10018157958984,11.260000228881836,80.04000091552734,20.170000076293945,33.286685943603516,100.98937225341797,59.944496154785156,14.794655799865723,49.55426025390625,46.45820617675781,40.70697784423828,50.081417083740234,38.25905227661133
2014-07-04,162.0596160888672,78.7916488647461,127.16000366210938,73.0841293334961,10.319999694824219,80.20999908447266,20.290000915527344,33.908653259277344,102.64495086669922,60.521461486816406,15.014707565307617,49.48392868041992,46.21668243408203,41.290931701660156,51.23271179199219,38.89778518676758
2014-07-11,160.75950622558594,80.85614013671875,128.77999877929688,73.0841293334961,12.079999923706055,80.19000244140625,20.56999969482422,33.70132064819336,98.60149383544922,60.13681411743164,14.842562675476074,49.353336334228516,46.78023147583008,39.9057502746582,50.74500274658203,38.13132858276367
2014-07-18,161.65896606445312,81.52528381347656,126.12999725341797,73.0682144165039,12.0600004196167,80.5199966430664,20.020000457763672,33.908653259277344,97.85619354248047,60.691585540771484,14.85453987121582,49.039920806884766,47.411895751953125,40.041542053222656,51.04082489013672,38.706172943115234
2014-07-25,161.66714477539062,82.34400177001953,125.79000091552734,73.0841293334961,12.6899995803833,81.02999877929688,19.8700008392334,34.38471984863281,97.3165283203125,60.72114562988281,14.86052131652832,49.123477935791016,47.083683013916016,40.014373779296875,51.88031768798828,38.73809814453125
2014-08-01,157.39895629882812,81.76899719238281,124.37999725341797,73.0841293334961,17.030000686645508,81.30000305175781,19.520000457763672,33.83186340332031,94.81505584716797,58.97549057006836,14.526698112487793,48.303871154785156,46.27241897583008,38.60881423950195,51.84832763671875,38.2910041809082
2014-08-08,158.00405883789062,82.45418548583984,126.19000244140625,73.0682144165039,15.770000457763672,81.38999938964844,19.190000534057617,33.56311798095703,96.1771469116211,59.06427764892578,14.618016242980957,48.80244827270508,46.39628601074219,38.221771240234375,51.448577880859375,37.492610931396484
2014-08-15,160.03184509277344,84.01734924316406,125.4800033569336,73.0841293334961,13.149999618530273,81.41999816894531,18.860000610351562,34.17739486694336,97.13658905029297,59.6782112121582,14.862022399902344,49.358741760253906,47.20755386352539,38.64277648925781,52.320045471191406,38.22712326049805
2014-08-22,162.86907958984375,83.71754455566406,123.19000244140625,73.0841293334961,11.470000267028809,82.33999633789062,18.690000534057617,34.3616828918457,98.69573211669922,60.625022888183594,15.155433654785156,49.40071105957031,47.52955627441406,38.86684799194336,52.535911560058594,38.06744384765625
2014-08-29,164.11195373535156,84.97383880615234,123.86000061035156,73.0841293334961,12.09000015258789,82.75,18.709999084472656,34.599727630615234,99.85223388671875,61.19459915161133,15.24525260925293,49.45845413208008,47.79585647583008,39.2335090637207,52.54391860961914,37.68422317504883
2014-09-05,164.4390106201172,82.79261016845703,122.05999755859375,73.0841293334961,12.09000015258789,83.76000213623047,18.420000076293945,35.20632553100586,99.69803619384766,61.42387771606445,15.263218879699707,49.168487548828125,48.25410461425781,39.410057067871094,53.17552185058594,37.811954498291016
2014-09-12,162.81997680664062,81.11140441894531,118.37999725341797,73.0682144165039,13.3100004196167,84.23999786376953,17.889999389648438,33.624542236328125,98.83279418945312,60.83953094482422,15.098546028137207,48.857444763183594,45.7398567199707,38.853267669677734,51.624473571777344,37.65228271484375
2014-09-19,164.870849609375,81.98421478271484,117.08999633789062,73.0841293334961,12.109999656677246,84.80000305175781,17.190000534057617,33.37114334106445,97.63347625732422,61.7789306640625,15.194356918334961,49.11576843261719,45.603614807128906,39.002655029296875,51.0488166809082,37.716148376464844
2014-09-26,162.57070922851562,82.98567962646484,117.05999755859375,73.0841293334961,14.850000381469727,85.63999938964844,16.899999618530273,32.572566986083984,95.45352935791016,60.74702453613281,15.034894943237305,48.26693344116211,45.19622802734375,38.02195739746094,50.02545166015625,38.03549575805664
2014-10-03,161.43710327148438,84.41170501708984,114.61000061035156,73.05226135253906,14.550000190734863,86.69000244140625,16.1200008392334,31.697216033935547,94.1907730102539,60.30061721801758,14.92378044128418,48.790775299072266,45.1524658203125,36.67790985107422,48.81818389892578,36.72614669799805
2014-10-10,156.52459716796875,86.09709930419922,117.58999633789062,73.0682144165039,21.239999771118164,85.91000366210938,16.639999389648438,31.105958938598633,89.97303009033203,58.537353515625,14.402751922607422,47.98066329956055,45.93376541137695,35.2861213684082,47.95470428466797,35.193233489990234
2014-10-17,154.8241729736328,86.82860565185547,118.98999786376953,73.0682144165039,21.989999771118164,85.19000244140625,16.579999923706055,31.2672119140625,92.3267593383789,57.8305778503418,14.318663597106934,48.58955001831055,46.671302795410156,35.36799240112305,48.27452850341797,34.937744140625
2014-10-24,161.36312866210938,85.86040496826172,118.3499984741211,73.05226135253906,16.110000610351562,85.7300033569336,16.5,31.497573852539062,95.41059875488281,59.9732780456543,14.994353294372559,49.129615783691406,48.15889358520508,36.32312774658203,49.16197967529297,35.95967483520508
2014-10-31,165.65948486328125,85.52330780029297,112.66000366210938,73.0682144165039,14.029999732971191,86.87999725341797,15.5,32.36526107788086,100.1265640258789,61.498451232910156,15.414785385131836,48.991943359375,49.37144470214844,36.95762634277344,50.281288146972656,38.514556884765625
2014-11-07,167.03953552246094,86.09129333496094,112.97000122070312,73.05226135253906,13.119999885559082,87.63999938964844,15.100000381469727,31.651140213012695,100.25541687011719,62.18292236328125,15.476346969604492,49.10576248168945,49.33393859863281,36.5278205871582,49.62569046020508,36.9496955871582
2014-11-14,167.7788848876953,85.90438079833984,114.47000122070312,73.05226135253906,13.3100004196167,87.52999877929688,15.630000114440918,31.820064544677734,100.23821258544922,62.33917236328125,15.590460777282715,48.6324577331543,49.03392791748047,36.664268493652344,50.19334030151367,37.588409423828125
2014-11-21,169.7832794189453,86.34288787841797,115.38999938964844,73.05226135253906,12.899999618530273,88.30999755859375,15.789999961853027,32.58792495727539,100.14373779296875,63.090599060058594,15.769144058227539,48.791988372802734,49.490203857421875,37.401092529296875,50.329261779785156,37.17325210571289
2014-11-28,170.21043395996094,88.06114196777344,112.11000061035156,73.0682144165039,13.329999923706055,88.36000061035156,14.829999923706055,31.86613655090332,100.23821258544922,63.01618957519531,15.886265754699707,48.46228790283203,50.35901641845703,37.721763610839844,50.281288146972656,37.10938262939453
2014-12-05,170.86766052246094,87.251953125,114.43000030517578,73.0682144165039,11.890000343322754,89.33000183105469,15.609999656677246,31.390066146850586,101.09724426269531,63.55929183959961,15.84572696685791,48.246986389160156,50.37150192260742,37.68765640258789,50.18535232543945,37.5245361328125
2014-12-12,165.0269012451172,91.00605010986328,117.41000366210938,73.0682144165039,21.079999923706055,88.36000061035156,16.299999237060547,29.43970489501953,98.53739166259766,61.27526092529297,15.34872055053711,46.61222839355469,50.52151107788086,35.6545295715332,47.938720703125,36.2790412902832
2014-12-19,170.58822631835938,90.69623565673828,114.7699966430664,73.0362548828125,16.489999771118164,89.5999984741211,15.390000343322754,30.252614974975586,102.13664245605469,63.492366790771484,15.826202392578125,48.20423126220703,51.271575927734375,36.459590911865234,48.56284713745117,36.97695541381836
2014-12-26,172.17420959472656,89.83399963378906,114.83000183105469,73.0362548828125,14.5,90.02999877929688,15.350000381469727,30.704374313354492,103.93125915527344,64.10836029052734,15.941679954528809,48.271636962890625,51.95136260986328,36.85129165649414,49.27345275878906,37.13758087158203
2015-01-02,169.68788146972656,91.93526458740234,114.08000183105469,73.0362548828125,17.790000915527344,91.08000183105469,15.109999656677246,30.19809913635254,102.54312896728516,63.25509262084961,15.71406078338623,48.07307434082031,52.09075164794922,35.767425537109375,48.958526611328125,36.17380905151367
2015-01-09,168.71315002441406,94.64295959472656,117.26000213623047,73.0362548828125,17.549999237060547,91.94000244140625,15.770000457763672,30.587533950805664,101.37054443359375,62.798500061035156,15.640204429626465,48.341365814208984,53.93439483642578,34.98540496826172,49.548004150390625,35.75617980957031
2015-01-16,166.54898071289062,96.17386627197266,122.5199966430664,73.0362548828125,20.950000762939453,92.5199966430664,16.950000762939453,30.758901596069336,100.6203842163086,62.064979553222656,15.423139572143555,48.05699920654297,55.33451843261719,35.78800582885742,50.20207214355469,36.43081283569336
2015-01-23,169.30789184570312,97.31470489501953,124.2300033569336,73.05226135253906,16.65999984741211,95.0,17.510000228881836,31.74810028076172,101.8447265625,62.80601119995117,15.790932655334473,48.29308319091797,55.6766242980957,36.22704315185547,51.54251480102539,36.81633377075195
2015-01-30,164.74827575683594,99.84923553466797,123.44999694824219,73.0362548828125,20.969999313354492,94.80000305175781,16.540000915527344,30.392810821533203,99.75817108154297,60.650325775146484,15.495495796203613,48.41111373901367,54.834014892578125,36.13785934448242,49.992122650146484,36.9127082824707
2015-02-06,169.78692626953125,94.75477600097656,118.63999938964844,73.0362548828125,17.290000915527344,94.69999694824219,16.030000686645508,31.015932083129883,103.30186462402344,62.94817352294922,15.866303443908691,48.9902229309082,53.97871398925781,36.83070755004883,50.71078872680664,37.42671585083008
2015-02-13,173.28099060058594,92.75054931640625,117.9800033569336,73.0362548828125,14.6899995803833,94.19999694824219,16.540000915527344,31.67800521850586,104.78488159179688,63.91374206542969,16.292882919311523,49.08717727661133,53.89002990722656,37.70189666748047,51.405235290527344,38.32624816894531
2015-02-20,174.4869842529297,91.55677032470703,115.27999877929688,73.02029418945312,14.300000190734863,94.25,15.539999961853027,31.67800521850586,105.51777648925781,64.1457748413086,16.488834381103516,49.24341583251953,53.60493469238281,38.37417984008789,51.405235290527344,39.61128234863281
2015-02-27,174.00787353515625,93.7200927734375,116.16000366210938,73.0362548828125,13.34000015258789,95.25,15.869999885559082,31.73253059387207,105.69022369384766,63.86882400512695,16.46320915222168,49.4912109375,52.819339752197266,38.33989334106445,51.54251480102539,39.6755485534668
2015-03-06,171.397705078125,89.5313491821289,111.86000061035156,73.02029418945312,15.199999809265137,97.62000274658203,15.1899995803833,30.579748153686523,104.47445678710938,62.783512115478516,16.270273208618164,49.027557373046875,50.91868591308594,37.331485748291016,50.48469924926758,39.547027587890625
2015-03-13,170.01828002929688,91.86571502685547,110.87999725341797,73.0362548828125,16.0,100.33000183105469,14.899999618530273,29.832014083862305,105.71610260009766,62.37185287475586,16.118032455444336,48.800315856933594,52.192115783691406,36.638633728027344,49.6448974609375,40.093177795410156
2015-03-20,174.5771942138672,95.33821868896484,113.56999969482422,73.0362548828125,13.020000457763672,97.91000366210938,16.0,31.218460083007812,108.63036346435547,63.7640495300293,16.645601272583008,48.930179595947266,55.13813018798828,38.3261604309082,51.48598861694336,41.15333557128906
2015-03-27,170.70257568359375,95.01195526123047,115.05999755859375,73.02029418945312,15.069999694824219,97.29000091552734,16.219999313354492,30.73552703857422,106.46255493164062,62.56208419799805,16.21994972229004,48.946407318115234,53.44729995727539,37.94326400756836,51.098392486572266,40.89631271362305
2015-04-03,171.28330993652344,94.97111511230469,115.27999877929688,73.02029418945312,14.670000076293945,97.44000244140625,16.020000457763672,32.12198257446289,107.80307006835938,62.840675354003906,16.26681900024414,49.161285400390625,54.065521240234375,38.11574172973633,52.72953796386719,40.767822265625
2015-04-10,174.2702178955078,94.16478729248047,115.97000122070312,73.02029418945312,12.579999923706055,99.38999938964844,15.770000457763672,33.399391174316406,108.6419906616211,63.94755172729492,16.53897476196289,49.60145568847656,52.59324264526367,38.55727005004883,55.192413330078125,41.570960998535156
2015-04-17,172.5361328125,95.49420166015625,115.5999984741211,73.00430297851562,13.890000343322754,97.5199966430664,15.5600004196167,33.25918197631836,107.6128158569336,63.488216400146484,16.31671714782715,49.4710578918457,52.13438034057617,38.38479232788086,54.78865432739258,41.53883743286133
2015-04-24,175.60598754882812,93.76520538330078,113.05000305175781,73.00430297851562,12.289999961853027,96.91999816894531,15.0600004196167,34.15491485595703,108.84952545166016,64.37669372558594,16.662948608398438,49.628665924072266,52.65699005126953,39.129859924316406,56.129112243652344,42.75962448120117
2015-05-01,174.83441162109375,90.26687622070312,113.08000183105469,73.00430297851562,12.699999809265137,95.30000305175781,15.470000267028809,33.601890563964844,105.48529815673828,64.43694305419922,16.458845138549805,49.55958938598633,50.974422454833984,39.30232238769531,55.32161331176758,41.82798385620117
2015-05-08,175.5811767578125,89.1822738647461,113.97000122070312,73.02029418945312,12.859999656677246,94.79000091552734,15.760000228881836,33.3915901184082,106.06471252441406,64.81340026855469,16.50721549987793,49.71788787841797,51.29310607910156,39.7093505859375,54.683685302734375,42.2134895324707
2015-05-15,176.26148986816406,88.51252746582031,117.52999877929688,73.00430297851562,12.380000114440918,93.13999938964844,16.75,33.609676361083984,106.93821716308594,64.97151947021484,16.59490966796875,49.67965316772461,51.68185806274414,40.30265426635742,54.90978240966797,42.2134895324707
2015-05-22,176.71783447265625,87.64623260498047,115.5999984741211,73.02029418945312,12.130000114440918,96.01000213623047,16.34000015258789,33.29033660888672,107.6128158569336,65.01669311523438,16.676551818847656,49.570472717285156,51.01903533935547,39.87491226196289,55.2489128112793,42.66325759887695
2015-05-29,175.18287658691406,89.32786560058594,114.0999984741211,73.00430297851562,13.84000015258789,96.91000366210938,15.989999771118164,32.02851486206055,107.1457748413086,64.57999420166016,16.501174926757812,49.625091552734375,50.439056396484375,39.10226058959961,53.31901931762695,41.92435073852539
2015-06-05,174.046142578125,85.79258728027344,112.23999786376953,73.00430297851562,14.210000038146973,96.30999755859375,15.390000343322754,31.241817474365234,108.45171356201172,63.962562561035156,16.458845138549805,49.039493560791016,49.208984375,38.488277435302734,52.350006103515625,41.63522720336914
2015-06-12,174.24526977539062,86.0478744506836,113.2300033569336,73.00430297851562,13.779999732971191,94.97000122070312,15.25,31.343069076538086,108.91011047363281,64.2336196899414,16.430118560791016,48.94082260131836,49.3619499206543,38.943599700927734,52.212738037109375,41.63522720336914
2015-06-19,175.7598876953125,86.87223815917969,115.12000274658203,72.98838806152344,13.960000038146973,94.08999633789062,15.420000076293945,31.20287322998047,110.5792236328125,64.62517547607422,16.572233200073242,49.14916229248047,50.20961380004883,38.833213806152344,51.78475570678711,41.281837463378906
2015-06-26,174.9344482421875,84.06355285644531,112.55999755859375,72.98838806152344,14.020000457763672,95.47000122070312,15.109999656677246,31.33306312561035,110.26789093017578,64.36006164550781,16.52159309387207,48.792755126953125,48.863216400146484,39.4271125793457,51.78367233276367,42.234153747558594
2015-07-03,172.84176635742188,84.81158447265625,111.76000213623047,73.00430297851562,16.790000915527344,96.11000061035156,14.949999809265137,31.215351104736328,107.50477600097656,63.549583435058594,16.344219207763672,48.878604888916016,48.998409271240234,38.02574157714844,51.58054733276367,41.6529541015625
2015-07-10,172.98350524902344,84.84815216064453,111.48999786376953,72.98838806152344,16.829999923706055,96.02999877929688,14.880000114440918,30.163854598999023,107.80875396728516,63.549583435058594,16.35483741760254,48.906150817871094,50.060665130615234,38.768470764160156,49.66292190551758,40.87802505493164
2015-07-17,177.15220642089844,86.80033111572266,108.6500015258789,73.00430297851562,11.949999809265137,97.86000061035156,14.229999542236328,30.414949417114258,109.22444915771484,64.58729553222656,16.874832153320312,48.845542907714844,50.54349899291992,39.16086959838867,50.0692024230957,41.911277770996094
2015-07-24,173.4170684814453,88.75242614746094,105.3499984741211,73.00430297851562,13.739999771118164,97.23999786376953,14.020000457763672,29.080968856811523,105.59403991699219,63.04970932006836,16.55646514892578,48.05250549316406,50.2602424621582,38.292022705078125,48.5009765625,41.16862106323242
2015-07-31,175.50144958496094,89.58590698242188,104.93000030517578,73.00430297851562,12.119999885559082,97.37000274658203,14.079999923706055,29.12805938720703,106.79261016845703,63.776832580566406,16.75960922241211,48.44902801513672,50.858970642089844,38.83152770996094,48.15970993041992,41.74982833862305
2015-08-07,173.37539672851562,91.10773468017578,104.6500015258789,72.98838806152344,13.390000343322754,97.55999755859375,14.109999656677246,28.484594345092773,104.1175537109375,63.178443908691406,16.506439208984375,47.971004486083984,50.72377014160156,38.824520111083984,47.347164154052734,41.78211212158203
2015-08-14,174.60096740722656,90.829345703125,106.8499984741211,72.97234344482422,12.829999923706055,96.56999969482422,14.550000190734863,27.880382537841797,104.53443908691406,63.6934928894043,16.611045837402344,47.78843307495117,51.3932991027832,38.474178314208984,46.37209701538086,41.7175407409668
2015-08-21,164.93797302246094,92.61721801757812,111.12999725341797,72.98838806152344,28.030000686645508,94.83000183105469,14.609999656677246,25.698915481567383,99.90528106689453,60.247135162353516,15.631695747375488,47.27948760986328,50.3310432434082,36.10590362548828,42.47188186645508,38.488616943359375
2015-08-28,166.14691162109375,89.65694427490234,108.69999694824219,73.00430297851562,26.049999237060547,96.11000061035156,13.920000076293945,26.50714874267578,100.41769409179688,60.36833572387695,15.875767707824707,47.777400970458984,48.77309036254883,36.23903274536133,43.56881332397461,39.747894287109375
2015-09-04,160.56924438476562,90.08657836914062,107.48999786376953,72.98838806152344,27.799999237060547,96.2300033569336,13.920000076293945,25.220247268676758,98.0292739868164,58.37624740600586,15.360323905944824,47.76823425292969,46.4812126159668,34.935768127441406,41.39118576049805,37.10019302368164
2015-09-11,164.0292205810547,89.13932037353516,106.16000366210938,72.98838806152344,23.200000762939453,95.19000244140625,13.949999809265137,26.25604820251465,100.0355453491211,59.436676025390625,15.725686073303223,48.06834030151367,47.64002227783203,36.05685043334961,43.641944885253906,37.90742492675781
2015-09-18,163.8008575439453,89.66071319580078,109.20999908447266,72.97234344482422,22.280000686645508,94.86000061035156,14.470000267028809,26.54639434814453,100.50456237792969,59.2700309753418,15.756009101867676,47.70711898803711,49.12074279785156,35.67147445678711,43.958839416503906,37.164772033691406
2015-09-25,161.62188720703125,89.24943542480469,109.80999755859375,72.97234344482422,23.6200008392334,96.2699966430664,14.399999618530273,25.42426872253418,97.0476303100586,58.70192337036133,15.434598922729492,46.71797180175781,48.95504379272461,34.54093933105469,42.39875030517578,37.48766326904297
2015-10-02,163.42376708984375,91.65706634521484,108.98999786376953,72.98838806152344,20.940000534057617,95.83000183105469,14.550000190734863,26.554241180419922,96.3595199584961,59.35773849487305,15.559330940246582,46.0321044921875,49.715789794921875,35.26596450805664,44.121341705322266,37.616817474365234
2015-10-09,168.7286834716797,89.97931671142578,110.87000274658203,72.97234344482422,17.079999923706055,94.80999755859375,15.119999885559082,28.20210838317871,100.8104019165039,61.53864288330078,15.995882987976074,47.52299118041992,51.36084747314453,36.69491195678711,46.420860290527344,39.06983947753906
2015-10-16,170.35458374023438,91.19347381591797,112.48999786376953,72.97234344482422,15.050000190734863,94.54000091552734,15.279999732971191,28.44536018371582,100.53166198730469,62.0343132019043,16.14495086669922,47.6179084777832,52.02407455444336,36.74416732788086,47.2171516418457,39.425010681152344
2015-10-23,173.907958984375,90.65628051757812,111.5,72.97234344482422,14.460000038146973,97.06999969482422,15.119999885559082,28.476749420166016,100.90619659423828,63.223915100097656,16.476551055908203,47.924991607666016,52.48573684692383,37.08205032348633,47.75344467163086,40.39368438720703
2015-10-30,174.25997924804688,90.34723663330078,109.30000305175781,72.95641326904297,15.069999694824219,96.94999694824219,14.800000190734863,27.36248016357422,100.46195983886719,63.00278854370117,16.62409782409668,47.779842376708984,51.946048736572266,36.65970230102539,45.90083312988281,39.78018569946289
2015-11-06,176.02833557128906,87.756591796875,104.0999984741211,72.95641326904297,14.329999923706055,99.16000366210938,14.079999923706055,27.69989776611328,103.84149169921875,63.71195983886719,16.776201248168945,47.42307662963867,50.860172271728516,36.406288146972656,46.46148681640625,40.038509368896484
2015-11-13,169.74281311035156,88.25804901123047,103.55999755859375,72.95641326904297,20.079999923706055,98.98999786376953,13.59000015258789,26.31882667541504,99.3558120727539,61.65301513671875,16.11757469177246,46.559200286865234,49.702789306640625,35.251888275146484,44.25136184692383,39.877071380615234
2015-11-20,175.41651916503906,88.82592010498047,103.08999633789062,72.95641326904297,15.470000267028809,99.56999969482422,13.5,27.558656692504883,101.74235534667969,63.42218780517578,16.733623504638672,46.46940994262695,51.510398864746094,36.11769104003906,45.86833190917969,40.748870849609375
2015-11-27,175.62600708007812,89.20938110351562,101.25,72.97234344482422,15.119999885559082,100.0199966430664,13.460000038146973,26.632705688476562,104.18988800048828,63.490821838378906,16.764036178588867,46.615299224853516,52.00457000732422,36.16697311401367,44.828269958496094,40.296817779541016
2015-12-04,175.67633056640625,89.11032104492188,104.0199966430664,72.97234344482422,14.8100004196167,98.3499984741211,13.869999885559082,26.58562469482422,102.58722686767578,63.635704040527344,16.70319366455078,46.59174346923828,51.42587661743164,36.33590316772461,45.226417541503906,40.10308074951172
2015-12-11,169.18966674804688,91.46035766601562,103.11000061035156,72.97234344482422,24.389999389648438,97.56999969482422,13.300000190734863,24.75727653503418,97.47442626953125,61.30987548828125,16.05976676940918,44.82185363769531,50.49605941772461,34.68873596191406,42.70751190185547,38.779232025146484
2015-12-18,168.62850952148438,91.0687026977539,102.04000091552734,72.97234344482422,20.700000762939453,98.69999694824219,13.430000305175781,25.620447158813477,97.09986877441406,61.36325454711914,15.954733848571777,44.8275146484375,51.41936492919922,34.72394943237305,43.93446350097656,39.06983947753906
2015-12-25,173.40020751953125,90.22283935546875,103.05000305175781,72.97234344482422,15.739999771118164,97.9800033569336,13.6899995803833,26.298627853393555,100.16315460205078,63.297515869140625,16.342573165893555,45.608070373535156,52.36172103881836,35.827980041503906,45.01691818237305,39.42110824584961
2016-01-01,171.87429809570312,89.29718780517578,101.45999908447266,72.95641326904297,18.209999084472656,98.62999725341797,13.1899995803833,25.653114318847656,98.51859283447266,62.62153244018555,16.244842529296875,45.659088134765625,52.56612014770508,35.25547409057617,44.13277053833008,39.42110824584961
2016-01-08,161.79974365234375,91.35594177246094,105.68000030517578,72.95641326904297,27.010000228881836,98.54000091552734,13.300000190734863,23.517353057861328,90.84668731689453,59.04185485839844,15.244718551635742,45.0584602355957,51.06949996948242,33.043155670166016,40.57968521118164,37.2093620300293
2016-01-15,158.334716796875,93.12590789794922,104.08000183105469,72.9404067993164,27.020000457763672,98.95999908447266,13.239999771118164,22.680574417114258,87.583740234375,57.79738235473633,14.861466407775879,44.146183013916016,49.823421478271484,31.99002456665039,39.14191436767578,36.36368942260742
2016-01-22,160.61947631835938,92.82223510742188,105.0,72.9404067993164,22.34000015258789,99.56999969482422,13.380000114440918,23.373903274536133,88.67719268798828,58.19684600830078,15.179061889648438,44.66749954223633,50.377227783203125,32.70389938354492,40.166526794433594,36.72146987915039
2016-01-29,163.31724548339844,94.27371978759766,106.94999694824219,72.97234344482422,20.200000762939453,99.61000061035156,13.59000015258789,24.36209487915039,90.06814575195312,59.641014099121094,15.269150733947754,44.928123474121094,50.75961685180664,33.2976188659668,41.108516693115234,37.404518127441406
2016-02-05,158.45277404785156,95.50613403320312,112.31999969482422,72.97234344482422,23.3799991607666,97.02999877929688,14.34000015258789,23.915817260742188,85.76416015625,58.3812255859375,14.635480880737305,44.074554443359375,49.78385543823242,32.385826110839844,40.1995849609375,35.6156120300293
2016-02-12,157.33990478515625,97.56880950927734,118.36000061035156,72.95641326904297,25.399999618530273,95.9800033569336,14.989999771118164,23.365930557250977,84.4957504272461,57.85885238647461,14.534703254699707,43.68729782104492,47.66090774536133,31.544734954833984,39.48896026611328,33.859214782714844
2016-02-19,161.8671417236328,97.20527648925781,117.58000183105469,72.97234344482422,20.530000686645508,96.5999984741211,14.640000343322754,24.09911346435547,87.87242126464844,59.41823196411133,15.029426574707031,44.21120834350586,49.73109817504883,32.55547332763672,40.61273193359375,35.225303649902344
2016-02-26,164.47222900390625,96.7601089477539,117.11000061035156,72.95641326904297,19.809999465942383,98.1500015258789,14.020000457763672,23.955657958984375,90.2693099975586,60.22483444213867,15.334807395935059,45.11662673950195,50.772804260253906,32.34342956542969,40.56315231323242,35.97339630126953
2016-03-04,168.97415161132812,95.59813690185547,120.54000091552734,72.97234344482422,16.860000610351562,97.33999633789062,14.760000228881836,26.155183792114258,94.23212432861328,62.07612991333008,15.70584774017334,46.29273223876953,52.658416748046875,33.6580810546875,43.719627380371094,37.46957015991211
2016-03-11,170.93846130371094,94.67635345458984,119.41000366210938,72.95641326904297,16.5,96.16999816894531,14.720000267028809,26.410200119018555,94.65198516845703,62.90573501586914,15.857008934020996,47.01969909667969,53.5286750793457,34.371971130371094,43.86009216308594,37.50210189819336
2016-03-18,173.19288635253906,95.94007873535156,119.80000305175781,72.95641326904297,14.020000457763672,94.98999786376953,15.029999732971191,27.119464874267578,95.88545227050781,63.67394256591797,16.098264694213867,47.16852569580078,54.7352180480957,34.65821838378906,44.88470458984375,37.241886138916016
2016-03-25,172.12515258789062,96.2968978881836,116.33000183105469,72.97234344482422,14.739999771118164,96.13999938964844,14.430000305175781,26.585525512695312,94.05882263183594,63.13737106323242,16.03852653503418,46.567481994628906,53.967872619628906,33.798160552978516,44.17408752441406,36.91663360595703
2016-04-01,175.34532165527344,97.34556579589844,116.93000030517578,72.97234344482422,13.100000381469727,94.62000274658203,14.34000015258789,27.2150936126709,97.49829864501953,63.987823486328125,16.43826675415039,46.79603576660156,55.79458999633789,34.24596405029297,44.87644958496094,36.201072692871094
2016-04-08,173.29458618164062,98.33634185791016,118.43000030517578,72.98838806152344,15.359999656677246,94.23999786376953,14.619999885559082,26.601470947265625,95.73464965820312,63.14508819580078,16.283584594726562,46.88231658935547,55.44122314453125,34.10380554199219,44.08319091796875,36.8515739440918
2016-04-15,176.07411193847656,98.23944854736328,117.91999816894531,72.97234344482422,13.619999885559082,94.69999694824219,15.460000038146973,27.549806594848633,98.66525268554688,64.38987731933594,16.47962188720703,47.44015884399414,55.58790588378906,34.864341735839844,45.52922439575195,38.31523132324219
2016-04-22,177.0825653076172,95.61737823486328,117.88999938964844,72.98838806152344,13.220000267028809,95.12000274658203,16.139999389648438,27.525901794433594,100.12178039550781,65.20946502685547,16.465839385986328,47.96348190307617,54.54121398925781,35.425865173339844,45.40528106689453,39.71384048461914
2016-04-29,174.8453826904297,96.37718200683594,123.6500015258789,73.00430297851562,15.699999809265137,93.08000183105469,16.979999542236328,27.406360626220703,98.69156646728516,64.668212890625,16.174840927124023,48.22230529785156,54.55452346801758,35.44009780883789,44.62855529785156,37.14431381225586
2016-05-06,174.3284454345703,97.36992645263672,123.18000030517578,73.00430297851562,14.720000267028809,93.88999938964844,16.6299991607666,26.163150787353516,97.31405639648438,64.14247131347656,16.182510375976562,47.68037414550781,57.06125259399414,34.572914123535156,43.06684875488281,37.53461456298828
2016-05-13,173.51490783691406,98.73582458496094,121.70999908447266,72.97234344482422,15.039999961853027,94.61000061035156,16.280000686645508,25.716875076293945,96.19969940185547,63.81000900268555,16.13349151611328,47.82481384277344,56.267906188964844,34.189090728759766,42.314918518066406,37.50210189819336
2016-05-20,174.13352966308594,97.14598846435547,119.70999908447266,72.98838806152344,15.199999809265137,95.30999755859375,15.6899995803833,25.669057846069336,97.20874786376953,64.1192855834961,16.182510375976562,48.03282165527344,54.694541931152344,34.54448318481445,42.41407012939453,37.79482650756836
2016-05-27,178.15870666503906,96.92208862304688,115.62000274658203,73.00430297851562,13.119999885559082,95.5199966430664,15.390000343322754,26.36238670349121,100.55168914794922,65.45686340332031,16.583770751953125,48.3505744934082,55.78789520263672,35.518280029296875,43.703086853027344,38.05503463745117
2016-06-03,178.192626953125,99.64937591552734,118.87999725341797,73.00430297851562,13.470000267028809,94.02999877929688,15.609999656677246,26.999929428100586,101.7537612915039,65.48005676269531,16.609804153442383,48.47966003417969,56.341251373291016,35.54670333862305,44.686397552490234,38.15259552001953
2016-06-10,178.01470947265625,100.80870819091797,121.73999786376953,72.98838806152344,17.030000686645508,94.5999984741211,16.489999771118164,26.72100257873535,101.84149932861328,65.62696838378906,16.522510528564453,48.665428161621094,56.46791076660156,34.217529296875,44.39719009399414,37.89239501953125
2016-06-17,175.91647338867188,101.42948150634766,123.94999694824219,72.98838806152344,19.40999984741211,94.20999908447266,16.600000381469727,26.5137996673584,100.07789611816406,65.04983520507812,16.312849044799805,48.25907897949219,57.094600677490234,33.977725982666016,43.843570709228516,37.17683029174805
2016-06-24,173.12246704101562,101.55667114257812,126.0,72.98838806152344,25.760000228881836,95.44999694824219,16.889999389648438,26.224149703979492,98.60379791259766,64.02336120605469,16.007144927978516,48.32872772216797,57.08311080932617,32.24513244628906,43.47628402709961,37.1746826171875
2016-07-01,178.81259155273438,105.3327407836914,128.41000366210938,73.02029418945312,14.770000457763672,95.6500015258789,18.739999771118164,27.862655639648438,101.244873046875,66.11520385742188,16.535594940185547,49.26788330078125,59.666175842285156,33.86899185180664,45.82927703857422,37.63362503051758
2016-07-08,181.13812255859375,107.60321044921875,130.52000427246094,73.00430297851562,13.199999809265137,96.30000305175781,19.219999313354492,27.710046768188477,103.03601837158203,66.73731231689453,16.830543518066406,49.92112350463867,60.406131744384766,33.100555419921875,45.7211799621582,37.92866516113281
2016-07-15,183.84678649902344,103.69918823242188,126.83999633789062,73.00430297851562,12.670000076293945,96.58000183105469,19.079999923706055,28.665847778320312,105.60334777832031,67.9815444946289,17.013349533081055,49.94448471069336,60.61465835571289,34.23146057128906,47.15959167480469,38.944908142089844
2016-07-22,185.0479278564453,104.00636291503906,126.3499984741211,73.02029418945312,12.020000457763672,97.47000122070312,18.670000076293945,28.890735626220703,106.22091674804688,68.33927154541016,17.14546775817871,50.259422302246094,61.737998962402344,34.282203674316406,47.59194564819336,38.879337310791016
2016-07-29,184.94566345214844,106.07454681396484,128.97999572753906,73.02029418945312,11.869999885559082,95.52999877929688,19.350000381469727,29.08350944519043,106.81201171875,67.95046997070312,17.256067276000977,49.81616973876953,62.18870544433594,34.99988555908203,47.924522399902344,39.53498077392578
2016-08-05,185.8485565185547,103.59571075439453,127.55000305175781,73.00430297851562,11.390000343322754,96.19000244140625,18.709999084472656,29.412811279296875,107.89717102050781,68.28482055664062,17.33441925048828,50.11671447753906,60.76265335083008,34.717166900634766,48.423397064208984,39.666107177734375
2016-08-12,186.08709716796875,105.15721130371094,127.4000015258789,73.00430297851562,11.550000190734863,95.72000122070312,18.719999313354492,30.103561401367188,107.80011749267578,68.37034606933594,17.374353408813477,50.56782531738281,60.695377349853516,35.47835159301758,49.41280746459961,40.42008972167969
2016-08-19,186.15525817871094,104.12873077392578,127.97000122070312,73.00430297851562,11.34000015258789,94.51000213623047,18.350000381469727,30.19993782043457,108.46177673339844,68.49479675292969,17.3513126373291,50.73188018798828,59.545082092285156,35.485595703125,49.44606399536133,40.32174301147461
2016-08-26,185.0905303955078,103.8659896850586,126.05000305175781,73.00430297851562,13.649999618530273,95.56999969482422,17.719999313354492,29.525253295898438,108.56764221191406,68.12153625488281,17.24224281311035,50.71430206298828,59.3163948059082,35.23186111450195,48.84742736816406,40.05949020385742
2016-09-02,186.01043701171875,104.25797271728516,126.56999969482422,73.0362548828125,11.979999542236328,95.87999725341797,18.440000534057617,30.047338485717773,109.84687805175781,68.68920135498047,17.29907989501953,51.132320404052734,60.21778106689453,36.007545471191406,49.737060546875,40.846256256103516
2016-09-09,181.6747283935547,101.91910552978516,126.75,73.0362548828125,17.5,95.33999633789062,18.110000610351562,29.485097885131836,106.97077178955078,67.25834655761719,16.84590721130371,50.467411041259766,57.91049575805664,35.420345306396484,49.33797836303711,40.42008972167969
2016-09-16,182.66943359375,101.33999633789062,125.05999755859375,73.02029418945312,15.369999885559082,96.11000061035156,17.860000610351562,29.324460983276367,107.50894165039062,67.07897186279297,17.077133178710938,50.54979705810547,57.55220413208008,34.70071029663086,49.23820495605469,39.633331298828125
2016-09-23,184.91249084472656,102.89678955078125,127.6500015258789,73.0362548828125,12.289999961853027,95.4800033569336,18.68000030517578,30.224037170410156,110.11155700683594,67.87726593017578,17.31450843811035,51.049922943115234,59.963478088378906,35.61176681518555,50.393917083740234,41.436336517333984
2016-09-30,185.17788696289062,103.41573333740234,125.63999938964844,73.0362548828125,13.289999961853027,95.45999908447266,18.200000762939453,30.079456329345703,109.88505554199219,68.08855438232422,17.308345794677734,51.34414291381836,58.75105667114258,35.51701736450195,50.31907653808594,41.10851287841797
2016-10-07,184.0991668701172,100.89704895019531,119.73999786376953,73.0362548828125,13.479999542236328,96.5199966430664,16.600000381469727,30.272226333618164,108.66423797607422,67.7833251953125,17.172700881958008,51.507259368896484,55.64214324951172,35.03599166870117,50.51030731201172,40.813480377197266
2016-10-14,182.45541381835938,99.14157104492188,119.36000061035156,73.02029418945312,16.1200008392334,98.0199966430664,16.559999465942383,29.621641159057617,106.5410385131836,67.1572265625,16.992359161376953,51.33585739135742,56.27205276489258,34.387306213378906,49.16337203979492,40.4528694152832
2016-10-21,183.1917266845703,100.43743896484375,120.83000183105469,73.02029418945312,13.34000015258789,98.69999694824219,16.649999618530273,30.19993782043457,107.10721588134766,67.25897216796875,17.114120483398438,51.63728332519531,56.53620529174805,34.63511657714844,49.77033233642578,41.206844329833984
2016-10-28,181.9588623046875,98.28269958496094,121.58000183105469,73.0362548828125,16.190000534057617,98.3499984741211,16.8700008392334,29.661794662475586,104.41781616210938,67.2824478149414,16.870590209960938,50.99305725097656,54.49070358276367,34.299835205078125,48.93889236450195,41.370765686035156
2016-11-04,178.54296875,99.44401550292969,124.38999938964844,73.05226135253906,22.510000228881836,97.06999969482422,17.459999084472656,28.858610153198242,102.39190673828125,66.24937438964844,16.497570037841797,50.451141357421875,53.386661529541016,33.54911804199219,47.924522399902344,40.58400344848633
2016-11-11,185.2806396484375,92.12194061279297,117.0999984741211,72.98838806152344,14.170000076293945,98.79000091552734,16.469999313354492,27.75020980834961,112.67179870605469,69.64600372314453,16.882919311523438,49.55467987060547,53.19700241088867,33.84794616699219,46.33646011352539,40.56760787963867
2016-11-18,187.06134033203125,91.22370910644531,115.1500015258789,73.0362548828125,12.850000381469727,101.20999908447266,15.729999542236328,27.78234100341797,115.88314819335938,70.42861938476562,17.026268005371094,50.243350982666016,53.45439147949219,33.23572540283203,46.35308837890625,40.47745895385742
2016-11-25,189.64683532714844,91.2010498046875,112.61000061035156,73.0362548828125,12.34000015258789,101.48999786376953,15.630000114440918,28.31244659423828,118.60794830322266,71.5399398803711,17.23744010925293,50.896392822265625,54.30781555175781,33.5855598449707,47.026554107666016,40.55942153930664
2016-12-02,188.0715789794922,90.46293640136719,112.13999938964844,73.0378646850586,14.119999885559082,100.7699966430664,15.829999923706055,28.20802879333496,115.80353546142578,71.49299621582031,16.886005401611328,50.91511535644531,54.185909271240234,33.51996612548828,47.076446533203125,40.66595458984375
2016-12-09,193.91883850097656,88.87455749511719,110.4000015258789,73.05387115478516,11.75,101.56999969482422,15.970000267028809,29.051374435424805,122.35893249511719,73.71565246582031,17.41316032409668,51.577049255371094,56.3601188659668,34.78817367553711,47.799808502197266,42.00181579589844
2016-12-16,193.79588317871094,88.60224914550781,108.05000305175781,73.0378646850586,12.199999809265137,102.94999694824219,15.270000457763672,28.232128143310547,120.23574829101562,73.72348022460938,17.388498306274414,51.31462097167969,55.96726608276367,34.71528625488281,46.452857971191406,41.07572937011719
2016-12-23,194.37289428710938,89.52435302734375,107.93000030517578,73.0378646850586,11.4399995803833,103.01000213623047,14.90999984741211,27.848159790039062,120.84715270996094,74.02487182617188,17.426597595214844,51.81388854980469,55.89043426513672,34.84477233886719,45.62147903442383,41.25602722167969
2016-12-30,192.49557495117188,90.34337615966797,109.61000061035156,73.0362777709961,14.039999961853027,102.38999938964844,15.109999656677246,28.441194534301758,119.79006958007812,73.33106231689453,17.263996124267578,51.78394317626953,57.07298278808594,35.10841751098633,46.20184326171875,40.50984191894531
2017-01-06,195.66464233398438,91.65534973144531,111.75,73.06825256347656,11.319999694824219,102.22000122070312,15.640000343322754,29.196699142456055,120.53624725341797,74.01699829101562,17.702255249023438,52.19080352783203,58.29008483886719,35.66499328613281,47.547611236572266,41.836395263671875
2017-01-13,195.52687072753906,91.99658966064453,114.20999908447266,73.06825256347656,11.229999542236328,101.18000030517578,15.9399995803833,29.79785919189453,121.0426025390625,73.75682067871094,17.751808166503906,52.24466323852539,57.12828826904297,35.90666961669922,48.590576171875,42.19292068481445
2017-01-20,195.25990295410156,90.95763397216797,115.05000305175781,73.06825256347656,11.539999961853027,100.73999786376953,16.190000534057617,29.58664321899414,119.42584228515625,73.51240539550781,17.768844604492188,52.1728630065918,57.49481201171875,35.88468933105469,48.329833984375,41.86127853393555
2017-01-27,197.18028259277344,90.72254180908203,113.48999786376953,73.0522689819336,10.579999923706055,100.52999877929688,16.219999313354492,30.439640045166016,120.9803695678711,74.1983413696289,17.976360321044922,52.41816329956055,56.94157028198242,36.2728385925293,49.59990310668945,42.14316940307617
2017-02-03,197.49893188476562,90.43986511230469,116.12999725341797,73.0570297241211,10.970000267028809,99.87000274658203,16.56999969482422,30.667091369628906,121.58441925048828,74.17469024658203,18.063087463378906,52.5703239440918,57.25967788696289,36.36072540283203,50.08774948120117,42.3255729675293
2017-02-10,199.36766052246094,91.77737426757812,117.5999984741211,73.07302856445312,10.850000381469727,100.80000305175781,17.020000457763672,31.048913955688477,122.53497314453125,74.6319580078125,18.284534454345703,52.6003532409668,57.95814895629883,36.22889709472656,50.65128707885742,42.59917449951172
2017-02-17,202.45059204101562,91.44300842285156,117.68000030517578,73.0889892578125,11.489999771118164,100.94999694824219,17.059999465942383,31.1870174407959,123.57428741455078,75.83036041259766,18.561738967895508,52.74457550048828,57.930477142333984,36.55113220214844,50.96249008178711,42.441650390625
2017-02-24,203.87149047851562,92.72743225097656,119.69999694824219,73.07302856445312,11.470000267028809,101.08999633789062,17.399999618530273,31.260129928588867,123.1656265258789,76.41378021240234,18.677885055541992,53.033042907714844,59.057716369628906,36.309452056884766,51.32416534423828,42.71524429321289
2017-03-03,205.31826782226562,90.8805160522461,117.51000213623047,73.09223175048828,10.960000038146973,101.54000091552734,16.979999542236328,31.024539947509766,123.1656265258789,76.9104995727539,18.815711975097656,53.107757568359375,58.23474884033203,36.89533233642578,50.760623931884766,42.59088897705078
2017-03-10,204.68960571289062,89.28144073486328,114.72000122070312,73.09223175048828,11.65999984741211,101.25,16.149999618530273,30.878307342529297,120.7761001586914,76.5005111694336,18.784738540649414,52.087772369384766,55.60690689086914,36.99785614013672,50.937255859375,42.56602096557617
2017-03-17,205.00927734375,90.33985137939453,116.98999786376953,73.10820007324219,11.279999732971191,100.30000305175781,16.469999313354492,32.08063888549805,122.99688720703125,76.4847412109375,18.886945724487305,52.55851745605469,57.010738372802734,37.810752868652344,52.93907928466797,42.97226333618164
2017-03-24,202.2675018310547,92.04554748535156,118.86000061035156,73.10820007324219,12.960000038146973,99.62999725341797,16.809999465942383,32.34058380126953,119.81427764892578,75.0867691040039,18.721147537231445,52.40762710571289,57.03730010986328,37.8243408203125,53.25029373168945,43.00543212890625
2017-03-31,203.89356994628906,91.91612243652344,118.72000122070312,73.09223175048828,12.369999885559082,100.3499984741211,17.25,31.99938201904297,122.47798919677734,75.63396453857422,18.89979362487793,52.981021881103516,57.5318603515625,37.97159957885742,52.93907928466797,42.69866943359375
2017-04-07,203.42648315429688,92.11071014404297,119.45999908447266,73.09859466552734,12.869999885559082,101.18000030517578,17.030000686645508,31.98314666748047,120.7319107055664,75.41193389892578,18.860958099365234,52.970733642578125,58.1727409362793,37.71389389038086,53.10730743408203,42.34215545654297
2017-04-14,201.09986877441406,94.21674346923828,122.5999984741211,73.11459350585938,15.960000038146973,100.55999755859375,17.530000686645508,31.796297073364258,119.12828826904297,74.47612762451172,18.688522338867188,52.867671966552734,58.70215606689453,37.66972351074219,52.81291961669922,41.96076583862305
2017-04-21,202.89889526367188,94.2701644897461,122.30999755859375,73.13063049316406,14.630000114440918,99.9800033569336,17.020000457763672,31.918155670166016,122.23749542236328,74.83299255371094,18.944854736328125,53.09798049926758,59.28030776977539,37.875877380371094,52.89702224731445,42.66550064086914
2017-04-28,205.91741943359375,93.36211395263672,120.7699966430664,73.14659881591797,10.819999694824219,99.05000305175781,16.299999237060547,32.54368591308594,123.88556671142578,75.61019897460938,19.33011817932129,53.41319274902344,57.67117691040039,39.45158386230469,54.007286071777344,42.99713897705078
2017-05-05,207.31857299804688,92.7465591430664,117.01000213623047,73.12578582763672,10.569999694824219,98.6500015258789,15.5,32.649288177490234,123.82324981689453,75.92741394042969,19.499446868896484,53.31277847290039,57.399532318115234,40.93157958984375,54.05775451660156,43.751625061035156
2017-05-12,206.69583129882812,92.8230209350586,116.83000183105469,73.14178466796875,10.399999618530273,99.25,15.569999694824219,33.48603820800781,122.50473022460938,75.31676483154297,19.546052932739258,53.5562744140625,56.619319915771484,40.732765197753906,55.46240234375,43.41998291015625
2017-05-19,206.11631774902344,94.59708404541016,119.4000015258789,73.15782165527344,12.039999961853027,97.1500015258789,15.9399995803833,33.42916488647461,121.18621063232422,75.0312728881836,19.50411033630371,53.67800521850586,57.25321960449219,41.373355865478516,55.86613464355469,43.983768463134766
2017-05-26,209.05706787109375,94.42120361328125,120.54000091552734,73.18980407714844,9.8100004196167,97.4000015258789,16.399999618530273,33.90846633911133,122.53145599365234,75.90361785888672,19.86918067932129,53.915401458740234,57.580631256103516,41.32182693481445,56.53901290893555,44.091552734375
2017-06-02,211.18470764160156,96.26105499267578,121.61000061035156,73.16899871826172,9.75,96.72000122070312,16.59000015258789,33.924713134765625,124.58938598632812,76.36359405517578,20.144145965576172,54.15178680419922,58.1448860168457,41.94768142700195,57.01001739501953,45.517608642578125
2017-06-09,210.52735900878906,95.32624053955078,120.54000091552734,73.20105743408203,10.699999809265137,97.2699966430664,16.280000686645508,33.8028564453125,126.1573486328125,76.9901123046875,19.86918067932129,53.992828369140625,58.284183502197266,41.233463287353516,57.06890106201172,44.846038818359375
2017-06-16,210.8848114013672,96.82042694091797,119.33999633789062,73.21703338623047,10.380000114440918,97.16000366210938,15.789999961853027,33.48603820800781,124.89227294921875,77.30733489990234,19.848987579345703,53.8889274597168,59.16887664794922,41.2702751159668,56.50537109375,44.95382308959961
2017-06-23,211.31068420410156,97.91625213623047,119.43000030517578,73.21703338623047,10.020000457763672,97.30000305175781,15.789999961853027,33.86970520019531,125.53374481201172,76.86093139648438,20.058971405029297,53.919456481933594,59.178466796875,41.07101821899414,57.28573226928711,45.10144805908203
2017-06-30,210.1547393798828,95.87792205810547,118.0199966430664,73.2330551147461,11.180000305175781,95.66000366210938,15.710000038146973,33.77992248535156,125.54261016845703,77.02045440673828,19.78794288635254,54.035614013671875,58.531494140625,41.17554473876953,56.973209381103516,44.767669677734375
2017-07-07,210.4241485595703,94.2331771850586,115.27999877929688,73.24108123779297,11.1899995803833,96.01000213623047,14.729999542236328,33.56774139404297,125.70021057128906,77.16401672363281,19.78639030456543,53.78205871582031,57.66649627685547,41.13074493408203,56.584659576416016,44.208595275878906
2017-07-14,213.42266845703125,94.70159912109375,116.7699966430664,73.25707244873047,9.510000228881836,95.11000061035156,15.079999923706055,35.43669128417969,126.80964660644531,77.79415893554688,20.203834533691406,54.35304260253906,58.42598342895508,42.09405517578125,59.355167388916016,44.75098419189453
2017-07-21,214.56988525390625,96.51374816894531,119.26000213623047,73.24108123779297,9.359999656677246,93.94000244140625,15.600000381469727,35.60807800292969,127.54335021972656,77.92181396484375,20.398529052734375,54.4758415222168,58.89715576171875,42.10151290893555,59.55792236328125,45.36012649536133
2017-07-28,214.59600830078125,95.13162994384766,120.69000244140625,73.25707244873047,10.289999961853027,93.26000213623047,15.8100004196167,35.706024169921875,127.01546478271484,78.06538391113281,20.354923248291016,54.58635711669922,59.178466796875,42.22099685668945,59.71839904785156,45.543701171875
2017-08-04,215.03048706054688,96.13867950439453,119.6500015258789,73.29236602783203,10.029999732971191,93.54000091552734,15.380000114440918,35.86924362182617,125.44969940185547,78.55192565917969,20.297283172607422,54.56045913696289,59.05894470214844,42.751182556152344,60.132286071777344,46.01097869873047
2017-08-11,212.17108154296875,97.2929458618164,122.79000091552734,73.3083724975586,15.510000228881836,93.06999969482422,16.170000076293945,35.02861785888672,122.1033935546875,77.40331268310547,20.054298400878906,53.83915710449219,57.736793518066406,41.73560333251953,58.48516845703125,45.11813735961914
2017-08-18,210.94564819335938,97.43920135498047,122.30000305175781,73.29236602783203,14.260000228881836,93.43000030517578,16.100000381469727,35.64072799682617,120.716552734375,76.797119140625,19.974857330322266,53.925445556640625,57.800086975097656,41.78788375854492,59.26226806640625,45.43522644042969
2017-08-25,212.55352783203125,97.97784423828125,122.73999786376953,73.3083724975586,11.279999732971191,92.73999786376953,16.110000610351562,36.66905212402344,122.47026062011719,77.49905395507812,20.121278762817383,54.387840270996094,58.94638442993164,42.31059646606445,60.88404083251953,45.36012649536133
2017-09-01,215.40419006347656,97.74006652832031,126.05999755859375,73.34525299072266,10.130000114440918,92.80999755859375,16.729999542236328,36.856773376464844,125.72703552246094,78.07331848144531,20.552738189697266,54.67780303955078,59.30506134033203,42.45248794555664,61.17967987060547,45.468597412109375
2017-09-08,214.3092041015625,99.47506713867188,127.97000122070312,73.32917022705078,12.119999885559082,91.33000183105469,17.020000457763672,36.63641357421875,124.56388854980469,77.3394775390625,20.526254653930664,54.34970474243164,59.72701644897461,42.90800476074219,60.77423858642578,45.8691291809082
2017-09-15,217.6524200439453,97.82489013671875,125.52999877929688,73.34525299072266,10.170000076293945,91.87000274658203,16.6200008392334,37.20771408081055,127.41808319091797,79.078369140625,20.694473266601562,54.73354721069336,60.01533889770508,43.34858322143555,61.76251220703125,46.09443283081055
2017-09-22,217.87078857421875,97.31595611572266,123.23999786376953,73.37734985351562,9.59000015258789,92.16999816894531,16.049999237060547,37.036319732666016,129.10910034179688,79.64911651611328,20.591815948486328,54.74591064453125,58.60740661621094,43.63309860229492,61.59355545043945,46.25297546386719
2017-09-29,219.43426513671875,96.20555877685547,121.58000183105469,73.39335632324219,9.510000228881836,93.08000183105469,15.739999771118164,36.57112503051758,132.901611328125,80.16304779052734,20.741817474365234,54.95021438598633,59.033687591552734,43.73056411743164,61.00230026245117,46.48661422729492
2017-10-06,222.1768341064453,95.4961929321289,121.08999633789062,73.3805160522461,9.649999618530273,93.80000305175781,15.850000381469727,37.240352630615234,134.57879638671875,81.19903564453125,21.005870819091797,54.953330993652344,59.18290710449219,43.58812713623047,62.134159088134766,46.72026062011719
2017-10-13,222.6833953857422,97.24248504638672,123.81999969482422,73.4126205444336,9.609999656677246,93.08999633789062,16.40999984741211,38.08097457885742,133.96897888183594,81.07054901123047,21.11993408203125,54.90979766845703,60.24152755737305,44.12040710449219,63.553199768066406,47.880126953125
2017-10-20,224.5700225830078,95.79753875732422,121.61000061035156,73.4287109375,9.970000267028809,93.69999694824219,16.079999923706055,37.75452423095703,134.5160369873047,82.29924011230469,21.154306411743164,55.13355255126953,59.43157196044922,43.79053497314453,63.24067687988281,47.9969482421875
2017-10-27,225.09413146972656,95.2257308959961,120.9000015258789,73.44474792480469,9.800000190734863,94.91999816894531,15.90999984741211,37.65658187866211,134.3456573486328,82.17877960205078,21.282432556152344,54.996829986572266,58.458213806152344,43.45317840576172,63.39271545410156,48.74794006347656
2017-11-03,225.74044799804688,97.2857437133789,120.62000274658203,73.43670654296875,9.140000343322754,94.94000244140625,15.920000076293945,37.81981658935547,133.2873077392578,82.08240509033203,21.433990478515625,54.919456481933594,59.033687591552734,43.91798782348633,64.11067962646484,49.39045715332031
2017-11-10,225.42601013183594,96.09329986572266,121.12999725341797,73.45280456542969,11.289999961853027,94.38999938964844,15.949999809265137,37.77900314331055,131.45765686035156,81.5604248046875,21.510543823242188,54.376338958740234,60.340999603271484,43.24325180053711,64.26273345947266,49.29867172241211
2017-11-17,225.22508239746094,97.86652374267578,122.86000061035156,73.45280456542969,11.430000305175781,93.66000366210938,16.309999465942383,38.21156311035156,133.14378356933594,81.52826690673828,21.508989334106445,54.60104751586914,60.142051696777344,43.13079833984375,64.78642272949219,48.973243713378906
2017-11-24,227.4087371826172,98.18399047851562,122.31999969482422,73.46881866455078,9.670000076293945,92.76000213623047,16.079999923706055,38.937923431396484,135.38601684570312,82.0181884765625,21.802736282348633,54.850772857666016,60.355186462402344,44.007957458496094,66.12100982666016,50.10808181762695
2017-12-01,230.98985290527344,98.1905288696289,121.58999633789062,73.48970794677734,11.430000305175781,92.9000015258789,15.529999732971191,37.41175079345703,137.24258422851562,84.45148468017578,21.796480178833008,54.777015686035156,60.099403381347656,43.73056411743164,63.460289001464844,49.76595687866211
2017-12-08,231.906982421875,98.29915618896484,118.4800033569336,73.51383972167969,9.579999923706055,93.9000015258789,14.960000038146973,37.49335861206055,135.79861450195312,84.90923309326172,21.85429573059082,54.75822830200195,59.7015380859375,43.798030853271484,63.62078094482422,49.732582092285156
2017-12-15,233.97024536132812,99.5871353149414,119.18000030517578,73.52191162109375,9.420000076293945,93.93000030517578,15.149999618530273,37.68107223510742,136.54299926757812,85.4714126586914,22.115232467651367,54.67045974731445,60.44754409790039,43.68558120727539,63.74747085571289,49.9829216003418
2017-12-22,234.84812927246094,97.01416778564453,120.94000244140625,73.54766082763672,9.899999618530273,93.3499984741211,15.399999618530273,38.5255126953125,137.91571044921875,86.0006103515625,22.126934051513672,54.76557159423828,59.03923416137695,44.32621383666992,64.88717651367188,50.406471252441406
2017-12-29,234.27749633789062,98.63922119140625,123.6500015258789,73.53959655761719,11.039999961853027,92.12000274658203,15.989999771118164,39.0391845703125,137.2584991455078,85.90367889404297,22.05011558532715,54.929229736328125,59.86893844604492,44.58247756958008,65.49681854248047,50.339271545410156
2018-01-05,240.03652954101562,97.74504852294922,125.33000183105469,73.57176208496094,9.220000267028809,91.94999694824219,16.219999313354492,40.70448684692383,139.35617065429688,87.43075561523438,22.760295867919922,55.376155853271484,58.47647476196289,45.871337890625,68.18435668945312,52.11161422729492
2018-01-12,243.98715209960938,96.81975555419922,126.95999908447266,73.59590148925781,10.15999984741211,90.97000122070312,16.270000457763672,41.019309997558594,142.39013671875,88.91739654541016,23.11774444580078,55.13067626953125,56.7160530090332,46.55720901489258,68.81974792480469,53.30437088012695
2018-01-19,246.17318725585938,95.68458557128906,126.41999816894531,73.60393524169922,11.270000457763672,90.56999969482422,16.049999237060547,41.789825439453125,142.78627014160156,89.547607421875,23.38268280029297,55.105499267578125,56.78820037841797,47.06221008300781,69.82432556152344,53.61515426635742
2018-01-26,251.58975219726562,96.0966567993164,128.07000732421875,73.6361312866211,11.079999923706055,89.06999969482422,16.40999984741211,43.14857482910156,143.6865997314453,91.510986328125,23.88906478881836,55.24397659301758,57.49523162841797,47.853607177734375,71.69615936279297,54.32072448730469
2018-02-02,241.81874084472656,93.17233276367188,126.38999938964844,73.6409683227539,17.309999465942383,89.19999694824219,15.65999984741211,40.63819885253906,138.4918670654297,88.02864837646484,22.990753173828125,54.50309753417969,55.612159729003906,45.99946594238281,67.5232162475586,52.3468017578125
2018-02-09,229.5719451904297,91.89448547363281,124.7699966430664,73.65705871582031,29.059999465942383,90.44000244140625,15.390000343322754,38.459224700927734,132.1358184814453,83.52822875976562,21.8557186126709,53.700260162353516,53.49820327758789,43.60262680053711,63.916927337646484,49.616905212402344
2018-02-16,239.76437377929688,92.49443054199219,127.95999908447266,73.67317199707031,19.459999084472656,89.0999984741211,15.729999542236328,41.04417419433594,138.0507354736328,86.90553283691406,22.9139404296875,54.648460388183594,54.32069396972656,45.32864761352539,67.77220153808594,51.74202346801758
2018-02-23,241.1690216064453,92.04251098632812,126.13999938964844,73.68926239013672,16.489999771118164,89.87999725341797,15.59000015258789,41.19329833984375,138.6269073486328,86.95404052734375,23.15536117553711,54.61051940917969,54.06819152832031,45.170372009277344,67.90957641601562,51.792423248291016
2018-03-02,236.22637939453125,92.3998794555664,125.38999938964844,73.712646484375,19.59000015258789,89.94000244140625,15.5600004196167,39.875972747802734,137.15945434570312,85.20071411132812,22.71013069152832,54.421295166015625,52.949886322021484,43.76091384887695,66.02918243408203,50.372886657714844
2018-03-09,244.82107543945312,92.05632781982422,125.54000091552734,73.720703125,14.640000343322754,90.08999633789062,15.630000114440918,41.218162536621094,143.0743865966797,87.87512969970703,23.65546226501465,54.62440490722656,54.52993392944336,44.82366943359375,68.29597473144531,50.918861389160156
2018-03-16,241.68544006347656,93.53974914550781,124.5999984741211,73.73682403564453,15.800000190734863,90.2300033569336,15.390000343322754,40.7707633972168,142.06607055664062,86.63082885742188,23.404626846313477,54.453041076660156,55.23699951171875,44.59754180908203,68.27021789550781,50.97765350341797
2018-03-23,227.45040893554688,93.8208236694336,127.61000061035156,73.76100158691406,24.8700008392334,89.44000244140625,15.579999923706055,38.84862518310547,135.4006805419922,81.64192962646484,22.001895904541016,53.8945198059082,52.89216995239258,43.11271286010742,64.5952377319336,48.953330993652344
2018-03-30,231.94578552246094,95.1715087890625,125.79000091552734,73.79328155517578,19.969999313354492,90.1500015258789,15.40999984741211,40.00025177001953,137.0068817138672,83.84407043457031,22.297348022460938,54.35148620605469,54.98005676269531,44.04280471801758,66.57010650634766,50.96925354003906
2018-04-06,228.92245483398438,94.7490234375,126.38999938964844,73.80533599853516,21.489999771118164,90.11000061035156,15.430000305175781,39.006046295166016,135.68045043945312,82.92584991455078,21.9091739654541,54.338096618652344,54.83433151245117,44.11854934692383,64.7154541015625,50.078887939453125
2018-04-13,233.70851135253906,94.59255981445312,127.44999694824219,73.82148742675781,17.40999984741211,89.80000305175781,15.680000305175781,39.412010192871094,138.9198760986328,84.47792053222656,22.393217086791992,54.988101959228516,54.38996505737305,45.125892639160156,66.19231414794922,50.59126663208008
2018-04-20,234.99542236328125,92.68344116210938,126.62999725341797,73.84568786621094,16.8799991607666,90.31999969482422,16.1299991607666,39.155174255371094,140.3637237548828,85.10363006591797,22.49222755432129,54.733192443847656,53.94559097290039,45.330387115478516,65.47965240478516,50.97765350341797
2018-04-27,234.95135498046875,93.01986694335938,125.5,73.87801361083984,15.40999984741211,91.54000091552734,15.569999694824219,39.155174255371094,139.5876922607422,85.11988067626953,22.452938079833984,54.65033721923828,55.6502799987793,45.209205627441406,65.69430541992188,51.05324935913086
2018-05-04,234.4753875732422,93.3033676147461,124.54000091552734,73.8998031616211,14.770000457763672,92.56999969482422,15.539999961853027,38.4675178527832,140.52610778808594,83.77095794677734,22.75310516357422,54.66523742675781,56.30592346191406,45.443992614746094,65.16194152832031,51.01124954223633
2018-05-11,240.4954833984375,93.4916000366211,125.0,73.90788269042969,12.649999618530273,92.54000091552734,15.699999809265137,39.27117156982422,144.23487854003906,85.68868255615234,23.372299194335938,54.86360549926758,57.027137756347656,45.63334274291992,66.53575134277344,51.473228454589844
2018-05-18,239.1557159423828,91.90763854980469,122.41000366210938,73.94020080566406,13.420000076293945,93.63999938964844,15.479999542236328,38.16925811767578,146.0667266845703,85.4205093383789,23.21671485900879,54.652435302734375,55.249603271484375,45.330387115478516,65.24781799316406,51.24644470214844
2018-05-25,239.87847900390625,93.79737854003906,123.20999908447266,73.97254180908203,13.220000267028809,94.19000244140625,15.529999732971191,38.4675178527832,145.94937133789062,85.45303344726562,23.361299514770508,54.754844665527344,56.62646484375,44.51996994018555,66.02058410644531,50.50727462768555
2018-06-01,241.15658569335938,94.54976654052734,122.48999786376953,73.98546600341797,13.460000038146973,94.19000244140625,15.4399995803833,38.38467025756836,147.84437561035156,85.5099105834961,23.619035720825195,54.76435089111328,57.726497650146484,44.27003860473633,66.00341796875,50.52407455444336
2018-06-08,245.20236206054688,93.9445571899414,123.01000213623047,74.00973510742188,12.180000305175781,93.55000305175781,15.779999732971191,38.38467025756836,150.26280212402344,87.02134704589844,23.996204376220703,55.066505432128906,58.42585754394531,44.47453308105469,66.55294799804688,51.1036491394043
2018-06-15,245.36483764648438,94.6126708984375,121.33999633789062,74.03398132324219,11.979999542236328,94.79000091552734,15.600000381469727,37.47330856323242,151.42678833007812,86.51753997802734,24.235092163085938,55.362205505371094,58.05431365966797,44.37606430053711,64.98162841796875,50.666866302490234
2018-06-22,243.2487335205078,94.73053741455078,120.33999633789062,74.05016326904297,13.770000457763672,94.5199966430664,15.5,36.62567901611328,151.43580627441406,85.76179504394531,23.991308212280273,55.22723388671875,59.401336669921875,43.85728073120117,63.12766647338867,49.84019470214844
2018-06-29,240.18536376953125,95.66584777832031,118.6500015258789,74.09059143066406,16.09000015258789,94.62999725341797,15.149999618530273,36.133689880371094,147.7811737060547,84.87890625,23.608366012573242,54.69364547729492,59.8865852355957,43.355220794677734,61.87582015991211,49.01911163330078
2018-07-06,243.85086059570312,96.69380950927734,118.86000061035156,74.11251068115234,13.369999885559082,94.04000091552734,15.079999923706055,36.20038604736328,152.37362670898438,85.9906997680664,24.03228187561035,55.10111999511719,61.04093933105469,44.01176452636719,61.38372039794922,48.41811752319336
2018-07-13,247.54287719726562,96.67018127441406,117.61000061035156,74.12873840332031,12.180000305175781,94.75,14.880000114440918,36.567317962646484,151.6219482421875,87.02070617675781,24.4940242767334,55.281925201416016,60.48215866088867,44.08900451660156,62.13481903076172,48.72284698486328
2018-07-20,247.62254333496094,95.12621307373047,116.55999755859375,74.16112518310547,12.859999656677246,94.45999908447266,14.59000015258789,36.659053802490234,152.58192443847656,87.1842041015625,24.471952438354492,55.28834533691406,59.614532470703125,44.25893783569336,62.169368743896484,49.25611877441406
2018-07-27,249.16311645507812,94.1021728515625,115.83000183105469,74.1854019165039,13.029999732971191,94.68000030517578,14.569999694824219,37.267799377441406,149.665771484375,88.54122161865234,24.347461700439453,55.475669860839844,59.21751403808594,44.57562255859375,62.93775177001953,50.30574417114258
2018-08-03,251.09326171875,94.12311553955078,114.91999816894531,74.2056884765625,11.640000343322754,95.13999938964844,14.5,36.867523193359375,150.68911743164062,89.21155548095703,24.530256271362305,55.7390022277832,61.08506774902344,44.22804260253906,61.77222442626953,49.577781677246094
2018-08-10,250.70367431640625,95.25993347167969,114.69000244140625,74.23814392089844,13.15999984741211,96.36000061035156,14.40999984741211,36.016929626464844,151.72158813476562,88.92543029785156,24.553897857666016,55.70008850097656,60.10715103149414,43.138946533203125,61.590919494628906,48.672054290771484
2018-08-17,252.3859405517578,95.51258087158203,112.12999725341797,74.25436401367188,12.640000343322754,96.0999984741211,13.920000076293945,35.199684143066406,152.4641876220703,89.83284759521484,24.58226776123047,55.79735565185547,61.80561065673828,42.7373046875,60.27863311767578,48.40964889526367
2018-08-24,254.55514526367188,96.54682159423828,114.16000366210938,74.28681945800781,11.989999771118164,95.1500015258789,13.920000076293945,36.167030334472656,155.3984832763672,90.19255065917969,24.951021194458008,56.017879486083984,61.335044860839844,43.756874084472656,61.7117919921875,48.76517105102539
2018-08-31,257.0341491699219,95.52836608886719,113.51000213623047,74.31114959716797,12.859999656677246,95.13999938964844,13.649999618530273,36.000247955322266,156.69349670410156,90.5113525390625,25.330812454223633,56.00489044189453,61.79826354980469,43.56378173828125,61.668617248535156,49.28152084350586
2018-09-07,254.634765625,94.2638931274414,113.2300033569336,74.342041015625,14.880000114440918,95.37000274658203,13.319999694824219,34.64930725097656,154.44754028320312,90.2416000366211,24.91792869567871,55.816650390625,60.92329025268555,42.42061233520508,59.29442596435547,47.969486236572266
2018-09-14,257.5388488769531,93.80500030517578,113.0199966430664,74.35831451416016,12.069999694824219,94.9800033569336,13.229999542236328,34.991207122802734,155.20823669433594,91.23888397216797,25.240989685058594,56.22697448730469,61.129154205322266,43.21619415283203,60.08007049560547,49.196868896484375
2018-09-21,259.6917419433594,92.65768432617188,113.48999786376953,74.39080047607422,11.680000305175781,94.22000122070312,13.4399995803833,36.050289154052734,154.3207550048828,92.58775329589844,25.261470794677734,56.1683464050293,60.864463806152344,44.32073974609375,61.53049087524414,50.82209396362305
2018-09-28,258.56231689453125,92.79215240478516,112.76000213623047,74.41519165039062,12.119999885559082,95.19000244140625,13.729999542236328,35.79176712036133,153.05038452148438,91.07598876953125,25.451688766479492,56.29860305786133,60.151710510253906,43.593257904052734,60.96067428588867,50.98291778564453
2018-10-05,255.9830322265625,89.64456939697266,113.80000305175781,74.45262145996094,14.819999694824219,95.62000274658203,13.75,34.05722427368164,147.24798583984375,91.32283020019531,24.854276657104492,55.807289123535156,58.302734375,42.60073471069336,57.42097854614258,50.085655212402344
2018-10-12,245.4261016845703,90.77862548828125,115.2300033569336,74.4688949584961,21.309999465942383,95.22000122070312,13.739999771118164,33.598567962646484,139.4751434326172,87.38949584960938,23.857009887695312,55.70915985107422,56.52830505371094,40.91035079956055,56.100059509277344,48.02027893066406
2018-10-19,245.69290161132812,90.17597961425781,116.01000213623047,74.4933090209961,19.889999389648438,95.70999908447266,13.739999771118164,33.081539154052734,139.25717163085938,88.03133392333984,23.67999267578125,55.54558563232422,58.24309539794922,40.84056854248047,55.21943664550781,47.95255661010742
2018-10-26,235.9807891845703,91.19100952148438,116.7699966430664,74.53400421142578,24.15999984741211,96.36000061035156,13.8100004196167,32.24761199951172,133.91790771484375,84.59992218017578,22.741214752197266,55.10724639892578,57.55717468261719,39.429325103759766,53.52729415893555,45.68402099609375
2018-11-02,241.81521606445312,89.03543853759766,116.6500015258789,74.5584487915039,19.510000228881836,96.54000091552734,13.859999656677246,34.040550231933594,139.83839416503906,86.95333862304688,23.246952056884766,55.40598678588867,58.183433532714844,40.84056854248047,56.669864654541016,46.572811126708984
2018-11-09,247.03590393066406,90.10859680175781,114.4800033569336,74.59918212890625,17.360000610351562,96.91000366210938,13.319999694824219,33.18994140625,139.91104125976562,89.18333435058594,23.631010055541992,55.465145111083984,60.09206771850586,40.778533935546875,55.176273345947266,46.640525817871094
2018-11-16,243.4517059326172,91.18181610107422,115.62000274658203,74.62366485595703,18.139999389648438,96.47000122070312,13.529999732971191,34.107261657714844,137.96780395507812,88.50037384033203,23.095233917236328,54.74850082397461,60.2337532043457,40.204742431640625,57.153324127197266,46.301944732666016
2018-11-23,234.1309051513672,91.5315933227539,115.7699966430664,74.64813232421875,21.520000457763672,96.91999816894531,13.420000076293945,33.13991165161133,134.2902374267578,85.83422088623047,22.050546646118164,54.38031768798828,59.62983322143555,39.3517951965332,55.642478942871094,45.77712631225586
2018-11-30,245.1593017578125,91.68262481689453,115.54000091552734,74.68070220947266,18.06999969482422,97.2699966430664,13.319999694824219,34.25736999511719,138.5852508544922,89.37259674072266,23.27698516845703,54.96546936035156,61.120941162109375,39.879066467285156,57.64543914794922,46.84367752075195
2018-12-07,234.41549682617188,94.34953308105469,118.08999633789062,74.71095275878906,23.229999542236328,96.51000213623047,13.729999542236328,33.25666427612305,130.776123046875,85.32406616210938,22.271814346313477,54.70526885986328,61.225318908691406,38.506587982177734,55.97055435180664,45.320037841796875
2018-12-14,231.65835571289062,94.40531921386719,117.05999755859375,74.74362182617188,21.6299991607666,97.44000244140625,13.699999809265137,33.2149658203125,127.6797103881836,84.0074691772461,22.091642379760742,54.9232177734375,60.093379974365234,38.34376525878906,56.22092819213867,44.82907485961914
2018-12-21,215.3253173828125,96.4183120727539,118.72000122070312,74.7763442993164,30.110000610351562,96.95999908447266,13.739999771118164,32.605079650878906,116.95539093017578,78.76573944091797,20.32310676574707,53.240074157714844,56.1248779296875,37.118629455566406,54.92219924926758,42.36227035522461
2018-12-28,221.6321258544922,96.68190002441406,121.05999755859375,74.80902099609375,28.34000015258789,96.38999938964844,14.420000076293945,33.21452331542969,121.04612731933594,80.40550994873047,21.114526748657227,53.77757263183594,56.10977554321289,37.77500915527344,55.80691146850586,43.31769561767578
2019-01-04,225.78297424316406,97.52848052978516,121.44000244140625,74.84173583984375,21.3799991607666,96.19000244140625,14.729999542236328,33.59541320800781,124.99109649658203,82.03866577148438,21.481115341186523,54.673423767089844,56.07206344604492,38.57890701293945,55.73684310913086,44.759334564208984
2019-01-11,231.67831420898438,96.58607482910156,121.80000305175781,74.86627960205078,18.190000534057617,95.66999816894531,14.640000343322754,34.47572326660156,130.9040069580078,83.72984313964844,22.187307357788086,55.668800354003906,58.65988540649414,39.43742370605469,57.34859085083008,45.0749626159668
2019-01-18,238.36968994140625,95.49182891845703,121.0199966430664,74.89900207519531,17.799999237060547,96.33999633789062,14.369999885559082,35.16980743408203,134.22943115234375,86.1836929321289,22.826854705810547,56.07358932495117,59.92738342285156,39.991554260253906,58.601200103759766,46.19245147705078
2019-01-25,237.76141357421875,96.26656341552734,122.86000061035156,74.9235610961914,17.420000076293945,95.79000091552734,14.739999771118164,35.720001220703125,134.238525390625,85.88525390625,22.812570571899414,56.01387405395508,60.70448684692383,40.14765930175781,59.43335723876953,45.99625015258789
2019-02-01,241.5902099609375,96.82833862304688,124.5,74.95545959472656,16.139999389648438,95.58000183105469,14.920000076293945,36.19400405883789,135.9149627685547,87.07072448730469,23.25851058959961,56.4510498046875,62.530296325683594,40.530067443847656,60.002716064453125,46.11567306518555
2019-02-08,241.95700073242188,97.94098663330078,124.20999908447266,74.99645233154297,15.720000267028809,96.63999938964844,14.829999923706055,35.68614196777344,136.52537536621094,86.78057861328125,23.41085433959961,56.524391174316406,63.465843200683594,40.093021392822266,59.77496337890625,44.98112487792969
2019-02-15,248.129638671875,97.64479064941406,124.80000305175781,75.02107238769531,14.90999984741211,96.91999816894531,14.819999694824219,35.626888275146484,142.3289794921875,89.0852279663086,23.988523483276367,56.9310302734375,64.19766998291016,41.076419830322266,59.79249572753906,46.48248291015625
2019-02-22,249.7130126953125,97.31661987304688,125.5,75.06200408935547,13.510000228881836,96.51000213623047,14.949999809265137,36.4310188293457,144.08731079101562,89.72359466552734,24.118640899658203,57.05768585205078,64.2203140258789,41.46665954589844,61.33415603637695,46.644569396972656
2019-03-01,250.8580780029297,95.18781280517578,121.87999725341797,75.09478759765625,13.569999694824219,96.52999877929688,14.199999809265137,35.96546936035156,144.16934204101562,89.7898941040039,24.350341796875,57.326393127441406,63.171600341796875,42.05980682373047,60.86115264892578,46.508087158203125
2019-03-08,245.52633666992188,97.52217102050781,122.83999633789062,75.12765502929688,16.049999237060547,97.37000274658203,14.40999984741211,35.245994567871094,138.15618896484375,87.86660766601562,23.807598114013672,56.984893798828125,63.2696647644043,41.2169075012207,59.67860412597656,45.510013580322266
2019-03-15,252.76272583007812,97.66661071777344,122.97000122070312,75.15228271484375,12.880000114440918,96.5999984741211,14.329999923706055,36.464874267578125,140.998779296875,90.13809204101562,24.60742950439453,57.44024658203125,64.70318603515625,42.6607780456543,61.6057243347168,46.32893753051758
2019-03-22,250.9117889404297,100.16143798828125,123.97000122070312,75.18514251708984,16.479999542236328,96.6500015258789,14.449999809265137,35.9146728515625,136.67922973632812,88.87798309326172,24.574100494384766,57.48040771484375,65.05021667480469,41.849098205566406,60.931236267089844,46.303340911865234
2019-03-29,253.81398010253906,101.42884063720703,122.01000213623047,75.21797943115234,13.710000038146973,97.27999877929688,14.180000305175781,36.32944107055664,139.84909057617188,89.84066009521484,24.89267921447754,57.90227127075195,66.0396499633789,42.081443786621094,61.921043395996094,46.678688049316406
2019-04-05,259.28582763671875,99.71481323242188,121.9800033569336,75.25587463378906,12.819999694824219,97.4000015258789,14.170000076293945,37.58218002319336,143.76805114746094,91.4850082397461,25.47354507446289,58.13026428222656,66.74628448486328,43.20392608642578,64.08466339111328,47.23316955566406
2019-04-12,260.7146301269531,98.62144470214844,121.83000183105469,75.28874969482422,12.010000228881836,96.97000122070312,14.050000190734863,37.54832077026367,144.04212951660156,91.80224609375,25.688385009765625,58.48674774169922,66.90586853027344,43.47865676879883,64.11966705322266,46.968727111816406
2019-04-19,260.58880615234375,98.80633544921875,120.37000274658203,75.32170104980469,12.09000015258789,97.47000122070312,14.0600004196167,37.71760940551758,142.1785125732422,91.70207214355469,25.65496063232422,58.29842758178711,64.96063232421875,43.619937896728516,64.1722412109375,47.216102600097656
2019-04-26,263.6347961425781,99.53794860839844,121.37000274658203,75.34632110595703,12.729999542236328,98.01000213623047,14.100000381469727,37.14202117919922,144.5811004638672,92.23629760742188,26.124418258666992,58.493431091308594,65.9560317993164,43.36090850830078,63.17366027832031,47.258766174316406
2019-05-03,264.19183349609375,99.62602233886719,120.6500015258789,75.3825912475586,12.869999885559082,97.5199966430664,13.960000038146973,37.42981719970703,146.64561462402344,92.65364074707031,26.11805534362793,58.47056198120117,66.61711883544922,43.66703414916992,63.95327377319336,47.7364616394043
2019-05-10,258.8636474609375,100.50416564941406,121.43000030517578,75.42379760742188,16.040000915527344,97.33000183105469,13.84000015258789,35.533782958984375,143.0737762451172,91.0426254272461,25.519695281982422,58.240943908691406,66.00163269042969,42.74079132080078,60.23921585083008,46.124210357666016
2019-05-17,256.8330078125,101.50318908691406,120.6500015258789,75.44852447509766,15.960000038146973,98.0,13.520000457763672,34.10329055786133,139.62069702148438,90.34981536865234,25.357364654541016,58.04510498046875,66.76150512695312,42.395416259765625,58.145694732666016,45.800045013427734
2019-05-24,254.08351135253906,102.94532012939453,121.30000305175781,75.48975372314453,15.850000381469727,97.61000061035156,13.649999618530273,33.81549835205078,137.74803161621094,89.87403106689453,24.927684783935547,57.84918975830078,66.91346740722656,42.24627685546875,57.31354522705078,45.851234436035156
2019-05-31,247.33563232421875,106.20817565917969,123.33000183105469,75.52271270751953,18.709999084472656,97.75,13.649999618530273,34.458797454833984,133.2444305419922,86.98593139648438,24.412080764770508,57.3426628112793,66.0244369506836,41.249385833740234,57.66392517089844,44.97259521484375
2019-06-07,258.4593200683594,106.35346984863281,126.58999633789062,75.55241394042969,16.299999237060547,96.61000061035156,14.0600004196167,34.856624603271484,137.8119354248047,91.12611389160156,25.438528060913086,58.41875457763672,67.64292907714844,42.82714080810547,58.434757232666016,46.38865280151367
2019-06-14,259.9059753417969,106.12742614746094,126.55999755859375,75.60194396972656,15.279999732971191,97.56999969482422,13.90999984741211,34.788909912109375,138.60670471191406,91.58522033691406,25.58652687072754,58.547637939453125,68.15966796875,42.57596206665039,58.215782165527344,46.064491271972656
2019-06-21,265.4496765136719,106.10319519042969,131.97999572753906,75.62677001953125,15.399999618530273,96.22000122070312,14.359999656677246,36.47849655151367,141.13046264648438,93.15447998046875,26.261280059814453,59.25330352783203,68.5623779296875,43.726661682128906,61.05476760864258,46.87968063354492
2019-06-28,264.546875,107.21727752685547,133.1999969482422,75.65982818603516,15.079999923706055,96.12999725341797,14.329999923706055,36.5979118347168,142.55136108398438,93.17607116699219,26.0682315826416,59.151519775390625,67.05066680908203,43.87050247192383,61.51310729980469,46.98298263549805
2019-07-05,269.4765930175781,107.12020874023438,132.13999938964844,75.68049621582031,13.279999732971191,97.25,14.0600004196167,36.614967346191406,143.63316345214844,94.57892608642578,26.610679626464844,59.28509521484375,68.7537612915039,44.014347076416016,61.592445373535156,47.73188400268555
2019-07-12,271.45391845703125,105.33257293701172,133.52999877929688,75.72186279296875,12.390000343322754,96.80999755859375,14.260000228881836,36.546730041503906,143.110595703125,94.9569320678711,26.956899642944336,59.24420928955078,68.63101196289062,43.75062942504883,61.151729583740234,47.421993255615234
2019-07-19,268.31195068359375,106.52164459228516,134.47000122070312,75.75497436523438,14.449999809265137,97.1500015258789,15.170000076293945,36.55526351928711,141.0113067626953,93.90689086914062,26.62344741821289,59.012489318847656,67.07368469238281,43.510902404785156,61.40733337402344,47.06045150756836
2019-07-26,272.68194580078125,106.34368133544922,133.63999938964844,75.77153015136719,12.15999984741211,98.01000213623047,15.3100004196167,36.41880416870117,144.1098175048828,95.06612396240234,27.164304733276367,59.407779693603516,67.73343658447266,43.60679626464844,61.25748825073242,47.18096923828125
2019-08-02,264.2037353515625,110.64025115966797,135.88999938964844,75.8170394897461,17.610000610351562,98.0999984741211,15.1899995803833,34.58506774902344,139.87457275390625,92.40324401855469,26.2533016204834,59.12582015991211,68.52363586425781,42.16842269897461,57.86410140991211,46.53535079956055
2019-08-09,263.3008117675781,113.50941467285156,141.25999450683594,75.83364868164062,17.969999313354492,97.48999786376953,15.890000343322754,34.005096435546875,138.0778045654297,91.67241668701172,26.258087158203125,59.03000259399414,69.69739532470703,41.83279037475586,56.66539001464844,46.11355972290039
2019-08-16,260.79986572265625,118.43716430664062,142.77999877929688,75.87506103515625,18.469999313354492,98.13999938964844,16.020000457763672,33.7236328125,136.25350952148438,90.36199188232422,26.101728439331055,58.92734146118164,69.9505615234375,41.193519592285156,56.85049057006836,45.975830078125
2019-08-23,257.188232421875,118.2994155883789,144.1699981689453,75.89163208007812,19.8700008392334,97.63999938964844,16.350000381469727,33.30570983886719,133.31996154785156,88.88353729248047,25.816144943237305,59.235313415527344,69.5822982788086,41.201507568359375,56.207061767578125,45.442138671875
2019-08-30,264.0502014160156,119.36927032470703,143.75,75.92477416992188,18.979999542236328,98.91999816894531,17.149999618530273,34.278018951416016,136.4459686279297,91.1600112915039,26.513362884521484,59.65278625488281,70.74840545654297,42.02457809448242,57.53797149658203,46.41484451293945
2019-09-06,269.1064147949219,118.37052154541016,141.9199981689453,75.94800567626953,15.0,98.38999938964844,16.8700008392334,35.18209457397461,137.417724609375,92.91565704345703,27.001571655273438,59.894065856933594,71.69204711914062,42.879615783691406,59.221458435058594,47.19818115234375
2019-09-13,271.8512268066406,110.86026763916016,140.14999389648438,75.97295379638672,13.739999771118164,98.26000213623047,16.309999465942383,36.02647018432617,144.21072387695312,95.05773162841797,26.902650833129883,59.90778350830078,70.3034439086914,43.590816497802734,60.746273040771484,48.95423126220703
2019-09-20,270.5578308105469,115.2041244506836,142.9499969482422,76.00615692138672,15.319999694824219,98.51000213623047,16.799999237060547,35.489139556884766,142.48727416992188,94.57442474365234,26.802705764770508,60.12773132324219,71.69204711914062,43.327117919921875,59.49469757080078,49.02309799194336
2019-09-27,267.9454040527344,115.88607025146484,141.05999755859375,76.0394058227539,17.219999313354492,99.11000061035156,16.360000610351562,34.661827087402344,139.0598907470703,94.03364562988281,26.418922424316406,59.845947265625,71.98808288574219,42.94352722167969,58.06681442260742,48.61851501464844
2019-10-04,266.9930114746094,118.74040985107422,141.89999389648438,76.07014465332031,17.040000915527344,98.80999755859375,16.40999984741211,34.94328308105469,137.2016143798828,93.0619888305664,26.54525375366211,59.64552688598633,72.25099182128906,42.20395278930664,58.551597595214844,48.82511520385742
2019-10-11,268.7436828613281,114.22637176513672,140.02999877929688,76.10338592529297,15.579999923706055,98.30000305175781,16.3700008392334,35.59148406982422,138.19512939453125,93.39151000976562,26.76593589782715,59.880130767822266,71.9416732788086,43.39370346069336,59.66216278076172,49.19525909423828
2019-10-18,270.2765808105469,113.52689361572266,140.4600067138672,76.11998748779297,14.25,97.27999877929688,16.40999984741211,35.804710388183594,140.39382934570312,94.35476684570312,26.802705764770508,60.10100555419922,73.10163879394531,44.101112365722656,60.032344818115234,49.384639739990234
2019-10-25,273.5692138671875,112.66474914550781,141.86000061035156,76.14498901367188,12.649999618530273,97.83000183105469,16.889999389648438,36.41880416870117,142.59251403808594,95.6305923461914,27.109739303588867,60.30802536010742,72.79232025146484,44.47893524169922,60.92255783081055,50.004417419433594
2019-11-01,277.687255859375,114.5234146118164,142.55999755859375,76.16907501220703,12.300000190734863,97.23999786376953,16.920000076293945,36.862308502197266,145.44436645507812,97.07544708251953,27.507917404174805,60.16487121582031,72.90831756591797,45.089881896972656,61.936180114746094,51.011566162109375
2019-11-08,280.22705078125,109.92001342773438,137.38999938964844,76.1940689086914,12.069999694824219,98.3499984741211,15.699999809265137,37.254642486572266,146.3459014892578,98.60481262207031,27.5574893951416,60.1856689453125,70.44142150878906,45.242637634277344,63.143699645996094,51.58831024169922
2019-11-15,282.8121643066406,112.24208068847656,138.2100067138672,76.20240020751953,12.050000190734863,98.0,15.850000381469727,36.785545349121094,146.19873046875,98.84141540527344,28.021228790283203,60.248023986816406,71.64006805419922,45.371246337890625,61.786338806152344,51.467796325683594
2019-11-22,282.0592346191406,113.9857177734375,137.74000549316406,76.22735595703125,12.34000015258789,98.2699966430664,15.899999618530273,36.56378936767578,145.55474853515625,98.8244857788086,27.91408920288086,60.07480239868164,70.79714965820312,45.097930908203125,61.52192306518555,51.27842330932617
2019-11-29,285.0979309082031,114.4093246459961,137.86000061035156,76.25234985351562,12.619999885559082,98.2699966430664,15.920000076293945,36.28234100341797,148.82058715820312,99.40750122070312,28.368242263793945,60.248023986816406,71.97261047363281,45.33106231689453,61.38970947265625,51.15790939331055
2019-12-06,285.6058654785156,112.91655731201172,137.6199951171875,76.27482604980469,13.619999885559082,97.69999694824219,15.479999542236328,36.734371185302734,149.78656005859375,99.77926635742188,28.320268630981445,60.47831344604492,71.81795501708984,45.62849807739258,61.90972900390625,52.216697692871094
2019-12-13,287.82830810546875,113.47972869873047,139.0500030517578,76.28324890136719,12.630000114440918,97.16999816894531,15.84000015258789,37.88578414916992,150.25570678710938,100.48902130126953,28.51696014404297,60.95137023925781,69.86917877197266,46.536888122558594,63.83119201660156,52.276954650878906
2019-12-20,292.3516540527344,111.7075424194336,139.52000427246094,76.32075500488281,12.510000228881836,97.70999908447266,16.040000915527344,38.86057662963867,153.24447631835938,102.02681732177734,29.075048446655273,61.24593734741211,71.5724868774414,46.8182487487793,65.18217468261719,52.107967376708984
2019-12-27,294.2931823730469,112.25528717041016,142.3300018310547,76.32907104492188,13.430000305175781,96.91999816894531,16.579999923706055,39.26128005981445,153.14295959472656,102.24720764160156,29.35846519470215,61.38558578491211,71.93985748291016,47.41732406616211,65.80720520019531,51.89891052246094
2020-01-03,293.8830261230469,113.72671508789062,145.86000061035156,76.36251831054688,14.020000457763672,96.83999633789062,16.84000015258789,39.13932418823242,152.4689483642578,101.71936798095703,29.429019927978516,61.595062255859375,72.11962127685547,47.17478561401367,65.82504272460938,51.56790542602539
2020-01-10,296.8909912109375,113.17083740234375,146.91000366210938,76.37921142578125,12.5600004196167,97.36000061035156,16.889999389648438,39.71426773071289,152.24734497070312,101.8215103149414,30.043197631835938,61.713741302490234,72.12744903564453,47.06159973144531,67.01262664794922,51.84664535522461
2020-01-17,302.5788269042969,112.82750701904297,146.5800018310547,76.39588928222656,12.100000381469727,97.61000061035156,16.81999969482422,40.27178192138672,156.10682678222656,103.32842254638672,30.77443504333496,61.69278335571289,74.03459167480469,47.75688934326172,68.06624603271484,52.03828811645508
2020-01-24,299.68023681640625,116.14636993408203,147.97999572753906,76.41259765625,14.5600004196167,97.8499984741211,16.90999984741211,38.85184860229492,152.70896911621094,101.99180603027344,30.620494842529297,61.224998474121094,74.60516357421875,47.09393310546875,65.3339614868164,51.855350494384766
2020-01-31,293.26312255859375,119.26919555664062,149.3300018310547,76.4292984008789,18.84000015258789,97.38999938964844,16.81999969482422,36.68278121948242,148.22158813476562,99.48029327392578,30.126588821411133,61.11326217651367,73.41712188720703,45.91355514526367,61.49445724487305,50.30483627319336
2020-02-07,302.8066711425781,118.26365661621094,147.7899932861328,76.46100616455078,15.470000267028809,98.68000030517578,16.540000915527344,37.771671295166016,152.23809814453125,102.20463562011719,31.26193618774414,61.678401947021484,74.69895935058594,46.786720275878906,63.753501892089844,51.80309295654297
2020-02-14,307.7289123535156,118.36186981201172,149.0,76.477783203125,13.680000305175781,99.12000274658203,16.559999465942383,38.503414154052734,155.0265350341797,102.9453125,32.084564208984375,61.97990417480469,77.8176040649414,47.263710021972656,65.28038787841797,50.91459655761719
2020-02-21,303.9734802246094,121.21964263916016,154.6999969482422,76.50283813476562,17.079999923706055,99.26000213623047,17.280000686645508,37.710689544677734,154.28790283203125,102.18757629394531,31.5938663482666,61.93080139160156,77.8254165649414,46.9322395324707,63.81602096557617,49.329227447509766
2020-02-28,270.0467224121094,127.17251586914062,148.3800048828125,76.51957702636719,40.11000061035156,98.12999725341797,15.529999732971191,35.29769515991211,135.11036682128906,89.81746673583984,28.1782283782959,60.325191497802734,68.25846099853516,42.25922775268555,61.02122116088867,46.132362365722656
2020-03-06,271.1405334472656,136.75799560546875,157.5500030517578,76.60910034179688,41.939998626708984,95.94999694824219,16.18000030517578,34.95796203613281,133.32835388183594,90.38786315917969,28.298494338989258,59.89562225341797,70.8690414428711,42.000511169433594,60.79798126220703,45.81877899169922
2020-03-13,245.49044799804688,126.23686218261719,143.27999877929688,76.66767883300781,57.83000183105469,98.75,13.6899995803833,31.48219871520996,110.30982208251953,80.92086029052734,26.083938598632812,56.37443923950195,62.60759353637695,35.28204345703125,55.824501037597656,40.30484390258789
2020-03-20,209.78195190429688,130.7388458251953,140.11000061035156,76.70112609863281,66.04000091552734,102.81999969482422,11.619999885559082,27.318254470825195,93.62531280517578,68.15059661865234,22.387676239013672,49.120758056640625,47.01082992553711,30.350330352783203,49.1098518371582,39.294395446777344
2020-03-27,232.35557556152344,137.52056884765625,152.25,76.66767883300781,65.54000091552734,98.37000274658203,13.4399995803833,29.051782608032227,104.33148193359375,75.68360900878906,24.725065231323242,54.24762725830078,55.17945098876953,34.660274505615234,52.047508239746094,43.71076583862305
2020-04-03,227.56031799316406,138.37631225585938,152.64999389648438,76.65260314941406,46.79999923706055,100.58000183105469,13.460000038146973,28.860137939453125,96.97195434570312,73.96568298339844,24.181625366210938,52.05690002441406,50.83124923706055,33.60232162475586,51.868934631347656,40.5661735534668
2020-04-10,255.07586669921875,135.82228088378906,158.69000244140625,76.63584899902344,41.66999816894531,99.5199966430664,14.34000015258789,30.79401969909668,114.6756820678711,83.63764953613281,26.969585418701172,58.29243087768555,62.15858840942383,36.9145393371582,54.77980422973633,43.884971618652344
2020-04-17,262.81427001953125,137.80955505371094,158.57000732421875,76.66097259521484,38.150001525878906,99.77999877929688,14.149999618530273,31.58673858642578,113.13701629638672,84.34201049804688,28.35713005065918,57.39352798461914,59.95299530029297,36.825016021728516,56.87813186645508,44.268253326416016
2020-04-24,259.44940185546875,140.2978973388672,162.63999938964844,76.65260314941406,35.93000030517578,100.37999725341797,14.210000038146973,30.994375228881836,113.46141815185547,82.7786636352539,28.183488845825195,55.43299865722656,57.3062629699707,36.409976959228516,56.029869079589844,44.3292350769043
2020-05-01,259.2842712402344,138.1035614013672,159.77999877929688,76.64757537841797,37.189998626708984,98.80000305175781,13.920000076293945,30.767879486083984,115.99185943603516,82.36639404296875,28.231721878051758,55.94445037841797,57.928565979003906,36.711082458496094,55.18161392211914,44.29438781738281
2020-05-08,268.13214111328125,134.83901977539062,160.4199981689453,76.64757537841797,27.979999542236328,99.7300033569336,14.4399995803833,32.091983795166016,122.6840591430664,83.82659912109375,29.754322052001953,56.70529556274414,59.070735931396484,37.59000015258789,57.63710403442383,45.592288970947266
2020-05-15,262.4842224121094,137.0838623046875,163.92999267578125,76.64757537841797,31.889999389648438,100.4000015258789,15.510000228881836,31.386371612548828,115.93626403808594,81.00059509277344,29.447235107421875,55.96580123901367,54.194801330566406,36.19024658203125,56.44060516357422,45.04351806640625
2020-05-22,270.8828125,136.13003540039062,163.2100067138672,76.64757537841797,28.15999984741211,99.86000061035156,16.040000915527344,31.734827041625977,125.02909088134766,83.46585083007812,30.447303771972656,57.75760269165039,57.95218276977539,37.744632720947266,56.003082275390625,45.87974548339844
2020-05-29,279.02471923828125,134.51829528808594,162.91000366210938,76.64757537841797,27.510000228881836,98.33999633789062,16.65999984741211,32.86727523803711,128.7459716796875,87.0992660522461,31.03897476196289,58.60374069213867,60.99277877807617,39.68150329589844,57.74425506591797,48.266510009765625
2020-06-05,292.7963562011719,128.53256225585938,158.00999450683594,76.63920593261719,24.520000457763672,96.94000244140625,16.200000762939453,35.646148681640625,139.20135498046875,92.98320770263672,32.12425994873047,60.28904724121094,66.71158599853516,42.91233444213867,62.36951446533203,49.70378875732422
2020-06-12,278.9237976074219,133.6291046142578,162.6199951171875,76.65595245361328,36.09000015258789,97.31999969482422,16.280000686645508,34.731475830078125,128.16200256347656,86.47223663330078,31.268896102905273,58.84717559814453,63.51346969604492,40.73945617675781,60.94979476928711,48.90239715576172
2020-06-19,284.2309875488281,133.7032928466797,164.02999877929688,76.64757537841797,35.119998931884766,97.62000274658203,16.489999771118164,34.976806640625,131.12513732910156,87.21954345703125,32.19660186767578,59.16121292114258,63.088077545166016,41.18705749511719,61.57992935180664,49.19389343261719
2020-06-26,276.32012939453125,136.0579071044922,166.5399932861328,76.64757537841797,34.72999954223633,97.5,16.6299991607666,34.99431610107422,127.10737609863281,83.91736602783203,31.549114227294922,58.06197738647461,60.570526123046875,40.79127502441406,62.028106689453125,48.70221710205078
2020-07-03,287.53704833984375,134.84915161132812,166.97999572753906,76.65595245361328,27.68000030517578,97.31999969482422,16.709999084472656,36.238494873046875,132.43643188476562,86.58390045166016,33.07331466674805,58.87328338623047,63.728702545166016,41.94667053222656,64.2779769897461,48.43881607055664
2020-07-10,292.47314453125,137.10775756835938,169.19000244140625,76.65595245361328,27.290000915527344,96.6500015258789,17.43000030517578,37.885684967041016,131.4226531982422,86.7397232055664,34.24143981933594,59.131343841552734,62.145626068115234,42.36458206176758,67.30765533447266,48.98317337036133
2020-07-17,296.2765197753906,137.47866821289062,170.1199951171875,76.65595245361328,25.68000030517578,95.94000244140625,18.010000228881836,37.47388458251953,136.33328247070312,89.78717041015625,34.015892028808594,59.86967086791992,62.58314514160156,43.45440673828125,66.27685546875,49.308021545410156
2020-07-24,295.5029602050781,139.918701171875,178.6999969482422,76.64757537841797,25.84000015258789,94.44000244140625,21.209999084472656,37.79806900024414,135.8589630126953,89.67461395263672,33.890201568603516,60.64383316040039,62.209266662597656,43.44622039794922,66.49197387695312,49.01828384399414
2020-07-31,300.6968688964844,140.9573516845703,185.42999267578125,76.65595245361328,24.459999084472656,93.48999786376953,22.649999618530273,37.92949295043945,137.04942321777344,89.44087219238281,35.022884368896484,61.21015167236328,64.74696350097656,42.74970626831055,67.08356475830078,47.70130920410156
2020-08-07,308.1102600097656,140.18983459472656,190.80999755859375,76.65595245361328,22.209999084472656,93.44000244140625,26.190000534057617,38.43768310546875,145.24293518066406,91.82168579101562,35.79466247558594,61.29726028442383,65.54248046875,43.84774398803711,68.13231658935547,49.16755294799805
2020-08-14,310.20074462890625,134.66078186035156,182.5399932861328,76.64757537841797,22.049999237060547,93.0999984741211,24.579999923706055,38.76186752319336,146.09860229492188,92.85195922851562,35.93645095825195,60.51275634765625,64.55604553222656,44.38037109375,68.7418441772461,50.791831970214844
2020-08-21,312.63189697265625,137.1529998779297,182.02999877929688,76.65595245361328,22.540000915527344,93.25,24.899999618530273,38.796905517578125,143.79214477539062,91.52734375,36.97084045410156,60.98777770996094,64.34126281738281,44.085384368896484,68.96593475341797,50.58111572265625
2020-08-28,322.8540954589844,132.96084594726562,184.38999938964844,76.65595245361328,22.959999084472656,92.37000274658203,25.610000610351562,39.90964889526367,146.12649536132812,93.96875762939453,38.4032096862793,61.282867431640625,65.70159149169922,45.003135681152344,71.07238006591797,51.01133346557617
2020-09-04,315.4775390625,134.44944763183594,181.63999938964844,76.65595245361328,30.75,92.72000122070312,25.059999465942383,38.849483489990234,142.10874938964844,93.08568572998047,37.09168243408203,61.05266189575195,65.15267181396484,44.24108123779297,69.3603286743164,50.96743392944336
2020-09-11,307.6405334472656,135.8867950439453,182.4499969482422,76.63920593261719,26.8700008392334,93.33000183105469,24.899999618530273,38.49024963378906,138.71412658691406,91.76976013183594,35.86394119262695,61.02375793457031,63.84008026123047,44.40495681762695,68.62532043457031,51.40642547607422
2020-09-18,305.7191162109375,135.13514709472656,183.1999969482422,76.63920593261719,25.829999923706055,92.93000030517578,24.93000030517578,39.00719451904297,142.56448364257812,92.19396209716797,35.51753234863281,60.908172607421875,63.76850128173828,44.56065368652344,69.57545471191406,52.02980041503906
2020-09-25,303.9439392089844,136.4156494140625,174.94000244140625,76.63920593261719,26.3799991607666,94.58000183105469,21.299999237060547,37.622840881347656,136.68490600585938,89.7039794921875,35.94688415527344,59.93987274169922,62.29054260253906,42.593711853027344,67.18218994140625,51.5908088684082
2020-10-02,308.66864013671875,134.59703063964844,178.5399932861328,76.63920593261719,27.6299991607666,93.83999633789062,22.1299991607666,38.542816162109375,142.6970977783203,91.26457977294922,36.52960205078125,60.8345947265625,65.6816635131836,43.52485656738281,69.19001770019531,51.61715316772461
2020-10-09,320.69769287109375,132.3971710205078,181.0800018310547,76.63920593261719,25.0,93.05999755859375,23.40999984741211,40.15498352050781,151.89283752441406,94.60376739501953,38.003395080566406,61.647369384765625,66.55548095703125,44.90920639038086,71.81636047363281,52.205406188964844
2020-10-16,321.1045837402344,133.4722900390625,178.3000030517578,76.64757537841797,27.40999984741211,93.68000030517578,22.420000076293945,39.91841506958008,151.56607055664062,94.47298431396484,38.14543151855469,61.41517639160156,64.79180145263672,44.01102066040039,71.38609313964844,51.7137336730957
2020-10-23,319.7083740234375,130.67694091796875,178.63999938964844,76.64757537841797,27.549999237060547,92.7699966430664,22.940000534057617,40.58430099487305,152.23825073242188,94.41194152832031,37.817752838134766,61.589317321777344,64.42301940917969,44.09342956542969,72.41692352294922,52.06492614746094
2020-10-30,301.91900634765625,130.3130340576172,176.1999969482422,76.64757537841797,38.02000045776367,94.04000091552734,21.989999771118164,39.173667907714844,142.92115783691406,89.45987701416016,35.63693618774414,60.87092208862305,61.40068817138672,40.863258361816406,70.45388793945312,51.134254455566406
2020-11-06,323.7581481933594,131.97633361816406,183.19000244140625,76.63920593261719,24.860000610351562,92.2300033569336,23.790000915527344,41.994937896728516,152.751708984375,94.20271301269531,38.84760665893555,62.11641311645508,64.05423736572266,44.472476959228516,75.12393188476562,54.01406478881836
2020-11-13,331.09942626953125,130.94137573242188,177.16000366210938,76.64757537841797,23.100000381469727,92.76000213623047,22.899999618530273,42.34540557861328,161.97549438476562,99.6168441772461,38.44890213012695,62.26948928833008,68.44744110107422,46.93630599975586,75.59002685546875,55.64714050292969
2020-11-20,328.5382995605469,133.71490478515625,175.69000244140625,76.64757537841797,23.700000762939453,92.38999938964844,22.489999771118164,42.98501205444336,165.7097625732422,99.28556060791016,38.3149299621582,62.61931228637695,67.83016204833984,47.463680267333984,76.88076782226562,56.84120178222656
2020-11-27,336.2494812011719,132.64688110351562,167.7899932861328,76.64757537841797,20.84000015258789,91.79000091552734,21.049999237060547,43.843666076660156,172.12344360351562,101.97084045410156,39.2915153503418,62.97644805908203,68.05461883544922,48.37834548950195,78.2342758178711,58.149417877197266
2020-12-04,341.9635314941406,128.6218719482422,172.32000732421875,76.65008544921875,20.790000915527344,90.69999694824219,22.479999542236328,44.55335998535156,175.69903564453125,103.88017272949219,39.87103271484375,63.54812240600586,69.28120422363281,49.30949020385742,78.93346405029297,58.00014114379883
2020-12-11,338.68115234375,131.58047485351562,172.49000549316406,76.6417236328125,23.309999465942383,90.9800033569336,22.260000228881836,44.43946075439453,177.65951538085938,103.1042251586914,39.485225677490234,63.423789978027344,67.65377044677734,48.79035949707031,78.44046020507812,57.903564453125
2020-12-18,342.7990417480469,129.6934814453125,176.44000244140625,76.6417236328125,21.56999969482422,90.0199966430664,23.959999084472656,45.13790512084961,182.933837890625,103.13909912109375,40.61033248901367,63.687042236328125,68.08671569824219,50.21455764770508,79.36555480957031,58.67747116088867
2020-12-25,342.6319580078125,130.4899444580078,176.35000610351562,76.6417236328125,21.530000686645508,90.33000183105469,23.959999084472656,44.376609802246094,186.3707275390625,102.95658111572266,40.63180923461914,63.958892822265625,68.32696533203125,50.22123718261719,78.3808364868164,58.016395568847656
2021-01-01,347.1632385253906,130.8549346923828,178.36000061035156,76.6417236328125,22.75,89.94000244140625,24.56999969482422,45.739864349365234,183.6081085205078,104.41357421875,40.96979904174805,64.14256286621094,69.18229675292969,50.2629508972168,80.95558166503906,59.55009841918945
2021-01-08,354.0158996582031,125.537109375,173.33999633789062,76.63333892822266,21.559999465942383,90.0999984741211,23.510000228881836,48.43096923828125,194.52757263183594,107.22225952148438,41.56007385253906,64.19402313232422,67.66716766357422,52.38227462768555,85.95149230957031,61.07500457763672
2021-01-15,348.85321044921875,125.95199584960938,171.1300048828125,76.6417236328125,24.34000015258789,90.77999877929688,22.950000762939453,48.112281799316406,197.36514282226562,107.37149047851562,40.447452545166016,64.00300598144531,68.9216079711914,51.105690002441406,85.58110809326172,60.572566986083984
2021-01-22,355.5200500488281,126.00176239013672,173.89999389648438,76.63333892822266,21.90999984741211,90.23999786376953,23.65999984741211,49.422428131103516,201.34519958496094,106.92382049560547,42.02098846435547,64.14256286621094,69.86653137207031,51.70643997192383,88.6617660522461,61.030914306640625
2021-01-29,343.6253967285156,126.10126495361328,172.61000061035156,76.6417236328125,33.09000015258789,90.58000183105469,24.989999771118164,47.19163513183594,192.50474548339844,103.5885238647461,40.554195404052734,63.90007781982422,69.20672607421875,49.81239700317383,84.48795318603516,59.04767990112305
2021-02-05,360.00494384765625,122.95004272460938,169.80999755859375,76.6417236328125,20.8700008392334,91.04000091552734,24.950000762939453,49.78536605834961,207.57284545898438,107.7664566040039,42.85544967651367,64.54020690917969,71.77265930175781,51.42274856567383,89.19478607177734,61.03973388671875
2021-02-12,364.58270263671875,122.18599700927734,170.69000244140625,76.63333892822266,19.969999313354492,90.4800033569336,25.309999465942383,51.166324615478516,212.82655334472656,109.24979400634766,43.486148834228516,64.73194885253906,72.97822570800781,52.35725784301758,91.8779525756836,63.06704330444336
2021-02-19,362.1591491699219,118.9964828491211,167.00999450683594,76.6417236328125,22.049999237060547,90.36000061035156,25.260000228881836,50.92730712890625,210.88807678222656,109.5745620727539,42.8182487487793,64.52543640136719,72.43244171142578,52.265464782714844,91.42623138427734,62.881954193115234
2021-02-26,353.18017578125,118.87186431884766,161.80999755859375,76.63333892822266,27.950000762939453,90.93000030517578,24.65999984741211,47.563446044921875,204.4449920654297,108.76705932617188,40.89702606201172,63.743770599365234,71.5771484375,51.09733963012695,85.50883483886719,60.1318473815918
2021-03-05,356.2164611816406,115.51404571533203,159.13999938964844,76.63333892822266,24.65999984741211,91.9800033569336,23.360000610351562,47.65196228027344,203.88308715820312,112.26917266845703,40.14503860473633,64.10417938232422,70.7544174194336,51.56459426879883,85.33717346191406,60.07897186279297
2021-03-12,365.901123046875,113.1440658569336,161.49000549316406,76.62495422363281,20.690000534057617,91.68000030517578,24.030000686645508,47.793601989746094,218.75453186035156,115.67472076416016,41.259281158447266,63.98578643798828,74.63180541992188,53.09984588623047,84.9848403930664,60.76649475097656
2021-03-19,362.8329162597656,112.05469512939453,163.24000549316406,76.62495422363281,20.950000762939453,91.91999816894531,24.309999465942383,47.87327194213867,212.52687072753906,114.75312805175781,40.8226432800293,63.68977355957031,73.71134948730469,52.74106979370117,85.19263458251953,62.30900573730469
2021-03-26,368.8882751464844,113.64297485351562,162.24000549316406,76.62495422363281,18.860000610351562,92.7699966430664,23.229999542236328,47.15623092651367,206.98748779296875,116.76826477050781,41.30403518676758,64.32622528076172,76.06776428222656,53.02680969238281,83.62066650390625,61.79777145385742
2021-04-02,373.2014465332031,114.50623321533203,161.97999572753906,76.63333892822266,17.329999923706055,92.93000030517578,23.149999618530273,47.67851638793945,209.92417907714844,116.60057067871094,42.334129333496094,64.6552505493164,76.63313293457031,53.6385383605957,84.65962219238281,60.942787170410156
2021-04-09,383.3371276855469,114.50623321533203,163.27000427246094,76.6165771484375,16.690000534057617,92.16000366210938,23.40999984741211,47.40409851074219,208.84515380859375,117.92436981201172,44.07686233520508,64.75175476074219,76.80518341064453,54.62733459472656,84.24402618408203,61.40993881225586
2021-04-16,388.7123718261719,115.9634780883789,166.35000610351562,76.62495422363281,16.25,91.55999755859375,24.09000015258789,48.112281799316406,210.77793884277344,119.45118713378906,44.77815628051758,64.82604217529297,78.75521850585938,55.86753463745117,85.01194763183594,61.665550231933594
2021-04-23,388.2278747558594,116.62965393066406,166.39999389648438,76.62495422363281,17.329999923706055,90.86000061035156,24.139999389648438,48.36014938354492,211.8194122314453,119.40702819824219,44.72148132324219,64.87804412841797,80.11534118652344,55.77534484863281,85.51786041259766,60.907508850097656
2021-04-30,388.7495422363281,115.44718933105469,165.66000366210938,76.62495422363281,18.610000610351562,91.27999877929688,24.010000228881836,47.78474807739258,211.00315856933594,120.00716400146484,44.509300231933594,64.93001556396484,81.18047332763672,55.314483642578125,84.63250732421875,59.426700592041016
2021-05-07,393.23980712890625,116.1085205078125,171.58999633789062,76.6165771484375,16.690000534057617,90.2300033569336,25.469999313354492,48.41325759887695,211.47222900390625,124.09333038330078,43.905181884765625,65.06709289550781,80.65611267089844,57.15800857543945,85.02999877929688,60.87225341796875
2021-05-14,388.078857421875,114.31553649902344,172.69000244140625,76.60822296142578,18.809999465942383,90.31999969482422,25.459999084472656,46.87295913696289,207.37210083007812,123.6961898803711,42.91234588623047,64.97769165039062,79.54179382324219,56.92338943481445,82.00355529785156,59.065303802490234
2021-05-21,386.5511169433594,114.8075942993164,176.0399932861328,76.6165771484375,20.149999618530273,90.0199966430664,25.530000686645508,47.04115295410156,206.3870086669922,122.9460220336914,42.947975158691406,64.9031753540039,80.197265625,57.233421325683594,82.45524597167969,59.87623596191406
2021-05-28,391.3021240234375,115.44970703125,178.3800048828125,76.6165771484375,16.760000228881836,90.02999877929688,25.899999618530273,48.572601318359375,211.5754852294922,123.51082611083984,43.87279510498047,64.95532989501953,81.83595275878906,57.77810287475586,85.21973419189453,60.44917297363281
2021-06-04,393.68701171875,116.83518981933594,177.16000366210938,76.6165771484375,16.420000076293945,90.13999938964844,25.780000686645508,49.564056396484375,213.35816955566406,124.5875473022461,43.94891357421875,65.24015808105469,84.01541137695312,58.373085021972656,86.34900665283203,61.30418014526367
2021-06-11,395.2799987792969,118.84779357910156,175.74000549316406,76.60822296142578,15.649999618530273,90.55999755859375,25.8700008392334,49.15871047973633,217.71922302246094,123.88150024414062,44.67450714111328,65.50182342529297,86.09650421142578,58.80043029785156,85.73582458496094,61.161293029785156
2021-06-18,387.79705810546875,121.70399475097656,164.92999267578125,76.60822296142578,20.700000762939453,92.2300033569336,23.8799991607666,48.21625900268555,208.72671508789062,118.71865844726562,44.87372589111328,65.35974884033203,83.40088653564453,56.71389389038086,84.17729949951172,59.71396255493164
2021-06-25,398.7228088378906,118.59730529785156,166.58999633789062,76.60822296142578,15.619999885559082,91.80999755859375,24.18000030517578,49.34541702270508,218.26422119140625,122.33029174804688,46.07655334472656,65.73356628417969,84.9186019897461,57.89155197143555,85.97138977050781,60.75284194946289
2021-07-02,405.3680725097656,121.28572082519531,167.2899932861328,76.59980010986328,15.069999694824219,92.2300033569336,24.549999237060547,48.70526123046875,215.3606719970703,123.18213653564453,47.11449432373047,66.04983520507812,84.61328887939453,57.484867095947266,84.82064819335938,60.30000305175781
2021-07-09,407.05035400390625,122.5317153930664,169.2100067138672,76.59980010986328,16.18000030517578,92.12999725341797,24.190000534057617,47.61166763305664,212.72023010253906,122.90705871582031,47.52806854248047,66.00481414794922,86.6927261352539,57.63738250732422,83.044677734375,60.761714935302734
2021-07-16,403.1436767578125,123.93656921386719,169.41000366210938,76.59980010986328,18.450000762939453,92.69000244140625,23.770000457763672,47.6472282409668,201.97988891601562,121.55831146240234,47.041534423828125,65.75728607177734,86.89901733398438,56.64610290527344,83.18964385986328,59.68731689453125
2021-07-23,411.18145751953125,124.1791000366211,168.55999755859375,76.5914535522461,17.200000762939453,92.91000366210938,23.350000381469727,46.68699264526367,206.3022918701172,122.62312316894531,48.58546447753906,65.96731567382812,87.34461212158203,57.47639083862305,81.48616027832031,60.264488220214844
2021-07-30,409.8449401855469,125.03202819824219,169.82000732421875,76.5914535522461,18.239999771118164,92.16999816894531,23.6299991607666,45.87790298461914,207.7118377685547,123.20877075195312,47.995147705078125,65.88479614257812,87.70767211914062,58.04404067993164,79.55616760253906,59.589637756347656
2021-08-06,413.56475830078125,123.7275619506836,164.63999938964844,76.59980010986328,16.149999618530273,92.80000305175781,22.520000457763672,46.180198669433594,209.9105987548828,124.388916015625,48.43464279174805,65.75161743164062,88.21927642822266,58.67100143432617,79.89141845703125,60.2200813293457
2021-08-13,416.7705993652344,124.37224578857422,166.38999938964844,76.59980010986328,15.449999809265137,92.5199966430664,21.969999313354492,45.99349594116211,207.7869873046875,126.16365814208984,48.49626922607422,65.81179809570312,88.09553527832031,59.62837600708008,79.33869934082031,60.948204040527344
2021-08-20,414.37786865234375,126.04673767089844,166.6999969482422,76.59980010986328,18.559999465942383,93.5,21.350000381469727,44.01078796386719,202.5155029296875,124.6285400390625,48.41356658935547,65.68387603759766,87.95523834228516,58.31515121459961,76.13107299804688,59.19007110595703
2021-08-27,420.8175048828125,125.13410949707031,170.19000244140625,76.5914535522461,16.389999389648438,92.69000244140625,22.329999923706055,45.869014739990234,212.7484130859375,126.2168960571289,49.34608459472656,66.18805694580078,88.29354858398438,59.25558853149414,79.05780029296875,60.49534225463867
2021-09-03,423.4625549316406,124.22027587890625,171.05999755859375,76.58308410644531,16.40999984741211,92.04000091552734,22.8799991607666,47.22934341430664,214.20489501953125,125.89745330810547,50.05804443359375,66.43307495117188,91.52824401855469,59.60295867919922,81.55867004394531,63.762962341308594
2021-09-10,416.3218994140625,124.40462493896484,167.17999267578125,76.5914535522461,20.950000762939453,92.58000183105469,21.989999771118164,46.66921615600586,208.24742126464844,123.16439819335938,49.41419219970703,66.29717254638672,87.79844665527344,58.408355712890625,80.79752349853516,64.6509017944336
2021-09-17,413.8677673339844,125.05012512207031,163.77000427246094,76.58308410644531,20.809999465942383,93.19999694824219,20.739999771118164,45.67341232299805,209.05555725097656,122.48115539550781,49.106056213378906,66.4255142211914,87.79844665527344,57.645843505859375,78.77691650390625,65.201416015625
2021-09-24,416.2210998535156,123.15555572509766,163.3000030517578,76.58308410644531,17.75,93.33000183105469,20.709999084472656,45.14883804321289,210.22605895996094,123.1617660522461,49.34728240966797,66.35759735107422,87.03925323486328,57.74128341674805,77.490234375,64.51771545410156
2021-10-01,407.1543273925781,122.00254821777344,164.58999633789062,76.5914535522461,21.100000381469727,94.04000091552734,20.829999923706055,44.748748779296875,209.50038146972656,122.242431640625,47.60529708862305,66.1988296508789,85.70250701904297,56.2585563659668,76.71099853515625,62.0936279296875
2021-10-08,410.5484313964844,119.08988952636719,164.22999572753906,76.58308410644531,18.770000457763672,94.06999969482422,20.950000762939453,45.18439483642578,208.84063720703125,124.09891510009766,47.77901077270508,65.7065658569336,85.36206817626953,56.326725006103516,77.5989761352539,60.25559997558594
2021-10-15,418.05877685546875,121.7339096069336,165.3300018310547,76.58308410644531,16.299999237060547,93.94000244140625,21.579999923706055,46.180198669433594,212.2147674560547,125.74117279052734,48.97550582885742,66.05494689941406,88.32621765136719,58.1162223815918,79.1484146118164,61.303375244140625
2021-10-22,424.8566589355469,120.97850036621094,167.77000427246094,76.57470703125,15.430000305175781,93.61000061035156,22.540000915527344,46.26911544799805,214.33541870117188,127.88330078125,49.74990463256836,65.76715087890625,90.53479766845703,58.68717575073242,79.80987548828125,60.75284194946289
2021-10-29,430.6042785644531,123.9666519165039,166.64999389648438,76.58308410644531,16.260000228881836,94.12000274658203,22.09000015258789,45.273311614990234,214.9386444091797,127.40132904052734,51.00160598754883,65.8353042602539,90.53479766845703,58.72126388549805,78.20606231689453,60.735084533691406
2021-11-05,439.3054504394531,125.47776794433594,169.83999633789062,76.57470703125,16.479999542236328,94.31999969482422,22.350000381469727,45.273311614990234,227.90750122070312,129.31138610839844,52.19161605834961,66.47882080078125,91.31526184082031,59.5904426574707,77.89797973632812,62.47544479370117
2021-11-12,438.12396240234375,123.82215118408203,174.4499969482422,76.57470703125,16.290000915527344,95.12999725341797,23.420000076293945,46.233551025390625,225.73033142089844,129.7041015625,51.915626525878906,65.98499298095703,91.05786895751953,59.2751350402832,79.67396545410156,62.2268180847168
2021-11-19,439.64300537109375,124.68775177001953,172.61000061035156,76.57470703125,17.90999984741211,96.06999969482422,22.75,45.273311614990234,219.3401336669922,127.26742553710938,52.87185287475586,65.76464080810547,90.85029602050781,58.30369186401367,78.50508880615234,62.07586669921875
2021-11-26,430.34173583984375,126.51146697998047,166.85000610351562,76.56634521484375,28.6200008392334,96.08999633789062,21.3700008392334,43.29949951171875,210.03761291503906,126.3570785522461,51.1412239074707,64.93650817871094,89.67127990722656,55.866573333740234,75.56024169921875,59.45644760131836
2021-12-03,425.1379699707031,129.87960815429688,166.6300048828125,76.56634521484375,30.670000076293945,96.12000274658203,20.850000381469727,43.49510192871094,202.3656005859375,125.11640167236328,49.95771026611328,65.55502319335938,89.4803237915039,55.73874282836914,75.2159194946289,59.8116340637207
2021-12-10,441.3775939941406,125.26004791259766,166.5800018310547,76.57470703125,18.690000534057617,96.05000305175781,20.5,44.52646255493164,207.26661682128906,128.8651123046875,52.167266845703125,66.0352554321289,91.962890625,57.323734283447266,77.35432434082031,60.761714935302734
2021-12-17,432.7004699707031,127.06067657470703,167.8000030517578,76.57470703125,21.56999969482422,96.56999969482422,20.68000030517578,43.43253707885742,203.3867950439453,128.55271911621094,50.456119537353516,66.06232452392578,92.77658081054688,56.343772888183594,75.07127380371094,60.46305465698242
2021-12-24,442.7965393066406,125.11473846435547,168.97000122070312,76.5579833984375,17.959999084472656,96.0199966430664,21.15999984741211,43.93756866455078,209.90989685058594,130.28427124023438,52.0422477722168,66.66659545898438,93.94727325439453,58.227577209472656,76.11405181884766,60.63398361206055
2021-12-31,446.89886474609375,124.83671569824219,170.9600067138672,76.56634521484375,17.219999313354492,95.66999816894531,21.510000228881836,44.07840347290039,210.2974853515625,132.11904907226562,52.17378234863281,66.55189514160156,97.22673034667969,58.752769470214844,76.31707000732422,60.2381477355957
2022-01-07,438.5530090332031,119.84125518798828,167.75,76.56634521484375,18.760000228881836,95.73999786376953,20.6200008392334,44.1144905090332,204.26605224609375,134.1936492919922,49.46023178100586,65.67989349365234,93.05303192138672,58.93357467651367,76.3447494506836,59.97726058959961
2022-01-14,437.2638854980469,119.70645904541016,169.6699981689453,76.56634521484375,19.190000534057617,95.16999816894531,21.200000762939453,45.21532440185547,202.6021270751953,134.54391479492188,48.96109390258789,65.84819793701172,91.74561309814453,58.79582214355469,77.84896087646484,60.48104476928711
2022-01-21,412.10382080078125,120.99537658691406,171.08999633789062,76.5579833984375,28.850000381469727,95.63999938964844,22.3799991607666,44.21375274658203,186.22837829589844,128.88589477539062,45.4541130065918,65.35104370117188,88.19213104248047,56.841407775878906,76.22478485107422,58.303977966308594
2022-01-28,415.8392333984375,120.57415771484375,167.10000610351562,76.54960632324219,27.65999984741211,97.2699966430664,20.709999084472656,42.6707878112793,184.58340454101562,129.58641052246094,45.82644271850586,64.76971435546875,87.95745849609375,55.773807525634766,72.88419342041016,56.450775146484375
2022-02-04,422.1903991699219,117.26649475097656,168.86000061035156,76.54960632324219,23.219999313354492,95.4800033569336,20.790000915527344,43.90696334838867,187.54244995117188,131.45443725585938,46.77105712890625,64.30520629882812,88.01610565185547,56.72948455810547,75.22814178466797,57.77321243286133
2022-02-11,414.4372253417969,116.62537384033203,173.80999755859375,76.54960632324219,27.360000610351562,96.08000183105469,21.829999923706055,43.96110534667969,190.37855529785156,130.6551513671875,45.44111633300781,63.45316696166992,86.54947662353516,56.11819839477539,75.1081771850586,57.539306640625
2022-02-18,408.57525634765625,116.60845947265625,177.1199951171875,76.5579833984375,27.75,96.04000091552734,22.1200008392334,43.96110534667969,188.5728759765625,128.9217987060547,44.61518096923828,63.629703521728516,85.49347686767578,55.71354675292969,75.05281066894531,57.242435455322266
2022-02-25,411.8873291015625,115.46121215820312,176.5500030517578,76.54960632324219,27.59000015258789,96.62000274658203,22.399999618530273,42.724918365478516,191.4373779296875,129.90969848632812,45.01188278198242,64.18241119384766,87.23670959472656,54.96449279785156,73.26253509521484,57.17047119140625
2022-03-04,406.6369934082031,118.46076202392578,183.67999267578125,76.57640075683594,31.979999542236328,98.6500015258789,23.639999389648438,40.26158142089844,187.80714416503906,130.16122436523438,43.6754264831543,63.594383239746094,88.20050048828125,49.34233856201172,69.38671112060547,55.03837585449219
2022-03-11,395.2518310546875,113.9585189819336,185.08999633789062,76.56802368164062,30.75,99.12000274658203,23.8700008392334,38.41181945800781,185.98260498046875,127.26931762695312,42.077205657958984,62.35390090942383,86.88470458984375,49.996673583984375,65.64928436279297,52.66340255737305
2022-03-18,419.5566711425781,112.71678924560547,179.3000030517578,76.56802368164062,23.8700008392334,98.2300033569336,23.020000457763672,40.92930221557617,195.94677734375,132.3076629638672,45.71262741088867,63.586673736572266,89.17268371582031,54.06047439575195,70.66943359375,56.01896286010742
2022-03-25,427.26788330078125,108.67912292480469,182.3800048828125,76.56802368164062,20.809999465942383,98.80999755859375,23.479999542236328,40.64958190917969,195.2425994873047,134.93936157226562,46.48194122314453,62.65438461303711,89.51739501953125,53.5677604675293,69.30366516113281,56.44178009033203
2022-04-01,427.4850158691406,111.99274444580078,179.5,76.58477783203125,19.6299991607666,98.62999725341797,22.739999771118164,41.41655349731445,196.6161346435547,133.95518493652344,46.95231246948242,63.3970947265625,93.09876251220703,54.370243072509766,70.41104888916016,55.71309280395508
2022-04-08,422.4354553222656,105.85079193115234,181.47000122070312,76.56802368164062,21.15999984741211,99.80000305175781,22.81999969482422,40.54130554199219,187.42794799804688,135.04771423339844,45.39634704589844,62.07424545288086,92.50888061523438,53.5677604675293,68.94375610351562,53.46405792236328
2022-04-15,413.2046813964844,102.15379333496094,184.0399932861328,76.56802368164062,22.700000762939453,100.31999969482422,23.639999389648438,39.9096794128418,188.46047973632812,133.67527770996094,43.98036193847656,62.07424545288086,91.63253021240234,53.101806640625,67.63336181640625,52.537452697753906
2022-04-22,402.1145324707031,101.51085662841797,180.2899932861328,76.57640075683594,28.209999084472656,101.22000122070312,22.309999465942383,38.240386962890625,182.51187133789062,131.1923065185547,42.245365142822266,61.31610107421875,92.49203491210938,52.25617218017578,65.0956039428711,51.19702911376953
2022-04-29,388.8629455566406,101.05400848388672,176.91000366210938,76.57640075683594,33.400001525878906,102.95999908447266,21.040000915527344,38.240386962890625,175.18980407714844,127.03893280029297,40.78217697143555,60.751380920410156,87.58768463134766,50.38373565673828,65.44627380371094,50.93614196777344
2022-05-06,388.239990234375,96.32787322998047,175.4199981689453,76.5931167602539,30.190000534057617,103.66000366210938,20.65999984741211,36.9320182800293,172.94491577148438,128.6641387939453,39.94071960449219,60.25823211669922,84.18326568603516,48.95133972167969,63.314571380615234,50.999114990234375
2022-05-13,379.1602783203125,98.28545379638672,168.7899932861328,76.60148620605469,28.8700008392334,104.55999755859375,19.420000076293945,36.535003662109375,168.6728973388672,126.4881362915039,38.705387115478516,59.65243911743164,81.55411529541016,48.83916473388672,62.843929290771484,50.666255950927734
2022-05-20,367.749267578125,100.42943572998047,172.02999877929688,76.60991668701172,29.43000030517578,103.1500015258789,20.06999969482422,37.12150573730469,166.7878875732422,123.77042388916016,37.21452331542969,59.38063049316406,79.9109115600586,49.43455123901367,64.01591491699219,51.35895538330078
2022-05-27,391.93994140625,100.91249084472656,172.85000610351562,76.60991668701172,25.719999313354492,101.66999816894531,20.360000610351562,37.9426155090332,177.7378387451172,131.1471405029297,39.875614166259766,62.27744674682617,84.52032470703125,51.7470817565918,65.12328338623047,52.48347854614258
2022-06-03,387.4849548339844,98.50273132324219,172.5800018310547,76.60237121582031,24.790000915527344,102.13999938964844,20.229999542236328,38.23135757446289,177.1884765625,129.0975341796875,39.58754348754883,61.31041717529297,82.80970001220703,51.29838562011719,65.64928436279297,51.2869873046875
2022-06-10,367.90966796875,96.58412170410156,174.5399932861328,76.60237121582031,27.75,104.1500015258789,20.190000534057617,37.4278678894043,169.61122131347656,123.64398193359375,37.23731231689453,58.963714599609375,78.048583984375,48.33006286621094,65.01823425292969,49.7686882019043
2022-06-17,346.80572509765625,95.1494369506836,171.27000427246094,76.61910247802734,31.1299991607666,104.69999694824219,19.979999542236328,36.09927749633789,156.87547302246094,115.5810317993164,35.368858337402344,57.7319221496582,73.90264129638672,45.92262649536133,63.006404876708984,47.288875579833984
2022-06-24,369.7643127441406,95.55693054199219,170.08999633789062,76.62747192382812,27.229999542236328,104.19000244140625,19.510000228881836,36.99106979370117,166.28720092773438,121.52130126953125,38.34395980834961,58.50376510620117,78.96977996826172,47.628482818603516,64.99041748046875,48.7785758972168
2022-07-01,361.384765625,98.51915740966797,168.32000732421875,76.65514373779297,26.700000762939453,105.13999938964844,18.309999465942383,36.2630729675293,162.79222106933594,121.04879760742188,36.683067321777344,57.936275482177734,78.65601348876953,46.528221130371094,63.68318557739258,48.188140869140625
2022-07-08,368.42779541015625,95.6950912475586,162.3000030517578,76.6467514038086,24.639999389648438,107.01000213623047,17.790000915527344,36.481475830078125,166.76206970214844,120.93976593017578,38.260841369628906,58.6489143371582,78.08783721923828,46.0264892578125,64.16529083251953,48.79674530029297
2022-07-15,365.0721435546875,98.79134368896484,159.00999450683594,76.6467514038086,24.229999542236328,108.05999755859375,17.190000534057617,35.152889251708984,164.38775634765625,120.18550109863281,37.69036865234375,59.12663269042969,77.84188079833984,45.37512969970703,61.87532043457031,47.924713134765625
2022-07-22,374.513427734375,100.84133911132812,160.6699981689453,76.68032836914062,23.030000686645508,106.7300033569336,17.139999389648438,35.87178039550781,170.4849853515625,122.00292205810547,39.09210205078125,60.21519470214844,80.1485824584961,46.95951461791992,62.68191146850586,49.68693161010742
2022-07-29,390.53326416015625,99.88865661621094,164.10000610351562,76.68869018554688,21.329999923706055,105.9000015258789,18.700000762939453,36.36317443847656,177.83584594726562,125.9012451171875,41.06756591796875,61.2332763671875,83.92236328125,48.81676483154297,63.04348373413086,51.0040397644043
2022-08-05,391.9361267089844,99.25208282470703,165.2899932861328,76.72811126708984,21.149999618530273,106.62000274658203,18.329999923706055,36.45417404174805,181.20738220214844,124.9471435546875,41.86459732055664,61.354347229003906,82.5400619506836,48.31504440307617,63.19182205200195,50.24102783203125
2022-08-12,404.8563232421875,98.46808624267578,167.8699951171875,76.75331115722656,19.530000686645508,105.62999725341797,19.170000076293945,37.35506057739258,190.28671264648438,129.57244873046875,43.134300231933594,62.06193542480469,86.26296997070312,49.591365814208984,64.17455291748047,51.80339050292969
2022-08-19,400.1546936035156,96.32914733886719,162.72000122070312,76.78689575195312,20.600000381469727,108.16999816894531,17.549999237060547,36.30857849121094,184.86380004882812,129.21803283691406,42.14331817626953,60.49737548828125,84.39726257324219,47.76051712036133,62.32960510253906,50.53169631958008
2022-08-26,384.201171875,96.82341003417969,161.75999450683594,76.81205749511719,25.559999465942383,108.80000305175781,17.360000610351562,36.40867233276367,179.4788818359375,125.3378677368164,40.10428237915039,59.60114288330078,81.08989715576172,45.83283233642578,62.52429962158203,49.45075225830078
2022-09-02,371.8118591308594,94.12460327148438,159.25999450683594,76.86162567138672,25.469999313354492,109.52999877929688,16.56999969482422,35.27118682861328,171.03579711914062,122.05746459960938,38.51185607910156,58.71017837524414,77.91822052001953,44.15163040161133,60.80915451049805,47.570465087890625
2022-09-09,385.4239501953125,92.49348449707031,159.82000732421875,76.88684844970703,22.790000915527344,109.0,17.31999969482422,35.48958206176758,177.97828674316406,125.88310241699219,40.26728057861328,59.89527130126953,81.25102233886719,46.13210678100586,61.24488830566406,48.2063102722168
2022-09-16,366.98114013671875,91.43455505371094,155.83999633789062,76.92044830322266,26.299999237060547,109.76000213623047,17.989999771118164,34.38849639892578,169.99114990234375,121.3213882446289,37.84358215332031,58.623252868652344,76.56983184814453,44.530113220214844,59.242332458496094,46.898284912109375
2022-09-23,350.21966552734375,90.2646255493164,153.00999450683594,76.96247863769531,29.920000076293945,113.19000244140625,17.360000610351562,32.74142074584961,158.8983154296875,115.94963073730469,35.99247741699219,56.98780822753906,71.52721405029297,41.11601638793945,56.27558517456055,45.45399856567383
2022-09-30,339.9685974121094,87.48921203613281,154.6699981689453,76.99609375,31.6200008392334,112.12000274658203,17.5,31.740434646606445,157.43869018554688,112.95829010009766,34.93915939331055,56.40317153930664,68.72409057617188,40.79776382446289,54.26374816894531,44.37306213378906
2022-10-07,345.3083190917969,86.44831085205078,157.8800048828125,77.0171890258789,31.360000610351562,112.80000305175781,18.5,32.441123962402344,160.96131896972656,115.22695922851562,35.34743118286133,57.26145553588867,66.38385009765625,41.25745391845703,55.06106185913086,45.245086669921875
2022-10-14,340.39697265625,84.37677764892578,152.97999572753906,77.05083465576172,32.02000045776367,113.30999755859375,16.809999465942383,31.1307373046875,159.242919921875,115.54712677001953,34.04915237426758,56.77710723876953,65.26944732666016,41.00992965698242,52.752567291259766,44.018798828125
2022-10-21,356.2541809082031,79.75432586669922,154.14999389648438,77.09294128417969,29.690000534057617,112.01000213623047,17.760000228881836,32.0953254699707,164.8657684326172,120.12107849121094,35.90919494628906,57.55521774291992,66.99247741699219,42.83102035522461,53.4942512512207,44.77273941040039
2022-10-28,370.27435302734375,82.86161804199219,153.16000366210938,77.11819458007812,25.75,110.66999816894531,17.739999771118164,31.203540802001953,174.85130310058594,126.74414825439453,36.76654815673828,59.190818786621094,71.21004486083984,44.775875091552734,51.81618118286133,45.67200469970703
2022-11-04,358.21490478515625,80.85166931152344,156.47000122070312,77.19247436523438,24.549999237060547,110.87999725341797,19.260000228881836,32.941612243652344,170.5745086669922,125.92086791992188,34.48843765258789,58.102298736572266,70.00135803222656,45.297454833984375,54.94054412841797,46.20793151855469
2022-11-11,379.30706787109375,84.0009536743164,164.55999755859375,77.23466491699219,22.520000457763672,106.29000091552734,19.950000762939453,34.725196838378906,178.42161560058594,130.110595703125,37.57164001464844,59.337650299072266,74.57038116455078,49.04571533203125,58.82513427734375,49.90493392944336
2022-11-18,376.94659423828125,85.50265502929688,162.7899932861328,77.28531646728516,23.1200008392334,106.93000030517578,19.25,34.606895446777344,175.38589477539062,130.24781799316406,36.972312927246094,59.16231918334961,73.29310607910156,48.73631286621094,59.10326385498047,49.269081115722656
2022-11-25,382.9429626464844,88.30012512207031,163.22000122070312,77.3275146484375,20.5,105.95999908447266,19.719999313354492,34.370304107666016,177.16148376464844,132.7268829345703,37.38547134399414,59.78401184082031,74.61325073242188,49.929752349853516,58.52845764160156,50.83144760131836
2022-12-02,387.3023376464844,92.11442565917969,167.25999450683594,77.38665771484375,19.059999465942383,104.55000305175781,21.290000915527344,35.980987548828125,179.5194549560547,133.55934143066406,38.07788848876953,60.477333068847656,75.11901092529297,50.88449478149414,62.00511169433594,50.80419921875
2022-12-09,374.3291015625,91.46070861816406,167.05999755859375,77.46283721923828,22.829999923706055,104.80999755859375,21.559999465942383,35.507789611816406,170.5172576904297,129.77210998535156,36.546085357666016,60.061161041259766,73.57598876953125,50.11539077758789,61.78261947631836,50.19560241699219
2022-12-16,366.4765625,92.35446166992188,166.7899932861328,77.51358032226562,22.6200008392334,104.69999694824219,21.3700008392334,34.9495964050293,167.22805786132812,127.75956726074219,35.57605743408203,60.023048400878906,72.08440399169922,49.09876251220703,60.92725372314453,49.662132263183594
2022-12-23,366.1324157714844,88.08638763427734,167.25999450683594,77.59083557128906,20.8700008392334,104.30999755859375,21.850000381469727,34.921875,167.24725341796875,129.2416534423828,34.958736419677734,59.854087829589844,71.92962646484375,49.53327941894531,60.52382278442383,49.862422943115234
2022-12-30,365.6734619140625,85.84453582763672,169.63999938964844,77.64176177978516,21.670000076293945,103.5199966430664,22.020000457763672,35.01426315307617,167.2184600830078,129.3614501953125,34.87364196777344,59.24257278442383,71.70359802246094,49.36410140991211,60.78652572631836,49.561988830566406
2023-01-06,371.0757751464844,90.69036865234375,173.7100067138672,77.65875244140625,21.1299991607666,103.87999725341797,21.920000076293945,37.01903533935547,170.30661010742188,132.15383911132812,35.0438232421875,60.77131652832031,73.3466567993164,51.821624755859375,64.52058410644531,49.862422943115234
2023-01-13,381.0393371582031,92.04405975341797,178.75999450683594,77.73513793945312,18.350000381469727,102.19999694824219,22.329999923706055,38.1553840637207,179.38870239257812,133.1951904296875,36.82097244262695,61.664432525634766,76.65886688232422,53.67366409301758,66.37824249267578,51.6832160949707
2023-01-20,378.5340881347656,91.56986236572266,179.2899932861328,77.78606414794922,19.850000381469727,102.01000213623047,22.020000457763672,38.552642822265625,177.4610137939453,130.51341247558594,37.1498908996582,61.28627395629883,76.23286437988281,53.833946228027344,67.25077819824219,52.66644287109375
2023-01-27,387.90472412109375,92.00958251953125,179.22000122070312,77.85397338867188,18.510000228881836,101.93000030517578,21.68000030517578,39.07923889160156,181.8150634765625,132.29205322265625,38.578487396240234,61.27824020385742,78.53665924072266,54.02983856201172,68.3297119140625,53.549530029296875
2023-02-03,394.2825012207031,92.23764038085938,173.4600067138672,77.9186782836914,18.329999923706055,102.91999816894531,20.56999969482422,37.767364501953125,188.92156982421875,132.59616088867188,39.80253219604492,61.76103973388672,79.92759704589844,54.26133728027344,65.8997573852539,52.857627868652344
2023-02-10,390.1613464355469,89.37628173828125,173.36000061035156,77.96980285644531,20.530000686645508,103.62999725341797,20.239999771118164,37.12990188598633,182.51516723632812,132.4763641357422,38.96795654296875,60.45936584472656,78.20628356933594,53.49559020996094,64.98030853271484,52.91225051879883
2023-02-17,389.41546630859375,88.503173828125,171.25999450683594,78.05499267578125,20.020000457763672,103.86000061035156,20.010000228881836,36.658729553222656,185.2196807861328,132.15383911132812,38.99740982055664,60.2814826965332,77.5195083618164,54.44832229614258,63.7700309753418,51.91081237792969
2023-02-24,379.0121765136719,87.2843017578125,168.35000610351562,78.11460876464844,21.670000076293945,105.20999908447266,19.09000015258789,35.38380432128906,179.82986450195312,129.30615234375,37.72427749633789,59.9661750793457,74.5115737915039,52.90791702270508,61.43389129638672,50.63625717163086
2023-03-03,386.47998046875,88.29662322998047,172.49000549316406,78.17865753173828,18.489999771118164,104.5199966430664,19.549999237060547,36.529396057128906,183.65643310546875,130.7253875732422,38.81413269042969,60.77780532836914,75.57217407226562,54.21681213378906,63.64805221557617,52.238555908203125
2023-03-10,369.0010070800781,91.50300598144531,173.8699951171875,78.23847198486328,24.799999237060547,104.58000183105469,18.860000610351562,34.958831787109375,168.96392822265625,124.31121063232422,37.10570526123047,59.736671447753906,70.25178527832031,52.240116119384766,60.61764144897461,51.69231414794922
2023-03-17,374.3253173828125,92.59491729736328,183.77000427246094,78.35807800292969,25.510000228881836,103.70999908447266,20.6299991607666,34.74634552001953,164.21665954589844,122.33905029296875,38.87467575073242,59.679718017578125,70.02574920654297,50.824371337890625,60.76774978637695,50.718196868896484
2023-03-24,379.85394287109375,92.59491729736328,183.64999389648438,78.4349594116211,21.739999771118164,103.12000274658203,21.219999313354492,35.72563552856445,165.36167907714844,123.57884979248047,39.516883850097656,59.8668098449707,69.1822738647461,52.1051025390625,62.65354537963867,52.01095962524414
2023-03-31,392.9461364746094,92.17897033691406,183.22000122070312,78.4435043334961,18.700000762939453,102.51000213623047,22.1200008392334,36.455482482910156,171.72430419921875,128.06689453125,40.892295837402344,61.45295333862305,72.91402435302734,54.473514556884766,63.67621612548828,53.43117141723633
2023-04-07,392.754150390625,94.28923034667969,186.49000549316406,78.52241516113281,18.399999618530273,101.81999969482422,22.889999389648438,36.39081573486328,167.38307189941406,128.84579467773438,40.5496826171875,61.152259826660156,72.3432846069336,55.02763748168945,63.591766357421875,52.63003158569336
2023-04-14,395.89276123046875,91.29190826416016,186.36000061035156,78.599609375,17.06999969482422,101.55000305175781,23.309999465942383,36.69568634033203,169.90501403808594,130.2089080810547,40.80050277709961,61.51176452636719,71.28960418701172,56.341434478759766,63.657440185546875,53.20357131958008
2023-04-21,395.6432800292969,90.70111083984375,184.25,78.68539428710938,16.770000457763672,101.81999969482422,22.979999542236328,36.03974533081055,170.9157257080078,130.09764099121094,40.74312973022461,61.274810791015625,72.3257064819336,56.672119140625,62.59725570678711,53.722503662109375
2023-04-28,399.22344970703125,92.4908447265625,184.8000030517578,78.72827911376953,15.779999732971191,101.66999816894531,23.0,36.150611877441406,168.64404296875,130.3386993408203,41.31690216064453,61.57714080810547,73.14231872558594,56.725738525390625,62.58787536621094,53.56772994995117
2023-05-05,396.05596923828125,91.35681915283203,187.4600067138672,78.76531982421875,17.190000534057617,101.20999908447266,23.56999969482422,36.39081573486328,167.92210388183594,128.3358154296875,41.32673645019531,61.3522834777832,72.8701171875,56.80618667602539,62.92563247680664,54.1959114074707
2023-05-12,395.0577697753906,90.81683349609375,186.80999755859375,78.86006164550781,17.030000686645508,102.68000030517578,22.020000457763672,35.614768981933594,166.2568359375,126.93561553955078,41.58412170410156,61.073272705078125,72.02717590332031,55.903499603271484,61.13365936279297,54.80587387084961
2023-05-19,401.8053283691406,88.05580139160156,183.63999938964844,78.92029571533203,16.809999465942383,103.19999694824219,21.860000610351562,36.01203155517578,169.5199737548828,127.63105010986328,42.744789123535156,60.89274597167969,70.59595489501953,56.278873443603516,62.02496337890625,55.49777603149414
2023-05-26,403.149169921875,88.04711151123047,180.9199981689453,78.99783325195312,17.950000762939453,104.20999908447266,21.3799991607666,36.0305061340332,169.5584716796875,125.88773345947266,43.55463409423828,60.7450065612793,69.63007354736328,54.974002838134766,62.01557159423828,54.85139083862305
2023-06-02,410.7318115234375,89.06709289550781,181.0500030517578,79.07638549804688,14.600000381469727,104.0199966430664,21.690000534057617,36.529396057128906,175.20884704589844,128.2708740234375,44.477603912353516,61.497493743896484,71.96570587158203,55.0991325378418,62.897491455078125,56.44458770751953
2023-06-09,412.63232421875,89.0059585571289,182.0399932861328,79.15418243408203,13.829999923706055,103.55999755859375,22.270000457763672,37.113521575927734,178.59942626953125,129.6525421142578,44.3956298828125,61.61293029785156,72.5979232788086,54.974002838134766,63.449703216552734,57.03481674194336
2023-06-16,423.3751220703125,89.59976959228516,181.6300048828125,79.24065399169922,13.539999961853027,102.30000305175781,22.18000030517578,38.0632438659668,179.4778289794922,132.02633666992188,45.88581085205078,61.78609085083008,73.68672180175781,56.55592346191406,65.08242797851562,57.84148025512695
2023-06-23,417.35394287109375,90.23728942871094,178.1999969482422,79.30119323730469,13.4399995803833,102.9000015258789,20.579999923706055,36.471065521240234,174.29446411132812,129.4989471435547,45.42332458496094,61.1759033203125,70.3588638305664,54.7541389465332,62.1001091003418,55.83399200439453
2023-06-30,427.05535888671875,89.89672088623047,178.27000427246094,79.3876724243164,13.59000015258789,102.91000366210938,20.889999389648438,36.83419418334961,180.76161193847656,132.6351318359375,46.456016540527344,61.90153884887695,74.19911193847656,56.118446350097656,62.704132080078125,56.74148941040039
2023-07-07,422.4984436035156,86.76011657714844,178.63999938964844,79.45101165771484,14.829999923706055,102.2699966430664,21.18000030517578,36.675907135009766,178.2905731201172,131.07635498046875,45.99302291870117,61.22419738769531,74.35006713867188,54.59951400756836,62.336055755615234,56.503150939941406
2023-07-14,432.8357238769531,88.69532012939453,181.42999267578125,79.5378189086914,13.34000015258789,99.91000366210938,22.860000610351562,38.18428039550781,184.87355041503906,133.31649780273438,47.48212432861328,62.260536193847656,76.48119354248047,57.45546340942383,65.00691986083984,57.21815490722656
2023-07-21,435.6295471191406,89.08059692382812,182.17999267578125,79.6072998046875,13.600000381469727,101.06999969482422,22.56999969482422,37.54182815551758,187.7017364501953,136.6767120361328,47.1143684387207,62.48434829711914,76.52559661865234,57.68285369873047,63.657325744628906,57.208984375
2023-07-28,440.1960754394531,87.39936065673828,181.86000061035156,79.68538665771484,13.329999923706055,101.62000274658203,22.31999969482422,39.0408935546875,189.60325622558594,136.93807983398438,47.917198181152344,62.442893981933594,75.22027587890625,57.764705657958984,66.51696014404297,58.391475677490234
2023-08-04,430.45611572265625,84.7601547241211,180.19000244140625,79.77606201171875,17.100000381469727,102.0199966430664,21.65999984741211,37.746673583984375,187.42176818847656,135.0899658203125,46.477359771728516,62.18230056762695,73.7284927368164,56.018394470214844,64.33684539794922,56.631492614746094
2023-08-11,429.33856201171875,83.74160766601562,177.60000610351562,79.85450744628906,14.84000015258789,102.83999633789062,20.799999237060547,36.83419418334961,184.35231018066406,135.78065490722656,45.97168731689453,62.332218170166016,73.99488830566406,56.118446350097656,62.62861633300781,56.255653381347656
2023-08-18,420.52349853515625,82.33670806884766,175.3300018310547,79.9330062866211,17.299999237060547,103.37999725341797,20.8700008392334,35.75412368774414,178.2326202392578,132.91513061523438,45.09168243408203,61.71583938598633,71.42863464355469,54.390323638916016,60.467384338378906,54.376495361328125
2023-08-25,423.866455078125,83.6098861694336,177.6199951171875,80.01146697998047,15.680000305175781,104.08000183105469,22.219999313354492,36.228981018066406,177.605224609375,132.48577880859375,45.896156311035156,62.14896774291992,71.87262725830078,54.58132553100586,61.15633773803711,54.972328186035156
2023-09-01,434.67578125,83.53479766845703,180.11000061035156,80.10308074951172,13.09000015258789,104.23999786376953,22.170000076293945,36.89937210083008,184.2171630859375,134.42724609375,47.54287338256836,62.8250846862793,73.2756118774414,55.21800231933594,62.69468688964844,56.86981964111328
2023-09-08,429.2133483886719,83.1120834350586,178.0800018310547,80.17311096191406,13.84000015258789,105.08999633789062,21.010000228881836,36.042762756347656,177.5280303955078,133.12982177734375,46.89764404296875,62.448486328125,72.44091796875,54.19932556152344,61.26959228515625,56.47565841674805
2023-09-15,428.6488037109375,81.87030029296875,178.33999633789062,80.25190734863281,13.789999961853027,105.31999969482422,21.110000610351562,36.43382263183594,177.2288055419922,133.9698944091797,46.53809356689453,62.465213775634766,72.64515686035156,54.74504089355469,61.80754470825195,57.74065017700195
2023-09-22,416.12872314453125,80.5228042602539,178.6199951171875,80.33075714111328,17.200000762939453,105.58000183105469,21.579999923706055,35.81930160522461,170.5299835205078,131.20953369140625,44.81883239746094,61.929622650146484,68.76471710205078,53.59494400024414,60.79770278930664,56.649818420410156
2023-09-29,413.2862854003906,78.10969543457031,171.4499969482422,80.40957641601562,17.520000457763672,106.16999816894531,20.34000015258789,35.33513259887695,171.39825439453125,129.55638122558594,44.76787185668945,61.69528579711914,67.8377685546875,52.91896438598633,59.929439544677734,55.26566696166992
2023-10-06,415.2779235839844,74.91143798828125,169.6999969482422,80.50103759765625,17.450000762939453,106.04000091552734,19.729999542236328,35.2234001159668,167.77125549316406,127.7999267578125,45.691802978515625,61.15266036987305,66.63630676269531,52.690582275390625,60.16537857055664,54.43149948120117
2023-10-13,417.1728210449219,77.40287017822266,178.8300018310547,80.58019256591797,19.31999969482422,106.6500015258789,20.780000686645508,35.2513313293457,165.12380981445312,128.97401428222656,45.73454666137695,61.20313262939453,67.68534851074219,52.608367919921875,60.193695068359375,54.61483383178711
2023-10-20,407.20513916015625,73.54200744628906,183.58999633789062,80.6593246459961,21.709999084472656,106.16000366210938,21.399999618530273,34.255062103271484,161.40951538085938,126.77608489990234,44.3519401550293,60.513275146484375,64.91480255126953,51.13764190673828,58.23065185546875,53.28566360473633
2023-10-27,397.0440673828125,74.54034423828125,186.14999389648438,80.74729919433594,21.270000457763672,106.55999755859375,21.18000030517578,34.012969970703125,157.30740356445312,123.81733703613281,43.15017318725586,60.875038146972656,63.88369369506836,50.4068489074707,57.824832916259766,53.00149917602539
2023-11-03,420.25689697265625,77.68637084960938,184.7899932861328,80.816162109375,14.90999984741211,105.0199966430664,21.219999313354492,35.80998992919922,169.21624755859375,130.1763153076172,46.01402282714844,62.9361457824707,69.5682144165039,53.202144622802734,60.627830505371094,56.833152770996094
2023-11-10,425.9803466796875,78.00550842285156,179.50999450683594,80.90449523925781,14.170000076293945,105.86000061035156,20.34000015258789,35.70756149291992,163.99884033203125,129.2746124267578,47.42622756958008,62.640113830566406,67.77498626708984,53.28436279296875,60.26919937133789,55.430660247802734
2023-11-17,435.8223876953125,79.82291412353516,183.6699981689453,80.99282836914062,13.800000190734863,103.81999969482422,21.75,36.647972106933594,172.90138244628906,132.42123413085938,48.517852783203125,63.24063491821289,70.94005584716797,55.632049560546875,61.816978454589844,57.15398406982422
2023-11-24,440.1826171875,79.61015319824219,185.52000427246094,81.06349182128906,12.460000038146973,103.4000015258789,22.270000457763672,36.81557083129883,173.90994262695312,133.6798858642578,49.10311508178711,63.43516540527344,71.51387786865234,56.33544158935547,62.043487548828125,57.39231872558594
2023-12-01,443.8564453125,82.6991958618164,192.00999450683594,81.1510238647461,12.630000114440918,103.2699966430664,23.329999923706055,36.99248123168945,179.32130432128906,135.75570678710938,49.25765609741211,64.56587982177734,75.08240509033203,56.8287353515625,61.91135787963867,57.94231033325195
2023-12-08,444.9198913574219,84.0776596069336,185.63999938964844,81.2309341430664,12.350000381469727,104.01000213623047,21.100000381469727,36.322086334228516,181.1541748046875,135.40817260742188,49.58973693847656,64.45540618896484,74.99275207519531,56.98402786254883,60.76939010620117,57.54814910888672
2023-12-15,455.58636474609375,88.46160888671875,187.0,81.3196792602539,12.279999732971191,102.55000305175781,21.829999923706055,37.225257873535156,191.08465576171875,139.5504608154297,50.62052536010742,65.68731689453125,79.15303802490234,57.98887252807617,62.13786315917969,57.905643463134766
2023-12-22,459.7799377441406,87.86383056640625,190.27000427246094,81.40972900390625,13.029999732971191,101.69999694824219,22.1200008392334,37.36002731323242,196.10687255859375,140.4755859375,51.156673431396484,66.14839172363281,79.6117935180664,58.9798469543457,62.31013107299805,58.866817474365234
2023-12-29,461.39129638671875,88.22069549560547,191.1699981689453,81.48104095458984,12.449999809265137,101.33000183105469,21.780000686645508,38.147457122802734,195.35740661621094,141.41201782226562,51.20608901977539,66.08006286621094,80.20177459716797,59.329498291015625,63.893795013427734,59.61972427368164
2024-01-05,454.2177734375,85.9098892211914,189.35000610351562,81.55237579345703,13.350000381469727,102.41000366210938,21.209999084472656,37.41694641113281,188.09634399414062,141.5255584716797,49.6429557800293,65.47383117675781,78.61335754394531,58.30815505981445,62.21414566040039,59.05271530151367
2024-01-12,462.7211608886719,86.11509704589844,189.7100067138672,81.65044403076172,12.699999809265137,102.4000015258789,21.190000534057617,37.18926239013672,188.07687377929688,141.29855346679688,51.517398834228516,66.34476470947266,79.03089141845703,58.53819274902344,61.94540786743164,61.74833679199219
2024-01-19,468.3028259277344,83.94705963134766,187.92999267578125,81.72177124023438,13.300000190734863,103.29000091552734,20.670000076293945,36.42081069946289,187.29820251464844,141.1282501220703,52.70497512817383,65.8922119140625,77.51507568359375,57.498451232910156,60.63047790527344,61.25569152832031
2024-01-26,473.136962890625,83.67047119140625,187.00999450683594,81.802001953125,13.260000228881836,103.47000122070312,20.860000610351562,36.89516067504883,190.7535400390625,142.92547607421875,53.172767639160156,66.28499603271484,77.09754180908203,58.82342529296875,61.465511322021484,60.78163146972656
2024-02-02,479.873779296875,85.98938751220703,188.61000061035156,81.88784790039062,13.850000381469727,103.91999816894531,20.75,36.66747283935547,189.22540283203125,143.98487854003906,54.231876373291016,66.23761749267578,76.56201171875,58.61180114746094,60.84164047241211,61.82270431518555
2024-02-09,486.523193359375,84.00232696533203,187.60000610351562,81.9594955444336,12.930000305175781,104.08000183105469,20.68000030517578,37.549774169921875,194.02395629882812,144.15516662597656,55.62040710449219,66.3834457397461,76.58924865722656,58.74980926513672,62.51167678833008,61.934242248535156
2024-02-16,484.8826904296875,83.0267105102539,186.33999633789062,82.0580062866211,14.239999771118164,104.27999877929688,21.389999389648438,38.02412414550781,196.28207397460938,145.30914306640625,54.88908386230469,65.99730682373047,76.5801773071289,59.200679779052734,63.212337493896484,62.86376190185547
2024-02-23,492.9784240722656,84.020263671875,188.6199951171875,82.12965393066406,13.75,103.94000244140625,20.989999771118164,38.5174446105957,194.55929565429688,147.58876037597656,55.81147003173828,66.37486267089844,76.97953796386719,60.24961853027344,64.2777099609375,64.1465072631836
2024-03-01,497.83203125,84.82295227050781,192.88999938964844,82.21481323242188,13.109999656677246,103.86000061035156,21.170000076293945,38.403602600097656,200.39927673339844,148.3549346923828,56.590572357177734,66.60626983642578,78.5770492553711,60.516456604003906,64.06655883789062,65.37348937988281
2024-03-08,496.73516845703125,85.95429992675781,201.6300048828125,82.28675079345703,14.739999771118164,102.73999786376953,22.229999542236328,38.72616195678711,201.31417846679688,149.60354614257812,55.908660888671875,66.79612731933594,79.62994384765625,61.5009880065918,64.85359954833984,66.16358184814453
2024-03-15,496.4381103515625,83.44920349121094,199.7100067138672,82.37663269042969,14.40999984741211,103.43000030517578,23.030000686645508,38.67873001098633,197.01210021972656,149.86839294433594,55.6862907409668,66.51131439208984,77.324462890625,61.7031135559082,64.77681732177734,64.66704559326172
2024-03-22,507.5192565917969,84.3830337524414,200.35000610351562,82.44856262207031,13.0600004196167,104.43000030517578,22.559999465942383,38.76411437988281,200.10797119140625,152.72463989257812,57.11240768432617,67.05501556396484,77.41776275634766,61.8788948059082,64.7480239868164,66.75846862792969
2024-03-29,509.3302917480469,84.9576644897461,205.72000122070312,82.52944946289062,13.010000228881836,104.55000305175781,22.75,38.97283172607422,205.21142578125,155.01861572265625,56.77099609375,67.08090209960938,79.16622924804688,62.30448913574219,65.02635955810547,66.32159423828125
2024-04-05,504.8121643066406,82.3289566040039,215.13999938964844,82.6242904663086,16.030000686645508,104.30000305175781,25.030000686645508,39.13410568237305,199.50294494628906,152.87692260742188,56.53677749633789,66.63419342041016,76.8410415649414,61.76786804199219,65.2375259399414,64.94590759277344
2024-04-12,497.4313659667969,81.33800506591797,216.88999938964844,82.696533203125,17.309999465942383,106.04000091552734,25.6299991607666,38.4510383605957,193.88232421875,148.7554168701172,56.29762268066406,66.24386596679688,74.79962921142578,60.204246520996094,64.1049575805664,64.1929931640625
2024-04-19,482.1534729003906,80.31106567382812,221.02999877929688,82.78682708740234,18.709999084472656,106.1500015258789,26.200000762939453,37.673091888427734,188.46661376953125,148.45083618164062,53.185279846191406,65.90557861328125,72.3188247680664,59.843406677246094,62.857215881347656,61.80410385131836
2024-04-26,494.90936279296875,79.49125671386719,216.6199951171875,82.85908508300781,15.029999732971191,105.94000244140625,24.889999389648438,39.058204650878906,193.56033325195312,150.30694580078125,55.283267974853516,66.46073150634766,73.38072967529297,61.425537109375,65.61184692382812,62.39900207519531
2024-05-03,497.85980224609375,81.2161865234375,212.9600067138672,82.95690155029297,13.489999771118164,105.02999877929688,24.219999313354492,40.291526794433594,197.01466369628906,150.16416931152344,55.911678314208984,67.21211242675781,74.42431640625,61.79563522338867,67.91535949707031,64.37889862060547
2024-05-10,507.1589660644531,81.46932220458984,218.7100067138672,83.02943420410156,12.550000190734863,105.30999755859375,25.770000457763672,40.31999206542969,199.3663330078125,153.62887573242188,56.7066650390625,67.05516815185547,75.87984466552734,63.775611877441406,68.1361083984375,63.16120910644531
2024-05-17,515.5428466796875,82.61738586425781,223.66000366210938,83.11105346679688,11.989999771118164,104.44999694824219,28.790000915527344,41.543819427490234,203.04515075683594,155.7705535888672,57.8315315246582,67.38652038574219,77.710693359375,64.84886169433594,70.4972152709961,63.88624954223633
2024-05-24,515.5330200195312,82.60836791992188,215.9199981689453,83.21987915039062,11.930000305175781,104.72000122070312,27.739999771118164,40.81332015991211,200.46900939941406,153.1053924560547,58.628170013427734,67.22084045410156,74.93695068359375,64.50653839111328,69.25907897949219,63.6352653503418
2024-05-31,513.5174560546875,81.76762390136719,215.3000030517578,83.26520538330078,12.920000076293945,104.66999816894531,27.760000228881836,39.64640808105469,200.79104614257812,153.4194793701172,57.83978271484375,67.25572204589844,76.20023345947266,64.62680053710938,67.32987213134766,64.10932159423828
2024-06-07,519.9829711914062,82.9994888305664,211.60000610351562,83.35173797607422,12.220000267028809,104.88999938964844,26.670000076293945,39.883583068847656,196.3316192626953,152.66751098632812,59.56336212158203,67.35910034179688,75.94392395019531,64.5342788696289,68.28968048095703,63.88624954223633
2024-06-14,528.522705078125,85.87498474121094,215.72999572753906,83.45195007324219,12.65999984741211,105.55000305175781,27.010000228881836,40.34046936035156,194.46270751953125,152.47715759277344,61.43867492675781,67.50801849365234,76.89596557617188,62.53580856323242,69.07342529296875,62.86043930053711
2024-06-21,531.9176025390625,85.23094177246094,214.77999877929688,83.52481842041016,13.199999809265137,105.80000305175781,26.979999542236328,40.76077651977539,196.0479278564453,154.14292907714844,61.58547592163086,67.79711151123047,76.86849975585938,62.99252700805664,69.4876708984375,61.811676025390625
2024-06-28,531.6343994140625,83.25347137451172,215.00999450683594,83.5976791381836,12.4399995803833,105.87000274658203,26.56999969482422,40.684364318847656,198.5333709716797,153.65435791015625,61.76254653930664,67.57810974121094,77.62944030761719,62.72011184692383,69.34317016601562,63.89984130859375
2024-07-05,541.8133544921875,84.22804260253906,220.92999267578125,83.69100189208984,12.479999542236328,104.87999725341797,28.479999542236328,41.677825927734375,196.55674743652344,153.57772827148438,63.96710968017578,68.19017028808594,77.39774322509766,64.24186706542969,71.0386962890625,65.51044464111328
2024-07-12,547.0396728515625,85.48381042480469,223.11000061035156,83.7733154296875,12.460000038146973,104.08999633789062,28.1200008392334,42.51844787597656,208.5632781982422,157.38052368164062,63.75572967529297,68.67455291748047,81.05863952636719,65.28453826904297,72.49337768554688,66.8588638305664
2024-07-19,536.2941284179688,84.55564880371094,221.72999572753906,83.85562133789062,16.520000457763672,104.4000015258789,26.690000534057617,40.8276481628418,212.18382263183594,158.11813354492188,61.288604736328125,68.67455291748047,82.2912826538086,63.56553268432617,69.33353424072266,65.51044464111328
2024-07-26,531.8492431640625,84.6193618774414,220.6300048828125,83.9471206665039,16.389999389648438,104.31999969482422,25.479999542236328,40.46464920043945,219.4053497314453,159.880615234375,59.73302459716797,68.94756317138672,83.01420593261719,63.98824691772461,68.62065124511719,64.32122802734375
2024-08-02,520.576171875,89.73129272460938,225.33999633789062,84.04071807861328,23.389999389648438,103.20999908447266,26.040000915527344,39.7386589050293,204.43389892578125,156.77706909179688,58.395423889160156,68.78614807128906,84.58976745605469,62.49467849731445,67.42606353759766,60.53817367553711
2024-08-09,520.6640625,87.8869857788086,224.55999755859375,84.10503387451172,20.3700008392334,103.13999938964844,25.0,40.178077697753906,202.02671813964844,156.4897003173828,58.613399505615234,69.02518463134766,84.42294311523438,62.616798400878906,68.04261779785156,61.21238327026367
2024-08-16,541.4910888671875,88.96435546875,231.99000549316406,84.20609283447266,14.800000190734863,102.45999908447266,26.43000030517578,41.467674255371094,208.03488159179688,160.62779235839844,61.620521545410156,69.7953872680664,84.6453857421875,64.6457748413086,70.21983337402344,64.95797729492188
2024-08-23,549.1302490234375,89.83171081542969,232.02000427246094,84.27960205078125,15.859999656677246,100.72000122070312,27.200000762939453,41.8784294128418,215.64781188964844,163.31944274902344,62.38676071166992,70.29114532470703,87.84286499023438,66.47750091552734,70.95199584960938,67.35515594482422
2024-08-30,550.6444091796875,88.09699249267578,231.2899932861328,84.3622817993164,15.0,101.69999694824219,26.350000381469727,41.42945861816406,215.35426330566406,165.57046508789062,62.01685333251953,70.2380142211914,88.16725158691406,66.62779998779297,70.33544158935547,67.39260864257812
2024-09-06,527.8636474609375,91.1957778930664,230.6300048828125,84.46007537841797,22.3799991607666,101.18000030517578,25.479999542236328,39.91060256958008,203.43577575683594,160.36915588378906,58.82642364501953,70.39813995361328,88.00041961669922,64.20427703857422,67.64764404296875,63.7593879699707
2024-09-13,549.0130004882812,91.97437286376953,238.67999267578125,84.54315185546875,16.559999465942383,101.11000061035156,28.020000457763672,40.91362380981445,212.17405700683594,164.21023559570312,62.03336715698242,70.8340072631836,91.42034912109375,65.51936340332031,69.53584289550781,65.42618560791016
2024-09-20,556.8114013671875,90.57290649414062,242.2100067138672,84.64464569091797,16.149999618530273,100.72000122070312,28.40999984741211,41.73514175415039,216.81227111816406,166.3750762939453,62.898681640625,71.39441680908203,90.63255310058594,65.73395538330078,71.28917694091797,66.73713684082031
2024-09-27,559.9664916992188,90.28894805908203,245.02000427246094,84.70925903320312,16.959999084472656,100.41999816894531,28.860000610351562,44.52449035644531,216.33457946777344,167.5073699951172,63.20968246459961,71.4833755493164,90.33972930908203,67.49476623535156,76.78999328613281,66.55921936035156
2024-10-04,561.4461669921875,87.8055191040039,245.0,84.78424835205078,19.209999084472656,102.5199966430664,29.360000610351562,44.868385314941406,215.1759796142578,168.15255737304688,63.383277893066406,71.15290069580078,88.89108276367188,65.60212707519531,78.0809097290039,67.3083267211914
2024-10-11,567.9132690429688,86.10546112060547,245.47000122070312,84.8676528930664,20.459999084472656,102.88999938964844,28.799999237060547,44.285675048828125,217.24769592285156,169.7799530029297,64.27937316894531,71.12608337402344,88.58264923095703,65.60212707519531,76.6551284790039,66.5311279296875
2024-10-18,572.8224487304688,86.26167297363281,251.27000427246094,84.93248748779297,18.030000686645508,103.48999786376953,30.639999389648438,43.86536407470703,221.55810546875,171.2340545654297,64.83985900878906,71.3316650390625,91.13414001464844,65.49855041503906,75.73030090332031,65.66963958740234
2024-10-25,567.3840942382812,84.6718978881836,253.32000732421875,85.00662231445312,20.329999923706055,104.26000213623047,30.6299991607666,43.101158142089844,214.9207000732422,167.19921875,64.8878173828125,70.86685943603516,89.4798812866211,64.14263916015625,74.3719482421875,62.96344757080078
2024-11-01,559.545166015625,83.75900268554688,252.47000122070312,85.0892105102539,21.8799991607666,104.27999877929688,29.540000915527344,42.499351501464844,215.00906372070312,165.82220458984375,63.81644058227539,70.7461929321289,87.0218505859375,63.44583511352539,73.50491333007812,63.65638732910156
2024-11-08,586.1487426757812,85.28040313720703,247.9600067138672,85.18224334716797,14.9399995803833,105.0,28.479999542236328,42.652191162109375,233.80198669433594,172.11033630371094,67.4686279296875,71.68948364257812,89.6107177734375,62.57955551147461,73.71685791015625,65.01416015625
2024-11-15,573.9591064453125,83.05827331542969,236.58999633789062,85.22872161865234,16.139999389648438,106.69000244140625,27.56999969482422,41.028255462646484,224.33680725097656,169.61627197265625,65.77397918701172,71.17741394042969,87.66674041748047,60.97882080078125,70.74968719482422,63.19754409790039
2024-11-22,583.5226440429688,83.3440933227539,249.83999633789062,85.31244659423828,15.239999771118164,107.48999786376953,28.469999313354492,41.343482971191406,234.44020080566406,173.4103240966797,66.79903411865234,71.4109878540039,89.94718933105469,61.02589797973633,71.28917694091797,63.6282844543457
2024-11-29,590.4209594726562,86.64503479003906,245.58999633789062,85.36825561523438,13.510000228881836,105.73999786376953,27.920000076293945,41.32438278198242,237.4839630126953,175.13404846191406,67.64222717285156,71.90509033203125,91.74164581298828,62.14641189575195,71.4818344116211,65.25762939453125
2024-12-06,595.5750122070312,87.3343505859375,242.9499969482422,85.46627044677734,12.770000457763672,105.97000122070312,28.25,41.88798522949219,234.5972900390625,171.69627380371094,69.97837829589844,72.10453796386719,89.3583755493164,63.25751876831055,72.348876953125,66.55921936035156
2024-12-13,592.0474853515625,83.41128540039062,244.2899932861328,85.55028533935547,13.8100004196167,107.0,27.75,42.05992889404297,228.84356689453125,168.57626342773438,70.0544204711914,71.66233825683594,87.71346282958984,62.43831253051758,72.60899353027344,65.11715698242188
2024-12-20,581.2000122070312,82.0264663696289,242.10000610351562,85.61865234375,18.360000610351562,107.62000274658203,26.920000076293945,41.060359954833984,218.5426788330078,163.98292541503906,69.07234191894531,71.2805404663086,83.489013671875,60.251220703125,70.97624969482422,62.967403411865234
2024-12-27,584.9949951171875,80.90257263183594,241.39999389648438,85.69364929199219,15.949999809265137,108.0,26.760000228881836,41.08950424194336,219.00555419921875,165.30014038085938,69.43885803222656,71.25334167480469,83.74946594238281,60.83211898803711,71.33786010742188,64.4129638671875
2025-01-03,581.9865112304688,81.07904815673828,243.49000549316406,85.74051666259766,16.1299991607666,108.94999694824219,26.979999542236328,40.94379806518555,221.01449584960938,164.99989318847656,68.94884490966797,71.625244140625,84.41001892089844,60.42263412475586,71.08375549316406,63.98500061035156
2025-01-10,570.7193603515625,79.37925720214844,248.2100067138672,85.81550598144531,19.540000915527344,109.6500015258789,27.610000610351562,39.91413116455078,213.53016662597656,162.45265197753906,67.43081665039062,71.23519134521484,80.72976684570312,60.37501907348633,68.63056945800781,62.04490661621094
2025-01-17,587.521728515625,80.98616027832031,249.27000427246094,85.89987182617188,15.970000267028809,109.3499984741211,27.610000610351562,40.8855094909668,222.02882385253906,169.1839599609375,68.85118103027344,72.07878875732422,84.59874725341797,61.965335845947266,70.2920913696289,62.93887710571289
2025-01-24,597.7368774414062,81.0140151977539,255.64999389648438,85.95613098144531,14.850000381469727,107.44000244140625,27.90999984741211,41.72090530395508,225.2096710205078,171.67311096191406,70.1937484741211,72.34185028076172,85.5990219116211,64.00321960449219,71.41606140136719,65.12623596191406
2025-01-31,591.6903076171875,81.51561737060547,258.55999755859375,86.01237487792969,16.43000030517578,108.37000274658203,28.510000228881836,41.49748229980469,223.03329467773438,171.14041137695312,69.2551040649414,72.31463623046875,85.44804382324219,64.27938842773438,71.01533508300781,64.96455383300781
2025-02-07,590.6580200195312,83.21399688720703,263.8999938964844,86.0838851928711,16.540000915527344,108.04000091552734,29.030000686645508,41.963748931884766,222.56060791015625,170.65614318847656,69.33291625976562,72.30553436279297,86.4671859741211,64.51747131347656,71.64085388183594,65.12623596191406
2025-02-14,599.4376831054688,83.10216522216797,266.2900085449219,86.1591567993164,14.770000457763672,106.56999969482422,29.309999465942383,43.139122009277344,222.5310821533203,171.78933715820312,70.77314758300781,72.67913818359375,86.4671859741211,66.85057067871094,73.59558868408203,65.97264862060547
2025-02-21,589.8419799804688,83.53092956542969,270.739990234375,86.23441314697266,18.209999084472656,106.61000061035156,29.59000015258789,43.6151008605957,214.48541259765625,170.791748046875,68.86940002441406,72.57891845703125,86.47661590576172,66.59345245361328,74.82705688476562,65.70635223388672
2025-02-28,584.1788940429688,86.15962219238281,263.2699890136719,86.29086303710938,19.6299991607666,107.61000061035156,28.309999465942383,41.97346115112305,211.38333129882812,172.52542114257812,67.16594696044922,73.01629638671875,88.60928344726562,66.85057067871094,72.00247192382812,65.1167221069336
2025-03-07,566.2262573242188,84.26139068603516,268.3900146484375,86.36539459228516,23.3700008392334,103.83999633789062,29.59000015258789,43.148834228515625,202.8157501220703,168.96119689941406,64.34839630126953,72.73614501953125,87.2126693725586,69.84075164794922,74.14290618896484,66.73346710205078
2025-03-14,553.3369140625,84.31752014160156,275.239990234375,86.43148040771484,21.770000457763672,103.72000122070312,30.709999084472656,43.30426025390625,199.8023223876953,165.9103240966797,62.63005828857422,72.21430206298828,85.08944702148438,69.00272369384766,74.14290618896484,66.90465545654297
2025-03-21,556.1552734375,84.8131103515625,278.489990234375,86.50699615478516,19.280000686645508,104.08999633789062,30.020000457763672,43.30426025390625,201.13894653320312,167.06288146972656,62.96611022949219,72.52557373046875,85.18380737304688,68.63269805908203,74.05493927001953,67.83665466308594
2025-03-28,547.95068359375,84.28943634033203,284.05999755859375,86.57305145263672,21.649999618530273,104.04000091552734,31.0,42.51743698120117,197.8424072265625,166.4226531982422,61.40242385864258,72.14106750488281,85.52498626708984,67.8677749633789,72.50093841552734,65.82999420166016
2025-04-04,498.2696533203125,87.1355972290039,279.7200012207031,86.64029693603516,45.310001373291016,103.0199966430664,27.079999923706055,39.418724060058594,178.8329620361328,152.89102172851562,55.36709976196289,70.61538696289062,80.27203369140625,62.169097900390625,67.33067321777344,58.497581481933594
2025-04-11,526.531982421875,81.54241180419922,297.92999267578125,86.71605682373047,37.560001373291016,99.77999877929688,29.190000534057617,40.555240631103516,181.96173095703125,157.65484619140625,59.706695556640625,70.59700012207031,79.7286148071289,65.29573059082031,68.93354797363281,62.596500396728516
2025-04-18,519.1064453125,82.14302062988281,306.1199951171875,86.7823486328125,29.649999618530273,99.37999725341797,29.549999237060547,40.72037887573242,184.05413818359375,157.58665466308594,58.370670318603516,71.5445327758789,82.78886413574219,66.86380767822266,69.0117416381836,64.73631286621094
2025-04-25,543.0003662109375,83.41931915283203,304.7300109863281,86.84866333007812,24.84000015258789,99.47000122070312,30.049999237060547,42.20659255981445,191.59474182128906,160.49952697753906,62.405269622802734,72.46448516845703,82.9509506225586,69.18726348876953,71.46492767333984,67.3040771484375
2025-05-02,558.8966674804688,82.63365173339844,297.9800109863281,86.91703033447266,22.68000030517578,100.0,29.1200008392334,43.71223831176758,197.87200927734375,164.20147705078125,64.5302963256836,72.62342071533203,85.52498626708984,70.9274673461914,74.49476623535156,68.36923217773438
2025-05-09,556.5103149414062,81.99315643310547,306.8399963378906,86.98355102539062,21.899999618530273,100.33999633789062,29.799999237060547,43.62481689453125,198.1977081298828,163.6949005126953,64.271728515625,72.63265228271484,85.00064849853516,70.8414077758789,74.29928588867188,68.48335266113281
2025-05-16,585.9559936523438,81.2867202758789,294.239990234375,87.05004119873047,17.239999771118164,101.08999633789062,29.299999237060547,44.936180114746094,207.12013244628906,168.6341094970703,68.84669494628906,73.43711853027344,86.08747100830078,71.99835968017578,76.85997772216797,68.9398422241211
2025-05-23,571.0753173828125,79.63838195800781,309.75,87.13558197021484,22.290000915527344,99.11000061035156,30.450000762939453,44.90704345703125,199.92494201660156,164.67884826660156,67.0316162109375,73.00252532958984,83.02721405029297,72.81108093261719,76.8306655883789,69.45339965820312
2025-05-30,581.2127685546875,81.26789093017578,303.6000061035156,87.18311309814453,18.56999969482422,99.33000183105469,30.0,44.21735763549805,202.40232849121094,166.96820068359375,68.48201751708984,73.5758056640625,85.1531753540039,73.39433288574219,75.69690704345703,70.49002075195312
2025-06-06,590.8274536132812,80.691162109375,305.17999267578125,87.25558471679688,16.770000457763672,99.19000244140625,32.689998626708984,45.57728958129883,209.14346313476562,168.55615234375,69.94898986816406,73.67430114746094,85.67752075195312,74.24532318115234,78.39443969726562,70.20470428466797
2025-06-13,588.7171020507812,81.61769104003906,316.2900085449219,87.33187103271484,20.81999969482422,98.18000030517578,32.970001220703125,45.76185989379883,206.172607421875,168.90689086914062,69.34232330322266,73.73003387451172,85.63938903808594,73.84374237060547,78.91244506835938,69.9954833984375
2025-06-20,587.7673950195312,81.7689437866211,310.1300048828125,87.38906860351562,20.6200008392334,98.70999908447266,32.720001220703125,45.44015884399414,207.0594024658203,168.86790466308594,69.19644165039062,74.13882446289062,85.63938903808594,72.55325317382812,78.27272033691406,68.79803466796875
2025-06-27,608.1712646484375,82.61983489990234,301.2200012207031,87.46537017822266,16.31999969482422,97.4000015258789,32.619998931884766,47.166351318359375,213.26495361328125,172.1119842529297,72.33758544921875,74.64051818847656,85.19070434570312,75.01760864257812,81.34339904785156,72.17274475097656
2025-07-04,618.4869995117188,82.52950286865234,307.1400146484375,87.5476303100586,16.3799991607666,97.18000030517578,33.5099983215332,47.823482513427734,220.7868194580078,175.95571899414062,73.34723663330078,75.02093505859375,86.66365814208984,75.43480682373047,82.05201721191406,71.52080535888672
2025-07-11,616.7858276367188,81.40973663330078,309.1400146484375,87.60501861572266,16.399999618530273,97.8499984741211,35.029998779296875,47.33308792114258,219.42098999023438,174.61373901367188,73.2891616821289,74.70355224609375,86.4133529663086,75.47361755371094,81.41229248046875,69.37327575683594
2025-07-18,620.7024536132812,80.8878173828125,308.3900146484375,87.68157958984375,16.40999984741211,98.4800033569336,34.61000061035156,48.13733673095703,220.04454040527344,174.02603149414062,74.41099548339844,74.90892028808594,86.58663940429688,74.87207794189453,83.27240753173828,68.8459701538086
2025-07-25,630.1181030273438,82.0170669555664,307.3999938964844,87.7485580444336,14.930000305175781,97.6500015258789,34.65999984741211,48.55907440185547,222.07347106933594,176.96466064453125,75.3801498413086,75.13294982910156,88.30989837646484,76.5214614868164,84.128662109375,72.55623626708984
2025-08-01,614.9065551757812,83.6546401977539,309.1099853515625,87.82427978515625,20.3799991607666,98.69000244140625,33.59000015258789,47.27423858642578,212.71070861816406,171.9199981689453,73.85504913330078,75.03401947021484,85.60466766357422,73.01895904541016,81.58944702148438,71.01268768310547
2025-08-08,630.1972045898438,83.1498031616211,313.04998779296875,87.8914794921875,15.149999618530273,98.18000030517578,34.880001068115234,48.490421295166016,218.05520629882812,174.34927368164062,76.19497680664062,75.25919342041016,85.73945617675781,75.3183822631836,83.59719848632812,74.71336364746094
2025-08-15,636.388671875,82.30200958251953,307.42999267578125,87.96829986572266,15.09000015258789,97.8499984741211,34.5,48.98081970214844,224.79519653320312,176.5630340576172,76.67788696289062,75.48432922363281,86.32669830322266,76.59906768798828,84.59122467041016,76.84173583984375
2025-08-22,638.2380981445312,82.9211654663086,310.5799865722656,88.03549194335938,14.220000267028809,97.72000122070312,35.34000015258789,49.65756607055664,232.41603088378906,179.74655151367188,76.07548522949219,75.8502197265625,88.74311828613281,77.80215454101562,85.8017807006836,76.71709442138672
2025-08-29,637.98095703125,82.49251556396484,318.07000732421875,88.11229705810547,15.359999656677246,97.7699966430664,36.189998626708984,48.90235900878906,232.75253295898438,179.4722900390625,76.10868072509766,75.85960388183594,88.80088806152344,76.16246795654297,84.51249694824219,75.04891967773438
2025-09-05,640.1469116210938,84.6802749633789,331.04998779296875,88.19131469726562,15.180000305175781,97.7699966430664,37.209999084472656,49.48102569580078,235.3258056640625,178.8159942626953,76.7691650390625,76.23006439208984,89.0223159790039,76.23039245605469,85.55573272705078,75.9117660522461
2025-09-12,650.20556640625,86.0093765258789,335.4200134277344,88.2587661743164,14.760000228881836,97.55000305175781,38.34000015258789,51.25625991821289,235.88995361328125,181.14730834960938,78.24778747558594,76.31488800048828,89.3496322631836,76.99687194824219,88.78388214111328,77.42655181884766
2025-09-19,658.2465209960938,85.12012481689453,339.17999267578125,88.33586120605469,15.449999809265137,97.63999938964844,39.040000915527344,51.991851806640625,241.1643829345703,181.88197326660156,79.7264175415039,76.59768676757812,88.23287963867188,76.97554779052734,89.6696548461914,77.45531463623047
2025-09-26,656.3818969726562,85.00537872314453,346.739990234375,88.3936767578125,15.289999961853027,98.1500015258789,41.86000061035156,51.69761657714844,239.53663635253906,182.75376892089844,79.06427001953125,76.42802429199219,88.46330261230469,76.81017303466797,88.63624572753906,77.11976623535156
2025-10-03,663.7113037109375,85.7618408203125,357.6400146484375,88.45260620117188,16.649999618530273,97.72000122070312,43.52000045776367,53.18842315673828,243.99310302734375,184.6273193359375,79.98079681396484,76.56104278564453,88.85206604003906,79.13510131835938,91.60851287841797,78.40444946289062
2025-10-10,647.6542358398438,86.95165252685547,369.1199951171875,88.52996063232422,21.65999984741211,98.9800033569336,45.43000030517578,50.942405700683594,236.01316833496094,180.03944396972656,78.15339660644531,75.71815490722656,85.65448760986328,77.02418518066406,87.59300994873047,75.12561798095703
2025-10-17,658.9308471679688,87.50817108154297,388.989990234375,88.57830047607422,20.780000686645508,98.43000030517578,46.9900016784668,53.13938522338867,241.5911865234375,182.76658630371094,79.4491958618164,76.4474105834961,88.60909271240234,78.60008239746094,91.4215087890625,78.61537170410156
2025-10-24,671.6851806640625,87.76724243164062,377.5199890136719,88.65563201904297,16.3700008392334,98.94999694824219,43.9900016784668,54.04171371459961,247.56619262695312,185.21803283691406,81.33973693847656,76.7883529663086,89.83370971679688,79.07673645019531,92.9666976928711,79.0947265625
2025-10-31,676.4556884765625,86.63500213623047,368.1199951171875,88.7136459350586,17.440000534057617,99.80000305175781,44.0099983215332,54.23787307739258,244.39010620117188,182.88470458984375,82.87310791015625,76.52317810058594,86.67499542236328,78.11369323730469,93.27178955078125,80.0055160522461
2025-11-07,665.4567260742188,86.254638671875,368.30999755859375,88.78446197509766,19.079999923706055,99.5999984741211,43.91999816894531,53.50227737426758,239.80462646484375,183.2785186767578,80.48583984375,76.466064453125,87.69550323486328,77.80241394042969,91.85456085205078,79.85212707519531
2025-11-14,666.4088134765625,85.5805435180664,375.9599914550781,88.85235595703125,19.829999923706055,99.2699966430664,45.959999084472656,53.90440368652344,235.7054901123047,184.25318908691406,80.32635498046875,76.3613510131836,87.07347106933594,78.85299682617188,92.4253921508789,80.5136489868164
2025-11-21,653.6148681640625,86.18722534179688,374.2699890136719,88.91056060791016,23.43000030517578,100.18000030517578,45.29999923706055,52.08012390136719,233.83953857421875,182.54013061523438,78.06700897216797,76.50413513183594,87.05403900146484,76.9366226196289,89.11851501464844,77.83880615234375
2025-11-28,677.7747192382812,86.8709487915039,387.8800048828125,88.96875762939453,16.350000381469727,99.45999908447266,51.209999084472656,53.27669143676758,246.89126586914062,187.5316619873047,81.54240417480469,77.09431457519531,88.7743148803711,79.3102035522461,91.19515228271484,79.58367919921875
2025-12-05,680.0557861328125,85.20964813232422,386.44000244140625,89.04756927490234,15.40999984741211,98.98999786376953,52.95000076293945,53.688629150390625,248.89617919921875,187.4134979248047,82.08232879638672,77.22342681884766,87.35533142089844,79.78685760498047,91.80535125732422,80.24519348144531
2025-12-12,676.1581420898438,84.40751647949219,395.44000244140625,89.12541198730469,15.739999771118164,98.4000015258789,56.099998474121094,53.19823455810547,251.9531707763672,189.5203857421875,80.61540985107422,77.05127716064453,86.93740844726562,80.4386215209961,90.42748260498047,80.5328140258789
2025-12-19,676.9923095703125,84.93976593017578,399.0199890136719,89.18883514404297,14.90999984741211,98.5999984741211,60.93000030517578,53.442222595214844,249.750732421875,188.33897399902344,81.16862487792969,77.21465301513672,86.1015625,81.29717254638672,91.0134506225586,80.1445541381836
2025-12-26,686.660888671875,85.12408447265625,416.739990234375,89.2474365234375,13.600000381469727,98.0199966430664,71.12000274658203,54.51663589477539,250.37814331054688,190.7793731689453,82.32756042480469,77.44524383544922,87.1519775390625,82.45589447021484,92.92658996582031,80.5324478149414
2026-01-02,679.55859375,84.43524932861328,398.2799987792969,89.30606079101562,14.510000228881836,98.41999816894531,65.75,55.94919204711914,247.7490692138672,190.80905151367188,80.8541488647461,77.51249694824219,86.81851196289062,83.0352554321289,95.68668365478516,80.8905029296875
2026-01-09,690.4010009765625,85.30842590332031,414.4700012207031,89.35490417480469,14.489999771118164,99.12999725341797,72.37999725341797,56.84453582763672,259.1516418457031,194.77745056152344,81.6573715209961,77.82957458496094,87.75025177001953,84.22343444824219,97.26103973388672,84.15277099609375
2026-01-16,688.0037231445312,85.18230438232422,421.2900085449219,89.42327880859375,15.859999656677246,99.38999938964844,81.0199966430664,57.57075881958008,264.6587219238281,196.3113555908203,80.66956329345703,77.91605377197266,90.83970642089844,84.61622619628906,98.38699340820312,85.01807403564453
2026-01-23,685.5865478515625,85.30842590332031,458.0,89.47212982177734,16.09000015258789,97.5999984741211,92.91000366210938,58.764556884765625,263.712646484375,195.53945922851562,80.4051513671875,77.964111328125,88.79969024658203,85.36251831054688,99.78199005126953,84.10304260253906
2026-01-30,688.3121337890625,84.53227996826172,444.95001220703125,89.53074645996094,17.440000534057617,96.98999786376953,75.44000244140625,58.79439926147461,258.57403564453125,197.67703247070312,80.08086395263672,77.94488525390625,89.05469512939453,85.9222412109375,99.93145751953125,85.25677490234375
2026-02-06,686.96923828125,85.25491333007812,455.4599914550781,89.59344482421875,20.3700008392334,97.62999725341797,70.19000244140625,59.75938415527344,263.9217834472656,204.24813842773438,77.92564392089844,78.03081512451172,90.47682189941406,86.89439392089844,101.34637451171875,88.9168930053711
2026-02-13,678.1461181640625,87.37800598144531,462.6199951171875,89.66203308105469,20.600000381469727,96.87999725341797,69.72000122070312,60.803955078125,261.8703308105469,203.99082946777344,76.16121673583984,78.0694351196289,92.77183532714844,87.1006088256836,103.2794418334961,93.34284210205078
2026-02-20,685.7855834960938,87.07610321044922,468.6199951171875,89.71100616455078,19.09000015258789,97.80000305175781,76.62000274658203,62.01764678955078,263.51348876953125,204.73304748535156,77.33528137207031,78.21428680419922,93.05626678466797,88.38699340820312,105.6310043334961,90.97570037841797
2026-02-27,682.3637084960938,88.44929504394531,483.75,89.76982116699219,19.860000610351562,97.61000061035156,84.98999786376953,62.25640869140625,260.3267517089844,205.10910034179688,76.6418228149414,77.94392395019531,93.8507080078125,88.54409790039062,106.2188949584961,91.87084197998047
2026-03-06,668.8256225585938,86.43737030029297,473.510009765625,89.83170318603516,29.489999771118164,98.98999786376953,75.94000244140625,57.02360534667969,249.850341796875,197.95413208007812,76.17784881591797,77.32678985595703,91.7518310546875,82.73084259033203,97.6396713256836,84.31190490722656
2026-03-13,658.7890014648438,84.56127166748047,460.8399963378906,89.90047454833984,27.190000534057617,100.36000061035156,72.69000244140625,56.50629425048828,245.56814575195312,195.2227783203125,74.86908721923828,76.85131072998047,90.38855743408203,80.67853546142578,97.17135620117188,82.90953063964844
2026-03-20,646.9034423828125,83.86750030517578,413.3800048828125,89.95941925048828,26.780000686645508,99.6500015258789,61.52000045776367,55.352291107177734,241.64535522460938,192.50131225585938,73.2210693359375,76.57962036132812,87.04409790039062,78.11604309082031,95.35786437988281,80.76119995117188
2026-03-27,632.4606323242188,83.68184661865234,414.70001220703125,90.01835632324219,31.049999237060547,100.1500015258789,63.439998626708984,54.91456985473633,242.5232696533203,192.40118408203125,70.3170166015625,76.38554382324219,86.23988342285156,78.38240814208984,93.6639404296875,80.98995971679688
2026-04-03,654.144775390625,85.1444091796875,429.4100036621094,90.07152557373047,23.8700008392334,100.02999877929688,65.79000091552734,56.29737854003906,250.69381713867188,196.02333068847656,73.59005737304688,77.57505798339844,89.44166564941406,82.10175323486328,95.76639556884766,84.8291015625
2026-04-10,677.7140502929688,84.85009765625,437.1300048828125,90.14049530029297,19.229999542236328,98.6500015258789,69.08000183105469,60.24685287475586,260.6800537109375,200.32211303710938,76.76986694335938,77.96508026123047,92.16764068603516,85.89015197753906,102.2431640625,87.65374755859375
2026-04-17,708.3152465820312,85.4190902709961,445.92999267578125,90.19961547851562,17.479999542236328,98.0999984741211,73.62999725341797,63.3109245300293,275.125732421875,203.2377471923828,82.22881317138672,78.63787078857422,95.83531188964844,87.8731460571289,107.70356750488281,89.70262145996094
2026-04-24,712.10546875,85.06592559814453,433.25,90.25873565673828,18.709999084472656,98.51000213623047,68.79000091552734,63.41040802001953,275.99365234375,202.53121948242188,83.15777587890625,78.47210693359375,94.46736907958984,85.88029479980469,108.68006134033203,86.84812927246094
2026-05-01,718.7982177734375,84.29690551757812,423.17999267578125,90.31793975830078,16.989999771118164,98.20999908447266,68.29000091552734,63.79838943481445,278.617431640625,204.93934631347656,83.76710510253906,78.47162628173828,95.2207260131836,85.97895050048828,109.7462387084961,87.82283782958984
2026-05-08,735.724609375,84.75970458984375,433.7699890136719,90.37722778320312,17.190000534057617,97.83999633789062,73.01000213623047,67.58869171142578,283.495849609375,206.0240020751953,86.7437973022461,78.550048828125,95.77583312988281,86.9359130859375,117.07992553710938,91.72164916992188
2026-05-15,737.2706298828125,82.3768310546875,417.2900085449219,90.44639587402344,18.43000030517578,99.2699966430664,69.04000091552734,64.73352813720703,276.94140625,205.65582275390625,87.3331527709961,77.883544921875,93.08951568603516,84.63722229003906,112.37680053710938,90.57786560058594
2026-05-22,743.7239990234375,83.38117218017578,413.82000732421875,90.50568389892578,16.700000762939453,99.31999969482422,68.36000061035156,65.53933715820312,284.4435729980469,209.86505126953125,87.44303131103516,78.32461547851562,95.92452239990234,87.27134704589844,113.67215728759766,91.11494445800781
2026-05-29,754.5361328125,84.44461059570312,417.1199951171875,90.57485961914062,15.319999694824219,98.91000366210938,68.33000183105469,68.24527740478516,289.740966796875,210.81040954589844,89.50074768066406,78.71666717529297,94.8638687133789,87.81395721435547,118.63434600830078,92.45764923095703
2026-06-05,735.65478515625,84.08477783203125,396.239990234375,90.6333236694336,21.510000228881836,100.06999969482422,61.56999969482422,64.25601196289062,280.9817810058594,210.9795684814453,85.83480834960938,78.25265502929688,95.94435119628906,85.95921325683594,111.63945007324219,90.2297592163086
2026-06-12,739.843994140625,84.78663635253906,386.5400085449219,90.69279479980469,17.68000030517578,99.75,61.290000915527344,67.52899932861328,292.2550048828125,216.02468872070312,85.175537109375,78.75509643554688,97.64932250976562,88.41575622558594,117.33899688720703,92.20899963378906
2026-06-19,746.739990234375,85.75540924072266,387.1199951171875,90.75225830078125,16.399999618530273,100.8499984741211,59.5099983215332,70.79000091552734,295.5899963378906,215.4375762939453,86.88365173339844,78.82405853271484,94.72509002685547,88.2699966430664,123.30000305175781,96.26000213623047
2026-06-26,728.989990234375,86.35841369628906,373.6300048828125,90.81171417236328,18.40999984741211,101.36000061035156,53.279998779296875,67.19000244140625,299.8299865722656,218.38999938964844,82.76000213623047,78.646728515625,98.66999816894531,87.12999725341797,116.86000061035156,92.80000305175781
2026-07-03,744.780029296875,84.8418197631836,378.1300048828125,90.88922119140625,16.149999618530273,100.86000061035156,55.02000045776367,65.69999694824219,297.5799865722656,219.1699981689453,85.5,78.89253234863281,98.0199966430664,89.3499984741211,113.94000244140625,93.13999938964844
2026-07-10,754.9500122070312,83.80994415283203,377.010009765625,90.94886016845703,15.029999732971191,100.97000122070312,53.95000076293945,66.9000015258789,295.989990234375,219.1999969482422,87.4000015258789,78.89253234863281,97.31999969482422,88.56999969482422,116.22000122070312,94.55000305175781
2026-07-17,743.2899780273438,83.85954284667969,368.4100036621094,90.9985580444336,18.770000457763672,100.75,50.779998779296875,63.290000915527344,294.0400085449219,217.9199981689453,85.2699966430664,78.83314514160156,100.0199966430664,88.58999633789062,109.80999755859375,90.48999786376953
2026-07-24,738.9299926757812,82.59947204589844,371.8999938964844,91.05819702148438,18.579999923706055,101.47000122070312,52.59000015258789,63.33000183105469,291.1700134277344,221.02000427246094,83.4800033569336,78.4174575805664,100.80999755859375,88.41000366210938,109.86000061035156,91.20999908447266
2026-07-31,747.030029296875,81.60728454589844,371.5400085449219,91.12777709960938,15.989999771118164,99.80000305175781,52.36000061035156,64.08999633789062,291.20001220703125,219.9499969482422,85.19999694824219,78.6648941040039,98.94999694824219,90.58999633789062,110.72000122070312,92.38999938964844
2026-08-07,773.260009765625,82.44408416748047,398.4700012207031,91.20055389404297,14.899999618530273,99.5999984741211,57.5,65.63999938964844,301.55999755859375,224.30999755859375,89.4000015258789,79.17609405517578,98.43000030517578,92.5999984741211,113.52999877929688,96.9000015258789
2026-08-14,776.3400268554688,81.7268295288086,401.4800109863281,91.25039672851562,14.25,99.66999816894531,58.47999954223633,66.61000061035156,305.0899963378906,227.50999450683594,89.33999633789062,79.27554321289062,98.83000183105469,92.37000274658203,115.80999755859375,98.20999908447266
2026-08-21,765.719970703125,81.7367935180664,423.3599853515625,91.32018280029297,15.130000114440918,98.80000305175781,62.720001220703125,67.12000274658203,299.9599914550781,226.39999389648438,87.5,79.17609405517578,98.5,92.72000122070312,116.31999969482422,95.18000030517578
2026-08-28,769.3499755859375,82.5636215209961,408.8900146484375,91.37003326416016,14.430000305175781,99.69999694824219,60.02000045776367,67.13999938964844,295.75,225.2899932861328,88.54000091552734,79.30538177490234,97.23999786376953,91.9800033569336,116.8499984741211,95.87000274658203
2026-09-04,770.1900024414062,82.20999908447266,406.7699890136719,91.44999694824219,14.529999732971191,99.16000366210938,59.81999969482422,68.69999694824219,296.010009765625,226.4600067138672,88.44999694824219,79.16000366210938,96.0199966430664,91.73999786376953,119.54000091552734,98.27999877929688
2026-09-11,757.8300170898438,80.77999877929688,396.3599853515625,91.47000122070312,17.84000015258789,99.08999633789062,57.5,67.0,287.70001220703125,222.36000061035156,87.20999908447266,78.62000274658203,94.12000274658203,89.41999816894531,116.19999694824219,96.44000244140625
